point,inherit_weight,rec,plast_age_max,m_c,crowd_aversion,alpha,refuge_capacity,gamma,eta,crowd_power,p0
0,0.5359660858288408,0.0382714390866874,4.690706525003986,6,0.0902083529625088,2.3711200170218945,3,0.1540772979244012,0.3291074753273278,3.514198235656876,0.167241823207587
1,0.0979589341208338,0.0382714390866874,4.690706525003986,6,0.0902083529625088,2.3711200170218945,3,0.1540772979244012,0.3291074753273278,3.514198235656876,0.167241823207587
2,0.5359660858288408,0.2207172399008002,4.690706525003986,6,0.0902083529625088,2.3711200170218945,3,0.1540772979244012,0.3291074753273278,3.514198235656876,0.167241823207587
3,0.5359660858288408,0.0382714390866874,13.321314925105026,6,0.0902083529625088,2.3711200170218945,3,0.1540772979244012,0.3291074753273278,3.514198235656876,0.167241823207587
4,0.5359660858288408,0.0382714390866874,4.690706525003986,15,0.0902083529625088,2.3711200170218945,3,0.1540772979244012,0.3291074753273278,3.514198235656876,0.167241823207587
5,0.5359660858288408,0.0382714390866874,4.690706525003986,6,0.1842808154877275,2.3711200170218945,3,0.1540772979244012,0.3291074753273278,3.514198235656876,0.167241823207587
6,0.5359660858288408,0.0382714390866874,4.690706525003986,6,0.0902083529625088,4.404918743297458,3,0.1540772979244012,0.3291074753273278,3.514198235656876,0.167241823207587
7,0.5359660858288408,0.0382714390866874,4.690706525003986,6,0.0902083529625088,2.3711200170218945,2,0.1540772979244012,0.3291074753273278,3.514198235656876,0.167241823207587
8,0.5359660858288408,0.0382714390866874,4.690706525003986,6,0.0902083529625088,2.3711200170218945,3,0.0572871527682214,0.3291074753273278,3.514198235656876,0.167241823207587
9,0.5359660858288408,0.0382714390866874,4.690706525003986,6,0.0902083529625088,2.3711200170218945,3,0.1540772979244012,0.0770996434614062,3.514198235656876,0.167241823207587
10,0.5359660858288408,0.0382714390866874,4.690706525003986,6,0.0902083529625088,2.3711200170218945,3,0.1540772979244012,0.3291074753273278,3.532783265249646,0.167241823207587
11,0.5359660858288408,0.0382714390866874,4.690706525003986,6,0.0902083529625088,2.3711200170218945,3,0.1540772979244012,0.3291074753273278,3.514198235656876,0.3581525433808565
12,0.0979589341208338,0.2207172399008002,13.321314925105026,15,0.1842808154877275,4.404918743297458,2,0.0572871527682214,0.0770996434614062,3.532783265249646,0.3581525433808565
13,0.2973558336496353,0.1530310596974594,17.255839492039435,12,0.2186417465098202,5.68770251609385,1,0.0734748314092375,0.2398124972358346,1.2073140916119474,0.3183816055767238
14,0.3694723661988973,0.1530310596974594,17.255839492039435,12,0.2186417465098202,5.68770251609385,1,0.0734748314092375,0.2398124972358346,1.2073140916119474,0.3183816055767238
15,0.2973558336496353,0.0328471621534711,17.255839492039435,12,0.2186417465098202,5.68770251609385,1,0.0734748314092375,0.2398124972358346,1.2073140916119474,0.3183816055767238
16,0.2973558336496353,0.1530310596974594,4.660367071307198,12,0.2186417465098202,5.68770251609385,1,0.0734748314092375,0.2398124972358346,1.2073140916119474,0.3183816055767238
17,0.2973558336496353,0.1530310596974594,17.255839492039435,8,0.2186417465098202,5.68770251609385,1,0.0734748314092375,0.2398124972358346,1.2073140916119474,0.3183816055767238
18,0.2973558336496353,0.1530310596974594,17.255839492039435,12,0.1478332380764186,5.68770251609385,1,0.0734748314092375,0.2398124972358346,1.2073140916119474,0.3183816055767238
19,0.2973558336496353,0.1530310596974594,17.255839492039435,12,0.2186417465098202,7.241425754502416,1,0.0734748314092375,0.2398124972358346,1.2073140916119474,0.3183816055767238
20,0.2973558336496353,0.1530310596974594,17.255839492039435,12,0.2186417465098202,5.68770251609385,1,0.0734748314092375,0.2398124972358346,1.2073140916119474,0.3183816055767238
21,0.2973558336496353,0.1530310596974594,17.255839492039435,12,0.2186417465098202,5.68770251609385,1,0.2238781418107566,0.2398124972358346,1.2073140916119474,0.3183816055767238
22,0.2973558336496353,0.1530310596974594,17.255839492039435,12,0.2186417465098202,5.68770251609385,1,0.0734748314092375,0.3648557697422802,1.2073140916119474,0.3183816055767238
23,0.2973558336496353,0.1530310596974594,17.255839492039435,12,0.2186417465098202,5.68770251609385,1,0.0734748314092375,0.2398124972358346,1.4880517430374094,0.3183816055767238
24,0.2973558336496353,0.1530310596974594,17.255839492039435,12,0.2186417465098202,5.68770251609385,1,0.0734748314092375,0.2398124972358346,1.2073140916119474,0.169098749756813
25,0.3694723661988973,0.0328471621534711,4.660367071307198,8,0.1478332380764186,7.241425754502416,1,0.2238781418107566,0.3648557697422802,1.4880517430374094,0.169098749756813
26,0.0292526543140411,0.0578425164806416,6.752137007185355,8,0.238368851551786,7.356736853718758,2,0.041490955358139,0.125260362168774,1.8004337128597745,0.3839192306622863
27,0.5946385625749826,0.0578425164806416,6.752137007185355,8,0.238368851551786,7.356736853718758,2,0.041490955358139,0.125260362168774,1.8004337128597745,0.3839192306622863
28,0.0292526543140411,0.120654631400844,6.752137007185355,8,0.238368851551786,7.356736853718758,2,0.041490955358139,0.125260362168774,1.8004337128597745,0.3839192306622863
29,0.0292526543140411,0.0578425164806416,17.666162700997575,8,0.238368851551786,7.356736853718758,2,0.041490955358139,0.125260362168774,1.8004337128597745,0.3839192306622863
30,0.0292526543140411,0.0578425164806416,6.752137007185355,5,0.238368851551786,7.356736853718758,2,0.041490955358139,0.125260362168774,1.8004337128597745,0.3839192306622863
31,0.0292526543140411,0.0578425164806416,6.752137007185355,8,0.2952127779833972,7.356736853718758,2,0.041490955358139,0.125260362168774,1.8004337128597745,0.3839192306622863
32,0.0292526543140411,0.0578425164806416,6.752137007185355,8,0.238368851551786,5.403852438554168,2,0.041490955358139,0.125260362168774,1.8004337128597745,0.3839192306622863
33,0.0292526543140411,0.0578425164806416,6.752137007185355,8,0.238368851551786,7.356736853718758,3,0.041490955358139,0.125260362168774,1.8004337128597745,0.3839192306622863
34,0.0292526543140411,0.0578425164806416,6.752137007185355,8,0.238368851551786,7.356736853718758,2,0.1490126269885319,0.125260362168774,1.8004337128597745,0.3839192306622863
35,0.0292526543140411,0.0578425164806416,6.752137007185355,8,0.238368851551786,7.356736853718758,2,0.041490955358139,0.2651968273799867,1.8004337128597745,0.3839192306622863
36,0.0292526543140411,0.0578425164806416,6.752137007185355,8,0.238368851551786,7.356736853718758,2,0.041490955358139,0.125260362168774,5.646157182697168,0.3839192306622863
37,0.0292526543140411,0.0578425164806416,6.752137007185355,8,0.238368851551786,7.356736853718758,2,0.041490955358139,0.125260362168774,1.8004337128597745,0.232093808054924
38,0.5946385625749826,0.120654631400844,17.666162700997575,5,0.2952127779833972,5.403852438554168,3,0.1490126269885319,0.2651968273799867,5.646157182697168,0.232093808054924
39,0.3516522550955415,0.2390976833200933,10.717634286853045,14,0.117870367784053,4.767071498557925,2,0.2655496573726413,0.4436135183088481,4.991249747099171,0.2326418420299887
40,0.1730886390432715,0.2390976833200933,10.717634286853045,14,0.117870367784053,4.767071498557925,2,0.2655496573726413,0.4436135183088481,4.991249747099171,0.2326418420299887
41,0.3516522550955415,0.0601321832242597,10.717634286853045,14,0.117870367784053,4.767071498557925,2,0.2655496573726413,0.4436135183088481,4.991249747099171,0.2326418420299887
42,0.3516522550955415,0.2390976833200933,8.403334066744366,14,0.117870367784053,4.767071498557925,2,0.2655496573726413,0.4436135183088481,4.991249747099171,0.2326418420299887
43,0.3516522550955415,0.2390976833200933,10.717634286853045,13,0.117870367784053,4.767071498557925,2,0.2655496573726413,0.4436135183088481,4.991249747099171,0.2326418420299887
44,0.3516522550955415,0.2390976833200933,10.717634286853045,14,0.0721844238694757,4.767071498557925,2,0.2655496573726413,0.4436135183088481,4.991249747099171,0.2326418420299887
45,0.3516522550955415,0.2390976833200933,10.717634286853045,14,0.117870367784053,2.9379913304001093,2,0.2655496573726413,0.4436135183088481,4.991249747099171,0.2326418420299887
46,0.3516522550955415,0.2390976833200933,10.717634286853045,14,0.117870367784053,4.767071498557925,2,0.2655496573726413,0.4436135183088481,4.991249747099171,0.2326418420299887
47,0.3516522550955415,0.2390976833200933,10.717634286853045,14,0.117870367784053,4.767071498557925,2,0.0440382549409858,0.4436135183088481,4.991249747099171,0.2326418420299887
48,0.3516522550955415,0.2390976833200933,10.717634286853045,14,0.117870367784053,4.767071498557925,2,0.2655496573726413,0.3982173867989331,4.991249747099171,0.2326418420299887
49,0.3516522550955415,0.2390976833200933,10.717634286853045,14,0.117870367784053,4.767071498557925,2,0.2655496573726413,0.4436135183088481,2.7962200519046183,0.2326418420299887
50,0.3516522550955415,0.2390976833200933,10.717634286853045,14,0.117870367784053,4.767071498557925,2,0.2655496573726413,0.4436135183088481,4.991249747099171,0.4217198062688112
51,0.1730886390432715,0.0601321832242597,8.403334066744366,13,0.0721844238694757,2.9379913304001093,2,0.0440382549409858,0.3982173867989331,2.7962200519046183,0.4217198062688112
52,0.3904671873897314,0.0912330030971009,20.449536322234916,15,0.1454838329926133,2.820997977629304,2,0.0304146444988339,0.0765564512927085,1.5641809109903304,0.4314850791357458
53,0.256786985322833,0.0912330030971009,20.449536322234916,15,0.1454838329926133,2.820997977629304,2,0.0304146444988339,0.0765564512927085,1.5641809109903304,0.4314850791357458
54,0.3904671873897314,0.1499296468089712,20.449536322234916,15,0.1454838329926133,2.820997977629304,2,0.0304146444988339,0.0765564512927085,1.5641809109903304,0.4314850791357458
55,0.3904671873897314,0.0912330030971009,5.505906093263638,15,0.1454838329926133,2.820997977629304,2,0.0304146444988339,0.0765564512927085,1.5641809109903304,0.4314850791357458
56,0.3904671873897314,0.0912330030971009,20.449536322234916,10,0.1454838329926133,2.820997977629304,2,0.0304146444988339,0.0765564512927085,1.5641809109903304,0.4314850791357458
57,0.3904671873897314,0.0912330030971009,20.449536322234916,15,0.0977070047054439,2.820997977629304,2,0.0304146444988339,0.0765564512927085,1.5641809109903304,0.4314850791357458
58,0.3904671873897314,0.0912330030971009,20.449536322234916,15,0.1454838329926133,2.666958462446928,2,0.0304146444988339,0.0765564512927085,1.5641809109903304,0.4314850791357458
59,0.3904671873897314,0.0912330030971009,20.449536322234916,15,0.1454838329926133,2.820997977629304,2,0.0304146444988339,0.0765564512927085,1.5641809109903304,0.4314850791357458
60,0.3904671873897314,0.0912330030971009,20.449536322234916,15,0.1454838329926133,2.820997977629304,2,0.103398592105343,0.0765564512927085,1.5641809109903304,0.4314850791357458
61,0.3904671873897314,0.0912330030971009,20.449536322234916,15,0.1454838329926133,2.820997977629304,2,0.0304146444988339,0.1373179729562252,1.5641809109903304,0.4314850791357458
62,0.3904671873897314,0.0912330030971009,20.449536322234916,15,0.1454838329926133,2.820997977629304,2,0.0304146444988339,0.0765564512927085,4.582452389075821,0.4314850791357458
63,0.3904671873897314,0.0912330030971009,20.449536322234916,15,0.1454838329926133,2.820997977629304,2,0.0304146444988339,0.0765564512927085,1.5641809109903304,0.3203599316999316
64,0.256786985322833,0.1499296468089712,5.505906093263638,10,0.0977070047054439,2.666958462446928,2,0.103398592105343,0.1373179729562252,4.582452389075821,0.3203599316999316
65,0.1427814899012446,0.2048981877761977,5.567679859904015,9,0.2730017108377069,6.16065188869834,2,0.2093128805614257,0.4897216258570552,4.552950844090985,0.282615706231445
66,0.5106489283964037,0.2048981877761977,5.567679859904015,9,0.2730017108377069,6.16065188869834,2,0.2093128805614257,0.4897216258570552,4.552950844090985,0.282615706231445
67,0.1427814899012446,0.0744758138328232,5.567679859904015,9,0.2730017108377069,6.16065188869834,2,0.2093128805614257,0.4897216258570552,4.552950844090985,0.282615706231445
68,0.1427814899012446,0.2048981877761977,11.235692481587328,9,0.2730017108377069,6.16065188869834,2,0.2093128805614257,0.4897216258570552,4.552950844090985,0.282615706231445
69,0.1427814899012446,0.2048981877761977,5.567679859904015,7,0.2730017108377069,6.16065188869834,2,0.2093128805614257,0.4897216258570552,4.552950844090985,0.282615706231445
70,0.1427814899012446,0.2048981877761977,5.567679859904015,9,0.2662650730460882,6.16065188869834,2,0.2093128805614257,0.4897216258570552,4.552950844090985,0.282615706231445
71,0.1427814899012446,0.2048981877761977,5.567679859904015,9,0.2730017108377069,5.874013744294643,2,0.2093128805614257,0.4897216258570552,4.552950844090985,0.282615706231445
72,0.1427814899012446,0.2048981877761977,5.567679859904015,9,0.2730017108377069,6.16065188869834,3,0.2093128805614257,0.4897216258570552,4.552950844090985,0.282615706231445
73,0.1427814899012446,0.2048981877761977,5.567679859904015,9,0.2730017108377069,6.16065188869834,2,0.0349715538094425,0.4897216258570552,4.552950844090985,0.282615706231445
74,0.1427814899012446,0.2048981877761977,5.567679859904015,9,0.2730017108377069,6.16065188869834,2,0.2093128805614257,0.2993348211515695,4.552950844090985,0.282615706231445
75,0.1427814899012446,0.2048981877761977,5.567679859904015,9,0.2730017108377069,6.16065188869834,2,0.2093128805614257,0.4897216258570552,1.147212663870222,0.282615706231445
76,0.1427814899012446,0.2048981877761977,5.567679859904015,9,0.2730017108377069,6.16065188869834,2,0.2093128805614257,0.4897216258570552,4.552950844090985,0.2068909334018826
77,0.5106489283964037,0.0744758138328232,11.235692481587328,7,0.2662650730460882,5.874013744294643,3,0.0349715538094425,0.2993348211515695,1.147212663870222,0.2068909334018826
78,0.1835409013554453,0.0431042623293908,14.215606797049189,11,0.1828473212197423,6.696218816563487,3,0.1099229661631923,0.3788001222070306,6.466802205777257,0.216914708353579
79,0.4358106678351759,0.0431042623293908,14.215606797049189,11,0.1828473212197423,6.696218816563487,3,0.1099229661631923,0.3788001222070306,6.466802205777257,0.216914708353579
80,0.1835409013554453,0.2735030592775442,14.215606797049189,11,0.1828473212197423,6.696218816563487,3,0.1099229661631923,0.3788001222070306,6.466802205777257,0.216914708353579
81,0.1835409013554453,0.0431042623293908,7.125013548733712,11,0.1828473212197423,6.696218816563487,3,0.1099229661631923,0.3788001222070306,6.466802205777257,0.216914708353579
82,0.1835409013554453,0.0431042623293908,14.215606797049189,9,0.1828473212197423,6.696218816563487,3,0.1099229661631923,0.3788001222070306,6.466802205777257,0.216914708353579
83,0.1835409013554453,0.0431042623293908,14.215606797049189,11,0.1147124778479337,6.696218816563487,3,0.1099229661631923,0.3788001222070306,6.466802205777257,0.216914708353579
84,0.1835409013554453,0.0431042623293908,14.215606797049189,11,0.1828473212197423,7.527216840535402,3,0.1099229661631923,0.3788001222070306,6.466802205777257,0.216914708353579
85,0.1835409013554453,0.0431042623293908,14.215606797049189,11,0.1828473212197423,6.696218816563487,1,0.1099229661631923,0.3788001222070306,6.466802205777257,0.216914708353579
86,0.1835409013554453,0.0431042623293908,14.215606797049189,11,0.1828473212197423,6.696218816563487,3,0.0917550607857316,0.3788001222070306,6.466802205777257,0.216914708353579
87,0.1835409013554453,0.0431042623293908,14.215606797049189,11,0.1828473212197423,6.696218816563487,3,0.1099229661631923,0.1707019051536917,6.466802205777257,0.216914708353579
88,0.1835409013554453,0.0431042623293908,14.215606797049189,11,0.1828473212197423,6.696218816563487,3,0.1099229661631923,0.3788001222070306,7.323467239141892,0.216914708353579
89,0.1835409013554453,0.0431042623293908,14.215606797049189,11,0.1828473212197423,6.696218816563487,3,0.1099229661631923,0.3788001222070306,6.466802205777257,0.2704720722511411
90,0.4358106678351759,0.2735030592775442,7.125013548733712,9,0.1147124778479337,7.527216840535402,1,0.0917550607857316,0.1707019051536917,7.323467239141892,0.2704720722511411
91,0.4974372502416372,0.1005270256525978,8.958318376814603,5,0.0632643615361303,4.129624873399735,1,0.0563649722921789,0.1874421625398099,2.332692034105841,0.3656281644478441
92,0.0319119919091463,0.1005270256525978,8.958318376814603,5,0.0632643615361303,4.129624873399735,1,0.0563649722921789,0.1874421625398099,2.332692034105841,0.3656281644478441
93,0.4974372502416372,0.0408432334070041,8.958318376814603,5,0.0632643615361303,4.129624873399735,1,0.0563649722921789,0.1874421625398099,2.332692034105841,0.3656281644478441
94,0.4974372502416372,0.1005270256525978,20.90786119589276,5,0.0632643615361303,4.129624873399735,1,0.0563649722921789,0.1874421625398099,2.332692034105841,0.3656281644478441
95,0.4974372502416372,0.1005270256525978,8.958318376814603,14,0.0632643615361303,4.129624873399735,1,0.0563649722921789,0.1874421625398099,2.332692034105841,0.3656281644478441
96,0.4974372502416372,0.1005270256525978,8.958318376814603,5,0.2218042104039341,4.129624873399735,1,0.0563649722921789,0.1874421625398099,2.332692034105841,0.3656281644478441
97,0.4974372502416372,0.1005270256525978,8.958318376814603,5,0.0632643615361303,3.943622663617134,1,0.0563649722921789,0.1874421625398099,2.332692034105841,0.3656281644478441
98,0.4974372502416372,0.1005270256525978,8.958318376814603,5,0.0632643615361303,4.129624873399735,2,0.0563649722921789,0.1874421625398099,2.332692034105841,0.3656281644478441
99,0.4974372502416372,0.1005270256525978,8.958318376814603,5,0.0632643615361303,4.129624873399735,1,0.2349580104910049,0.1874421625398099,2.332692034105841,0.3656281644478441
100,0.4974372502416372,0.1005270256525978,8.958318376814603,5,0.0632643615361303,4.129624873399735,1,0.0563649722921789,0.4874680531211197,2.332692034105841,0.3656281644478441
101,0.4974372502416372,0.1005270256525978,8.958318376814603,5,0.0632643615361303,4.129624873399735,1,0.0563649722921789,0.1874421625398099,2.155829847547419,0.3656281644478441
102,0.4974372502416372,0.1005270256525978,8.958318376814603,5,0.0632643615361303,4.129624873399735,1,0.0563649722921789,0.1874421625398099,2.332692034105841,0.3833414001390338
103,0.0319119919091463,0.0408432334070041,20.90786119589276,14,0.2218042104039341,3.943622663617134,2,0.2349580104910049,0.4874680531211197,2.155829847547419,0.3833414001390338
104,0.4603911319747567,0.0667035317934044,13.542016043262356,9,0.2303010625299066,4.3334646839648485,2,0.0352273929967445,0.0857435557059943,5.871082069580737,0.3489593457430601
105,0.124857971817255,0.0667035317934044,13.542016043262356,9,0.2303010625299066,4.3334646839648485,2,0.0352273929967445,0.0857435557059943,5.871082069580737,0.3489593457430601
106,0.4603911319747567,0.0833048582787236,13.542016043262356,9,0.2303010625299066,4.3334646839648485,2,0.0352273929967445,0.0857435557059943,5.871082069580737,0.3489593457430601
107,0.4603911319747567,0.0667035317934044,6.523256979686917,9,0.2303010625299066,4.3334646839648485,2,0.0352273929967445,0.0857435557059943,5.871082069580737,0.3489593457430601
108,0.4603911319747567,0.0667035317934044,13.542016043262356,5,0.2303010625299066,4.3334646839648485,2,0.0352273929967445,0.0857435557059943,5.871082069580737,0.3489593457430601
109,0.4603911319747567,0.0667035317934044,13.542016043262356,9,0.0871302189305424,4.3334646839648485,2,0.0352273929967445,0.0857435557059943,5.871082069580737,0.3489593457430601
110,0.4603911319747567,0.0667035317934044,13.542016043262356,9,0.2303010625299066,5.10852175205946,2,0.0352273929967445,0.0857435557059943,5.871082069580737,0.3489593457430601
111,0.4603911319747567,0.0667035317934044,13.542016043262356,9,0.2303010625299066,4.3334646839648485,2,0.0352273929967445,0.0857435557059943,5.871082069580737,0.3489593457430601
112,0.4603911319747567,0.0667035317934044,13.542016043262356,9,0.2303010625299066,4.3334646839648485,2,0.121117469342026,0.0857435557059943,5.871082069580737,0.3489593457430601
113,0.4603911319747567,0.0667035317934044,13.542016043262356,9,0.2303010625299066,4.3334646839648485,2,0.0352273929967445,0.2438431289978325,5.871082069580737,0.3489593457430601
114,0.4603911319747567,0.0667035317934044,13.542016043262356,9,0.2303010625299066,4.3334646839648485,2,0.0352273929967445,0.0857435557059943,3.759542146337413,0.3489593457430601
115,0.4603911319747567,0.0667035317934044,13.542016043262356,9,0.2303010625299066,4.3334646839648485,2,0.0352273929967445,0.0857435557059943,5.871082069580737,0.1921951688826084
116,0.124857971817255,0.0833048582787236,6.523256979686917,5,0.0871302189305424,5.10852175205946,2,0.121117469342026,0.2438431289978325,3.759542146337413,0.1921951688826084
117,0.2205698177218437,0.2764920100774028,8.290993843141562,15,0.1098024660721421,7.649695444852114,2,0.1807173488678761,0.4462288552429527,1.9845298867871712,0.19789281450212
118,0.3027314024046063,0.2764920100774028,8.290993843141562,15,0.1098024660721421,7.649695444852114,2,0.1807173488678761,0.4462288552429527,1.9845298867871712,0.19789281450212
119,0.2205698177218437,0.1340971662945319,8.290993843141562,15,0.1098024660721421,7.649695444852114,2,0.1807173488678761,0.4462288552429527,1.9845298867871712,0.19789281450212
120,0.2205698177218437,0.2764920100774028,23.311605109852238,15,0.1098024660721421,7.649695444852114,2,0.1807173488678761,0.4462288552429527,1.9845298867871712,0.19789281450212
121,0.2205698177218437,0.2764920100774028,8.290993843141562,12,0.1098024660721421,7.649695444852114,2,0.1807173488678761,0.4462288552429527,1.9845298867871712,0.19789281450212
122,0.2205698177218437,0.2764920100774028,8.290993843141562,15,0.248898245813325,7.649695444852114,2,0.1807173488678761,0.4462288552429527,1.9845298867871712,0.19789281450212
123,0.2205698177218437,0.2764920100774028,8.290993843141562,15,0.1098024660721421,3.44425592944026,2,0.1807173488678761,0.4462288552429527,1.9845298867871712,0.19789281450212
124,0.2205698177218437,0.2764920100774028,8.290993843141562,15,0.1098024660721421,7.649695444852114,3,0.1807173488678761,0.4462288552429527,1.9845298867871712,0.19789281450212
125,0.2205698177218437,0.2764920100774028,8.290993843141562,15,0.1098024660721421,7.649695444852114,2,0.031019050578033,0.4462288552429527,1.9845298867871712,0.19789281450212
126,0.2205698177218437,0.2764920100774028,8.290993843141562,15,0.1098024660721421,7.649695444852114,2,0.1807173488678761,0.4194902157410979,1.9845298867871712,0.19789281450212
127,0.2205698177218437,0.2764920100774028,8.290993843141562,15,0.1098024660721421,7.649695444852114,2,0.1807173488678761,0.4462288552429527,1.071704134323604,0.19789281450212
128,0.2205698177218437,0.2764920100774028,8.290993843141562,15,0.1098024660721421,7.649695444852114,2,0.1807173488678761,0.4462288552429527,1.9845298867871712,0.3068212252110243
129,0.3027314024046063,0.1340971662945319,23.311605109852238,12,0.248898245813325,3.44425592944026,3,0.031019050578033,0.4194902157410979,1.071704134323604,0.3068212252110243
130,0.1048106923699379,0.033188002539289,21.788931454348823,5,0.1295267259236425,5.207269316539168,3,0.0950723986366296,0.331709329970181,1.0953157521633667,0.2635880869813263
131,0.5278567666187882,0.033188002539289,21.788931454348823,5,0.1295267259236425,5.207269316539168,3,0.0950723986366296,0.331709329970181,1.0953157521633667,0.2635880869813263
132,0.1048106923699379,0.0491275784096778,21.788931454348823,5,0.1295267259236425,5.207269316539168,3,0.0950723986366296,0.331709329970181,1.0953157521633667,0.2635880869813263
133,0.1048106923699379,0.033188002539289,6.012693592387089,5,0.1295267259236425,5.207269316539168,3,0.0950723986366296,0.331709329970181,1.0953157521633667,0.2635880869813263
134,0.1048106923699379,0.033188002539289,21.788931454348823,16,0.1295267259236425,5.207269316539168,3,0.0950723986366296,0.331709329970181,1.0953157521633667,0.2635880869813263
135,0.1048106923699379,0.033188002539289,21.788931454348823,5,0.1326285008806735,5.207269316539168,3,0.0950723986366296,0.331709329970181,1.0953157521633667,0.2635880869813263
136,0.1048106923699379,0.033188002539289,21.788931454348823,5,0.1295267259236425,4.695895299315453,3,0.0950723986366296,0.331709329970181,1.0953157521633667,0.2635880869813263
137,0.1048106923699379,0.033188002539289,21.788931454348823,5,0.1295267259236425,5.207269316539168,1,0.0950723986366296,0.331709329970181,1.0953157521633667,0.2635880869813263
138,0.1048106923699379,0.033188002539289,21.788931454348823,5,0.1295267259236425,5.207269316539168,3,0.0813733130021383,0.331709329970181,1.0953157521633667,0.2635880869813263
139,0.1048106923699379,0.033188002539289,21.788931454348823,5,0.1295267259236425,5.207269316539168,3,0.0950723986366296,0.0979044512379914,1.0953157521633667,0.2635880869813263
140,0.1048106923699379,0.033188002539289,21.788931454348823,5,0.1295267259236425,5.207269316539168,3,0.0950723986366296,0.331709329970181,6.880616918166017,0.2635880869813263
141,0.1048106923699379,0.033188002539289,21.788931454348823,5,0.1295267259236425,5.207269316539168,3,0.0950723986366296,0.331709329970181,1.0953157521633667,0.3979413192719221
142,0.5278567666187882,0.0491275784096778,6.012693592387089,16,0.1326285008806735,4.695895299315453,1,0.0813733130021383,0.0979044512379914,6.880616918166017,0.3979413192719221
143,0.428420783020556,0.1323367846511156,5.763534550217044,11,0.2579600216820836,2.617246501147747,1,0.0651693721657701,0.2002822168637067,2.9875623244674574,0.4147922423668206
144,0.2000203549861907,0.1323367846511156,5.763534550217044,11,0.2579600216820836,2.617246501147747,1,0.0651693721657701,0.2002822168637067,2.9875623244674574,0.4147922423668206
145,0.428420783020556,0.2272844819962668,5.763534550217044,11,0.2579600216820836,2.617246501147747,1,0.0651693721657701,0.2002822168637067,2.9875623244674574,0.4147922423668206
146,0.428420783020556,0.1323367846511156,10.079601153278135,11,0.2579600216820836,2.617246501147747,1,0.0651693721657701,0.2002822168637067,2.9875623244674574,0.4147922423668206
147,0.428420783020556,0.1323367846511156,5.763534550217044,7,0.2579600216820836,2.617246501147747,1,0.0651693721657701,0.2002822168637067,2.9875623244674574,0.4147922423668206
148,0.428420783020556,0.1323367846511156,5.763534550217044,11,0.2308552341535687,2.617246501147747,1,0.0651693721657701,0.2002822168637067,2.9875623244674574,0.4147922423668206
149,0.428420783020556,0.1323367846511156,5.763534550217044,11,0.2579600216820836,6.739515263587236,1,0.0651693721657701,0.2002822168637067,2.9875623244674574,0.4147922423668206
150,0.428420783020556,0.1323367846511156,5.763534550217044,11,0.2579600216820836,2.617246501147747,2,0.0651693721657701,0.2002822168637067,2.9875623244674574,0.4147922423668206
151,0.428420783020556,0.1323367846511156,5.763534550217044,11,0.2579600216820836,2.617246501147747,1,0.2752604285904541,0.2002822168637067,2.9875623244674574,0.4147922423668206
152,0.428420783020556,0.1323367846511156,5.763534550217044,11,0.2579600216820836,2.617246501147747,1,0.0651693721657701,0.3439121048431843,2.9875623244674574,0.4147922423668206
153,0.428420783020556,0.1323367846511156,5.763534550217044,11,0.2579600216820836,2.617246501147747,1,0.0651693721657701,0.2002822168637067,1.7801777325199577,0.4147922423668206
154,0.428420783020556,0.1323367846511156,5.763534550217044,11,0.2579600216820836,2.617246501147747,1,0.0651693721657701,0.2002822168637067,2.9875623244674574,0.28388746753335
155,0.2000203549861907,0.2272844819962668,10.079601153278135,7,0.2308552341535687,6.739515263587236,2,0.2752604285904541,0.3439121048431843,1.7801777325199577,0.28388746753335
156,0.3148896586149931,0.0498183947542426,7.094391464020213,12,0.2846580629236996,3.860103491693735,3,0.1331773105928715,0.2847358009777963,2.571133128198406,0.2522576652467251
157,0.2648583116009831,0.0498183947542426,7.094391464020213,12,0.2846580629236996,3.860103491693735,3,0.1331773105928715,0.2847358009777963,2.571133128198406,0.2522576652467251
158,0.3148896586149931,0.0394906706496259,7.094391464020213,12,0.2846580629236996,3.860103491693735,3,0.1331773105928715,0.2847358009777963,2.571133128198406,0.2522576652467251
159,0.3148896586149931,0.0498183947542426,15.730588238129332,12,0.2846580629236996,3.860103491693735,3,0.1331773105928715,0.2847358009777963,2.571133128198406,0.2522576652467251
160,0.3148896586149931,0.0498183947542426,7.094391464020213,9,0.2846580629236996,3.860103491693735,3,0.1331773105928715,0.2847358009777963,2.571133128198406,0.2522576652467251
161,0.3148896586149931,0.0498183947542426,7.094391464020213,12,0.2056378123350441,3.860103491693735,3,0.1331773105928715,0.2847358009777963,2.571133128198406,0.2522576652467251
162,0.3148896586149931,0.0498183947542426,7.094391464020213,12,0.2846580629236996,7.959859820082784,3,0.1331773105928715,0.2847358009777963,2.571133128198406,0.2522576652467251
163,0.3148896586149931,0.0498183947542426,7.094391464020213,12,0.2846580629236996,3.860103491693735,2,0.1331773105928715,0.2847358009777963,2.571133128198406,0.2522576652467251
164,0.3148896586149931,0.0498183947542426,7.094391464020213,12,0.2846580629236996,3.860103491693735,3,0.0646245928428873,0.2847358009777963,2.571133128198406,0.2522576652467251
165,0.3148896586149931,0.0498183947542426,7.094391464020213,12,0.2846580629236996,3.860103491693735,3,0.1331773105928715,0.1915056668687612,2.571133128198406,0.2522576652467251
166,0.3148896586149931,0.0498183947542426,7.094391464020213,12,0.2846580629236996,3.860103491693735,3,0.1331773105928715,0.2847358009777963,2.8994978985208983,0.2522576652467251
167,0.3148896586149931,0.0498183947542426,7.094391464020213,12,0.2846580629236996,3.860103491693735,3,0.1331773105928715,0.2847358009777963,2.571133128198406,0.155573290027678
168,0.2648583116009831,0.0394906706496259,15.730588238129332,9,0.2056378123350441,7.959859820082784,2,0.0646245928428873,0.1915056668687612,2.8994978985208983,0.155573290027678
169,0.0659980488941073,0.1159857251088324,11.57046350854908,7,0.1650750054512172,7.200137751176953,1,0.0850056403770381,0.2481206928845495,7.60650365703577,0.4012002892792224
170,0.4627264492213725,0.1159857251088324,11.57046350854908,7,0.1650750054512172,7.200137751176953,1,0.0850056403770381,0.2481206928845495,7.60650365703577,0.4012002892792224
171,0.0659980488941073,0.1837167808708577,11.57046350854908,7,0.1650750054512172,7.200137751176953,1,0.0850056403770381,0.2481206928845495,7.60650365703577,0.4012002892792224
172,0.0659980488941073,0.1159857251088324,9.63308502822392,7,0.1650750054512172,7.200137751176953,1,0.0850056403770381,0.2481206928845495,7.60650365703577,0.4012002892792224
173,0.0659980488941073,0.1159857251088324,11.57046350854908,13,0.1650750054512172,7.200137751176953,1,0.0850056403770381,0.2481206928845495,7.60650365703577,0.4012002892792224
174,0.0659980488941073,0.1159857251088324,11.57046350854908,7,0.1622476055752486,7.200137751176953,1,0.0850056403770381,0.2481206928845495,7.60650365703577,0.4012002892792224
175,0.0659980488941073,0.1159857251088324,11.57046350854908,7,0.1650750054512172,3.67504577152431,1,0.0850056403770381,0.2481206928845495,7.60650365703577,0.4012002892792224
176,0.0659980488941073,0.1159857251088324,11.57046350854908,7,0.1650750054512172,7.200137751176953,1,0.0850056403770381,0.2481206928845495,7.60650365703577,0.4012002892792224
177,0.0659980488941073,0.1159857251088324,11.57046350854908,7,0.1650750054512172,7.200137751176953,1,0.1910140781049232,0.2481206928845495,7.60650365703577,0.4012002892792224
178,0.0659980488941073,0.1159857251088324,11.57046350854908,7,0.1650750054512172,7.200137751176953,1,0.0850056403770381,0.4665250587742776,7.60650365703577,0.4012002892792224
179,0.0659980488941073,0.1159857251088324,11.57046350854908,7,0.1650750054512172,7.200137751176953,1,0.0850056403770381,0.2481206928845495,1.389569284875556,0.4012002892792224
180,0.0659980488941073,0.1159857251088324,11.57046350854908,7,0.1650750054512172,7.200137751176953,1,0.0850056403770381,0.2481206928845495,7.60650365703577,0.3434426760300994
181,0.4627264492213725,0.1837167808708577,9.63308502822392,13,0.1622476055752486,3.67504577152431,1,0.1910140781049232,0.4665250587742776,1.389569284875556,0.3434426760300994
182,0.2591009421274066,0.0789358802374257,4.406336085333485,13,0.0749236715026199,5.84421256929636,2,0.0480259879309401,0.1372215127572417,3.870774664584423,0.3356340416707098
183,0.3878567978739738,0.0789358802374257,4.406336085333485,13,0.0749236715026199,5.84421256929636,2,0.0480259879309401,0.1372215127572417,3.870774664584423,0.3356340416707098
184,0.2591009421274066,0.0673025819534128,4.406336085333485,13,0.0749236715026199,5.84421256929636,2,0.0480259879309401,0.1372215127572417,3.870774664584423,0.3356340416707098
185,0.2591009421274066,0.0789358802374257,14.963327036794954,13,0.0749236715026199,5.84421256929636,2,0.0480259879309401,0.1372215127572417,3.870774664584423,0.3356340416707098
186,0.2591009421274066,0.0789358802374257,4.406336085333485,11,0.0749236715026199,5.84421256929636,2,0.0480259879309401,0.1372215127572417,3.870774664584423,0.3356340416707098
187,0.2591009421274066,0.0789358802374257,4.406336085333485,13,0.2822020947467535,5.84421256929636,2,0.0480259879309401,0.1372215127572417,3.870774664584423,0.3356340416707098
188,0.2591009421274066,0.0789358802374257,4.406336085333485,13,0.0749236715026199,2.2327766213566065,2,0.0480259879309401,0.1372215127572417,3.870774664584423,0.3356340416707098
189,0.2591009421274066,0.0789358802374257,4.406336085333485,13,0.0749236715026199,5.84421256929636,3,0.0480259879309401,0.1372215127572417,3.870774664584423,0.3356340416707098
190,0.2591009421274066,0.0789358802374257,4.406336085333485,13,0.0749236715026199,5.84421256929636,2,0.1271207202736619,0.1372215127572417,3.870774664584423,0.3356340416707098
191,0.2591009421274066,0.0789358802374257,4.406336085333485,13,0.0749236715026199,5.84421256929636,2,0.0480259879309401,0.1159636040218174,3.870774664584423,0.3356340416707098
192,0.2591009421274066,0.0789358802374257,4.406336085333485,13,0.0749236715026199,5.84421256929636,2,0.0480259879309401,0.1372215127572417,5.306711902453335,0.3356340416707098
193,0.2591009421274066,0.0789358802374257,4.406336085333485,13,0.0749236715026199,5.84421256929636,2,0.0480259879309401,0.1372215127572417,3.870774664584423,0.4351488506421447
194,0.3878567978739738,0.0673025819534128,14.963327036794954,11,0.2822020947467535,2.2327766213566065,3,0.1271207202736619,0.1159636040218174,5.306711902453335,0.4351488506421447
195,0.5742037754505872,0.1775857722020307,16.655334901340737,8,0.202441436657682,3.277993252500892,2,0.2294161841610723,0.3956438173074275,1.419123709707419,0.1868473523296416
196,0.040024865604937,0.1775857722020307,16.655334901340737,8,0.202441436657682,3.277993252500892,2,0.2294161841610723,0.3956438173074275,1.419123709707419,0.1868473523296416
197,0.5742037754505872,0.1077233897956067,16.655334901340737,8,0.202441436657682,3.277993252500892,2,0.2294161841610723,0.3956438173074275,1.419123709707419,0.1868473523296416
198,0.5742037754505872,0.1775857722020307,4.064407331925605,8,0.202441436657682,3.277993252500892,2,0.2294161841610723,0.3956438173074275,1.419123709707419,0.1868473523296416
199,0.5742037754505872,0.1775857722020307,16.655334901340737,6,0.202441436657682,3.277993252500892,2,0.2294161841610723,0.3956438173074275,1.419123709707419,0.1868473523296416
200,0.5742037754505872,0.1775857722020307,16.655334901340737,8,0.0504002940841019,3.277993252500892,2,0.2294161841610723,0.3956438173074275,1.419123709707419,0.1868473523296416
201,0.5742037754505872,0.1775857722020307,16.655334901340737,8,0.202441436657682,6.144129520282149,2,0.2294161841610723,0.3956438173074275,1.419123709707419,0.1868473523296416
202,0.5742037754505872,0.1775857722020307,16.655334901340737,8,0.202441436657682,3.277993252500892,2,0.2294161841610723,0.3956438173074275,1.419123709707419,0.1868473523296416
203,0.5742037754505872,0.1775857722020307,16.655334901340737,8,0.202441436657682,3.277993252500892,2,0.0496856906475727,0.3956438173074275,1.419123709707419,0.1868473523296416
204,0.5742037754505872,0.1775857722020307,16.655334901340737,8,0.202441436657682,3.277993252500892,2,0.2294161841610723,0.32060869615525,1.419123709707419,0.1868473523296416
205,0.5742037754505872,0.1775857722020307,16.655334901340737,8,0.202441436657682,3.277993252500892,2,0.2294161841610723,0.3956438173074275,2.308119617565513,0.1868473523296416
206,0.5742037754505872,0.1775857722020307,16.655334901340737,8,0.202441436657682,3.277993252500892,2,0.2294161841610723,0.3956438173074275,1.419123709707419,0.246679794229567
207,0.040024865604937,0.1077233897956067,4.064407331925605,6,0.0504002940841019,6.144129520282149,2,0.0496856906475727,0.32060869615525,2.308119617565513,0.246679794229567
208,0.5819338956847787,0.0762539816265612,8.217411979553837,11,0.1223029098007828,7.03639649040997,1,0.0506250450053878,0.4580503620672971,4.431480139391516,0.1761359612457454
209,0.2377562798559665,0.0762539816265612,8.217411979553837,11,0.1223029098007828,7.03639649040997,1,0.0506250450053878,0.4580503620672971,4.431480139391516,0.1761359612457454
210,0.5819338956847787,0.0439650161122026,8.217411979553837,11,0.1223029098007828,7.03639649040997,1,0.0506250450053878,0.4580503620672971,4.431480139391516,0.1761359612457454
211,0.5819338956847787,0.0762539816265612,5.230343894593579,11,0.1223029098007828,7.03639649040997,1,0.0506250450053878,0.4580503620672971,4.431480139391516,0.1761359612457454
212,0.5819338956847787,0.0762539816265612,8.217411979553837,12,0.1223029098007828,7.03639649040997,1,0.0506250450053878,0.4580503620672971,4.431480139391516,0.1761359612457454
213,0.5819338956847787,0.0762539816265612,8.217411979553837,11,0.1807572710793465,7.03639649040997,1,0.0506250450053878,0.4580503620672971,4.431480139391516,0.1761359612457454
214,0.5819338956847787,0.0762539816265612,8.217411979553837,11,0.1223029098007828,5.713674910366535,1,0.0506250450053878,0.4580503620672971,4.431480139391516,0.1761359612457454
215,0.5819338956847787,0.0762539816265612,8.217411979553837,11,0.1223029098007828,7.03639649040997,1,0.0506250450053878,0.4580503620672971,4.431480139391516,0.1761359612457454
216,0.5819338956847787,0.0762539816265612,8.217411979553837,11,0.1223029098007828,7.03639649040997,1,0.1664260896445656,0.4580503620672971,4.431480139391516,0.1761359612457454
217,0.5819338956847787,0.0762539816265612,8.217411979553837,11,0.1223029098007828,7.03639649040997,1,0.0506250450053878,0.0602725734468549,4.431480139391516,0.1761359612457454
218,0.5819338956847787,0.0762539816265612,8.217411979553837,11,0.1223029098007828,7.03639649040997,1,0.0506250450053878,0.4580503620672971,1.0291446265176711,0.1761359612457454
219,0.5819338956847787,0.0762539816265612,8.217411979553837,11,0.1223029098007828,7.03639649040997,1,0.0506250450053878,0.4580503620672971,4.431480139391516,0.2760593365877867
220,0.2377562798559665,0.0439650161122026,5.230343894593579,12,0.1807572710793465,5.713674910366535,1,0.1664260896445656,0.0602725734468549,1.0291446265176711,0.2760593365877867
221,0.2302032396197318,0.1838347248851374,12.32306041960184,5,0.2527198490686714,3.602626357227564,3,0.251323468397186,0.1011837916448712,1.6123675408258369,0.3273396785371005
222,0.4901260273531079,0.1838347248851374,12.32306041960184,5,0.2527198490686714,3.602626357227564,3,0.251323468397186,0.1011837916448712,1.6123675408258369,0.3273396785371005
223,0.2302032396197318,0.2934487666752605,12.32306041960184,5,0.2527198490686714,3.602626357227564,3,0.251323468397186,0.1011837916448712,1.6123675408258369,0.3273396785371005
224,0.2302032396197318,0.1838347248851374,11.62249723927185,5,0.2527198490686714,3.602626357227564,3,0.251323468397186,0.1011837916448712,1.6123675408258369,0.3273396785371005
225,0.2302032396197318,0.1838347248851374,12.32306041960184,5,0.2527198490686714,3.602626357227564,3,0.251323468397186,0.1011837916448712,1.6123675408258369,0.3273396785371005
226,0.2302032396197318,0.1838347248851374,12.32306041960184,5,0.1518513203598558,3.602626357227564,3,0.251323468397186,0.1011837916448712,1.6123675408258369,0.3273396785371005
227,0.2302032396197318,0.1838347248851374,12.32306041960184,5,0.2527198490686714,2.921136077493429,3,0.251323468397186,0.1011837916448712,1.6123675408258369,0.3273396785371005
228,0.2302032396197318,0.1838347248851374,12.32306041960184,5,0.2527198490686714,3.602626357227564,2,0.251323468397186,0.1011837916448712,1.6123675408258369,0.3273396785371005
229,0.2302032396197318,0.1838347248851374,12.32306041960184,5,0.2527198490686714,3.602626357227564,3,0.0425628748784818,0.1011837916448712,1.6123675408258369,0.3273396785371005
230,0.2302032396197318,0.1838347248851374,12.32306041960184,5,0.2527198490686714,3.602626357227564,3,0.251323468397186,0.3763804017100483,1.6123675408258369,0.3273396785371005
231,0.2302032396197318,0.1838347248851374,12.32306041960184,5,0.2527198490686714,3.602626357227564,3,0.251323468397186,0.1011837916448712,3.91526390092595,0.3273396785371005
232,0.2302032396197318,0.1838347248851374,12.32306041960184,5,0.2527198490686714,3.602626357227564,3,0.251323468397186,0.1011837916448712,1.6123675408258369,0.3870192892849445
233,0.4901260273531079,0.2934487666752605,11.62249723927185,5,0.1518513203598558,2.921136077493429,2,0.0425628748784818,0.3763804017100483,3.91526390092595,0.3870192892849445
234,0.0389311328530311,0.048045182071612,6.03739487621711,15,0.2099365083966404,3.4467758145183325,2,0.1406616605172648,0.2120880746748298,2.282593129036403,0.411802407167852
235,0.4149585658684372,0.048045182071612,6.03739487621711,15,0.2099365083966404,3.4467758145183325,2,0.1406616605172648,0.2120880746748298,2.282593129036403,0.411802407167852
236,0.0389311328530311,0.0800679606251803,6.03739487621711,15,0.2099365083966404,3.4467758145183325,2,0.1406616605172648,0.2120880746748298,2.282593129036403,0.411802407167852
237,0.0389311328530311,0.048045182071612,7.485648694181095,15,0.2099365083966404,3.4467758145183325,2,0.1406616605172648,0.2120880746748298,2.282593129036403,0.411802407167852
238,0.0389311328530311,0.048045182071612,6.03739487621711,7,0.2099365083966404,3.4467758145183325,2,0.1406616605172648,0.2120880746748298,2.282593129036403,0.411802407167852
239,0.0389311328530311,0.048045182071612,6.03739487621711,15,0.2916872666217386,3.4467758145183325,2,0.1406616605172648,0.2120880746748298,2.282593129036403,0.411802407167852
240,0.0389311328530311,0.048045182071612,6.03739487621711,15,0.2099365083966404,4.480369120836258,2,0.1406616605172648,0.2120880746748298,2.282593129036403,0.411802407167852
241,0.0389311328530311,0.048045182071612,6.03739487621711,15,0.2099365083966404,3.4467758145183325,2,0.1406616605172648,0.2120880746748298,2.282593129036403,0.411802407167852
242,0.0389311328530311,0.048045182071612,6.03739487621711,15,0.2099365083966404,3.4467758145183325,2,0.0592401048612821,0.2120880746748298,2.282593129036403,0.411802407167852
243,0.0389311328530311,0.048045182071612,6.03739487621711,15,0.2099365083966404,3.4467758145183325,2,0.1406616605172648,0.2484056159853935,2.282593129036403,0.411802407167852
244,0.0389311328530311,0.048045182071612,6.03739487621711,15,0.2099365083966404,3.4467758145183325,2,0.1406616605172648,0.2120880746748298,1.883437164722096,0.411802407167852
245,0.0389311328530311,0.048045182071612,6.03739487621711,15,0.2099365083966404,3.4467758145183325,2,0.1406616605172648,0.2120880746748298,2.282593129036403,0.3328131146728992
246,0.4149585658684372,0.0800679606251803,7.485648694181095,7,0.2916872666217386,4.480369120836258,2,0.0592401048612821,0.2484056159853935,1.883437164722096,0.3328131146728992
247,0.3256230125203728,0.1202688587467993,23.469708445178263,9,0.0874542702920734,6.106753535568714,2,0.0929403141888298,0.3471339168958366,6.586968211426657,0.2607357239350676
248,0.0126255512237548,0.1202688587467993,23.469708445178263,9,0.0874542702920734,6.106753535568714,2,0.0929403141888298,0.3471339168958366,6.586968211426657,0.2607357239350676
249,0.3256230125203728,0.1610225827071711,23.469708445178263,9,0.0874542702920734,6.106753535568714,2,0.0929403141888298,0.3471339168958366,6.586968211426657,0.2607357239350676
250,0.3256230125203728,0.1202688587467993,20.25185498646248,9,0.0874542702920734,6.106753535568714,2,0.0929403141888298,0.3471339168958366,6.586968211426657,0.2607357239350676
251,0.3256230125203728,0.1202688587467993,23.469708445178263,15,0.0874542702920734,6.106753535568714,2,0.0929403141888298,0.3471339168958366,6.586968211426657,0.2607357239350676
252,0.3256230125203728,0.1202688587467993,23.469708445178263,9,0.0761929098051041,6.106753535568714,2,0.0929403141888298,0.3471339168958366,6.586968211426657,0.2607357239350676
253,0.3256230125203728,0.1202688587467993,23.469708445178263,9,0.0874542702920734,6.896448496729136,2,0.0929403141888298,0.3471339168958366,6.586968211426657,0.2607357239350676
254,0.3256230125203728,0.1202688587467993,23.469708445178263,9,0.0874542702920734,6.106753535568714,3,0.0929403141888298,0.3471339168958366,6.586968211426657,0.2607357239350676
255,0.3256230125203728,0.1202688587467993,23.469708445178263,9,0.0874542702920734,6.106753535568714,2,0.2005606902285994,0.3471339168958366,6.586968211426657,0.2607357239350676
256,0.3256230125203728,0.1202688587467993,23.469708445178263,9,0.0874542702920734,6.106753535568714,2,0.0929403141888298,0.4097641478292644,6.586968211426657,0.2607357239350676
257,0.3256230125203728,0.1202688587467993,23.469708445178263,9,0.0874542702920734,6.106753535568714,2,0.0929403141888298,0.3471339168958366,6.502974041719304,0.2607357239350676
258,0.3256230125203728,0.1202688587467993,23.469708445178263,9,0.0874542702920734,6.106753535568714,2,0.0929403141888298,0.3471339168958366,6.586968211426657,0.2224528323858976
259,0.0126255512237548,0.1610225827071711,20.25185498646248,15,0.0761929098051041,6.896448496729136,3,0.2005606902285994,0.4097641478292644,6.502974041719304,0.2224528323858976
260,0.43709188811481,0.0319519271334977,11.691915731226183,8,0.0528196172788739,7.863770682364702,2,0.1078455066202066,0.2644448776263743,1.2445076106453488,0.4227936535142362
261,0.077829754538834,0.0319519271334977,11.691915731226183,8,0.0528196172788739,7.863770682364702,2,0.1078455066202066,0.2644448776263743,1.2445076106453488,0.4227936535142362
262,0.43709188811481,0.0560486956422897,11.691915731226183,8,0.0528196172788739,7.863770682364702,2,0.1078455066202066,0.2644448776263743,1.2445076106453488,0.4227936535142362
263,0.43709188811481,0.0319519271334977,12.264925155928273,8,0.0528196172788739,7.863770682364702,2,0.1078455066202066,0.2644448776263743,1.2445076106453488,0.4227936535142362
264,0.43709188811481,0.0319519271334977,11.691915731226183,13,0.0528196172788739,7.863770682364702,2,0.1078455066202066,0.2644448776263743,1.2445076106453488,0.4227936535142362
265,0.43709188811481,0.0319519271334977,11.691915731226183,8,0.1093253665138036,7.863770682364702,2,0.1078455066202066,0.2644448776263743,1.2445076106453488,0.4227936535142362
266,0.43709188811481,0.0319519271334977,11.691915731226183,8,0.0528196172788739,7.358025269582868,2,0.1078455066202066,0.2644448776263743,1.2445076106453488,0.4227936535142362
267,0.43709188811481,0.0319519271334977,11.691915731226183,8,0.0528196172788739,7.863770682364702,3,0.1078455066202066,0.2644448776263743,1.2445076106453488,0.4227936535142362
268,0.43709188811481,0.0319519271334977,11.691915731226183,8,0.0528196172788739,7.863770682364702,2,0.0821660976038908,0.2644448776263743,1.2445076106453488,0.4227936535142362
269,0.43709188811481,0.0319519271334977,11.691915731226183,8,0.0528196172788739,7.863770682364702,2,0.1078455066202066,0.1539186276495456,1.2445076106453488,0.4227936535142362
270,0.43709188811481,0.0319519271334977,11.691915731226183,8,0.0528196172788739,7.863770682364702,2,0.1078455066202066,0.2644448776263743,1.334894809475116,0.4227936535142362
271,0.43709188811481,0.0319519271334977,11.691915731226183,8,0.0528196172788739,7.863770682364702,2,0.1078455066202066,0.2644448776263743,1.2445076106453488,0.2382670110091567
272,0.077829754538834,0.0560486956422897,12.264925155928273,13,0.1093253665138036,7.358025269582868,3,0.0821660976038908,0.1539186276495456,1.334894809475116,0.2382670110091567
273,0.0751184893772006,0.1374539753301496,7.784191989688055,14,0.1823210259433835,4.453804405406117,2,0.0663434154274,0.2974277382716536,3.4204426316021017,0.2740065260790288
274,0.3500480107963085,0.1374539753301496,7.784191989688055,14,0.1823210259433835,4.453804405406117,2,0.0663434154274,0.2974277382716536,3.4204426316021017,0.2740065260790288
275,0.0751184893772006,0.1120780611040747,7.784191989688055,14,0.1823210259433835,4.453804405406117,2,0.0663434154274,0.2974277382716536,3.4204426316021017,0.2740065260790288
276,0.0751184893772006,0.1374539753301496,4.9392765836370645,14,0.1823210259433835,4.453804405406117,2,0.0663434154274,0.2974277382716536,3.4204426316021017,0.2740065260790288
277,0.0751184893772006,0.1374539753301496,7.784191989688055,10,0.1823210259433835,4.453804405406117,2,0.0663434154274,0.2974277382716536,3.4204426316021017,0.2740065260790288
278,0.0751184893772006,0.1374539753301496,7.784191989688055,14,0.2541674321517348,4.453804405406117,2,0.0663434154274,0.2974277382716536,3.4204426316021017,0.2740065260790288
279,0.0751184893772006,0.1374539753301496,7.784191989688055,14,0.1823210259433835,4.194846658036113,2,0.0663434154274,0.2974277382716536,3.4204426316021017,0.2740065260790288
280,0.0751184893772006,0.1374539753301496,7.784191989688055,14,0.1823210259433835,4.453804405406117,2,0.0663434154274,0.2974277382716536,3.4204426316021017,0.2740065260790288
281,0.0751184893772006,0.1374539753301496,7.784191989688055,14,0.1823210259433835,4.453804405406117,2,0.2430683602477451,0.2974277382716536,3.4204426316021017,0.2740065260790288
282,0.0751184893772006,0.1374539753301496,7.784191989688055,14,0.1823210259433835,4.453804405406117,2,0.0663434154274,0.2880369666032493,3.4204426316021017,0.2740065260790288
283,0.0751184893772006,0.1374539753301496,7.784191989688055,14,0.1823210259433835,4.453804405406117,2,0.0663434154274,0.2974277382716536,3.0184465719215,0.2740065260790288
284,0.0751184893772006,0.1374539753301496,7.784191989688055,14,0.1823210259433835,4.453804405406117,2,0.0663434154274,0.2974277382716536,3.4204426316021017,0.424811759032309
285,0.3500480107963085,0.1120780611040747,4.9392765836370645,10,0.2541674321517348,4.194846658036113,2,0.2430683602477451,0.2880369666032493,3.0184465719215,0.424811759032309
286,0.1937343640252948,0.0644003931356625,15.903262754419524,6,0.27966203186661,2.40798332542181,1,0.0398815219681616,0.4119557862635702,5.083994620966796,0.1897077435627579
287,0.5748852476477623,0.0644003931356625,15.903262754419524,6,0.27966203186661,2.40798332542181,1,0.0398815219681616,0.4119557862635702,5.083994620966796,0.1897077435627579
288,0.1937343640252948,0.0305865885323847,15.903262754419524,6,0.27966203186661,2.40798332542181,1,0.0398815219681616,0.4119557862635702,5.083994620966796,0.1897077435627579
289,0.1937343640252948,0.0644003931356625,19.15841542357781,6,0.27966203186661,2.40798332542181,1,0.0398815219681616,0.4119557862635702,5.083994620966796,0.1897077435627579
290,0.1937343640252948,0.0644003931356625,15.903262754419524,6,0.27966203186661,2.40798332542181,1,0.0398815219681616,0.4119557862635702,5.083994620966796,0.1897077435627579
291,0.1937343640252948,0.0644003931356625,15.903262754419524,6,0.1263175478205084,2.40798332542181,1,0.0398815219681616,0.4119557862635702,5.083994620966796,0.1897077435627579
292,0.1937343640252948,0.0644003931356625,15.903262754419524,6,0.27966203186661,2.450889343395829,1,0.0398815219681616,0.4119557862635702,5.083994620966796,0.1897077435627579
293,0.1937343640252948,0.0644003931356625,15.903262754419524,6,0.27966203186661,2.40798332542181,2,0.0398815219681616,0.4119557862635702,5.083994620966796,0.1897077435627579
294,0.1937343640252948,0.0644003931356625,15.903262754419524,6,0.27966203186661,2.40798332542181,1,0.1000039182672782,0.4119557862635702,5.083994620966796,0.1897077435627579
295,0.1937343640252948,0.0644003931356625,15.903262754419524,6,0.27966203186661,2.40798332542181,1,0.0398815219681616,0.1872800586279481,5.083994620966796,0.1897077435627579
296,0.1937343640252948,0.0644003931356625,15.903262754419524,6,0.27966203186661,2.40798332542181,1,0.0398815219681616,0.4119557862635702,2.442932523115899,0.1897077435627579
297,0.1937343640252948,0.0644003931356625,15.903262754419524,6,0.27966203186661,2.40798332542181,1,0.0398815219681616,0.4119557862635702,5.083994620966796,0.3711916649714112
298,0.5748852476477623,0.0305865885323847,19.15841542357781,6,0.1263175478205084,2.450889343395829,2,0.1000039182672782,0.1872800586279481,2.442932523115899,0.3711916649714112
299,0.4707465391606092,0.2863742834671574,4.089868487750184,12,0.1580953327473253,5.0917649026960135,3,0.1843345466536181,0.1499012342654168,1.7617651456027568,0.3386502156034112
300,0.1527034828439354,0.2863742834671574,4.089868487750184,12,0.1580953327473253,5.0917649026960135,3,0.1843345466536181,0.1499012342654168,1.7617651456027568,0.3386502156034112
301,0.4707465391606092,0.2052900592795778,4.089868487750184,12,0.1580953327473253,5.0917649026960135,3,0.1843345466536181,0.1499012342654168,1.7617651456027568,0.3386502156034112
302,0.4707465391606092,0.2863742834671574,7.940964248834817,12,0.1580953327473253,5.0917649026960135,3,0.1843345466536181,0.1499012342654168,1.7617651456027568,0.3386502156034112
303,0.4707465391606092,0.2863742834671574,4.089868487750184,11,0.1580953327473253,5.0917649026960135,3,0.1843345466536181,0.1499012342654168,1.7617651456027568,0.3386502156034112
304,0.4707465391606092,0.2863742834671574,4.089868487750184,12,0.209700907068327,5.0917649026960135,3,0.1843345466536181,0.1499012342654168,1.7617651456027568,0.3386502156034112
305,0.4707465391606092,0.2863742834671574,4.089868487750184,12,0.1580953327473253,5.984610101208091,3,0.1843345466536181,0.1499012342654168,1.7617651456027568,0.3386502156034112
306,0.4707465391606092,0.2863742834671574,4.089868487750184,12,0.1580953327473253,5.0917649026960135,1,0.1843345466536181,0.1499012342654168,1.7617651456027568,0.3386502156034112
307,0.4707465391606092,0.2863742834671574,4.089868487750184,12,0.1580953327473253,5.0917649026960135,3,0.0390319128065374,0.1499012342654168,1.7617651456027568,0.3386502156034112
308,0.4707465391606092,0.2863742834671574,4.089868487750184,12,0.1580953327473253,5.0917649026960135,3,0.1843345466536181,0.476133961090818,1.7617651456027568,0.3386502156034112
309,0.4707465391606092,0.2863742834671574,4.089868487750184,12,0.1580953327473253,5.0917649026960135,3,0.1843345466536181,0.1499012342654168,5.013543857246733,0.3386502156034112
310,0.4707465391606092,0.2863742834671574,4.089868487750184,12,0.1580953327473253,5.0917649026960135,3,0.1843345466536181,0.1499012342654168,1.7617651456027568,0.1840747123584151
311,0.1527034828439354,0.2052900592795778,7.940964248834817,11,0.209700907068327,5.984610101208091,1,0.0390319128065374,0.476133961090818,5.013543857246733,0.1840747123584151
312,0.5075091356411576,0.0416393665408206,18.935726835944564,13,0.2643762370105832,6.376297827810049,2,0.1243762403502276,0.2234798233024776,7.262110589875768,0.3576994176954031
313,0.2859303770586848,0.0416393665408206,18.935726835944564,13,0.2643762370105832,6.376297827810049,2,0.1243762403502276,0.2234798233024776,7.262110589875768,0.3576994176954031
314,0.5075091356411576,0.1001970456168585,18.935726835944564,13,0.2643762370105832,6.376297827810049,2,0.1243762403502276,0.2234798233024776,7.262110589875768,0.3576994176954031
315,0.5075091356411576,0.0416393665408206,16.25434811793414,13,0.2643762370105832,6.376297827810049,2,0.1243762403502276,0.2234798233024776,7.262110589875768,0.3576994176954031
316,0.5075091356411576,0.0416393665408206,18.935726835944564,8,0.2643762370105832,6.376297827810049,2,0.1243762403502276,0.2234798233024776,7.262110589875768,0.3576994176954031
317,0.5075091356411576,0.0416393665408206,18.935726835944564,13,0.0913843058049678,6.376297827810049,2,0.1243762403502276,0.2234798233024776,7.262110589875768,0.3576994176954031
318,0.5075091356411576,0.0416393665408206,18.935726835944564,13,0.2643762370105832,4.913415191695094,2,0.1243762403502276,0.2234798233024776,7.262110589875768,0.3576994176954031
319,0.5075091356411576,0.0416393665408206,18.935726835944564,13,0.2643762370105832,6.376297827810049,3,0.1243762403502276,0.2234798233024776,7.262110589875768,0.3576994176954031
320,0.5075091356411576,0.0416393665408206,18.935726835944564,13,0.2643762370105832,6.376297827810049,2,0.0729185869920292,0.2234798233024776,7.262110589875768,0.3576994176954031
321,0.5075091356411576,0.0416393665408206,18.935726835944564,13,0.2643762370105832,6.376297827810049,2,0.1243762403502276,0.22746238023974,7.262110589875768,0.3576994176954031
322,0.5075091356411576,0.0416393665408206,18.935726835944564,13,0.2643762370105832,6.376297827810049,2,0.1243762403502276,0.2234798233024776,1.626464856765966,0.3576994176954031
323,0.5075091356411576,0.0416393665408206,18.935726835944564,13,0.2643762370105832,6.376297827810049,2,0.1243762403502276,0.2234798233024776,7.262110589875768,0.4477118253707886
324,0.2859303770586848,0.1001970456168585,16.25434811793414,8,0.0913843058049678,4.913415191695094,3,0.0729185869920292,0.22746238023974,1.626464856765966,0.4477118253707886
325,0.1569889694452285,0.1040615221769744,4.7394253173951295,7,0.1418941097334027,2.9428797904402018,2,0.0575257426648135,0.3163935305085033,2.6855568753296835,0.2064224492758512
326,0.4817939277738332,0.1040615221769744,4.7394253173951295,7,0.1418941097334027,2.9428797904402018,2,0.0575257426648135,0.3163935305085033,2.6855568753296835,0.2064224492758512
327,0.1569889694452285,0.062668842068561,4.7394253173951295,7,0.1418941097334027,2.9428797904402018,2,0.0575257426648135,0.3163935305085033,2.6855568753296835,0.2064224492758512
328,0.1569889694452285,0.1040615221769744,9.160970428810868,7,0.1418941097334027,2.9428797904402018,2,0.0575257426648135,0.3163935305085033,2.6855568753296835,0.2064224492758512
329,0.1569889694452285,0.1040615221769744,4.7394253173951295,15,0.1418941097334027,2.9428797904402018,2,0.0575257426648135,0.3163935305085033,2.6855568753296835,0.2064224492758512
330,0.1569889694452285,0.1040615221769744,4.7394253173951295,7,0.2451223651412874,2.9428797904402018,2,0.0575257426648135,0.3163935305085033,2.6855568753296835,0.2064224492758512
331,0.1569889694452285,0.1040615221769744,4.7394253173951295,7,0.1418941097334027,6.627462791278958,2,0.0575257426648135,0.3163935305085033,2.6855568753296835,0.2064224492758512
332,0.1569889694452285,0.1040615221769744,4.7394253173951295,7,0.1418941097334027,2.9428797904402018,2,0.0575257426648135,0.3163935305085033,2.6855568753296835,0.2064224492758512
333,0.1569889694452285,0.1040615221769744,4.7394253173951295,7,0.1418941097334027,2.9428797904402018,2,0.2845643404757279,0.3163935305085033,2.6855568753296835,0.2064224492758512
334,0.1569889694452285,0.1040615221769744,4.7394253173951295,7,0.1418941097334027,2.9428797904402018,2,0.0575257426648135,0.4305685264524072,2.6855568753296835,0.2064224492758512
335,0.1569889694452285,0.1040615221769744,4.7394253173951295,7,0.1418941097334027,2.9428797904402018,2,0.0575257426648135,0.3163935305085033,3.232346252651361,0.2064224492758512
336,0.1569889694452285,0.1040615221769744,4.7394253173951295,7,0.1418941097334027,2.9428797904402018,2,0.0575257426648135,0.3163935305085033,2.6855568753296835,0.2623516280204058
337,0.4817939277738332,0.062668842068561,9.160970428810868,15,0.2451223651412874,6.627462791278958,2,0.2845643404757279,0.4305685264524072,3.232346252651361,0.2623516280204058
338,0.1133733808994293,0.0879833072499498,9.948970779311152,13,0.0991135565098375,3.91899698972702,1,0.0346367731654347,0.4273235568776726,1.370435584151813,0.2907269683666527
339,0.406667012348771,0.0879833072499498,9.948970779311152,13,0.0991135565098375,3.91899698972702,1,0.0346367731654347,0.4273235568776726,1.370435584151813,0.2907269683666527
340,0.1133733808994293,0.1706642361769204,9.948970779311152,13,0.0991135565098375,3.91899698972702,1,0.0346367731654347,0.4273235568776726,1.370435584151813,0.2907269683666527
341,0.1133733808994293,0.0879833072499498,14.452692615226097,13,0.0991135565098375,3.91899698972702,1,0.0346367731654347,0.4273235568776726,1.370435584151813,0.2907269683666527
342,0.1133733808994293,0.0879833072499498,9.948970779311152,13,0.0991135565098375,3.91899698972702,1,0.0346367731654347,0.4273235568776726,1.370435584151813,0.2907269683666527
343,0.1133733808994293,0.0879833072499498,9.948970779311152,13,0.1368883694056421,3.91899698972702,1,0.0346367731654347,0.4273235568776726,1.370435584151813,0.2907269683666527
344,0.1133733808994293,0.0879833072499498,9.948970779311152,13,0.0991135565098375,5.2791693713516,1,0.0346367731654347,0.4273235568776726,1.370435584151813,0.2907269683666527
345,0.1133733808994293,0.0879833072499498,9.948970779311152,13,0.0991135565098375,3.91899698972702,2,0.0346367731654347,0.4273235568776726,1.370435584151813,0.2907269683666527
346,0.1133733808994293,0.0879833072499498,9.948970779311152,13,0.0991135565098375,3.91899698972702,1,0.1170926219075135,0.4273235568776726,1.370435584151813,0.2907269683666527
347,0.1133733808994293,0.0879833072499498,9.948970779311152,13,0.0991135565098375,3.91899698972702,1,0.0346367731654347,0.0815458315424621,1.370435584151813,0.2907269683666527
348,0.1133733808994293,0.0879833072499498,9.948970779311152,13,0.0991135565098375,3.91899698972702,1,0.0346367731654347,0.4273235568776726,2.599174743081154,0.2907269683666527
349,0.1133733808994293,0.0879833072499498,9.948970779311152,13,0.0991135565098375,3.91899698972702,1,0.0346367731654347,0.4273235568776726,1.370435584151813,0.1612704891711473
350,0.406667012348771,0.1706642361769204,14.452692615226097,13,0.1368883694056421,5.2791693713516,2,0.1170926219075135,0.0815458315424621,2.599174743081154,0.1612704891711473
351,0.3988541984930634,0.2124625328289409,6.446538981001091,7,0.2295305917039513,6.57933252863586,3,0.2122459204034347,0.112589129852131,4.019499221757768,0.4418668848462403
352,0.0607672562822699,0.2124625328289409,6.446538981001091,7,0.2295305917039513,6.57933252863586,3,0.2122459204034347,0.112589129852131,4.019499221757768,0.4418668848462403
353,0.3988541984930634,0.03680746984745,6.446538981001091,7,0.2295305917039513,6.57933252863586,3,0.2122459204034347,0.112589129852131,4.019499221757768,0.4418668848462403
354,0.3988541984930634,0.2124625328289409,4.28228873912122,7,0.2295305917039513,6.57933252863586,3,0.2122459204034347,0.112589129852131,4.019499221757768,0.4418668848462403
355,0.3988541984930634,0.2124625328289409,6.446538981001091,4,0.2295305917039513,6.57933252863586,3,0.2122459204034347,0.112589129852131,4.019499221757768,0.4418668848462403
356,0.3988541984930634,0.2124625328289409,6.446538981001091,7,0.2270927645266056,6.57933252863586,3,0.2122459204034347,0.112589129852131,4.019499221757768,0.4418668848462403
357,0.3988541984930634,0.2124625328289409,6.446538981001091,7,0.2295305917039513,3.1915812734514475,3,0.2122459204034347,0.112589129852131,4.019499221757768,0.4418668848462403
358,0.3988541984930634,0.2124625328289409,6.446538981001091,7,0.2295305917039513,6.57933252863586,1,0.2122459204034347,0.112589129852131,4.019499221757768,0.4418668848462403
359,0.3988541984930634,0.2124625328289409,6.446538981001091,7,0.2295305917039513,6.57933252863586,3,0.0346341641421939,0.112589129852131,4.019499221757768,0.4418668848462403
360,0.3988541984930634,0.2124625328289409,6.446538981001091,7,0.2295305917039513,6.57933252863586,3,0.2122459204034347,0.3550262741744518,4.019499221757768,0.4418668848462403
361,0.3988541984930634,0.2124625328289409,6.446538981001091,7,0.2295305917039513,6.57933252863586,3,0.2122459204034347,0.112589129852131,6.073811347315028,0.4418668848462403
362,0.3988541984930634,0.2124625328289409,6.446538981001091,7,0.2295305917039513,6.57933252863586,3,0.2122459204034347,0.112589129852131,4.019499221757768,0.3472303569316864
363,0.0607672562822699,0.03680746984745,4.28228873912122,4,0.2270927645266056,3.1915812734514475,1,0.0346341641421939,0.3550262741744518,6.073811347315028,0.3472303569316864
364,0.3626691307872534,0.0556897057483041,5.065962980604111,4,0.1939803061075508,5.525348851457238,1,0.0439458359547098,0.4778950630687177,2.072846831016712,0.243427050858736
365,0.1446852933615446,0.0556897057483041,5.065962980604111,4,0.1939803061075508,5.525348851457238,1,0.0439458359547098,0.4778950630687177,2.072846831016712,0.243427050858736
366,0.3626691307872534,0.244075963851347,5.065962980604111,4,0.1939803061075508,5.525348851457238,1,0.0439458359547098,0.4778950630687177,2.072846831016712,0.243427050858736
367,0.3626691307872534,0.0556897057483041,6.909124857888772,4,0.1939803061075508,5.525348851457238,1,0.0439458359547098,0.4778950630687177,2.072846831016712,0.243427050858736
368,0.3626691307872534,0.0556897057483041,5.065962980604111,7,0.1939803061075508,5.525348851457238,1,0.0439458359547098,0.4778950630687177,2.072846831016712,0.243427050858736
369,0.3626691307872534,0.0556897057483041,5.065962980604111,4,0.1937772489152848,5.525348851457238,1,0.0439458359547098,0.4778950630687177,2.072846831016712,0.243427050858736
370,0.3626691307872534,0.0556897057483041,5.065962980604111,4,0.1939803061075508,2.155875828117132,1,0.0439458359547098,0.4778950630687177,2.072846831016712,0.243427050858736
371,0.3626691307872534,0.0556897057483041,5.065962980604111,4,0.1939803061075508,5.525348851457238,1,0.0439458359547098,0.4778950630687177,2.072846831016712,0.243427050858736
372,0.3626691307872534,0.0556897057483041,5.065962980604111,4,0.1939803061075508,5.525348851457238,1,0.1419198491231593,0.4778950630687177,2.072846831016712,0.243427050858736
373,0.3626691307872534,0.0556897057483041,5.065962980604111,4,0.1939803061075508,5.525348851457238,1,0.0439458359547098,0.2085526461713016,2.072846831016712,0.243427050858736
374,0.3626691307872534,0.0556897057483041,5.065962980604111,4,0.1939803061075508,5.525348851457238,1,0.0439458359547098,0.4778950630687177,1.254399785373569,0.243427050858736
375,0.3626691307872534,0.0556897057483041,5.065962980604111,4,0.1939803061075508,5.525348851457238,1,0.0439458359547098,0.4778950630687177,2.072846831016712,0.4110902326181531
376,0.1446852933615446,0.244075963851347,6.909124857888772,7,0.1937772489152848,2.155875828117132,1,0.1419198491231593,0.2085526461713016,1.254399785373569,0.4110902326181531
377,0.0019022164866328,0.2483456200996481,20.270265207356445,10,0.0724137029144913,2.115001868456602,3,0.2895206384636351,0.0610976410564035,5.605259487974734,0.3921409271657467
378,0.3230435533449053,0.2483456200996481,20.270265207356445,10,0.0724137029144913,2.115001868456602,3,0.2895206384636351,0.0610976410564035,5.605259487974734,0.3921409271657467
379,0.0019022164866328,0.0528217650305895,20.270265207356445,10,0.0724137029144913,2.115001868456602,3,0.2895206384636351,0.0610976410564035,5.605259487974734,0.3921409271657467
380,0.0019022164866328,0.2483456200996481,21.477069530341957,10,0.0724137029144913,2.115001868456602,3,0.2895206384636351,0.0610976410564035,5.605259487974734,0.3921409271657467
381,0.0019022164866328,0.2483456200996481,20.270265207356445,11,0.0724137029144913,2.115001868456602,3,0.2895206384636351,0.0610976410564035,5.605259487974734,0.3921409271657467
382,0.0019022164866328,0.2483456200996481,20.270265207356445,10,0.1736147040035575,2.115001868456602,3,0.2895206384636351,0.0610976410564035,5.605259487974734,0.3921409271657467
383,0.0019022164866328,0.2483456200996481,20.270265207356445,10,0.0724137029144913,6.490563251078129,3,0.2895206384636351,0.0610976410564035,5.605259487974734,0.3921409271657467
384,0.0019022164866328,0.2483456200996481,20.270265207356445,10,0.0724137029144913,2.115001868456602,2,0.2895206384636351,0.0610976410564035,5.605259487974734,0.3921409271657467
385,0.0019022164866328,0.2483456200996481,20.270265207356445,10,0.0724137029144913,2.115001868456602,3,0.0480409507967234,0.0610976410564035,5.605259487974734,0.3921409271657467
386,0.0019022164866328,0.2483456200996481,20.270265207356445,10,0.0724137029144913,2.115001868456602,3,0.2895206384636351,0.4547808796167373,5.605259487974734,0.3921409271657467
387,0.0019022164866328,0.2483456200996481,20.270265207356445,10,0.0724137029144913,2.115001868456602,3,0.2895206384636351,0.0610976410564035,4.191152947993604,0.3921409271657467
388,0.0019022164866328,0.2483456200996481,20.270265207356445,10,0.0724137029144913,2.115001868456602,3,0.2895206384636351,0.0610976410564035,5.605259487974734,0.2989733649417758
389,0.3230435533449053,0.0528217650305895,21.477069530341957,11,0.1736147040035575,6.490563251078129,2,0.0480409507967234,0.4547808796167373,4.191152947993604,0.2989733649417758
390,0.2681740371510386,0.036950358332734,9.648299084626842,10,0.1697517146356403,4.934306247159839,2,0.1621426452449779,0.1756548790261149,3.10235320994548,0.307706814352423
391,0.547912467084825,0.036950358332734,9.648299084626842,10,0.1697517146356403,4.934306247159839,2,0.1621426452449779,0.1756548790261149,3.10235320994548,0.307706814352423
392,0.2681740371510386,0.1438606032855919,9.648299084626842,10,0.1697517146356403,4.934306247159839,2,0.1621426452449779,0.1756548790261149,3.10235320994548,0.307706814352423
393,0.2681740371510386,0.036950358332734,5.668206795353336,10,0.1697517146356403,4.934306247159839,2,0.1621426452449779,0.1756548790261149,3.10235320994548,0.307706814352423
394,0.2681740371510386,0.036950358332734,9.648299084626842,14,0.1697517146356403,4.934306247159839,2,0.1621426452449779,0.1756548790261149,3.10235320994548,0.307706814352423
395,0.2681740371510386,0.036950358332734,9.648299084626842,10,0.2703510084655136,4.934306247159839,2,0.1621426452449779,0.1756548790261149,3.10235320994548,0.307706814352423
396,0.2681740371510386,0.036950358332734,9.648299084626842,10,0.1697517146356403,7.648580942302942,2,0.1621426452449779,0.1756548790261149,3.10235320994548,0.307706814352423
397,0.2681740371510386,0.036950358332734,9.648299084626842,10,0.1697517146356403,4.934306247159839,2,0.1621426452449779,0.1756548790261149,3.10235320994548,0.307706814352423
398,0.2681740371510386,0.036950358332734,9.648299084626842,10,0.1697517146356403,4.934306247159839,2,0.0668741260298138,0.1756548790261149,3.10235320994548,0.307706814352423
399,0.2681740371510386,0.036950358332734,9.648299084626842,10,0.1697517146356403,4.934306247159839,2,0.1621426452449779,0.1329743458423763,3.10235320994548,0.307706814352423
400,0.2681740371510386,0.036950358332734,9.648299084626842,10,0.1697517146356403,4.934306247159839,2,0.1621426452449779,0.1756548790261149,2.0046748722072856,0.307706814352423
401,0.2681740371510386,0.036950358332734,9.648299084626842,10,0.1697517146356403,4.934306247159839,2,0.1621426452449779,0.1756548790261149,3.10235320994548,0.1984783066436648
402,0.547912467084825,0.1438606032855919,5.668206795353336,14,0.2703510084655136,7.648580942302942,2,0.0668741260298138,0.1329743458423763,2.0046748722072856,0.1984783066436648
403,0.5439803000539541,0.1585050324971386,14.892704789370075,16,0.2992532341275364,7.617712840437889,2,0.0806272635117622,0.3633805912453681,1.057737560035522,0.158837575558573
404,0.2195171881467104,0.1585050324971386,14.892704789370075,16,0.2992532341275364,7.617712840437889,2,0.0806272635117622,0.3633805912453681,1.057737560035522,0.158837575558573
405,0.5439803000539541,0.0896819976852715,14.892704789370075,16,0.2992532341275364,7.617712840437889,2,0.0806272635117622,0.3633805912453681,1.057737560035522,0.158837575558573
406,0.5439803000539541,0.1585050324971386,10.957344975292228,16,0.2992532341275364,7.617712840437889,2,0.0806272635117622,0.3633805912453681,1.057737560035522,0.158837575558573
407,0.5439803000539541,0.1585050324971386,14.892704789370075,9,0.2992532341275364,7.617712840437889,2,0.0806272635117622,0.3633805912453681,1.057737560035522,0.158837575558573
408,0.5439803000539541,0.1585050324971386,14.892704789370075,16,0.0617692402563989,7.617712840437889,2,0.0806272635117622,0.3633805912453681,1.057737560035522,0.158837575558573
409,0.5439803000539541,0.1585050324971386,14.892704789370075,16,0.2992532341275364,3.6933513283729553,2,0.0806272635117622,0.3633805912453681,1.057737560035522,0.158837575558573
410,0.5439803000539541,0.1585050324971386,14.892704789370075,16,0.2992532341275364,7.617712840437889,3,0.0806272635117622,0.3633805912453681,1.057737560035522,0.158837575558573
411,0.5439803000539541,0.1585050324971386,14.892704789370075,16,0.2992532341275364,7.617712840437889,2,0.1710039430897834,0.3633805912453681,1.057737560035522,0.158837575558573
412,0.5439803000539541,0.1585050324971386,14.892704789370075,16,0.2992532341275364,7.617712840437889,2,0.0806272635117622,0.3088420157786459,1.057737560035522,0.158837575558573
413,0.5439803000539541,0.1585050324971386,14.892704789370075,16,0.2992532341275364,7.617712840437889,2,0.0806272635117622,0.3633805912453681,7.87516550718845,0.158837575558573
414,0.5439803000539541,0.1585050324971386,14.892704789370075,16,0.2992532341275364,7.617712840437889,2,0.0806272635117622,0.3633805912453681,1.057737560035522,0.3100229697301984
415,0.2195171881467104,0.0896819976852715,10.957344975292228,9,0.0617692402563989,3.6933513283729553,3,0.1710039430897834,0.3088420157786459,7.87516550718845,0.3100229697301984
416,0.5573585327714682,0.0594379981626712,22.31871686242752,12,0.0601258596405386,6.635259062051773,2,0.0609520203535108,0.0992050355300307,3.266166442289708,0.290455574914813
417,0.4501783786341548,0.0594379981626712,22.31871686242752,12,0.0601258596405386,6.635259062051773,2,0.0609520203535108,0.0992050355300307,3.266166442289708,0.290455574914813
418,0.5573585327714682,0.1267804610423408,22.31871686242752,12,0.0601258596405386,6.635259062051773,2,0.0609520203535108,0.0992050355300307,3.266166442289708,0.290455574914813
419,0.5573585327714682,0.0594379981626712,6.719737615087101,12,0.0601258596405386,6.635259062051773,2,0.0609520203535108,0.0992050355300307,3.266166442289708,0.290455574914813
420,0.5573585327714682,0.0594379981626712,22.31871686242752,6,0.0601258596405386,6.635259062051773,2,0.0609520203535108,0.0992050355300307,3.266166442289708,0.290455574914813
421,0.5573585327714682,0.0594379981626712,22.31871686242752,12,0.1978744347114115,6.635259062051773,2,0.0609520203535108,0.0992050355300307,3.266166442289708,0.290455574914813
422,0.5573585327714682,0.0594379981626712,22.31871686242752,12,0.0601258596405386,4.115795319899917,2,0.0609520203535108,0.0992050355300307,3.266166442289708,0.290455574914813
423,0.5573585327714682,0.0594379981626712,22.31871686242752,12,0.0601258596405386,6.635259062051773,2,0.0609520203535108,0.0992050355300307,3.266166442289708,0.290455574914813
424,0.5573585327714682,0.0594379981626712,22.31871686242752,12,0.0601258596405386,6.635259062051773,2,0.0375107442552254,0.0992050355300307,3.266166442289708,0.290455574914813
425,0.5573585327714682,0.0594379981626712,22.31871686242752,12,0.0601258596405386,6.635259062051773,2,0.0609520203535108,0.3723734555300325,3.266166442289708,0.290455574914813
426,0.5573585327714682,0.0594379981626712,22.31871686242752,12,0.0601258596405386,6.635259062051773,2,0.0609520203535108,0.0992050355300307,5.088213837963588,0.290455574914813
427,0.5573585327714682,0.0594379981626712,22.31871686242752,12,0.0601258596405386,6.635259062051773,2,0.0609520203535108,0.0992050355300307,3.266166442289708,0.1885571099817752
428,0.4501783786341548,0.1267804610423408,6.719737615087101,6,0.1978744347114115,4.115795319899917,2,0.0375107442552254,0.3723734555300325,5.088213837963588,0.1885571099817752
429,0.2806324509903788,0.2295655268866163,5.736052163172898,6,0.1903899507131427,4.0456051509827375,2,0.1184475593513006,0.469695182563737,1.2579034772950042,0.4391781862825156
430,0.2730193253606557,0.2295655268866163,5.736052163172898,6,0.1903899507131427,4.0456051509827375,2,0.1184475593513006,0.469695182563737,1.2579034772950042,0.4391781862825156
431,0.2806324509903788,0.0881101468130057,5.736052163172898,6,0.1903899507131427,4.0456051509827375,2,0.1184475593513006,0.469695182563737,1.2579034772950042,0.4391781862825156
432,0.2806324509903788,0.2295655268866163,22.09139407623972,6,0.1903899507131427,4.0456051509827375,2,0.1184475593513006,0.469695182563737,1.2579034772950042,0.4391781862825156
433,0.2806324509903788,0.2295655268866163,5.736052163172898,11,0.1903899507131427,4.0456051509827375,2,0.1184475593513006,0.469695182563737,1.2579034772950042,0.4391781862825156
434,0.2806324509903788,0.2295655268866163,5.736052163172898,6,0.1698841454461216,4.0456051509827375,2,0.1184475593513006,0.469695182563737,1.2579034772950042,0.4391781862825156
435,0.2806324509903788,0.2295655268866163,5.736052163172898,6,0.1903899507131427,7.331330338492989,2,0.1184475593513006,0.469695182563737,1.2579034772950042,0.4391781862825156
436,0.2806324509903788,0.2295655268866163,5.736052163172898,6,0.1903899507131427,4.0456051509827375,1,0.1184475593513006,0.469695182563737,1.2579034772950042,0.4391781862825156
437,0.2806324509903788,0.2295655268866163,5.736052163172898,6,0.1903899507131427,4.0456051509827375,2,0.0951150352010804,0.469695182563737,1.2579034772950042,0.4391781862825156
438,0.2806324509903788,0.2295655268866163,5.736052163172898,6,0.1903899507131427,4.0456051509827375,2,0.1184475593513006,0.0694566255901008,1.2579034772950042,0.4391781862825156
439,0.2806324509903788,0.2295655268866163,5.736052163172898,6,0.1903899507131427,4.0456051509827375,2,0.1184475593513006,0.469695182563737,2.2488130718127874,0.4391781862825156
440,0.2806324509903788,0.2295655268866163,5.736052163172898,6,0.1903899507131427,4.0456051509827375,2,0.1184475593513006,0.469695182563737,1.2579034772950042,0.3014161985367536
441,0.2730193253606557,0.0881101468130057,22.09139407623972,11,0.1698841454461216,7.331330338492989,1,0.0951150352010804,0.0694566255901008,2.2488130718127874,0.3014161985367536
442,0.0119433520361781,0.039973115246356,13.107332122772656,14,0.2722358835861087,3.0925119780004025,1,0.2233834889537676,0.3592200211249292,1.7291154140334517,0.3737553519196809
443,0.0478879038244485,0.039973115246356,13.107332122772656,14,0.2722358835861087,3.0925119780004025,1,0.2233834889537676,0.3592200211249292,1.7291154140334517,0.3737553519196809
444,0.0119433520361781,0.2404607648670449,13.107332122772656,14,0.2722358835861087,3.0925119780004025,1,0.2233834889537676,0.3592200211249292,1.7291154140334517,0.3737553519196809
445,0.0119433520361781,0.039973115246356,5.827767702644124,14,0.2722358835861087,3.0925119780004025,1,0.2233834889537676,0.3592200211249292,1.7291154140334517,0.3737553519196809
446,0.0119433520361781,0.039973115246356,13.107332122772656,14,0.2722358835861087,3.0925119780004025,1,0.2233834889537676,0.3592200211249292,1.7291154140334517,0.3737553519196809
447,0.0119433520361781,0.039973115246356,13.107332122772656,14,0.2745693700388074,3.0925119780004025,1,0.2233834889537676,0.3592200211249292,1.7291154140334517,0.3737553519196809
448,0.0119433520361781,0.039973115246356,13.107332122772656,14,0.2722358835861087,6.0753004383295774,1,0.2233834889537676,0.3592200211249292,1.7291154140334517,0.3737553519196809
449,0.0119433520361781,0.039973115246356,13.107332122772656,14,0.2722358835861087,3.0925119780004025,3,0.2233834889537676,0.3592200211249292,1.7291154140334517,0.3737553519196809
450,0.0119433520361781,0.039973115246356,13.107332122772656,14,0.2722358835861087,3.0925119780004025,1,0.2530146174788591,0.3592200211249292,1.7291154140334517,0.3737553519196809
451,0.0119433520361781,0.039973115246356,13.107332122772656,14,0.2722358835861087,3.0925119780004025,1,0.2233834889537676,0.3917017675936222,1.7291154140334517,0.3737553519196809
452,0.0119433520361781,0.039973115246356,13.107332122772656,14,0.2722358835861087,3.0925119780004025,1,0.2233834889537676,0.3592200211249292,2.974575354696978,0.3737553519196809
453,0.0119433520361781,0.039973115246356,13.107332122772656,14,0.2722358835861087,3.0925119780004025,1,0.2233834889537676,0.3592200211249292,1.7291154140334517,0.4024880390614271
454,0.0478879038244485,0.2404607648670449,5.827767702644124,14,0.2745693700388074,6.0753004383295774,3,0.2530146174788591,0.3917017675936222,2.974575354696978,0.4024880390614271
455,0.3736306574195623,0.1485091843198613,8.732393131478334,8,0.1496618473436683,6.409105921164155,3,0.0326158203626372,0.2096718972083181,5.368218700601244,0.2248951342888176
456,0.3750104656442999,0.1485091843198613,8.732393131478334,8,0.1496618473436683,6.409105921164155,3,0.0326158203626372,0.2096718972083181,5.368218700601244,0.2248951342888176
457,0.3736306574195623,0.0464368342168698,8.732393131478334,8,0.1496618473436683,6.409105921164155,3,0.0326158203626372,0.2096718972083181,5.368218700601244,0.2248951342888176
458,0.3736306574195623,0.1485091843198613,10.652369111117984,8,0.1496618473436683,6.409105921164155,3,0.0326158203626372,0.2096718972083181,5.368218700601244,0.2248951342888176
459,0.3736306574195623,0.1485091843198613,8.732393131478334,10,0.1496618473436683,6.409105921164155,3,0.0326158203626372,0.2096718972083181,5.368218700601244,0.2248951342888176
460,0.3736306574195623,0.1485091843198613,8.732393131478334,8,0.0581598584074527,6.409105921164155,3,0.0326158203626372,0.2096718972083181,5.368218700601244,0.2248951342888176
461,0.3736306574195623,0.1485091843198613,8.732393131478334,8,0.1496618473436683,2.4891996700316668,3,0.0326158203626372,0.2096718972083181,5.368218700601244,0.2248951342888176
462,0.3736306574195623,0.1485091843198613,8.732393131478334,8,0.1496618473436683,6.409105921164155,2,0.0326158203626372,0.2096718972083181,5.368218700601244,0.2248951342888176
463,0.3736306574195623,0.1485091843198613,8.732393131478334,8,0.1496618473436683,6.409105921164155,3,0.0863711122478181,0.2096718972083181,5.368218700601244,0.2248951342888176
464,0.3736306574195623,0.1485091843198613,8.732393131478334,8,0.1496618473436683,6.409105921164155,3,0.0326158203626372,0.2716455045156181,5.368218700601244,0.2248951342888176
465,0.3736306574195623,0.1485091843198613,8.732393131478334,8,0.1496618473436683,6.409105921164155,3,0.0326158203626372,0.2096718972083181,1.4499630448719223,0.2248951342888176
466,0.3736306574195623,0.1485091843198613,8.732393131478334,8,0.1496618473436683,6.409105921164155,3,0.0326158203626372,0.2096718972083181,5.368218700601244,0.2890475906431675
467,0.3750104656442999,0.0464368342168698,10.652369111117984,10,0.0581598584074527,2.4891996700316668,2,0.0863711122478181,0.2716455045156181,1.4499630448719223,0.2890475906431675
468,0.4124524438753724,0.0448436224922862,4.304785944761822,9,0.115141879254952,7.463089598342776,1,0.2861419253610403,0.2928143756464124,1.6295751942057364,0.3109825931489468
469,0.3101736914366483,0.0448436224922862,4.304785944761822,9,0.115141879254952,7.463089598342776,1,0.2861419253610403,0.2928143756464124,1.6295751942057364,0.3109825931489468
470,0.4124524438753724,0.1934933697657679,4.304785944761822,9,0.115141879254952,7.463089598342776,1,0.2861419253610403,0.2928143756464124,1.6295751942057364,0.3109825931489468
471,0.4124524438753724,0.0448436224922862,16.719706922835524,9,0.115141879254952,7.463089598342776,1,0.2861419253610403,0.2928143756464124,1.6295751942057364,0.3109825931489468
472,0.4124524438753724,0.0448436224922862,4.304785944761822,7,0.115141879254952,7.463089598342776,1,0.2861419253610403,0.2928143756464124,1.6295751942057364,0.3109825931489468
473,0.4124524438753724,0.0448436224922862,4.304785944761822,9,0.0951301231514662,7.463089598342776,1,0.2861419253610403,0.2928143756464124,1.6295751942057364,0.3109825931489468
474,0.4124524438753724,0.0448436224922862,4.304785944761822,9,0.115141879254952,2.7660187669098377,1,0.2861419253610403,0.2928143756464124,1.6295751942057364,0.3109825931489468
475,0.4124524438753724,0.0448436224922862,4.304785944761822,9,0.115141879254952,7.463089598342776,2,0.2861419253610403,0.2928143756464124,1.6295751942057364,0.3109825931489468
476,0.4124524438753724,0.0448436224922862,4.304785944761822,9,0.115141879254952,7.463089598342776,1,0.206883444105424,0.2928143756464124,1.6295751942057364,0.3109825931489468
477,0.4124524438753724,0.0448436224922862,4.304785944761822,9,0.115141879254952,7.463089598342776,1,0.2861419253610403,0.2919411405920982,1.6295751942057364,0.3109825931489468
478,0.4124524438753724,0.0448436224922862,4.304785944761822,9,0.115141879254952,7.463089598342776,1,0.2861419253610403,0.2928143756464124,6.599042012894117,0.3109825931489468
479,0.4124524438753724,0.0448436224922862,4.304785944761822,9,0.115141879254952,7.463089598342776,1,0.2861419253610403,0.2928143756464124,1.6295751942057364,0.1501774186268449
480,0.3101736914366483,0.1934933697657679,16.719706922835524,7,0.0951301231514662,2.7660187669098377,2,0.206883444105424,0.2919411405920982,6.599042012894117,0.1501774186268449
481,0.1254652976989746,0.0970617020214349,16.723184384208718,15,0.2444904536940157,4.896507099270821,3,0.0448673407146154,0.2734542467165738,4.231218048946903,0.1596960492432117
482,0.1130193991586566,0.0970617020214349,16.723184384208718,15,0.2444904536940157,4.896507099270821,3,0.0448673407146154,0.2734542467165738,4.231218048946903,0.1596960492432117
483,0.1254652976989746,0.0374956449458897,16.723184384208718,15,0.2444904536940157,4.896507099270821,3,0.0448673407146154,0.2734542467165738,4.231218048946903,0.1596960492432117
484,0.1254652976989746,0.0970617020214349,8.910148865258767,15,0.2444904536940157,4.896507099270821,3,0.0448673407146154,0.2734542467165738,4.231218048946903,0.1596960492432117
485,0.1254652976989746,0.0970617020214349,16.723184384208718,15,0.2444904536940157,4.896507099270821,3,0.0448673407146154,0.2734542467165738,4.231218048946903,0.1596960492432117
486,0.1254652976989746,0.0970617020214349,16.723184384208718,15,0.2410099205560982,4.896507099270821,3,0.0448673407146154,0.2734542467165738,4.231218048946903,0.1596960492432117
487,0.1254652976989746,0.0970617020214349,16.723184384208718,15,0.2444904536940157,5.599172279238701,3,0.0448673407146154,0.2734542467165738,4.231218048946903,0.1596960492432117
488,0.1254652976989746,0.0970617020214349,16.723184384208718,15,0.2444904536940157,4.896507099270821,3,0.0448673407146154,0.2734542467165738,4.231218048946903,0.1596960492432117
489,0.1254652976989746,0.0970617020214349,16.723184384208718,15,0.2444904536940157,4.896507099270821,3,0.0606098018452746,0.2734542467165738,4.231218048946903,0.1596960492432117
490,0.1254652976989746,0.0970617020214349,16.723184384208718,15,0.2444904536940157,4.896507099270821,3,0.0448673407146154,0.1446446846239268,4.231218048946903,0.1596960492432117
491,0.1254652976989746,0.0970617020214349,16.723184384208718,15,0.2444904536940157,4.896507099270821,3,0.0448673407146154,0.2734542467165738,1.7339275965887684,0.1596960492432117
492,0.1254652976989746,0.0970617020214349,16.723184384208718,15,0.2444904536940157,4.896507099270821,3,0.0448673407146154,0.2734542467165738,4.231218048946903,0.3397954618558287
493,0.1130193991586566,0.0374956449458897,8.910148865258767,15,0.2410099205560982,5.599172279238701,3,0.0606098018452746,0.1446446846239268,1.7339275965887684,0.3397954618558287
494,0.1668106645345687,0.0943285191412073,7.325233381993707,5,0.2174620921257883,2.0541786942631006,2,0.0787927197676465,0.1593484404496848,6.954137807639647,0.2255391606129705
495,0.1878926759585738,0.0943285191412073,7.325233381993707,5,0.2174620921257883,2.0541786942631006,2,0.0787927197676465,0.1593484404496848,6.954137807639647,0.2255391606129705
496,0.1668106645345687,0.1023057198400069,7.325233381993707,5,0.2174620921257883,2.0541786942631006,2,0.0787927197676465,0.1593484404496848,6.954137807639647,0.2255391606129705
497,0.1668106645345687,0.0943285191412073,14.050788223944028,5,0.2174620921257883,2.0541786942631006,2,0.0787927197676465,0.1593484404496848,6.954137807639647,0.2255391606129705
498,0.1668106645345687,0.0943285191412073,7.325233381993707,12,0.2174620921257883,2.0541786942631006,2,0.0787927197676465,0.1593484404496848,6.954137807639647,0.2255391606129705
499,0.1668106645345687,0.0943285191412073,7.325233381993707,5,0.1405130100436508,2.0541786942631006,2,0.0787927197676465,0.1593484404496848,6.954137807639647,0.2255391606129705
500,0.1668106645345687,0.0943285191412073,7.325233381993707,5,0.2174620921257883,7.039973299950361,2,0.0787927197676465,0.1593484404496848,6.954137807639647,0.2255391606129705
501,0.1668106645345687,0.0943285191412073,7.325233381993707,5,0.2174620921257883,2.0541786942631006,1,0.0787927197676465,0.1593484404496848,6.954137807639647,0.2255391606129705
502,0.1668106645345687,0.0943285191412073,7.325233381993707,5,0.2174620921257883,2.0541786942631006,2,0.0412707224242153,0.1593484404496848,6.954137807639647,0.2255391606129705
503,0.1668106645345687,0.0943285191412073,7.325233381993707,5,0.2174620921257883,2.0541786942631006,2,0.0787927197676465,0.4941077043768018,6.954137807639647,0.2255391606129705
504,0.1668106645345687,0.0943285191412073,7.325233381993707,5,0.2174620921257883,2.0541786942631006,2,0.0787927197676465,0.1593484404496848,3.8577151984307343,0.2255391606129705
505,0.1668106645345687,0.0943285191412073,7.325233381993707,5,0.2174620921257883,2.0541786942631006,2,0.0787927197676465,0.1593484404496848,6.954137807639647,0.4402815079316498
506,0.1878926759585738,0.1023057198400069,14.050788223944028,12,0.1405130100436508,7.039973299950361,1,0.0412707224242153,0.4941077043768018,3.8577151984307343,0.4402815079316498
507,0.5188365871086716,0.1972814460308055,10.992179325029998,11,0.0958035790361464,5.393844049423933,2,0.164435538723364,0.4069015824701637,2.2399435886343464,0.3766697877086699
508,0.5350102353841066,0.1972814460308055,10.992179325029998,11,0.0958035790361464,5.393844049423933,2,0.164435538723364,0.4069015824701637,2.2399435886343464,0.3766697877086699
509,0.5188365871086716,0.070866053645925,10.992179325029998,11,0.0958035790361464,5.393844049423933,2,0.164435538723364,0.4069015824701637,2.2399435886343464,0.3766697877086699
510,0.5188365871086716,0.1972814460308055,4.4029793705840365,11,0.0958035790361464,5.393844049423933,2,0.164435538723364,0.4069015824701637,2.2399435886343464,0.3766697877086699
511,0.5188365871086716,0.1972814460308055,10.992179325029998,5,0.0958035790361464,5.393844049423933,2,0.164435538723364,0.4069015824701637,2.2399435886343464,0.3766697877086699
512,0.5188365871086716,0.1972814460308055,10.992179325029998,11,0.2228591441642493,5.393844049423933,2,0.164435538723364,0.4069015824701637,2.2399435886343464,0.3766697877086699
513,0.5188365871086716,0.1972814460308055,10.992179325029998,11,0.0958035790361464,4.583209864795208,2,0.164435538723364,0.4069015824701637,2.2399435886343464,0.3766697877086699
514,0.5188365871086716,0.1972814460308055,10.992179325029998,11,0.0958035790361464,5.393844049423933,2,0.164435538723364,0.4069015824701637,2.2399435886343464,0.3766697877086699
515,0.5188365871086716,0.1972814460308055,10.992179325029998,11,0.0958035790361464,5.393844049423933,2,0.1626081428438477,0.4069015824701637,2.2399435886343464,0.3766697877086699
516,0.5188365871086716,0.1972814460308055,10.992179325029998,11,0.0958035790361464,5.393844049423933,2,0.164435538723364,0.1639369486365467,2.2399435886343464,0.3766697877086699
517,0.5188365871086716,0.1972814460308055,10.992179325029998,11,0.0958035790361464,5.393844049423933,2,0.164435538723364,0.4069015824701637,1.118007782038362,0.3766697877086699
518,0.5188365871086716,0.1972814460308055,10.992179325029998,11,0.0958035790361464,5.393844049423933,2,0.164435538723364,0.4069015824701637,2.2399435886343464,0.2512539798393846
519,0.5350102353841066,0.070866053645925,4.4029793705840365,5,0.2228591441642493,4.583209864795208,2,0.1626081428438477,0.1639369486365467,1.118007782038362,0.2512539798393846
520,0.48059115819633,0.0345657556612461,6.874931083997102,16,0.202171513531357,5.97552483342588,1,0.2480935670230301,0.3056273949798196,5.54607331361517,0.3945333595387638
521,0.5170629657804966,0.0345657556612461,6.874931083997102,16,0.202171513531357,5.97552483342588,1,0.2480935670230301,0.3056273949798196,5.54607331361517,0.3945333595387638
522,0.48059115819633,0.0335137354631735,6.874931083997102,16,0.202171513531357,5.97552483342588,1,0.2480935670230301,0.3056273949798196,5.54607331361517,0.3945333595387638
523,0.48059115819633,0.0345657556612461,12.615744242061524,16,0.202171513531357,5.97552483342588,1,0.2480935670230301,0.3056273949798196,5.54607331361517,0.3945333595387638
524,0.48059115819633,0.0345657556612461,6.874931083997102,14,0.202171513531357,5.97552483342588,1,0.2480935670230301,0.3056273949798196,5.54607331361517,0.3945333595387638
525,0.48059115819633,0.0345657556612461,6.874931083997102,16,0.1055800716392696,5.97552483342588,1,0.2480935670230301,0.3056273949798196,5.54607331361517,0.3945333595387638
526,0.48059115819633,0.0345657556612461,6.874931083997102,16,0.202171513531357,6.323792591691017,1,0.2480935670230301,0.3056273949798196,5.54607331361517,0.3945333595387638
527,0.48059115819633,0.0345657556612461,6.874931083997102,16,0.202171513531357,5.97552483342588,2,0.2480935670230301,0.3056273949798196,5.54607331361517,0.3945333595387638
528,0.48059115819633,0.0345657556612461,6.874931083997102,16,0.202171513531357,5.97552483342588,1,0.1750069246339604,0.3056273949798196,5.54607331361517,0.3945333595387638
529,0.48059115819633,0.0345657556612461,6.874931083997102,16,0.202171513531357,5.97552483342588,1,0.2480935670230301,0.4266787542495877,5.54607331361517,0.3945333595387638
530,0.48059115819633,0.0345657556612461,6.874931083997102,16,0.202171513531357,5.97552483342588,1,0.2480935670230301,0.3056273949798196,7.0327341411811135,0.3945333595387638
531,0.48059115819633,0.0345657556612461,6.874931083997102,16,0.202171513531357,5.97552483342588,1,0.2480935670230301,0.3056273949798196,5.54607331361517,0.3626626420766116
532,0.5170629657804966,0.0335137354631735,12.615744242061524,14,0.1055800716392696,6.323792591691017,2,0.1750069246339604,0.4266787542495877,7.0327341411811135,0.3626626420766116
533,0.2050755841657519,0.1287856450574764,10.61866681996559,10,0.0795976030174642,3.3854905739426613,3,0.0517483010518004,0.2263372777961194,2.170955167225313,0.245737514924258
534,0.2459709422662854,0.1287856450574764,10.61866681996559,10,0.0795976030174642,3.3854905739426613,3,0.0517483010518004,0.2263372777961194,2.170955167225313,0.245737514924258
535,0.2050755841657519,0.2163330894746669,10.61866681996559,10,0.0795976030174642,3.3854905739426613,3,0.0517483010518004,0.2263372777961194,2.170955167225313,0.245737514924258
536,0.2050755841657519,0.1287856450574764,4.803886338400665,10,0.0795976030174642,3.3854905739426613,3,0.0517483010518004,0.2263372777961194,2.170955167225313,0.245737514924258
537,0.2050755841657519,0.1287856450574764,10.61866681996559,9,0.0795976030174642,3.3854905739426613,3,0.0517483010518004,0.2263372777961194,2.170955167225313,0.245737514924258
538,0.2050755841657519,0.1287856450574764,10.61866681996559,10,0.2582804290112108,3.3854905739426613,3,0.0517483010518004,0.2263372777961194,2.170955167225313,0.245737514924258
539,0.2050755841657519,0.1287856450574764,10.61866681996559,10,0.0795976030174642,2.0297664292156696,3,0.0517483010518004,0.2263372777961194,2.170955167225313,0.245737514924258
540,0.2050755841657519,0.1287856450574764,10.61866681996559,10,0.0795976030174642,3.3854905739426613,3,0.0517483010518004,0.2263372777961194,2.170955167225313,0.245737514924258
541,0.2050755841657519,0.1287856450574764,10.61866681996559,10,0.0795976030174642,3.3854905739426613,3,0.0689629734339013,0.2263372777961194,2.170955167225313,0.245737514924258
542,0.2050755841657519,0.1287856450574764,10.61866681996559,10,0.0795976030174642,3.3854905739426613,3,0.0517483010518004,0.2367490117903798,2.170955167225313,0.245737514924258
543,0.2050755841657519,0.1287856450574764,10.61866681996559,10,0.0795976030174642,3.3854905739426613,3,0.0517483010518004,0.2263372777961194,2.1056780328475835,0.245737514924258
544,0.2050755841657519,0.1287856450574764,10.61866681996559,10,0.0795976030174642,3.3854905739426613,3,0.0517483010518004,0.2263372777961194,2.170955167225313,0.1742222517728805
545,0.2459709422662854,0.2163330894746669,4.803886338400665,9,0.2582804290112108,2.0297664292156696,3,0.0689629734339013,0.2367490117903798,2.1056780328475835,0.1742222517728805
546,0.0887305034324526,0.0687351456625956,4.518900767977692,10,0.1614405714906752,3.565100448206067,2,0.0907169222867032,0.1158844214398414,1.001889932909855,0.1798909580335021
547,0.0208079868927598,0.0687351456625956,4.518900767977692,10,0.1614405714906752,3.565100448206067,2,0.0907169222867032,0.1158844214398414,1.001889932909855,0.1798909580335021
548,0.0887305034324526,0.0589174650586479,4.518900767977692,10,0.1614405714906752,3.565100448206067,2,0.0907169222867032,0.1158844214398414,1.001889932909855,0.1798909580335021
549,0.0887305034324526,0.0687351456625956,18.62517568584063,10,0.1614405714906752,3.565100448206067,2,0.0907169222867032,0.1158844214398414,1.001889932909855,0.1798909580335021
550,0.0887305034324526,0.0687351456625956,4.518900767977692,7,0.1614405714906752,3.565100448206067,2,0.0907169222867032,0.1158844214398414,1.001889932909855,0.1798909580335021
551,0.0887305034324526,0.0687351456625956,4.518900767977692,10,0.1226933104451745,3.565100448206067,2,0.0907169222867032,0.1158844214398414,1.001889932909855,0.1798909580335021
552,0.0887305034324526,0.0687351456625956,4.518900767977692,10,0.1614405714906752,3.8717373833060265,2,0.0907169222867032,0.1158844214398414,1.001889932909855,0.1798909580335021
553,0.0887305034324526,0.0687351456625956,4.518900767977692,10,0.1614405714906752,3.565100448206067,1,0.0907169222867032,0.1158844214398414,1.001889932909855,0.1798909580335021
554,0.0887305034324526,0.0687351456625956,4.518900767977692,10,0.1614405714906752,3.565100448206067,2,0.0469520476883225,0.1158844214398414,1.001889932909855,0.1798909580335021
555,0.0887305034324526,0.0687351456625956,4.518900767977692,10,0.1614405714906752,3.565100448206067,2,0.0907169222867032,0.3370673115365207,1.001889932909855,0.1798909580335021
556,0.0887305034324526,0.0687351456625956,4.518900767977692,10,0.1614405714906752,3.565100448206067,2,0.0907169222867032,0.1158844214398414,4.693720499716978,0.1798909580335021
557,0.0887305034324526,0.0687351456625956,4.518900767977692,10,0.1614405714906752,3.565100448206067,2,0.0907169222867032,0.1158844214398414,1.001889932909855,0.2284191280603408
558,0.0208079868927598,0.0589174650586479,18.62517568584063,7,0.1226933104451745,3.8717373833060265,1,0.0469520476883225,0.3370673115365207,4.693720499716978,0.2284191280603408
559,0.4492067288607358,0.2647192408704479,18.06922509108227,4,0.291704803192988,6.881319765001535,2,0.142820906029585,0.4161165801808238,3.16142204868219,0.328824426792562
560,0.4419370293617248,0.2647192408704479,18.06922509108227,4,0.291704803192988,6.881319765001535,2,0.142820906029585,0.4161165801808238,3.16142204868219,0.328824426792562
561,0.4492067288607358,0.123138888783125,18.06922509108227,4,0.291704803192988,6.881319765001535,2,0.142820906029585,0.4161165801808238,3.16142204868219,0.328824426792562
562,0.4492067288607358,0.2647192408704479,8.164504696381783,4,0.291704803192988,6.881319765001535,2,0.142820906029585,0.4161165801808238,3.16142204868219,0.328824426792562
563,0.4492067288607358,0.2647192408704479,18.06922509108227,11,0.291704803192988,6.881319765001535,2,0.142820906029585,0.4161165801808238,3.16142204868219,0.328824426792562
564,0.4492067288607358,0.2647192408704479,18.06922509108227,4,0.2139349604956805,6.881319765001535,2,0.142820906029585,0.4161165801808238,3.16142204868219,0.328824426792562
565,0.4492067288607358,0.2647192408704479,18.06922509108227,4,0.291704803192988,7.786329340189695,2,0.142820906029585,0.4161165801808238,3.16142204868219,0.328824426792562
566,0.4492067288607358,0.2647192408704479,18.06922509108227,4,0.291704803192988,6.881319765001535,2,0.142820906029585,0.4161165801808238,3.16142204868219,0.328824426792562
567,0.4492067288607358,0.2647192408704479,18.06922509108227,4,0.291704803192988,6.881319765001535,2,0.1375726790229205,0.4161165801808238,3.16142204868219,0.328824426792562
568,0.4492067288607358,0.2647192408704479,18.06922509108227,4,0.291704803192988,6.881319765001535,2,0.142820906029585,0.1049020022153854,3.16142204868219,0.328824426792562
569,0.4492067288607358,0.2647192408704479,18.06922509108227,4,0.291704803192988,6.881319765001535,2,0.142820906029585,0.4161165801808238,1.1940594020619757,0.328824426792562
570,0.4492067288607358,0.2647192408704479,18.06922509108227,4,0.291704803192988,6.881319765001535,2,0.142820906029585,0.4161165801808238,3.16142204868219,0.4162781585007906
571,0.4419370293617248,0.123138888783125,8.164504696381783,11,0.2139349604956805,7.786329340189695,2,0.1375726790229205,0.1049020022153854,1.1940594020619757,0.4162781585007906
572,0.3356870720162987,0.0817533639076399,13.95325709376382,7,0.2562691764440387,5.124302618205547,2,0.0702207118095315,0.0512091578450054,2.812406961932157,0.2041211589239537
573,0.3582397939637303,0.0817533639076399,13.95325709376382,7,0.2562691764440387,5.124302618205547,2,0.0702207118095315,0.0512091578450054,2.812406961932157,0.2041211589239537
574,0.3356870720162987,0.0733009353746334,13.95325709376382,7,0.2562691764440387,5.124302618205547,2,0.0702207118095315,0.0512091578450054,2.812406961932157,0.2041211589239537
575,0.3356870720162987,0.0817533639076399,5.087139154689168,7,0.2562691764440387,5.124302618205547,2,0.0702207118095315,0.0512091578450054,2.812406961932157,0.2041211589239537
576,0.3356870720162987,0.0817533639076399,13.95325709376382,12,0.2562691764440387,5.124302618205547,2,0.0702207118095315,0.0512091578450054,2.812406961932157,0.2041211589239537
577,0.3356870720162987,0.0817533639076399,13.95325709376382,7,0.176659533008933,5.124302618205547,2,0.0702207118095315,0.0512091578450054,2.812406961932157,0.2041211589239537
578,0.3356870720162987,0.0817533639076399,13.95325709376382,7,0.2562691764440387,6.560384521260858,2,0.0702207118095315,0.0512091578450054,2.812406961932157,0.2041211589239537
579,0.3356870720162987,0.0817533639076399,13.95325709376382,7,0.2562691764440387,5.124302618205547,2,0.0702207118095315,0.0512091578450054,2.812406961932157,0.2041211589239537
580,0.3356870720162987,0.0817533639076399,13.95325709376382,7,0.2562691764440387,5.124302618205547,2,0.032950266403469,0.0512091578450054,2.812406961932157,0.2041211589239537
581,0.3356870720162987,0.0817533639076399,13.95325709376382,7,0.2562691764440387,5.124302618205547,2,0.0702207118095315,0.4588005143217742,2.812406961932157,0.2041211589239537
582,0.3356870720162987,0.0817533639076399,13.95325709376382,7,0.2562691764440387,5.124302618205547,2,0.0702207118095315,0.0512091578450054,5.423258909539876,0.2041211589239537
583,0.3356870720162987,0.0817533639076399,13.95325709376382,7,0.2562691764440387,5.124302618205547,2,0.0702207118095315,0.0512091578450054,2.812406961932157,0.3254559678956866
584,0.3582397939637303,0.0733009353746334,5.087139154689168,12,0.176659533008933,6.560384521260858,2,0.032950266403469,0.4588005143217742,5.423258909539876,0.3254559678956866
585,0.0499064281582832,0.1706992337540671,9.04722033404125,13,0.1346108039841055,2.558071857318282,2,0.1028129426282267,0.4816292981617153,7.184770644930114,0.3553344695828855
586,0.1047987274825573,0.1706992337540671,9.04722033404125,13,0.1346108039841055,2.558071857318282,2,0.1028129426282267,0.4816292981617153,7.184770644930114,0.3553344695828855
587,0.0499064281582832,0.1523314861086203,9.04722033404125,13,0.1346108039841055,2.558071857318282,2,0.1028129426282267,0.4816292981617153,7.184770644930114,0.3553344695828855
588,0.0499064281582832,0.1706992337540671,11.95525061124466,13,0.1346108039841055,2.558071857318282,2,0.1028129426282267,0.4816292981617153,7.184770644930114,0.3553344695828855
589,0.0499064281582832,0.1706992337540671,9.04722033404125,4,0.1346108039841055,2.558071857318282,2,0.1028129426282267,0.4816292981617153,7.184770644930114,0.3553344695828855
590,0.0499064281582832,0.1706992337540671,9.04722033404125,13,0.1555813564453274,2.558071857318282,2,0.1028129426282267,0.4816292981617153,7.184770644930114,0.3553344695828855
591,0.0499064281582832,0.1706992337540671,9.04722033404125,13,0.1346108039841055,4.898739730939269,2,0.1028129426282267,0.4816292981617153,7.184770644930114,0.3553344695828855
592,0.0499064281582832,0.1706992337540671,9.04722033404125,13,0.1346108039841055,2.558071857318282,1,0.1028129426282267,0.4816292981617153,7.184770644930114,0.3553344695828855
593,0.0499064281582832,0.1706992337540671,9.04722033404125,13,0.1346108039841055,2.558071857318282,2,0.1124976146740681,0.4816292981617153,7.184770644930114,0.3553344695828855
594,0.0499064281582832,0.1706992337540671,9.04722033404125,13,0.1346108039841055,2.558071857318282,2,0.1028129426282267,0.199382995814085,7.184770644930114,0.3553344695828855
595,0.0499064281582832,0.1706992337540671,9.04722033404125,13,0.1346108039841055,2.558071857318282,2,0.1028129426282267,0.4816292981617153,2.730628977083273,0.3553344695828855
596,0.0499064281582832,0.1706992337540671,9.04722033404125,13,0.1346108039841055,2.558071857318282,2,0.1028129426282267,0.4816292981617153,7.184770644930114,0.2114284979179501
597,0.1047987274825573,0.1523314861086203,11.95525061124466,4,0.1555813564453274,4.898739730939269,1,0.1124976146740681,0.199382995814085,2.730628977083273,0.2114284979179501
598,0.243595241010189,0.051742255893163,21.24203669059465,7,0.1075851404573768,4.580133605748415,1,0.1938025522911085,0.3675561100710183,4.095399025336875,0.4207218239083886
599,0.1796316012740135,0.051742255893163,21.24203669059465,7,0.1075851404573768,4.580133605748415,1,0.1938025522911085,0.3675561100710183,4.095399025336875,0.4207218239083886
600,0.243595241010189,0.0414846968657114,21.24203669059465,7,0.1075851404573768,4.580133605748415,1,0.1938025522911085,0.3675561100710183,4.095399025336875,0.4207218239083886
601,0.243595241010189,0.051742255893163,7.696620726409222,7,0.1075851404573768,4.580133605748415,1,0.1938025522911085,0.3675561100710183,4.095399025336875,0.4207218239083886
602,0.243595241010189,0.051742255893163,21.24203669059465,8,0.1075851404573768,4.580133605748415,1,0.1938025522911085,0.3675561100710183,4.095399025336875,0.4207218239083886
603,0.243595241010189,0.051742255893163,21.24203669059465,7,0.2874684719834476,4.580133605748415,1,0.1938025522911085,0.3675561100710183,4.095399025336875,0.4207218239083886
604,0.243595241010189,0.051742255893163,21.24203669059465,7,0.1075851404573768,3.246997656300664,1,0.1938025522911085,0.3675561100710183,4.095399025336875,0.4207218239083886
605,0.243595241010189,0.051742255893163,21.24203669059465,7,0.1075851404573768,4.580133605748415,3,0.1938025522911085,0.3675561100710183,4.095399025336875,0.4207218239083886
606,0.243595241010189,0.051742255893163,21.24203669059465,7,0.1075851404573768,4.580133605748415,1,0.2992115752785971,0.3675561100710183,4.095399025336875,0.4207218239083886
607,0.243595241010189,0.051742255893163,21.24203669059465,7,0.1075851404573768,4.580133605748415,1,0.1938025522911085,0.3269174566958099,4.095399025336875,0.4207218239083886
608,0.243595241010189,0.051742255893163,21.24203669059465,7,0.1075851404573768,4.580133605748415,1,0.1938025522911085,0.3675561100710183,3.619683501641412,0.4207218239083886
609,0.243595241010189,0.051742255893163,21.24203669059465,7,0.1075851404573768,4.580133605748415,1,0.1938025522911085,0.3675561100710183,4.095399025336875,0.2650395797565579
610,0.1796316012740135,0.0414846968657114,7.696620726409222,8,0.2874684719834476,3.246997656300664,3,0.2992115752785971,0.3269174566958099,3.619683501641412,0.2650395797565579
611,0.5944152334704995,0.1121784982549195,5.313254509812097,13,0.236933840624988,7.920156421139836,3,0.0375940561333821,0.1653289744630456,1.2978776411311734,0.269664447940886
612,0.5831088731065392,0.1121784982549195,5.313254509812097,13,0.236933840624988,7.920156421139836,3,0.0375940561333821,0.1653289744630456,1.2978776411311734,0.269664447940886
613,0.5944152334704995,0.2692761915540409,5.313254509812097,13,0.236933840624988,7.920156421139836,3,0.0375940561333821,0.1653289744630456,1.2978776411311734,0.269664447940886
614,0.5944152334704995,0.1121784982549195,19.688689662474932,13,0.236933840624988,7.920156421139836,3,0.0375940561333821,0.1653289744630456,1.2978776411311734,0.269664447940886
615,0.5944152334704995,0.1121784982549195,5.313254509812097,15,0.236933840624988,7.920156421139836,3,0.0375940561333821,0.1653289744630456,1.2978776411311734,0.269664447940886
616,0.5944152334704995,0.1121784982549195,5.313254509812097,13,0.0798018883913755,7.920156421139836,3,0.0375940561333821,0.1653289744630456,1.2978776411311734,0.269664447940886
617,0.5944152334704995,0.1121784982549195,5.313254509812097,13,0.236933840624988,5.282252324745059,3,0.0375940561333821,0.1653289744630456,1.2978776411311734,0.269664447940886
618,0.5944152334704995,0.1121784982549195,5.313254509812097,13,0.236933840624988,7.920156421139836,2,0.0375940561333821,0.1653289744630456,1.2978776411311734,0.269664447940886
619,0.5944152334704995,0.1121784982549195,5.313254509812097,13,0.236933840624988,7.920156421139836,3,0.0758810554150658,0.1653289744630456,1.2978776411311734,0.269664447940886
620,0.5944152334704995,0.1121784982549195,5.313254509812097,13,0.236933840624988,7.920156421139836,3,0.0375940561333821,0.1097492379602044,1.2978776411311734,0.269664447940886
621,0.5944152334704995,0.1121784982549195,5.313254509812097,13,0.236933840624988,7.920156421139836,3,0.0375940561333821,0.1653289744630456,1.5483868441605235,0.269664447940886
622,0.5944152334704995,0.1121784982549195,5.313254509812097,13,0.236933840624988,7.920156421139836,3,0.0375940561333821,0.1653289744630456,1.2978776411311734,0.3796575648710132
623,0.5831088731065392,0.2692761915540409,19.688689662474932,15,0.0798018883913755,5.282252324745059,2,0.0758810554150658,0.1097492379602044,1.5483868441605235,0.3796575648710132
624,0.5652197163552045,0.0464607609373608,10.18254869330195,5,0.1530112532898783,2.678415870293975,2,0.1703699820715286,0.2417894361540675,4.615578036009383,0.2802293535321951
625,0.3296774961054325,0.0464607609373608,10.18254869330195,5,0.1530112532898783,2.678415870293975,2,0.1703699820715286,0.2417894361540675,4.615578036009383,0.2802293535321951
626,0.5652197163552045,0.0659837642807217,10.18254869330195,5,0.1530112532898783,2.678415870293975,2,0.1703699820715286,0.2417894361540675,4.615578036009383,0.2802293535321951
627,0.5652197163552045,0.0464607609373608,16.180956274398984,5,0.1530112532898783,2.678415870293975,2,0.1703699820715286,0.2417894361540675,4.615578036009383,0.2802293535321951
628,0.5652197163552045,0.0464607609373608,10.18254869330195,9,0.1530112532898783,2.678415870293975,2,0.1703699820715286,0.2417894361540675,4.615578036009383,0.2802293535321951
629,0.5652197163552045,0.0464607609373608,10.18254869330195,5,0.2014042357448488,2.678415870293975,2,0.1703699820715286,0.2417894361540675,4.615578036009383,0.2802293535321951
630,0.5652197163552045,0.0464607609373608,10.18254869330195,5,0.1530112532898783,5.8123685121536255,2,0.1703699820715286,0.2417894361540675,4.615578036009383,0.2802293535321951
631,0.5652197163552045,0.0464607609373608,10.18254869330195,5,0.1530112532898783,2.678415870293975,1,0.1703699820715286,0.2417894361540675,4.615578036009383,0.2802293535321951
632,0.5652197163552045,0.0464607609373608,10.18254869330195,5,0.1530112532898783,2.678415870293975,2,0.2275202772763465,0.2417894361540675,4.615578036009383,0.2802293535321951
633,0.5652197163552045,0.0464607609373608,10.18254869330195,5,0.1530112532898783,2.678415870293975,2,0.1703699820715286,0.3837075492367148,4.615578036009383,0.2802293535321951
634,0.5652197163552045,0.0464607609373608,10.18254869330195,5,0.1530112532898783,2.678415870293975,2,0.1703699820715286,0.2417894361540675,1.9251393942331407,0.2802293535321951
635,0.5652197163552045,0.0464607609373608,10.18254869330195,5,0.1530112532898783,2.678415870293975,2,0.1703699820715286,0.2417894361540675,4.615578036009383,0.444046300649643
636,0.3296774961054325,0.0659837642807217,16.180956274398984,9,0.2014042357448488,5.8123685121536255,1,0.2275202772763465,0.3837075492367148,1.9251393942331407,0.444046300649643
637,0.2516232116147875,0.1249287185074908,6.421089144928217,11,0.2813528785016387,5.33838214725256,2,0.0370328803937803,0.3174610387999564,1.4980494296494522,0.4291626702994109
638,0.1330634789541363,0.1249287185074908,6.421089144928217,11,0.2813528785016387,5.33838214725256,2,0.0370328803937803,0.3174610387999564,1.4980494296494522,0.4291626702994109
639,0.2516232116147875,0.0951608465359721,6.421089144928217,11,0.2813528785016387,5.33838214725256,2,0.0370328803937803,0.3174610387999564,1.4980494296494522,0.4291626702994109
640,0.2516232116147875,0.1249287185074908,9.369334733379125,11,0.2813528785016387,5.33838214725256,2,0.0370328803937803,0.3174610387999564,1.4980494296494522,0.4291626702994109
641,0.2516232116147875,0.1249287185074908,6.421089144928217,14,0.2813528785016387,5.33838214725256,2,0.0370328803937803,0.3174610387999564,1.4980494296494522,0.4291626702994109
642,0.2516232116147875,0.1249287185074908,6.421089144928217,11,0.1658723197877407,5.33838214725256,2,0.0370328803937803,0.3174610387999564,1.4980494296494522,0.4291626702994109
643,0.2516232116147875,0.1249287185074908,6.421089144928217,11,0.2813528785016387,2.646661136299372,2,0.0370328803937803,0.3174610387999564,1.4980494296494522,0.4291626702994109
644,0.2516232116147875,0.1249287185074908,6.421089144928217,11,0.2813528785016387,5.33838214725256,2,0.0370328803937803,0.3174610387999564,1.4980494296494522,0.4291626702994109
645,0.2516232116147875,0.1249287185074908,6.421089144928217,11,0.2813528785016387,5.33838214725256,2,0.0897828128618175,0.3174610387999564,1.4980494296494522,0.4291626702994109
646,0.2516232116147875,0.1249287185074908,6.421089144928217,11,0.2813528785016387,5.33838214725256,2,0.0370328803937803,0.0528784704394638,1.4980494296494522,0.4291626702994109
647,0.2516232116147875,0.1249287185074908,6.421089144928217,11,0.2813528785016387,5.33838214725256,2,0.0370328803937803,0.3174610387999564,7.692748223669507,0.4291626702994109
648,0.2516232116147875,0.1249287185074908,6.421089144928217,11,0.2813528785016387,5.33838214725256,2,0.0370328803937803,0.3174610387999564,1.4980494296494522,0.2569008249789476
649,0.1330634789541363,0.0951608465359721,9.369334733379125,14,0.1658723197877407,2.646661136299372,2,0.0897828128618175,0.0528784704394638,7.692748223669507,0.2569008249789476
650,0.0609370244666934,0.0732853564996523,18.33700327514064,9,0.1756882464513182,7.8046591598540545,3,0.0621304555178201,0.431529030110687,2.4552321859494928,0.3445858684368432
651,0.2081936353817582,0.0732853564996523,18.33700327514064,9,0.1756882464513182,7.8046591598540545,3,0.0621304555178201,0.431529030110687,2.4552321859494928,0.3445858684368432
652,0.0609370244666934,0.0349472187657402,18.33700327514064,9,0.1756882464513182,7.8046591598540545,3,0.0621304555178201,0.431529030110687,2.4552321859494928,0.3445858684368432
653,0.0609370244666934,0.0732853564996523,14.547225164147957,9,0.1756882464513182,7.8046591598540545,3,0.0621304555178201,0.431529030110687,2.4552321859494928,0.3445858684368432
654,0.0609370244666934,0.0732853564996523,18.33700327514064,10,0.1756882464513182,7.8046591598540545,3,0.0621304555178201,0.431529030110687,2.4552321859494928,0.3445858684368432
655,0.0609370244666934,0.0732853564996523,18.33700327514064,9,0.2780895747244358,7.8046591598540545,3,0.0621304555178201,0.431529030110687,2.4552321859494928,0.3445858684368432
656,0.0609370244666934,0.0732853564996523,18.33700327514064,9,0.1756882464513182,3.993491567671299,3,0.0621304555178201,0.431529030110687,2.4552321859494928,0.3445858684368432
657,0.0609370244666934,0.0732853564996523,18.33700327514064,9,0.1756882464513182,7.8046591598540545,2,0.0621304555178201,0.431529030110687,2.4552321859494928,0.3445858684368432
658,0.0609370244666934,0.0732853564996523,18.33700327514064,9,0.1756882464513182,7.8046591598540545,3,0.0361072126239985,0.431529030110687,2.4552321859494928,0.3445858684368432
659,0.0609370244666934,0.0732853564996523,18.33700327514064,9,0.1756882464513182,7.8046591598540545,3,0.0621304555178201,0.4029996271710843,2.4552321859494928,0.3445858684368432
660,0.0609370244666934,0.0732853564996523,18.33700327514064,9,0.1756882464513182,7.8046591598540545,3,0.0621304555178201,0.431529030110687,1.284826405630847,0.3445858684368432
661,0.0609370244666934,0.0732853564996523,18.33700327514064,9,0.1756882464513182,7.8046591598540545,3,0.0621304555178201,0.431529030110687,2.4552321859494928,0.1657897431403398
662,0.2081936353817582,0.0349472187657402,14.547225164147957,10,0.2780895747244358,3.993491567671299,2,0.0361072126239985,0.4029996271710843,1.284826405630847,0.1657897431403398
663,0.3083228778094053,0.1904197852347066,4.98930339173852,15,0.055036944290623,4.370877582579851,1,0.1006251606355817,0.1276783568318933,6.326672811043401,0.1957895857281983
664,0.5548443853855133,0.1904197852347066,4.98930339173852,15,0.055036944290623,4.370877582579851,1,0.1006251606355817,0.1276783568318933,6.326672811043401,0.1957895857281983
665,0.3083228778094053,0.1797533848462334,4.98930339173852,15,0.055036944290623,4.370877582579851,1,0.1006251606355817,0.1276783568318933,6.326672811043401,0.1957895857281983
666,0.3083228778094053,0.1904197852347066,4.178956581354452,15,0.055036944290623,4.370877582579851,1,0.1006251606355817,0.1276783568318933,6.326672811043401,0.1957895857281983
667,0.3083228778094053,0.1904197852347066,4.98930339173852,6,0.055036944290623,4.370877582579851,1,0.1006251606355817,0.1276783568318933,6.326672811043401,0.1957895857281983
668,0.3083228778094053,0.1904197852347066,4.98930339173852,15,0.0541460657957941,4.370877582579851,1,0.1006251606355817,0.1276783568318933,6.326672811043401,0.1957895857281983
669,0.3083228778094053,0.1904197852347066,4.98930339173852,15,0.055036944290623,7.535669889301062,1,0.1006251606355817,0.1276783568318933,6.326672811043401,0.1957895857281983
670,0.3083228778094053,0.1904197852347066,4.98930339173852,15,0.055036944290623,4.370877582579851,3,0.1006251606355817,0.1276783568318933,6.326672811043401,0.1957895857281983
671,0.3083228778094053,0.1904197852347066,4.98930339173852,15,0.055036944290623,4.370877582579851,1,0.1057069624660238,0.1276783568318933,6.326672811043401,0.1957895857281983
672,0.3083228778094053,0.1904197852347066,4.98930339173852,15,0.055036944290623,4.370877582579851,1,0.1006251606355817,0.2550448447931558,6.326672811043401,0.1957895857281983
673,0.3083228778094053,0.1904197852347066,4.98930339173852,15,0.055036944290623,4.370877582579851,1,0.1006251606355817,0.1276783568318933,4.361854460138617,0.1957895857281983
674,0.3083228778094053,0.1904197852347066,4.98930339173852,15,0.055036944290623,4.370877582579851,1,0.1006251606355817,0.1276783568318933,6.326672811043401,0.3523447036743164
675,0.5548443853855133,0.1797533848462334,4.178956581354452,6,0.0541460657957941,7.535669889301062,3,0.1057069624660238,0.2550448447931558,4.361854460138617,0.3523447036743164
676,0.4198032209649682,0.0616507118178939,9.420309797175753,14,0.0827803383115679,3.128020592033863,3,0.0863014322814264,0.4943365911021828,1.1563765197612192,0.3206765301525593
677,0.4709273876622319,0.0616507118178939,9.420309797175753,14,0.0827803383115679,3.128020592033863,3,0.0863014322814264,0.4943365911021828,1.1563765197612192,0.3206765301525593
678,0.4198032209649682,0.049926699985131,9.420309797175753,14,0.0827803383115679,3.128020592033863,3,0.0863014322814264,0.4943365911021828,1.1563765197612192,0.3206765301525593
679,0.4198032209649682,0.0616507118178939,6.344448502253151,14,0.0827803383115679,3.128020592033863,3,0.0863014322814264,0.4943365911021828,1.1563765197612192,0.3206765301525593
680,0.4198032209649682,0.0616507118178939,9.420309797175753,5,0.0827803383115679,3.128020592033863,3,0.0863014322814264,0.4943365911021828,1.1563765197612192,0.3206765301525593
681,0.4198032209649682,0.0616507118178939,9.420309797175753,14,0.0835207635071128,3.128020592033863,3,0.0863014322814264,0.4943365911021828,1.1563765197612192,0.3206765301525593
682,0.4198032209649682,0.0616507118178939,9.420309797175753,14,0.0827803383115679,7.068535411730409,3,0.0863014322814264,0.4943365911021828,1.1563765197612192,0.3206765301525593
683,0.4198032209649682,0.0616507118178939,9.420309797175753,14,0.0827803383115679,3.128020592033863,3,0.0863014322814264,0.4943365911021828,1.1563765197612192,0.3206765301525593
684,0.4198032209649682,0.0616507118178939,9.420309797175753,14,0.0827803383115679,3.128020592033863,3,0.0458758798298769,0.4943365911021828,1.1563765197612192,0.3206765301525593
685,0.4198032209649682,0.0616507118178939,9.420309797175753,14,0.0827803383115679,3.128020592033863,3,0.0863014322814264,0.2803943845909089,1.1563765197612192,0.3206765301525593
686,0.4198032209649682,0.0616507118178939,9.420309797175753,14,0.0827803383115679,3.128020592033863,3,0.0863014322814264,0.4943365911021828,2.4968247254454226,0.3206765301525593
687,0.4198032209649682,0.0616507118178939,9.420309797175753,14,0.0827803383115679,3.128020592033863,3,0.0863014322814264,0.4943365911021828,1.1563765197612192,0.4056668953970075
688,0.4709273876622319,0.049926699985131,6.344448502253151,5,0.0835207635071128,7.068535411730409,3,0.0458758798298769,0.2803943845909089,2.4968247254454226,0.4056668953970075
689,0.0971129491925239,0.2951431904920697,14.96241495759167,8,0.2102064319886267,5.8117907252162695,1,0.1300050419097647,0.0675489128101617,3.5628638434898394,0.1696190021932125
690,0.2918181292712688,0.2951431904920697,14.96241495759167,8,0.2102064319886267,5.8117907252162695,1,0.1300050419097647,0.0675489128101617,3.5628638434898394,0.1696190021932125
691,0.0971129491925239,0.2582314402612852,14.96241495759167,8,0.2102064319886267,5.8117907252162695,1,0.1300050419097647,0.0675489128101617,3.5628638434898394,0.1696190021932125
692,0.0971129491925239,0.2951431904920697,23.97839791527492,8,0.2102064319886267,5.8117907252162695,1,0.1300050419097647,0.0675489128101617,3.5628638434898394,0.1696190021932125
693,0.0971129491925239,0.2951431904920697,14.96241495759167,13,0.2102064319886267,5.8117907252162695,1,0.1300050419097647,0.0675489128101617,3.5628638434898394,0.1696190021932125
694,0.0971129491925239,0.2951431904920697,14.96241495759167,8,0.2531165636144578,5.8117907252162695,1,0.1300050419097647,0.0675489128101617,3.5628638434898394,0.1696190021932125
695,0.0971129491925239,0.2951431904920697,14.96241495759167,8,0.2102064319886267,4.285117855295539,1,0.1300050419097647,0.0675489128101617,3.5628638434898394,0.1696190021932125
696,0.0971129491925239,0.2951431904920697,14.96241495759167,8,0.2102064319886267,5.8117907252162695,2,0.1300050419097647,0.0675489128101617,3.5628638434898394,0.1696190021932125
697,0.0971129491925239,0.2951431904920697,14.96241495759167,8,0.2102064319886267,5.8117907252162695,1,0.1564951069577634,0.0675489128101617,3.5628638434898394,0.1696190021932125
698,0.0971129491925239,0.2951431904920697,14.96241495759167,8,0.2102064319886267,5.8117907252162695,1,0.1300050419097647,0.1614358909893781,3.5628638434898394,0.1696190021932125
699,0.0971129491925239,0.2951431904920697,14.96241495759167,8,0.2102064319886267,5.8117907252162695,1,0.1300050419097647,0.0675489128101617,5.931473079182592,0.1696190021932125
700,0.0971129491925239,0.2951431904920697,14.96241495759167,8,0.2102064319886267,5.8117907252162695,1,0.1300050419097647,0.0675489128101617,3.5628638434898394,0.2952803744003177
701,0.2918181292712688,0.2582314402612852,23.97839791527492,13,0.2531165636144578,4.285117855295539,2,0.1564951069577634,0.1614358909893781,5.931473079182592,0.2952803744003177
702,0.2151428684592247,0.0310906978981716,5.234537701974708,12,0.2456731083337217,7.143865022808313,2,0.2344981788905984,0.1779931257478892,4.88384712411932,0.2537761026062071
703,0.0669438287615776,0.0310906978981716,5.234537701974708,12,0.2456731083337217,7.143865022808313,2,0.2344981788905984,0.1779931257478892,4.88384712411932,0.2537761026062071
704,0.2151428684592247,0.0948521965270727,5.234537701974708,12,0.2456731083337217,7.143865022808313,2,0.2344981788905984,0.1779931257478892,4.88384712411932,0.2537761026062071
705,0.2151428684592247,0.0310906978981716,6.181952826552317,12,0.2456731083337217,7.143865022808313,2,0.2344981788905984,0.1779931257478892,4.88384712411932,0.2537761026062071
706,0.2151428684592247,0.0310906978981716,5.234537701974708,15,0.2456731083337217,7.143865022808313,2,0.2344981788905984,0.1779931257478892,4.88384712411932,0.2537761026062071
707,0.2151428684592247,0.0310906978981716,5.234537701974708,12,0.1288979879580438,7.143865022808313,2,0.2344981788905984,0.1779931257478892,4.88384712411932,0.2537761026062071
708,0.2151428684592247,0.0310906978981716,5.234537701974708,12,0.2456731083337217,3.1227030623704195,2,0.2344981788905984,0.1779931257478892,4.88384712411932,0.2537761026062071
709,0.2151428684592247,0.0310906978981716,5.234537701974708,12,0.2456731083337217,7.143865022808313,2,0.2344981788905984,0.1779931257478892,4.88384712411932,0.2537761026062071
710,0.2151428684592247,0.0310906978981716,5.234537701974708,12,0.2456731083337217,7.143865022808313,2,0.214834629130442,0.1779931257478892,4.88384712411932,0.2537761026062071
711,0.2151428684592247,0.0310906978981716,5.234537701974708,12,0.2456731083337217,7.143865022808313,2,0.2344981788905984,0.4825830740854144,4.88384712411932,0.2537761026062071
712,0.2151428684592247,0.0310906978981716,5.234537701974708,12,0.2456731083337217,7.143865022808313,2,0.2344981788905984,0.1779931257478892,1.666299588265077,0.2537761026062071
713,0.2151428684592247,0.0310906978981716,5.234537701974708,12,0.2456731083337217,7.143865022808313,2,0.2344981788905984,0.1779931257478892,4.88384712411932,0.2035834981128573
714,0.0669438287615776,0.0948521965270727,6.181952826552317,15,0.1288979879580438,3.1227030623704195,2,0.214834629130442,0.4825830740854144,1.666299588265077,0.2035834981128573
715,0.454043791629374,0.1431827998892943,19.24356215600467,6,0.1259373442269861,3.733887301757932,2,0.0474104434490046,0.3838527233805507,1.8953056676553268,0.4049889751709997
716,0.3960895786061882,0.1431827998892943,19.24356215600467,6,0.1259373442269861,3.733887301757932,2,0.0474104434490046,0.3838527233805507,1.8953056676553268,0.4049889751709997
717,0.454043791629374,0.1360177883848319,19.24356215600467,6,0.1259373442269861,3.733887301757932,2,0.0474104434490046,0.3838527233805507,1.8953056676553268,0.4049889751709997
718,0.454043791629374,0.1431827998892943,9.79905400236503,6,0.1259373442269861,3.733887301757932,2,0.0474104434490046,0.3838527233805507,1.8953056676553268,0.4049889751709997
719,0.454043791629374,0.1431827998892943,19.24356215600467,8,0.1259373442269861,3.733887301757932,2,0.0474104434490046,0.3838527233805507,1.8953056676553268,0.4049889751709997
720,0.454043791629374,0.1431827998892943,19.24356215600467,6,0.234952495386824,3.733887301757932,2,0.0474104434490046,0.3838527233805507,1.8953056676553268,0.4049889751709997
721,0.454043791629374,0.1431827998892943,19.24356215600467,6,0.1259373442269861,5.535452542826533,2,0.0474104434490046,0.3838527233805507,1.8953056676553268,0.4049889751709997
722,0.454043791629374,0.1431827998892943,19.24356215600467,6,0.1259373442269861,3.733887301757932,1,0.0474104434490046,0.3838527233805507,1.8953056676553268,0.4049889751709997
723,0.454043791629374,0.1431827998892943,19.24356215600467,6,0.1259373442269861,3.733887301757932,2,0.0545596546343263,0.3838527233805507,1.8953056676553268,0.4049889751709997
724,0.454043791629374,0.1431827998892943,19.24356215600467,6,0.1259373442269861,3.733887301757932,2,0.0474104434490046,0.1807640169747174,1.8953056676553268,0.4049889751709997
725,0.454043791629374,0.1431827998892943,19.24356215600467,6,0.1259373442269861,3.733887301757932,2,0.0474104434490046,0.3838527233805507,3.3633293482889224,0.4049889751709997
726,0.454043791629374,0.1431827998892943,19.24356215600467,6,0.1259373442269861,3.733887301757932,2,0.0474104434490046,0.3838527233805507,1.8953056676553268,0.3145513789728283
727,0.3960895786061882,0.1360177883848319,9.79905400236503,8,0.234952495386824,5.535452542826533,1,0.0545596546343263,0.1807640169747174,3.3633293482889224,0.3145513789728283
728,0.4919873770326375,0.0847022724360202,6.151580169678191,7,0.293131632450968,4.640396103262901,3,0.0745164739010371,0.4569965933915227,7.9415692191632,0.3847450177185237
729,0.3378659723326563,0.0847022724360202,6.151580169678191,7,0.293131632450968,4.640396103262901,3,0.0745164739010371,0.4569965933915227,7.9415692191632,0.3847450177185237
730,0.4919873770326375,0.2889046820406863,6.151580169678191,7,0.293131632450968,4.640396103262901,3,0.0745164739010371,0.4569965933915227,7.9415692191632,0.3847450177185237
731,0.4919873770326375,0.0847022724360202,5.355158017392298,7,0.293131632450968,4.640396103262901,3,0.0745164739010371,0.4569965933915227,7.9415692191632,0.3847450177185237
732,0.4919873770326375,0.0847022724360202,6.151580169678191,11,0.293131632450968,4.640396103262901,3,0.0745164739010371,0.4569965933915227,7.9415692191632,0.3847450177185237
733,0.4919873770326375,0.0847022724360202,6.151580169678191,7,0.1013159097172319,4.640396103262901,3,0.0745164739010371,0.4569965933915227,7.9415692191632,0.3847450177185237
734,0.4919873770326375,0.0847022724360202,6.151580169678191,7,0.293131632450968,3.51357408426702,3,0.0745164739010371,0.4569965933915227,7.9415692191632,0.3847450177185237
735,0.4919873770326375,0.0847022724360202,6.151580169678191,7,0.293131632450968,4.640396103262901,3,0.0745164739010371,0.4569965933915227,7.9415692191632,0.3847450177185237
736,0.4919873770326375,0.0847022724360202,6.151580169678191,7,0.293131632450968,4.640396103262901,3,0.0521659289394105,0.4569965933915227,7.9415692191632,0.3847450177185237
737,0.4919873770326375,0.0847022724360202,6.151580169678191,7,0.293131632450968,4.640396103262901,3,0.0745164739010371,0.4384454329498112,7.9415692191632,0.3847450177185237
738,0.4919873770326375,0.0847022724360202,6.151580169678191,7,0.293131632450968,4.640396103262901,3,0.0745164739010371,0.4569965933915227,2.3425540814784576,0.3847450177185237
739,0.4919873770326375,0.0847022724360202,6.151580169678191,7,0.293131632450968,4.640396103262901,3,0.0745164739010371,0.4569965933915227,7.9415692191632,0.2806152116507292
740,0.3378659723326563,0.2889046820406863,5.355158017392298,11,0.1013159097172319,3.51357408426702,3,0.0521659289394105,0.4384454329498112,2.3425540814784576,0.2806152116507292
741,0.1771797923371195,0.219706104821825,23.23655512842123,14,0.1724802026990801,7.300743086263537,1,0.1505662239751639,0.0828879318200051,2.536015110090844,0.2358849341981113
742,0.0850387271493673,0.219706104821825,23.23655512842123,14,0.1724802026990801,7.300743086263537,1,0.1505662239751639,0.0828879318200051,2.536015110090844,0.2358849341981113
743,0.1771797923371195,0.0446576789329456,23.23655512842123,14,0.1724802026990801,7.300743086263537,1,0.1505662239751639,0.0828879318200051,2.536015110090844,0.2358849341981113
744,0.1771797923371195,0.219706104821825,11.557368466572836,14,0.1724802026990801,7.300743086263537,1,0.1505662239751639,0.0828879318200051,2.536015110090844,0.2358849341981113
745,0.1771797923371195,0.219706104821825,23.23655512842123,6,0.1724802026990801,7.300743086263537,1,0.1505662239751639,0.0828879318200051,2.536015110090844,0.2358849341981113
746,0.1771797923371195,0.219706104821825,23.23655512842123,14,0.2620462346356362,7.300743086263537,1,0.1505662239751639,0.0828879318200051,2.536015110090844,0.2358849341981113
747,0.1771797923371195,0.219706104821825,23.23655512842123,14,0.1724802026990801,7.851522738113999,1,0.1505662239751639,0.0828879318200051,2.536015110090844,0.2358849341981113
748,0.1771797923371195,0.219706104821825,23.23655512842123,14,0.1724802026990801,7.300743086263537,2,0.1505662239751639,0.0828879318200051,2.536015110090844,0.2358849341981113
749,0.1771797923371195,0.219706104821825,23.23655512842123,14,0.1724802026990801,7.300743086263537,1,0.1324624330568527,0.0828879318200051,2.536015110090844,0.2358849341981113
750,0.1771797923371195,0.219706104821825,23.23655512842123,14,0.1724802026990801,7.300743086263537,1,0.1505662239751639,0.2197382716462016,2.536015110090844,0.2358849341981113
751,0.1771797923371195,0.219706104821825,23.23655512842123,14,0.1724802026990801,7.300743086263537,1,0.1505662239751639,0.0828879318200051,4.884911193951194,0.2358849341981113
752,0.1771797923371195,0.219706104821825,23.23655512842123,14,0.1724802026990801,7.300743086263537,1,0.1505662239751639,0.0828879318200051,2.536015110090844,0.3921702571213246
753,0.0850387271493673,0.0446576789329456,11.557368466572836,6,0.2620462346356362,7.851522738113999,2,0.1324624330568527,0.2197382716462016,4.884911193951194,0.3921702571213246
754,0.1341501591727137,0.0401990433707073,7.91170506556896,6,0.0668184773065149,5.654824327677488,2,0.2711465692561713,0.1969850946683436,1.4503315940151158,0.1517312726005912
755,0.1602001313120126,0.0401990433707073,7.91170506556896,6,0.0668184773065149,5.654824327677488,2,0.2711465692561713,0.1969850946683436,1.4503315940151158,0.1517312726005912
756,0.1341501591727137,0.1635956134467428,7.91170506556896,6,0.0668184773065149,5.654824327677488,2,0.2711465692561713,0.1969850946683436,1.4503315940151158,0.1517312726005912
757,0.1341501591727137,0.0401990433707073,7.325822806202322,6,0.0668184773065149,5.654824327677488,2,0.2711465692561713,0.1969850946683436,1.4503315940151158,0.1517312726005912
758,0.1341501591727137,0.0401990433707073,7.91170506556896,9,0.0668184773065149,5.654824327677488,2,0.2711465692561713,0.1969850946683436,1.4503315940151158,0.1517312726005912
759,0.1341501591727137,0.0401990433707073,7.91170506556896,6,0.1184425595682114,5.654824327677488,2,0.2711465692561713,0.1969850946683436,1.4503315940151158,0.1517312726005912
760,0.1341501591727137,0.0401990433707073,7.91170506556896,6,0.0668184773065149,6.293756930157542,2,0.2711465692561713,0.1969850946683436,1.4503315940151158,0.1517312726005912
761,0.1341501591727137,0.0401990433707073,7.91170506556896,6,0.0668184773065149,5.654824327677488,2,0.2711465692561713,0.1969850946683436,1.4503315940151158,0.1517312726005912
762,0.1341501591727137,0.0401990433707073,7.91170506556896,6,0.0668184773065149,5.654824327677488,2,0.1818685790562551,0.1969850946683436,1.4503315940151158,0.1517312726005912
763,0.1341501591727137,0.0401990433707073,7.91170506556896,6,0.0668184773065149,5.654824327677488,2,0.2711465692561713,0.348811485664919,1.4503315940151158,0.1517312726005912
764,0.1341501591727137,0.0401990433707073,7.91170506556896,6,0.0668184773065149,5.654824327677488,2,0.2711465692561713,0.1969850946683436,1.3693387791808649,0.1517312726005912
765,0.1341501591727137,0.0401990433707073,7.91170506556896,6,0.0668184773065149,5.654824327677488,2,0.2711465692561713,0.1969850946683436,1.4503315940151158,0.3291842110455036
766,0.1602001313120126,0.1635956134467428,7.325822806202322,9,0.1184425595682114,6.293756930157542,2,0.1818685790562551,0.348811485664919,1.3693387791808649,0.3291842110455036
767,0.3827465202659368,0.108277756835441,12.91173247827462,13,0.1951599600259214,2.221417734399438,2,0.041002433525878,0.3429147040471434,3.6770164816751554,0.3004543041810393
768,0.562991171143949,0.108277756835441,12.91173247827462,13,0.1951599600259214,2.221417734399438,2,0.041002433525878,0.3429147040471434,3.6770164816751554,0.3004543041810393
769,0.3827465202659368,0.0788066181916568,12.91173247827462,13,0.1951599600259214,2.221417734399438,2,0.041002433525878,0.3429147040471434,3.6770164816751554,0.3004543041810393
770,0.3827465202659368,0.108277756835441,20.32645027080405,13,0.1951599600259214,2.221417734399438,2,0.041002433525878,0.3429147040471434,3.6770164816751554,0.3004543041810393
771,0.3827465202659368,0.108277756835441,12.91173247827462,13,0.1951599600259214,2.221417734399438,2,0.041002433525878,0.3429147040471434,3.6770164816751554,0.3004543041810393
772,0.3827465202659368,0.108277756835441,12.91173247827462,13,0.2177065477706491,2.221417734399438,2,0.041002433525878,0.3429147040471434,3.6770164816751554,0.3004543041810393
773,0.3827465202659368,0.108277756835441,12.91173247827462,13,0.1951599600259214,2.329337375238538,2,0.041002433525878,0.3429147040471434,3.6770164816751554,0.3004543041810393
774,0.3827465202659368,0.108277756835441,12.91173247827462,13,0.1951599600259214,2.221417734399438,1,0.041002433525878,0.3429147040471434,3.6770164816751554,0.3004543041810393
775,0.3827465202659368,0.108277756835441,12.91173247827462,13,0.1951599600259214,2.221417734399438,2,0.0620315296312061,0.3429147040471434,3.6770164816751554,0.3004543041810393
776,0.3827465202659368,0.108277756835441,12.91173247827462,13,0.1951599600259214,2.221417734399438,2,0.041002433525878,0.0878550279419869,3.6770164816751554,0.3004543041810393
777,0.3827465202659368,0.108277756835441,12.91173247827462,13,0.1951599600259214,2.221417734399438,2,0.041002433525878,0.3429147040471434,3.1495130664728843,0.3004543041810393
778,0.3827465202659368,0.108277756835441,12.91173247827462,13,0.1951599600259214,2.221417734399438,2,0.041002433525878,0.3429147040471434,3.6770164816751554,0.2170386504381895
779,0.562991171143949,0.0788066181916568,20.32645027080405,13,0.2177065477706491,2.329337375238538,1,0.0620315296312061,0.0878550279419869,3.1495130664728843,0.2170386504381895
780,0.3465683067217469,0.0358528576314389,15.617511376467966,11,0.2219879636075347,4.167491255328059,2,0.1970931743407918,0.25800735889934,1.9576016336516648,0.2142564087174833
781,0.4977882217615842,0.0358528576314389,15.617511376467966,11,0.2219879636075347,4.167491255328059,2,0.1970931743407918,0.25800735889934,1.9576016336516648,0.2142564087174833
782,0.3465683067217469,0.1143831827935808,15.617511376467966,11,0.2219879636075347,4.167491255328059,2,0.1970931743407918,0.25800735889934,1.9576016336516648,0.2142564087174833
783,0.3465683067217469,0.0358528576314389,13.70235400836192,11,0.2219879636075347,4.167491255328059,2,0.1970931743407918,0.25800735889934,1.9576016336516648,0.2142564087174833
784,0.3465683067217469,0.0358528576314389,15.617511376467966,16,0.2219879636075347,4.167491255328059,2,0.1970931743407918,0.25800735889934,1.9576016336516648,0.2142564087174833
785,0.3465683067217469,0.0358528576314389,15.617511376467966,11,0.188514912687242,4.167491255328059,2,0.1970931743407918,0.25800735889934,1.9576016336516648,0.2142564087174833
786,0.3465683067217469,0.0358528576314389,15.617511376467966,11,0.2219879636075347,3.3707807697355747,2,0.1970931743407918,0.25800735889934,1.9576016336516648,0.2142564087174833
787,0.3465683067217469,0.0358528576314389,15.617511376467966,11,0.2219879636075347,4.167491255328059,1,0.1970931743407918,0.25800735889934,1.9576016336516648,0.2142564087174833
788,0.3465683067217469,0.0358528576314389,15.617511376467966,11,0.2219879636075347,4.167491255328059,2,0.2692680865992139,0.25800735889934,1.9576016336516648,0.2142564087174833
789,0.3465683067217469,0.0358528576314389,15.617511376467966,11,0.2219879636075347,4.167491255328059,2,0.1970931743407918,0.4476863399613648,1.9576016336516648,0.2142564087174833
790,0.3465683067217469,0.0358528576314389,15.617511376467966,11,0.2219879636075347,4.167491255328059,2,0.1970931743407918,0.25800735889934,1.806434924470618,0.2142564087174833
791,0.3465683067217469,0.0358528576314389,15.617511376467966,11,0.2219879636075347,4.167491255328059,2,0.1970931743407918,0.25800735889934,1.9576016336516648,0.2434088235720992
792,0.4977882217615842,0.1143831827935808,13.70235400836192,16,0.188514912687242,3.3707807697355747,1,0.2692680865992139,0.4476863399613648,1.806434924470618,0.2434088235720992
793,0.0226721048355102,0.1655730784831585,4.1284360326379534,4,0.1022520570084452,6.8509092926979065,2,0.0320117719463518,0.2809999498538673,6.130258678061744,0.3653871699236334
794,0.2251119358465075,0.1655730784831585,4.1284360326379534,4,0.1022520570084452,6.8509092926979065,2,0.0320117719463518,0.2809999498538673,6.130258678061744,0.3653871699236334
795,0.0226721048355102,0.0549186541403603,4.1284360326379534,4,0.1022520570084452,6.8509092926979065,2,0.0320117719463518,0.2809999498538673,6.130258678061744,0.3653871699236334
796,0.0226721048355102,0.1655730784831585,4.532620804687364,4,0.1022520570084452,6.8509092926979065,2,0.0320117719463518,0.2809999498538673,6.130258678061744,0.3653871699236334
797,0.0226721048355102,0.1655730784831585,4.1284360326379534,8,0.1022520570084452,6.8509092926979065,2,0.0320117719463518,0.2809999498538673,6.130258678061744,0.3653871699236334
798,0.0226721048355102,0.1655730784831585,4.1284360326379534,4,0.1442090742755681,6.8509092926979065,2,0.0320117719463518,0.2809999498538673,6.130258678061744,0.3653871699236334
799,0.0226721048355102,0.1655730784831585,4.1284360326379534,4,0.1022520570084452,5.076439470052719,2,0.0320117719463518,0.2809999498538673,6.130258678061744,0.3653871699236334
800,0.0226721048355102,0.1655730784831585,4.1284360326379534,4,0.1022520570084452,6.8509092926979065,2,0.0320117719463518,0.2809999498538673,6.130258678061744,0.3653871699236334
801,0.0226721048355102,0.1655730784831585,4.1284360326379534,4,0.1022520570084452,6.8509092926979065,2,0.0788195458179667,0.2809999498538673,6.130258678061744,0.3653871699236334
802,0.0226721048355102,0.1655730784831585,4.1284360326379534,4,0.1022520570084452,6.8509092926979065,2,0.0320117719463518,0.2157416205387562,6.130258678061744,0.3653871699236334
803,0.0226721048355102,0.1655730784831585,4.1284360326379534,4,0.1022520570084452,6.8509092926979065,2,0.0320117719463518,0.2809999498538673,6.334568899482181,0.3653871699236334
804,0.0226721048355102,0.1655730784831585,4.1284360326379534,4,0.1022520570084452,6.8509092926979065,2,0.0320117719463518,0.2809999498538673,6.130258678061744,0.429376789368689
805,0.2251119358465075,0.0549186541403603,4.532620804687364,8,0.1442090742755681,5.076439470052719,2,0.0788195458179667,0.2157416205387562,6.334568899482181,0.429376789368689
806,0.2883580058813095,0.0534610522965606,12.135101584164302,16,0.1377160967793315,6.2922267857939005,3,0.0536725470779281,0.3914699145127088,2.838455264050133,0.4499994629994035
807,0.0002783244475722,0.0534610522965606,12.135101584164302,16,0.1377160967793315,6.2922267857939005,3,0.0536725470779281,0.3914699145127088,2.838455264050133,0.4499994629994035
808,0.2883580058813095,0.2012025638278257,12.135101584164302,16,0.1377160967793315,6.2922267857939005,3,0.0536725470779281,0.3914699145127088,2.838455264050133,0.4499994629994035
809,0.2883580058813095,0.0534610522965606,17.174459804632157,16,0.1377160967793315,6.2922267857939005,3,0.0536725470779281,0.3914699145127088,2.838455264050133,0.4499994629994035
810,0.2883580058813095,0.0534610522965606,12.135101584164302,5,0.1377160967793315,6.2922267857939005,3,0.0536725470779281,0.3914699145127088,2.838455264050133,0.4499994629994035
811,0.2883580058813095,0.0534610522965606,12.135101584164302,16,0.2993256994057446,6.2922267857939005,3,0.0536725470779281,0.3914699145127088,2.838455264050133,0.4499994629994035
812,0.2883580058813095,0.0534610522965606,12.135101584164302,16,0.1377160967793315,6.824789639562368,3,0.0536725470779281,0.3914699145127088,2.838455264050133,0.4499994629994035
813,0.2883580058813095,0.0534610522965606,12.135101584164302,16,0.1377160967793315,6.2922267857939005,2,0.0536725470779281,0.3914699145127088,2.838455264050133,0.4499994629994035
814,0.2883580058813095,0.0534610522965606,12.135101584164302,16,0.1377160967793315,6.2922267857939005,3,0.0317026372322093,0.3914699145127088,2.838455264050133,0.4499994629994035
815,0.2883580058813095,0.0534610522965606,12.135101584164302,16,0.1377160967793315,6.2922267857939005,3,0.0536725470779281,0.31583914430812,2.838455264050133,0.4499994629994035
816,0.2883580058813095,0.0534610522965606,12.135101584164302,16,0.1377160967793315,6.2922267857939005,3,0.0536725470779281,0.3914699145127088,1.0559757563122527,0.4499994629994035
817,0.2883580058813095,0.0534610522965606,12.135101584164302,16,0.1377160967793315,6.2922267857939005,3,0.0536725470779281,0.3914699145127088,2.838455264050133,0.3658049488440156
818,0.0002783244475722,0.2012025638278257,17.174459804632157,5,0.2993256994057446,6.824789639562368,2,0.0317026372322093,0.31583914430812,1.0559757563122527,0.3658049488440156
819,0.528465431369841,0.2552271355897457,7.434603262008371,9,0.2651420628651976,2.8818912468850613,1,0.1164823420293499,0.1475492345169186,1.1195765111160765,0.2987133393064141
820,0.4229175914078951,0.2552271355897457,7.434603262008371,9,0.2651420628651976,2.8818912468850613,1,0.1164823420293499,0.1475492345169186,1.1195765111160765,0.2987133393064141
821,0.528465431369841,0.0312082560020202,7.434603262008371,9,0.2651420628651976,2.8818912468850613,1,0.1164823420293499,0.1475492345169186,1.1195765111160765,0.2987133393064141
822,0.528465431369841,0.2552271355897457,8.639889003575611,9,0.2651420628651976,2.8818912468850613,1,0.1164823420293499,0.1475492345169186,1.1195765111160765,0.2987133393064141
823,0.528465431369841,0.2552271355897457,7.434603262008371,12,0.2651420628651976,2.8818912468850613,1,0.1164823420293499,0.1475492345169186,1.1195765111160765,0.2987133393064141
824,0.528465431369841,0.2552271355897457,7.434603262008371,9,0.0684390833601355,2.8818912468850613,1,0.1164823420293499,0.1475492345169186,1.1195765111160765,0.2987133393064141
825,0.528465431369841,0.2552271355897457,7.434603262008371,9,0.2651420628651976,4.739798970520496,1,0.1164823420293499,0.1475492345169186,1.1195765111160765,0.2987133393064141
826,0.528465431369841,0.2552271355897457,7.434603262008371,9,0.2651420628651976,2.8818912468850613,3,0.1164823420293499,0.1475492345169186,1.1195765111160765,0.2987133393064141
827,0.528465431369841,0.2552271355897457,7.434603262008371,9,0.2651420628651976,2.8818912468850613,1,0.1250857683026786,0.1475492345169186,1.1195765111160765,0.2987133393064141
828,0.528465431369841,0.2552271355897457,7.434603262008371,9,0.2651420628651976,2.8818912468850613,1,0.1164823420293499,0.1261299883946776,1.1195765111160765,0.2987133393064141
829,0.528465431369841,0.2552271355897457,7.434603262008371,9,0.2651420628651976,2.8818912468850613,1,0.1164823420293499,0.1475492345169186,4.084073109455746,0.2987133393064141
830,0.528465431369841,0.2552271355897457,7.434603262008371,9,0.2651420628651976,2.8818912468850613,1,0.1164823420293499,0.1475492345169186,1.1195765111160765,0.180418342910707
831,0.4229175914078951,0.0312082560020202,8.639889003575611,12,0.0684390833601355,4.739798970520496,3,0.1250857683026786,0.1261299883946776,4.084073109455746,0.180418342910707
832,0.5310109717771411,0.0921378301738772,11.33958401990919,14,0.187143813772127,3.813575927168131,1,0.1001203108067312,0.2050978679209947,3.171975332590039,0.416740636434406
833,0.0631871625781059,0.0921378301738772,11.33958401990919,14,0.187143813772127,3.813575927168131,1,0.1001203108067312,0.2050978679209947,3.171975332590039,0.416740636434406
834,0.5310109717771411,0.1682498737903764,11.33958401990919,14,0.187143813772127,3.813575927168131,1,0.1001203108067312,0.2050978679209947,3.171975332590039,0.416740636434406
835,0.5310109717771411,0.0921378301738772,4.570436846206707,14,0.187143813772127,3.813575927168131,1,0.1001203108067312,0.2050978679209947,3.171975332590039,0.416740636434406
836,0.5310109717771411,0.0921378301738772,11.33958401990919,4,0.187143813772127,3.813575927168131,1,0.1001203108067312,0.2050978679209947,3.171975332590039,0.416740636434406
837,0.5310109717771411,0.0921378301738772,11.33958401990919,14,0.1501738596241921,3.813575927168131,1,0.1001203108067312,0.2050978679209947,3.171975332590039,0.416740636434406
838,0.5310109717771411,0.0921378301738772,11.33958401990919,14,0.187143813772127,5.924326760694385,1,0.1001203108067312,0.2050978679209947,3.171975332590039,0.416740636434406
839,0.5310109717771411,0.0921378301738772,11.33958401990919,14,0.187143813772127,3.813575927168131,3,0.1001203108067312,0.2050978679209947,3.171975332590039,0.416740636434406
840,0.5310109717771411,0.0921378301738772,11.33958401990919,14,0.187143813772127,3.813575927168131,1,0.0487846633544264,0.2050978679209947,3.171975332590039,0.416740636434406
841,0.5310109717771411,0.0921378301738772,11.33958401990919,14,0.187143813772127,3.813575927168131,1,0.1001203108067312,0.4686379961669445,3.171975332590039,0.416740636434406
842,0.5310109717771411,0.0921378301738772,11.33958401990919,14,0.187143813772127,3.813575927168131,1,0.1001203108067312,0.2050978679209947,1.1380916905322402,0.416740636434406
843,0.5310109717771411,0.0921378301738772,11.33958401990919,14,0.187143813772127,3.813575927168131,1,0.1001203108067312,0.2050978679209947,3.171975332590039,0.2830485147424042
844,0.0631871625781059,0.1682498737903764,4.570436846206707,4,0.1501738596241921,5.924326760694385,3,0.0487846633544264,0.4686379961669445,1.1380916905322402,0.2830485147424042
845,0.2833228390663862,0.2001109715911727,7.150711968505906,8,0.0597174849361181,7.247345166280866,3,0.063576505060699,0.3541516012046486,1.0295105520381262,0.2654636769555509
846,0.409224678017199,0.2001109715911727,7.150711968505906,8,0.0597174849361181,7.247345166280866,3,0.063576505060699,0.3541516012046486,1.0295105520381262,0.2654636769555509
847,0.2833228390663862,0.0766373247005455,7.150711968505906,8,0.0597174849361181,7.247345166280866,3,0.063576505060699,0.3541516012046486,1.0295105520381262,0.2654636769555509
848,0.2833228390663862,0.2001109715911727,13.446875873326215,8,0.0597174849361181,7.247345166280866,3,0.063576505060699,0.3541516012046486,1.0295105520381262,0.2654636769555509
849,0.2833228390663862,0.2001109715911727,7.150711968505906,12,0.0597174849361181,7.247345166280866,3,0.063576505060699,0.3541516012046486,1.0295105520381262,0.2654636769555509
850,0.2833228390663862,0.2001109715911727,7.150711968505906,8,0.1859766186214983,7.247345166280866,3,0.063576505060699,0.3541516012046486,1.0295105520381262,0.2654636769555509
851,0.2833228390663862,0.2001109715911727,7.150711968505906,8,0.0597174849361181,2.7103020269423723,3,0.063576505060699,0.3541516012046486,1.0295105520381262,0.2654636769555509
852,0.2833228390663862,0.2001109715911727,7.150711968505906,8,0.0597174849361181,7.247345166280866,2,0.063576505060699,0.3541516012046486,1.0295105520381262,0.2654636769555509
853,0.2833228390663862,0.2001109715911727,7.150711968505906,8,0.0597174849361181,7.247345166280866,3,0.1442155067430478,0.3541516012046486,1.0295105520381262,0.2654636769555509
854,0.2833228390663862,0.2001109715911727,7.150711968505906,8,0.0597174849361181,7.247345166280866,3,0.063576505060699,0.1947726028971374,1.0295105520381262,0.2654636769555509
855,0.2833228390663862,0.2001109715911727,7.150711968505906,8,0.0597174849361181,7.247345166280866,3,0.063576505060699,0.3541516012046486,3.8009580976304704,0.2654636769555509
856,0.2833228390663862,0.2001109715911727,7.150711968505906,8,0.0597174849361181,7.247345166280866,3,0.063576505060699,0.3541516012046486,1.0295105520381262,0.3941681080497802
857,0.409224678017199,0.0766373247005455,13.446875873326215,12,0.1859766186214983,2.7103020269423723,2,0.1442155067430478,0.1947726028971374,3.8009580976304704,0.3941681080497802
858,0.0240822505205869,0.0458555919794023,16.323002139050743,12,0.1492462455760687,5.895873166620731,2,0.0359466989926475,0.4651505653746426,2.124280836055892,0.2000451335683465
859,0.484061056561768,0.0458555919794023,16.323002139050743,12,0.1492462455760687,5.895873166620731,2,0.0359466989926475,0.4651505653746426,2.124280836055892,0.2000451335683465
860,0.0240822505205869,0.2814759529953699,16.323002139050743,12,0.1492462455760687,5.895873166620731,2,0.0359466989926475,0.4651505653746426,2.124280836055892,0.2000451335683465
861,0.0240822505205869,0.0458555919794023,8.568344445008911,12,0.1492462455760687,5.895873166620731,2,0.0359466989926475,0.4651505653746426,2.124280836055892,0.2000451335683465
862,0.0240822505205869,0.0458555919794023,16.323002139050743,15,0.1492462455760687,5.895873166620731,2,0.0359466989926475,0.4651505653746426,2.124280836055892,0.2000451335683465
863,0.0240822505205869,0.0458555919794023,16.323002139050743,12,0.0695698724128306,5.895873166620731,2,0.0359466989926475,0.4651505653746426,2.124280836055892,0.2000451335683465
864,0.0240822505205869,0.0458555919794023,16.323002139050743,12,0.1492462455760687,3.894692962989211,2,0.0359466989926475,0.4651505653746426,2.124280836055892,0.2000451335683465
865,0.0240822505205869,0.0458555919794023,16.323002139050743,12,0.1492462455760687,5.895873166620731,2,0.0359466989926475,0.4651505653746426,2.124280836055892,0.2000451335683465
866,0.0240822505205869,0.0458555919794023,16.323002139050743,12,0.1492462455760687,5.895873166620731,2,0.1746270364945635,0.4651505653746426,2.124280836055892,0.2000451335683465
867,0.0240822505205869,0.0458555919794023,16.323002139050743,12,0.1492462455760687,5.895873166620731,2,0.0359466989926475,0.3227799875196069,2.124280836055892,0.2000451335683465
868,0.0240822505205869,0.0458555919794023,16.323002139050743,12,0.1492462455760687,5.895873166620731,2,0.0359466989926475,0.4651505653746426,1.703544712856058,0.2000451335683465
869,0.0240822505205869,0.0458555919794023,16.323002139050743,12,0.1492462455760687,5.895873166620731,2,0.0359466989926475,0.4651505653746426,2.124280836055892,0.3071540468372404
870,0.484061056561768,0.2814759529953699,8.568344445008911,15,0.0695698724128306,3.894692962989211,2,0.1746270364945635,0.3227799875196069,1.703544712856058,0.3071540468372404
871,0.3379810346290469,0.0958056229245522,4.441315640660712,6,0.2689817745238542,3.2358959820121527,2,0.1723854016778771,0.0940561644267291,5.473885641317102,0.3511850589886308
872,0.2880606047809124,0.0958056229245522,4.441315640660712,6,0.2689817745238542,3.2358959820121527,2,0.1723854016778771,0.0940561644267291,5.473885641317102,0.3511850589886308
873,0.3379810346290469,0.0458298644381566,4.441315640660712,6,0.2689817745238542,3.2358959820121527,2,0.1723854016778771,0.0940561644267291,5.473885641317102,0.3511850589886308
874,0.3379810346290469,0.0958056229245522,17.50039411004062,6,0.2689817745238542,3.2358959820121527,2,0.1723854016778771,0.0940561644267291,5.473885641317102,0.3511850589886308
875,0.3379810346290469,0.0958056229245522,4.441315640660712,8,0.2689817745238542,3.2358959820121527,2,0.1723854016778771,0.0940561644267291,5.473885641317102,0.3511850589886308
876,0.3379810346290469,0.0958056229245522,4.441315640660712,6,0.2937918547075241,3.2358959820121527,2,0.1723854016778771,0.0940561644267291,5.473885641317102,0.3511850589886308
877,0.3379810346290469,0.0958056229245522,4.441315640660712,6,0.2689817745238542,7.482304016128182,2,0.1723854016778771,0.0940561644267291,5.473885641317102,0.3511850589886308
878,0.3379810346290469,0.0958056229245522,4.441315640660712,6,0.2689817745238542,3.2358959820121527,1,0.1723854016778771,0.0940561644267291,5.473885641317102,0.3511850589886308
879,0.3379810346290469,0.0958056229245522,4.441315640660712,6,0.2689817745238542,3.2358959820121527,2,0.0681866383203482,0.0940561644267291,5.473885641317102,0.3511850589886308
880,0.3379810346290469,0.0958056229245522,4.441315640660712,6,0.2689817745238542,3.2358959820121527,2,0.1723854016778771,0.1191790273878723,5.473885641317102,0.3511850589886308
881,0.3379810346290469,0.0958056229245522,4.441315640660712,6,0.2689817745238542,3.2358959820121527,2,0.1723854016778771,0.0940561644267291,6.69673256766779,0.3511850589886308
882,0.3379810346290469,0.0958056229245522,4.441315640660712,6,0.2689817745238542,3.2358959820121527,2,0.1723854016778771,0.0940561644267291,5.473885641317102,0.1966249686665833
883,0.2880606047809124,0.0458298644381566,17.50039411004062,8,0.2937918547075241,7.482304016128182,1,0.0681866383203482,0.1191790273878723,6.69673256766779,0.1966249686665833
884,0.3765029981732368,0.0387515928273587,8.45933985790817,4,0.2419157351367175,4.289914013817906,2,0.0468519337533427,0.4049110502004623,1.3365335403302057,0.1841111834160983
885,0.2219421381130814,0.0387515928273587,8.45933985790817,4,0.2419157351367175,4.289914013817906,2,0.0468519337533427,0.4049110502004623,1.3365335403302057,0.1841111834160983
886,0.3765029981732368,0.1960288423318357,8.45933985790817,4,0.2419157351367175,4.289914013817906,2,0.0468519337533427,0.4049110502004623,1.3365335403302057,0.1841111834160983
887,0.3765029981732368,0.0387515928273587,11.371926997040342,4,0.2419157351367175,4.289914013817906,2,0.0468519337533427,0.4049110502004623,1.3365335403302057,0.1841111834160983
888,0.3765029981732368,0.0387515928273587,8.45933985790817,9,0.2419157351367175,4.289914013817906,2,0.0468519337533427,0.4049110502004623,1.3365335403302057,0.1841111834160983
889,0.3765029981732368,0.0387515928273587,8.45933985790817,4,0.268540369765833,4.289914013817906,2,0.0468519337533427,0.4049110502004623,1.3365335403302057,0.1841111834160983
890,0.3765029981732368,0.0387515928273587,8.45933985790817,4,0.2419157351367175,7.193676393479109,2,0.0468519337533427,0.4049110502004623,1.3365335403302057,0.1841111834160983
891,0.3765029981732368,0.0387515928273587,8.45933985790817,4,0.2419157351367175,4.289914013817906,1,0.0468519337533427,0.4049110502004623,1.3365335403302057,0.1841111834160983
892,0.3765029981732368,0.0387515928273587,8.45933985790817,4,0.2419157351367175,4.289914013817906,2,0.2803437584153266,0.4049110502004623,1.3365335403302057,0.1841111834160983
893,0.3765029981732368,0.0387515928273587,8.45933985790817,4,0.2419157351367175,4.289914013817906,2,0.0468519337533427,0.4172635560389608,1.3365335403302057,0.1841111834160983
894,0.3765029981732368,0.0387515928273587,8.45933985790817,4,0.2419157351367175,4.289914013817906,2,0.0468519337533427,0.4049110502004623,1.475811088182586,0.1841111834160983
895,0.3765029981732368,0.0387515928273587,8.45933985790817,4,0.2419157351367175,4.289914013817906,2,0.0468519337533427,0.4049110502004623,1.3365335403302057,0.2452550436370074
896,0.2219421381130814,0.1960288423318357,11.371926997040342,9,0.268540369765833,7.193676393479109,1,0.2803437584153266,0.4172635560389608,1.475811088182586,0.2452550436370074
897,0.1379040548577904,0.1491513804246029,13.436091136725093,11,0.113573868246749,7.699879754334688,2,0.2415960920002864,0.1569733942393213,4.11792912505443,0.3328250686638057
898,0.5504743158817291,0.1491513804246029,13.436091136725093,11,0.113573868246749,7.699879754334688,2,0.2415960920002864,0.1569733942393213,4.11792912505443,0.3328250686638057
899,0.1379040548577904,0.0320274013335433,13.436091136725093,11,0.113573868246749,7.699879754334688,2,0.2415960920002864,0.1569733942393213,4.11792912505443,0.3328250686638057
900,0.1379040548577904,0.1491513804246029,5.423545032464427,11,0.113573868246749,7.699879754334688,2,0.2415960920002864,0.1569733942393213,4.11792912505443,0.3328250686638057
901,0.1379040548577904,0.1491513804246029,13.436091136725093,14,0.113573868246749,7.699879754334688,2,0.2415960920002864,0.1569733942393213,4.11792912505443,0.3328250686638057
902,0.1379040548577904,0.1491513804246029,13.436091136725093,11,0.0992230420932173,7.699879754334688,2,0.2415960920002864,0.1569733942393213,4.11792912505443,0.3328250686638057
903,0.1379040548577904,0.1491513804246029,13.436091136725093,11,0.113573868246749,4.359011881053448,2,0.2415960920002864,0.1569733942393213,4.11792912505443,0.3328250686638057
904,0.1379040548577904,0.1491513804246029,13.436091136725093,11,0.113573868246749,7.699879754334688,2,0.2415960920002864,0.1569733942393213,4.11792912505443,0.3328250686638057
905,0.1379040548577904,0.1491513804246029,13.436091136725093,11,0.113573868246749,7.699879754334688,2,0.0717274537498049,0.1569733942393213,4.11792912505443,0.3328250686638057
906,0.1379040548577904,0.1491513804246029,13.436091136725093,11,0.113573868246749,7.699879754334688,2,0.2415960920002864,0.2409027887973934,4.11792912505443,0.3328250686638057
907,0.1379040548577904,0.1491513804246029,13.436091136725093,11,0.113573868246749,7.699879754334688,2,0.2415960920002864,0.1569733942393213,2.931206613432113,0.3328250686638057
908,0.1379040548577904,0.1491513804246029,13.436091136725093,11,0.113573868246749,7.699879754334688,2,0.2415960920002864,0.1569733942393213,4.11792912505443,0.4319617210887373
909,0.5504743158817291,0.0320274013335433,5.423545032464427,14,0.0992230420932173,4.359011881053448,2,0.0717274537498049,0.2409027887973934,2.931206613432113,0.4319617210887373
910,0.1698008755221962,0.0613835846078301,5.880557219097612,9,0.0942282813601195,5.255953019484878,1,0.1270377457285511,0.2713798300363123,7.106542282100566,0.3986633157357574
911,0.3253065682947635,0.0613835846078301,5.880557219097612,9,0.0942282813601195,5.255953019484878,1,0.1270377457285511,0.2713798300363123,7.106542282100566,0.3986633157357574
912,0.1698008755221962,0.1176374285880545,5.880557219097612,9,0.0942282813601195,5.255953019484878,1,0.1270377457285511,0.2713798300363123,7.106542282100566,0.3986633157357574
913,0.1698008755221962,0.0613835846078301,20.658338525328773,9,0.0942282813601195,5.255953019484878,1,0.1270377457285511,0.2713798300363123,7.106542282100566,0.3986633157357574
914,0.1698008755221962,0.0613835846078301,5.880557219097612,10,0.0942282813601195,5.255953019484878,1,0.1270377457285511,0.2713798300363123,7.106542282100566,0.3986633157357574
915,0.1698008755221962,0.0613835846078301,5.880557219097612,9,0.2192540338262915,5.255953019484878,1,0.1270377457285511,0.2713798300363123,7.106542282100566,0.3986633157357574
916,0.1698008755221962,0.0613835846078301,5.880557219097612,9,0.0942282813601195,2.990216750651598,1,0.1270377457285511,0.2713798300363123,7.106542282100566,0.3986633157357574
917,0.1698008755221962,0.0613835846078301,5.880557219097612,9,0.0942282813601195,5.255953019484878,2,0.1270377457285511,0.2713798300363123,7.106542282100566,0.3986633157357574
918,0.1698008755221962,0.0613835846078301,5.880557219097612,9,0.0942282813601195,5.255953019484878,1,0.0339298121363832,0.2713798300363123,7.106542282100566,0.3986633157357574
919,0.1698008755221962,0.0613835846078301,5.880557219097612,9,0.0942282813601195,5.255953019484878,1,0.1270377457285511,0.3416339308023453,7.106542282100566,0.3986633157357574
920,0.1698008755221962,0.0613835846078301,5.880557219097612,9,0.0942282813601195,5.255953019484878,1,0.1270377457285511,0.2713798300363123,2.209145337682604,0.3986633157357574
921,0.1698008755221962,0.0613835846078301,5.880557219097612,9,0.0942282813601195,5.255953019484878,1,0.1270377457285511,0.2713798300363123,7.106542282100566,0.3455337404273451
922,0.3253065682947635,0.1176374285880545,20.658338525328773,10,0.2192540338262915,2.990216750651598,2,0.0339298121363832,0.3416339308023453,2.209145337682604,0.3455337404273451
923,0.4921891674399375,0.2283015172035347,21.618505399903164,16,0.2148793418426066,2.572172336280346,3,0.0867417418699304,0.2904653083067387,2.757874899765405,0.2497940858826041
924,0.146810551173985,0.2283015172035347,21.618505399903164,16,0.2148793418426066,2.572172336280346,3,0.0867417418699304,0.2904653083067387,2.757874899765405,0.2497940858826041
925,0.4921891674399375,0.0534069471853277,21.618505399903164,16,0.2148793418426066,2.572172336280346,3,0.0867417418699304,0.2904653083067387,2.757874899765405,0.2497940858826041
926,0.4921891674399375,0.2283015172035347,7.233496555411272,16,0.2148793418426066,2.572172336280346,3,0.0867417418699304,0.2904653083067387,2.757874899765405,0.2497940858826041
927,0.4921891674399375,0.2283015172035347,21.618505399903164,7,0.2148793418426066,2.572172336280346,3,0.0867417418699304,0.2904653083067387,2.757874899765405,0.2497940858826041
928,0.4921891674399375,0.2283015172035347,21.618505399903164,16,0.113470370369032,2.572172336280346,3,0.0867417418699304,0.2904653083067387,2.757874899765405,0.2497940858826041
929,0.4921891674399375,0.2283015172035347,21.618505399903164,16,0.2148793418426066,5.445469185709953,3,0.0867417418699304,0.2904653083067387,2.757874899765405,0.2497940858826041
930,0.4921891674399375,0.2283015172035347,21.618505399903164,16,0.2148793418426066,2.572172336280346,3,0.0867417418699304,0.2904653083067387,2.757874899765405,0.2497940858826041
931,0.4921891674399375,0.2283015172035347,21.618505399903164,16,0.2148793418426066,2.572172336280346,3,0.1147900723915332,0.2904653083067387,2.757874899765405,0.2497940858826041
932,0.4921891674399375,0.2283015172035347,21.618505399903164,16,0.2148793418426066,2.572172336280346,3,0.0867417418699304,0.0950224633328616,2.757874899765405,0.2497940858826041
933,0.4921891674399375,0.2283015172035347,21.618505399903164,16,0.2148793418426066,2.572172336280346,3,0.0867417418699304,0.2904653083067387,5.164153201685604,0.2497940858826041
934,0.4921891674399375,0.2283015172035347,21.618505399903164,16,0.2148793418426066,2.572172336280346,3,0.0867417418699304,0.2904653083067387,2.757874899765405,0.158245703112334
935,0.146810551173985,0.0534069471853277,7.233496555411272,7,0.113470370369032,5.445469185709953,3,0.1147900723915332,0.0950224633328616,5.164153201685604,0.158245703112334
936,0.4554540423676371,0.0528793766847761,5.447117648651905,11,0.0791894983965903,2.7788517121225595,2,0.0406590780900218,0.4203058599960059,5.299691076046453,0.2307849191129207
937,0.0151961272582411,0.0528793766847761,5.447117648651905,11,0.0791894983965903,2.7788517121225595,2,0.0406590780900218,0.4203058599960059,5.299691076046453,0.2307849191129207
938,0.4554540423676371,0.0358708338446031,5.447117648651905,11,0.0791894983965903,2.7788517121225595,2,0.0406590780900218,0.4203058599960059,5.299691076046453,0.2307849191129207
939,0.4554540423676371,0.0528793766847761,23.51125746068128,11,0.0791894983965903,2.7788517121225595,2,0.0406590780900218,0.4203058599960059,5.299691076046453,0.2307849191129207
940,0.4554540423676371,0.0528793766847761,5.447117648651905,16,0.0791894983965903,2.7788517121225595,2,0.0406590780900218,0.4203058599960059,5.299691076046453,0.2307849191129207
941,0.4554540423676371,0.0528793766847761,5.447117648651905,11,0.2463745318353176,2.7788517121225595,2,0.0406590780900218,0.4203058599960059,5.299691076046453,0.2307849191129207
942,0.4554540423676371,0.0528793766847761,5.447117648651905,11,0.0791894983965903,3.624272845685482,2,0.0406590780900218,0.4203058599960059,5.299691076046453,0.2307849191129207
943,0.4554540423676371,0.0528793766847761,5.447117648651905,11,0.0791894983965903,2.7788517121225595,1,0.0406590780900218,0.4203058599960059,5.299691076046453,0.2307849191129207
944,0.4554540423676371,0.0528793766847761,5.447117648651905,11,0.0791894983965903,2.7788517121225595,2,0.2479263720277276,0.4203058599960059,5.299691076046453,0.2307849191129207
945,0.4554540423676371,0.0528793766847761,5.447117648651905,11,0.0791894983965903,2.7788517121225595,2,0.0406590780900218,0.3013966809026897,5.299691076046453,0.2307849191129207
946,0.4554540423676371,0.0528793766847761,5.447117648651905,11,0.0791894983965903,2.7788517121225595,2,0.0406590780900218,0.4203058599960059,1.5698135905812725,0.2307849191129207
947,0.4554540423676371,0.0528793766847761,5.447117648651905,11,0.0791894983965903,2.7788517121225595,2,0.0406590780900218,0.4203058599960059,5.299691076046453,0.4172920198179781
948,0.0151961272582411,0.0358708338446031,23.51125746068128,16,0.2463745318353176,3.624272845685482,1,0.2479263720277276,0.3013966809026897,1.5698135905812725,0.4172920198179781
949,0.2065554197877645,0.1107874539182532,20.5755687885247,5,0.1989251698367297,6.212269213050604,2,0.2783929369320059,0.1195793223567307,1.6923699257395952,0.3819886453449727
950,0.4173736441880464,0.1107874539182532,20.5755687885247,5,0.1989251698367297,6.212269213050604,2,0.2783929369320059,0.1195793223567307,1.6923699257395952,0.3819886453449727
951,0.2065554197877645,0.1751497159834725,20.5755687885247,5,0.1989251698367297,6.212269213050604,2,0.2783929369320059,0.1195793223567307,1.6923699257395952,0.3819886453449727
952,0.2065554197877645,0.1107874539182532,6.4030174508033895,5,0.1989251698367297,6.212269213050604,2,0.2783929369320059,0.1195793223567307,1.6923699257395952,0.3819886453449727
953,0.2065554197877645,0.1107874539182532,20.5755687885247,7,0.1989251698367297,6.212269213050604,2,0.2783929369320059,0.1195793223567307,1.6923699257395952,0.3819886453449727
954,0.2065554197877645,0.1107874539182532,20.5755687885247,5,0.0858616451267153,6.212269213050604,2,0.2783929369320059,0.1195793223567307,1.6923699257395952,0.3819886453449727
955,0.2065554197877645,0.1107874539182532,20.5755687885247,5,0.1989251698367297,7.916788768023252,2,0.2783929369320059,0.1195793223567307,1.6923699257395952,0.3819886453449727
956,0.2065554197877645,0.1107874539182532,20.5755687885247,5,0.1989251698367297,6.212269213050604,2,0.2783929369320059,0.1195793223567307,1.6923699257395952,0.3819886453449727
957,0.2065554197877645,0.1107874539182532,20.5755687885247,5,0.1989251698367297,6.212269213050604,2,0.0838892265026632,0.1195793223567307,1.6923699257395952,0.3819886453449727
958,0.2065554197877645,0.1107874539182532,20.5755687885247,5,0.1989251698367297,6.212269213050604,2,0.2783929369320059,0.1404230996966362,1.6923699257395952,0.3819886453449727
959,0.2065554197877645,0.1107874539182532,20.5755687885247,5,0.1989251698367297,6.212269213050604,2,0.2783929369320059,0.1195793223567307,3.551972514388355,0.3819886453449727
960,0.2065554197877645,0.1107874539182532,20.5755687885247,5,0.1989251698367297,6.212269213050604,2,0.2783929369320059,0.1195793223567307,1.6923699257395952,0.231763017643243
961,0.4173736441880464,0.1751497159834725,6.4030174508033895,7,0.0858616451267153,7.916788768023252,2,0.0838892265026632,0.1404230996966362,3.551972514388355,0.231763017643243
962,0.0996583130210638,0.0798981403229956,8.764337819145382,15,0.2884509046096354,6.743474511429668,1,0.1463148184121344,0.2306074647698551,1.292253945146494,0.3161377974785864
963,0.492242844030261,0.0798981403229956,8.764337819145382,15,0.2884509046096354,6.743474511429668,1,0.1463148184121344,0.2306074647698551,1.292253945146494,0.3161377974785864
964,0.0996583130210638,0.0641606951015119,8.764337819145382,15,0.2884509046096354,6.743474511429668,1,0.1463148184121344,0.2306074647698551,1.292253945146494,0.3161377974785864
965,0.0996583130210638,0.0798981403229956,9.993957565685172,15,0.2884509046096354,6.743474511429668,1,0.1463148184121344,0.2306074647698551,1.292253945146494,0.3161377974785864
966,0.0996583130210638,0.0798981403229956,8.764337819145382,5,0.2884509046096354,6.743474511429668,1,0.1463148184121344,0.2306074647698551,1.292253945146494,0.3161377974785864
967,0.0996583130210638,0.0798981403229956,8.764337819145382,15,0.2331646228674799,6.743474511429668,1,0.1463148184121344,0.2306074647698551,1.292253945146494,0.3161377974785864
968,0.0996583130210638,0.0798981403229956,8.764337819145382,15,0.2884509046096354,6.19333316385746,1,0.1463148184121344,0.2306074647698551,1.292253945146494,0.3161377974785864
969,0.0996583130210638,0.0798981403229956,8.764337819145382,15,0.2884509046096354,6.743474511429668,2,0.1463148184121344,0.2306074647698551,1.292253945146494,0.3161377974785864
970,0.0996583130210638,0.0798981403229956,8.764337819145382,15,0.2884509046096354,6.743474511429668,1,0.0396772463195659,0.2306074647698551,1.292253945146494,0.3161377974785864
971,0.0996583130210638,0.0798981403229956,8.764337819145382,15,0.2884509046096354,6.743474511429668,1,0.1463148184121344,0.4894715605769306,1.292253945146494,0.3161377974785864
972,0.0996583130210638,0.0798981403229956,8.764337819145382,15,0.2884509046096354,6.743474511429668,1,0.1463148184121344,0.2306074647698551,2.693700553853246,0.3161377974785864
973,0.0996583130210638,0.0798981403229956,8.764337819145382,15,0.2884509046096354,6.743474511429668,1,0.1463148184121344,0.2306074647698551,1.292253945146494,0.1728739206679165
974,0.492242844030261,0.0641606951015119,9.993957565685172,5,0.2331646228674799,6.19333316385746,2,0.0396772463195659,0.4894715605769306,2.693700553853246,0.1728739206679165
975,0.4147681592032313,0.1730470777120236,14.303209024902085,9,0.1610247033648192,4.0831398665905,3,0.0753134217619345,0.3092933397740126,3.276237638701325,0.1650711231864988
976,0.2400288803502917,0.1730470777120236,14.303209024902085,9,0.1610247033648192,4.0831398665905,3,0.0753134217619345,0.3092933397740126,3.276237638701325,0.1650711231864988
977,0.4147681592032313,0.097850937530055,14.303209024902085,9,0.1610247033648192,4.0831398665905,3,0.0753134217619345,0.3092933397740126,3.276237638701325,0.1650711231864988
978,0.4147681592032313,0.1730470777120236,6.125447188271896,9,0.1610247033648192,4.0831398665905,3,0.0753134217619345,0.3092933397740126,3.276237638701325,0.1650711231864988
979,0.4147681592032313,0.1730470777120236,14.303209024902085,12,0.1610247033648192,4.0831398665905,3,0.0753134217619345,0.3092933397740126,3.276237638701325,0.1650711231864988
980,0.4147681592032313,0.1730470777120236,14.303209024902085,9,0.1341104425489902,4.0831398665905,3,0.0753134217619345,0.3092933397740126,3.276237638701325,0.1650711231864988
981,0.4147681592032313,0.1730470777120236,14.303209024902085,9,0.1610247033648192,2.277230966836214,3,0.0753134217619345,0.3092933397740126,3.276237638701325,0.1650711231864988
982,0.4147681592032313,0.1730470777120236,14.303209024902085,9,0.1610247033648192,4.0831398665905,3,0.0753134217619345,0.3092933397740126,3.276237638701325,0.1650711231864988
983,0.4147681592032313,0.1730470777120236,14.303209024902085,9,0.1610247033648192,4.0831398665905,3,0.1015305251699364,0.3092933397740126,3.276237638701325,0.1650711231864988
984,0.4147681592032313,0.1730470777120236,14.303209024902085,9,0.1610247033648192,4.0831398665905,3,0.0753134217619345,0.1738585462328046,3.276237638701325,0.1650711231864988
985,0.4147681592032313,0.1730470777120236,14.303209024902085,9,0.1610247033648192,4.0831398665905,3,0.0753134217619345,0.3092933397740126,5.525939435449412,0.1650711231864988
986,0.4147681592032313,0.1730470777120236,14.303209024902085,9,0.1610247033648192,4.0831398665905,3,0.0753134217619345,0.3092933397740126,3.276237638701325,0.3589934379793704
987,0.2400288803502917,0.097850937530055,6.125447188271896,12,0.1341104425489902,2.277230966836214,3,0.1015305251699364,0.1738585462328046,5.525939435449412,0.3589934379793704
988,0.3009440660476684,0.0709462404172895,17.636802476568093,8,0.1330429997295141,2.326088409870863,1,0.1152398902050327,0.1685827064793557,2.197069116731748,0.3684559475630522
989,0.1552695874124765,0.0709462404172895,17.636802476568093,8,0.1330429997295141,2.326088409870863,1,0.1152398902050327,0.1685827064793557,2.197069116731748,0.3684559475630522
990,0.3009440660476684,0.0922315735878554,17.636802476568093,8,0.1330429997295141,2.326088409870863,1,0.1152398902050327,0.1685827064793557,2.197069116731748,0.3684559475630522
991,0.3009440660476684,0.0709462404172895,9.480616547011536,8,0.1330429997295141,2.326088409870863,1,0.1152398902050327,0.1685827064793557,2.197069116731748,0.3684559475630522
992,0.3009440660476684,0.0709462404172895,17.636802476568093,11,0.1330429997295141,2.326088409870863,1,0.1152398902050327,0.1685827064793557,2.197069116731748,0.3684559475630522
993,0.3009440660476684,0.0709462404172895,17.636802476568093,8,0.1596671498380601,2.326088409870863,1,0.1152398902050327,0.1685827064793557,2.197069116731748,0.3684559475630522
994,0.3009440660476684,0.0709462404172895,17.636802476568093,8,0.1330429997295141,3.4917327780276537,1,0.1152398902050327,0.1685827064793557,2.197069116731748,0.3684559475630522
995,0.3009440660476684,0.0709462404172895,17.636802476568093,8,0.1330429997295141,2.326088409870863,3,0.1152398902050327,0.1685827064793557,2.197069116731748,0.3684559475630522
996,0.3009440660476684,0.0709462404172895,17.636802476568093,8,0.1330429997295141,2.326088409870863,1,0.0417346392211184,0.1685827064793557,2.197069116731748,0.3684559475630522
997,0.3009440660476684,0.0709462404172895,17.636802476568093,8,0.1330429997295141,2.326088409870863,1,0.1152398902050327,0.3624681657645851,2.197069116731748,0.3684559475630522
998,0.3009440660476684,0.0709462404172895,17.636802476568093,8,0.1330429997295141,2.326088409870863,1,0.1152398902050327,0.1685827064793557,1.2104197684122795,0.3684559475630522
999,0.3009440660476684,0.0709462404172895,17.636802476568093,8,0.1330429997295141,2.326088409870863,1,0.1152398902050327,0.1685827064793557,2.197069116731748,0.3806715703569353
1000,0.1552695874124765,0.0922315735878554,9.480616547011536,11,0.1596671498380601,3.4917327780276537,3,0.0417346392211184,0.3624681657645851,1.2104197684122795,0.3806715703569353
1001,0.0611386382952332,0.2634135683128404,4.662229189448812,14,0.2536941878031939,5.736434498801827,3,0.0552351203894661,0.3704253130592406,6.880166820451044,0.2196688290685415
1002,0.5772955706343055,0.2634135683128404,4.662229189448812,14,0.2536941878031939,5.736434498801827,3,0.0552351203894661,0.3704253130592406,6.880166820451044,0.2196688290685415
1003,0.0611386382952332,0.1398629315382003,4.662229189448812,14,0.2536941878031939,5.736434498801827,3,0.0552351203894661,0.3704253130592406,6.880166820451044,0.2196688290685415
1004,0.0611386382952332,0.2634135683128404,15.934947639935515,14,0.2536941878031939,5.736434498801827,3,0.0552351203894661,0.3704253130592406,6.880166820451044,0.2196688290685415
1005,0.0611386382952332,0.2634135683128404,4.662229189448812,6,0.2536941878031939,5.736434498801827,3,0.0552351203894661,0.3704253130592406,6.880166820451044,0.2196688290685415
1006,0.0611386382952332,0.2634135683128404,4.662229189448812,14,0.2041827970650047,5.736434498801827,3,0.0552351203894661,0.3704253130592406,6.880166820451044,0.2196688290685415
1007,0.0611386382952332,0.2634135683128404,4.662229189448812,14,0.2536941878031939,5.154888523742557,3,0.0552351203894661,0.3704253130592406,6.880166820451044,0.2196688290685415
1008,0.0611386382952332,0.2634135683128404,4.662229189448812,14,0.2536941878031939,5.736434498801827,2,0.0552351203894661,0.3704253130592406,6.880166820451044,0.2196688290685415
1009,0.0611386382952332,0.2634135683128404,4.662229189448812,14,0.2536941878031939,5.736434498801827,3,0.1629843854874968,0.3704253130592406,6.880166820451044,0.2196688290685415
1010,0.0611386382952332,0.2634135683128404,4.662229189448812,14,0.2536941878031939,5.736434498801827,3,0.0552351203894661,0.0741073606070131,6.880166820451044,0.2196688290685415
1011,0.0611386382952332,0.2634135683128404,4.662229189448812,14,0.2536941878031939,5.736434498801827,3,0.0552351203894661,0.3704253130592406,4.606539648372976,0.2196688290685415
1012,0.0611386382952332,0.2634135683128404,4.662229189448812,14,0.2536941878031939,5.736434498801827,3,0.0552351203894661,0.3704253130592406,6.880166820451044,0.2683836090378463
1013,0.5772955706343055,0.1398629315382003,15.934947639935515,6,0.2041827970650047,5.154888523742557,2,0.1629843854874968,0.0741073606070131,4.606539648372976,0.2683836090378463
1014,0.2453795129433274,0.033528928531655,10.954248186663872,6,0.2343513567000627,7.406877890229225,2,0.031175583897368,0.484857507282868,4.25341551668072,0.2850610476918518
1015,0.3521695135161281,0.033528928531655,10.954248186663872,6,0.2343513567000627,7.406877890229225,2,0.031175583897368,0.484857507282868,4.25341551668072,0.2850610476918518
1016,0.2453795129433274,0.0512461757531973,10.954248186663872,6,0.2343513567000627,7.406877890229225,2,0.031175583897368,0.484857507282868,4.25341551668072,0.2850610476918518
1017,0.2453795129433274,0.033528928531655,4.129877817503341,6,0.2343513567000627,7.406877890229225,2,0.031175583897368,0.484857507282868,4.25341551668072,0.2850610476918518
1018,0.2453795129433274,0.033528928531655,10.954248186663872,10,0.2343513567000627,7.406877890229225,2,0.031175583897368,0.484857507282868,4.25341551668072,0.2850610476918518
1019,0.2453795129433274,0.033528928531655,10.954248186663872,6,0.0527673819568008,7.406877890229225,2,0.031175583897368,0.484857507282868,4.25341551668072,0.2850610476918518
1020,0.2453795129433274,0.033528928531655,10.954248186663872,6,0.2343513567000627,6.68774832226336,2,0.031175583897368,0.484857507282868,4.25341551668072,0.2850610476918518
1021,0.2453795129433274,0.033528928531655,10.954248186663872,6,0.2343513567000627,7.406877890229225,2,0.031175583897368,0.484857507282868,4.25341551668072,0.2850610476918518
1022,0.2453795129433274,0.033528928531655,10.954248186663872,6,0.2343513567000627,7.406877890229225,2,0.1973259036556379,0.484857507282868,4.25341551668072,0.2850610476918518
1023,0.2453795129433274,0.033528928531655,10.954248186663872,6,0.2343513567000627,7.406877890229225,2,0.031175583897368,0.3958812954835594,4.25341551668072,0.2850610476918518
1024,0.2453795129433274,0.033528928531655,10.954248186663872,6,0.2343513567000627,7.406877890229225,2,0.031175583897368,0.484857507282868,2.0769540430826567,0.2850610476918518
1025,0.2453795129433274,0.033528928531655,10.954248186663872,6,0.2343513567000627,7.406877890229225,2,0.031175583897368,0.484857507282868,4.25341551668072,0.2100805926136672
1026,0.3521695135161281,0.0512461757531973,4.129877817503341,10,0.0527673819568008,6.68774832226336,2,0.1973259036556379,0.3958812954835594,2.0769540430826567,0.2100805926136672
1027,0.5689737170934677,0.129272144020374,6.711149361211721,12,0.1060096323024481,4.723471833392978,2,0.1987667326447313,0.0541627012193203,1.6776844364682038,0.4340035286732018
1028,0.0801067527383565,0.129272144020374,6.711149361211721,12,0.1060096323024481,4.723471833392978,2,0.1987667326447313,0.0541627012193203,1.6776844364682038,0.4340035286732018
1029,0.5689737170934677,0.2516177382721674,6.711149361211721,12,0.1060096323024481,4.723471833392978,2,0.1987667326447313,0.0541627012193203,1.6776844364682038,0.4340035286732018
1030,0.5689737170934677,0.129272144020374,14.77150523989871,12,0.1060096323024481,4.723471833392978,2,0.1987667326447313,0.0541627012193203,1.6776844364682038,0.4340035286732018
1031,0.5689737170934677,0.129272144020374,6.711149361211721,14,0.1060096323024481,4.723471833392978,2,0.1987667326447313,0.0541627012193203,1.6776844364682038,0.4340035286732018
1032,0.5689737170934677,0.129272144020374,6.711149361211721,12,0.2838714352808892,4.723471833392978,2,0.1987667326447313,0.0541627012193203,1.6776844364682038,0.4340035286732018
1033,0.5689737170934677,0.129272144020374,6.711149361211721,12,0.1060096323024481,4.654004609212279,2,0.1987667326447313,0.0541627012193203,1.6776844364682038,0.4340035286732018
1034,0.5689737170934677,0.129272144020374,6.711149361211721,12,0.1060096323024481,4.723471833392978,1,0.1987667326447313,0.0541627012193203,1.6776844364682038,0.4340035286732018
1035,0.5689737170934677,0.129272144020374,6.711149361211721,12,0.1060096323024481,4.723471833392978,2,0.0583410568199291,0.0541627012193203,1.6776844364682038,0.4340035286732018
1036,0.5689737170934677,0.129272144020374,6.711149361211721,12,0.1060096323024481,4.723471833392978,2,0.1987667326447313,0.2621461905539036,1.6776844364682038,0.4340035286732018
1037,0.5689737170934677,0.129272144020374,6.711149361211721,12,0.1060096323024481,4.723471833392978,2,0.1987667326447313,0.0541627012193203,7.166739668212845,0.4340035286732018
1038,0.5689737170934677,0.129272144020374,6.711149361211721,12,0.1060096323024481,4.723471833392978,2,0.1987667326447313,0.0541627012193203,1.6776844364682038,0.321787194069475
1039,0.0801067527383565,0.2516177382721674,14.77150523989871,14,0.2838714352808892,4.654004609212279,1,0.0583410568199291,0.2621461905539036,7.166739668212845,0.321787194069475
1040,0.5964107064530253,0.0301068725846244,19.86685071607627,10,0.2836837544571608,5.476661572232842,3,0.0328906025283806,0.1323880027979612,3.7855639385870896,0.4446056454442442
1041,0.2022886281833052,0.0301068725846244,19.86685071607627,10,0.2836837544571608,5.476661572232842,3,0.0328906025283806,0.1323880027979612,3.7855639385870896,0.4446056454442442
1042,0.5964107064530253,0.0574183798372951,19.86685071607627,10,0.2836837544571608,5.476661572232842,3,0.0328906025283806,0.1323880027979612,3.7855639385870896,0.4446056454442442
1043,0.5964107064530253,0.0301068725846244,12.150441775567309,10,0.2836837544571608,5.476661572232842,3,0.0328906025283806,0.1323880027979612,3.7855639385870896,0.4446056454442442
1044,0.5964107064530253,0.0301068725846244,19.86685071607627,8,0.2836837544571608,5.476661572232842,3,0.0328906025283806,0.1323880027979612,3.7855639385870896,0.4446056454442442
1045,0.5964107064530253,0.0301068725846244,19.86685071607627,10,0.1544546810444444,5.476661572232842,3,0.0328906025283806,0.1323880027979612,3.7855639385870896,0.4446056454442442
1046,0.5964107064530253,0.0301068725846244,19.86685071607627,10,0.2836837544571608,4.241122044622898,3,0.0328906025283806,0.1323880027979612,3.7855639385870896,0.4446056454442442
1047,0.5964107064530253,0.0301068725846244,19.86685071607627,10,0.2836837544571608,5.476661572232842,2,0.0328906025283806,0.1323880027979612,3.7855639385870896,0.4446056454442442
1048,0.5964107064530253,0.0301068725846244,19.86685071607627,10,0.2836837544571608,5.476661572232842,3,0.1941075014071815,0.1323880027979612,3.7855639385870896,0.4446056454442442
1049,0.5964107064530253,0.0301068725846244,19.86685071607627,10,0.2836837544571608,5.476661572232842,3,0.0328906025283806,0.451840118644759,3.7855639385870896,0.4446056454442442
1050,0.5964107064530253,0.0301068725846244,19.86685071607627,10,0.2836837544571608,5.476661572232842,3,0.0328906025283806,0.1323880027979612,3.410057656230544,0.4446056454442442
1051,0.5964107064530253,0.0301068725846244,19.86685071607627,10,0.2836837544571608,5.476661572232842,3,0.0328906025283806,0.1323880027979612,3.7855639385870896,0.3510013972409069
1052,0.2022886281833052,0.0574183798372951,12.150441775567309,8,0.1544546810444444,4.241122044622898,2,0.1941075014071815,0.451840118644759,3.410057656230544,0.3510013972409069
1053,0.2344214256852865,0.1439630947663644,5.105907465790533,16,0.154334944859147,2.1600796096026897,1,0.2175646777693373,0.4365133284125477,1.457943095463332,0.2935391052626073
1054,0.5299881387501955,0.1439630947663644,5.105907465790533,16,0.154334944859147,2.1600796096026897,1,0.2175646777693373,0.4365133284125477,1.457943095463332,0.2935391052626073
1055,0.2344214256852865,0.1263361077749767,5.105907465790533,16,0.154334944859147,2.1600796096026897,1,0.2175646777693373,0.4365133284125477,1.457943095463332,0.2935391052626073
1056,0.2344214256852865,0.1439630947663644,5.023032064088063,16,0.154334944859147,2.1600796096026897,1,0.2175646777693373,0.4365133284125477,1.457943095463332,0.2935391052626073
1057,0.2344214256852865,0.1439630947663644,5.105907465790533,16,0.154334944859147,2.1600796096026897,1,0.2175646777693373,0.4365133284125477,1.457943095463332,0.2935391052626073
1058,0.2344214256852865,0.1439630947663644,5.105907465790533,16,0.1821741263382136,2.1600796096026897,1,0.2175646777693373,0.4365133284125477,1.457943095463332,0.2935391052626073
1059,0.2344214256852865,0.1439630947663644,5.105907465790533,16,0.154334944859147,7.40541073307395,1,0.2175646777693373,0.4365133284125477,1.457943095463332,0.2935391052626073
1060,0.2344214256852865,0.1439630947663644,5.105907465790533,16,0.154334944859147,2.1600796096026897,3,0.2175646777693373,0.4365133284125477,1.457943095463332,0.2935391052626073
1061,0.2344214256852865,0.1439630947663644,5.105907465790533,16,0.154334944859147,2.1600796096026897,1,0.0656238015826175,0.4365133284125477,1.457943095463332,0.2935391052626073
1062,0.2344214256852865,0.1439630947663644,5.105907465790533,16,0.154334944859147,2.1600796096026897,1,0.2175646777693373,0.2063264206517487,1.457943095463332,0.2935391052626073
1063,0.2344214256852865,0.1439630947663644,5.105907465790533,16,0.154334944859147,2.1600796096026897,1,0.2175646777693373,0.4365133284125477,1.6352476971207912,0.2935391052626073
1064,0.2344214256852865,0.1439630947663644,5.105907465790533,16,0.154334944859147,2.1600796096026897,1,0.2175646777693373,0.4365133284125477,1.457943095463332,0.1621164084412157
1065,0.5299881387501955,0.1263361077749767,5.023032064088063,16,0.1821741263382136,7.40541073307395,3,0.0656238015826175,0.2063264206517487,1.6352476971207912,0.1621164084412157
1066,0.0530373003333807,0.0635974611318714,14.596309460525903,4,0.0563682801555842,4.977860493585467,2,0.1218868292760707,0.3220897776074707,2.5090346060962494,0.2089574391022324
1067,0.3051501642912626,0.0635974611318714,14.596309460525903,4,0.0563682801555842,4.977860493585467,2,0.1218868292760707,0.3220897776074707,2.5090346060962494,0.2089574391022324
1068,0.0530373003333807,0.0344770348199181,14.596309460525903,4,0.0563682801555842,4.977860493585467,2,0.1218868292760707,0.3220897776074707,2.5090346060962494,0.2089574391022324
1069,0.0530373003333807,0.0635974611318714,19.3727911009283,4,0.0563682801555842,4.977860493585467,2,0.1218868292760707,0.3220897776074707,2.5090346060962494,0.2089574391022324
1070,0.0530373003333807,0.0635974611318714,14.596309460525903,12,0.0563682801555842,4.977860493585467,2,0.1218868292760707,0.3220897776074707,2.5090346060962494,0.2089574391022324
1071,0.0530373003333807,0.0635974611318714,14.596309460525903,4,0.0738639856688678,4.977860493585467,2,0.1218868292760707,0.3220897776074707,2.5090346060962494,0.2089574391022324
1072,0.0530373003333807,0.0635974611318714,14.596309460525903,4,0.0563682801555842,5.942627668380737,2,0.1218868292760707,0.3220897776074707,2.5090346060962494,0.2089574391022324
1073,0.0530373003333807,0.0635974611318714,14.596309460525903,4,0.0563682801555842,4.977860493585467,1,0.1218868292760707,0.3220897776074707,2.5090346060962494,0.2089574391022324
1074,0.0530373003333807,0.0635974611318714,14.596309460525903,4,0.0563682801555842,4.977860493585467,2,0.0506600228978805,0.3220897776074707,2.5090346060962494,0.2089574391022324
1075,0.0530373003333807,0.0635974611318714,14.596309460525903,4,0.0563682801555842,4.977860493585467,2,0.1218868292760707,0.3059596037492156,2.5090346060962494,0.2089574391022324
1076,0.0530373003333807,0.0635974611318714,14.596309460525903,4,0.0563682801555842,4.977860493585467,2,0.1218868292760707,0.3220897776074707,5.850937714607122,0.2089574391022324
1077,0.0530373003333807,0.0635974611318714,14.596309460525903,4,0.0563682801555842,4.977860493585467,2,0.1218868292760707,0.3220897776074707,2.5090346060962494,0.2579194248653949
1078,0.3051501642912626,0.0344770348199181,19.3727911009283,12,0.0738639856688678,5.942627668380737,1,0.0506600228978805,0.3059596037492156,5.850937714607122,0.2579194248653949
1079,0.3300653574988246,0.2938469939943278,9.724381467985172,10,0.178026558086276,7.567524954676628,2,0.0603058494123029,0.2468026905786246,7.789576112555664,0.36016158554703
1080,0.1274144930765032,0.2938469939943278,9.724381467985172,10,0.178026558086276,7.567524954676628,2,0.0603058494123029,0.2468026905786246,7.789576112555664,0.36016158554703
1081,0.3300653574988246,0.2103180853446271,9.724381467985172,10,0.178026558086276,7.567524954676628,2,0.0603058494123029,0.2468026905786246,7.789576112555664,0.36016158554703
1082,0.3300653574988246,0.2938469939943278,7.794903945640219,10,0.178026558086276,7.567524954676628,2,0.0603058494123029,0.2468026905786246,7.789576112555664,0.36016158554703
1083,0.3300653574988246,0.2938469939943278,9.724381467985172,5,0.178026558086276,7.567524954676628,2,0.0603058494123029,0.2468026905786246,7.789576112555664,0.36016158554703
1084,0.3300653574988246,0.2938469939943278,9.724381467985172,10,0.2899950248654931,7.567524954676628,2,0.0603058494123029,0.2468026905786246,7.789576112555664,0.36016158554703
1085,0.3300653574988246,0.2938469939943278,9.724381467985172,10,0.178026558086276,2.3990306593477726,2,0.0603058494123029,0.2468026905786246,7.789576112555664,0.36016158554703
1086,0.3300653574988246,0.2938469939943278,9.724381467985172,10,0.178026558086276,7.567524954676628,2,0.0603058494123029,0.2468026905786246,7.789576112555664,0.36016158554703
1087,0.3300653574988246,0.2938469939943278,9.724381467985172,10,0.178026558086276,7.567524954676628,2,0.1298161854795431,0.2468026905786246,7.789576112555664,0.36016158554703
1088,0.3300653574988246,0.2938469939943278,9.724381467985172,10,0.178026558086276,7.567524954676628,2,0.0603058494123029,0.1306966093368828,7.789576112555664,0.36016158554703
1089,0.3300653574988246,0.2938469939943278,9.724381467985172,10,0.178026558086276,7.567524954676628,2,0.0603058494123029,0.2468026905786246,2.5439137010346773,0.36016158554703
1090,0.3300653574988246,0.2938469939943278,9.724381467985172,10,0.178026558086276,7.567524954676628,2,0.0603058494123029,0.2468026905786246,7.789576112555664,0.4473857735283673
1091,0.1274144930765032,0.2103180853446271,7.794903945640219,5,0.2899950248654931,2.3990306593477726,2,0.1298161854795431,0.1306966093368828,2.5439137010346773,0.4473857735283673
1092,0.4412412643432617,0.0716642140880635,4.83592815005487,13,0.2136968883685767,6.324633654206991,2,0.166205105636818,0.3857625655829906,1.1230309428459742,0.1568860511295497
1093,0.0422890249639749,0.0716642140880635,4.83592815005487,13,0.2136968883685767,6.324633654206991,2,0.166205105636818,0.3857625655829906,1.1230309428459742,0.1568860511295497
1094,0.4412412643432617,0.0426771338028536,4.83592815005487,13,0.2136968883685767,6.324633654206991,2,0.166205105636818,0.3857625655829906,1.1230309428459742,0.1568860511295497
1095,0.4412412643432617,0.0716642140880635,4.764109721845207,13,0.2136968883685767,6.324633654206991,2,0.166205105636818,0.3857625655829906,1.1230309428459742,0.1568860511295497
1096,0.4412412643432617,0.0716642140880635,4.83592815005487,6,0.2136968883685767,6.324633654206991,2,0.166205105636818,0.3857625655829906,1.1230309428459742,0.1568860511295497
1097,0.4412412643432617,0.0716642140880635,4.83592815005487,13,0.256714047351852,6.324633654206991,2,0.166205105636818,0.3857625655829906,1.1230309428459742,0.1568860511295497
1098,0.4412412643432617,0.0716642140880635,4.83592815005487,13,0.2136968883685767,2.878156768158078,2,0.166205105636818,0.3857625655829906,1.1230309428459742,0.1568860511295497
1099,0.4412412643432617,0.0716642140880635,4.83592815005487,13,0.2136968883685767,6.324633654206991,2,0.166205105636818,0.3857625655829906,1.1230309428459742,0.1568860511295497
1100,0.4412412643432617,0.0716642140880635,4.83592815005487,13,0.2136968883685767,6.324633654206991,2,0.0305117823305959,0.3857625655829906,1.1230309428459742,0.1568860511295497
1101,0.4412412643432617,0.0716642140880635,4.83592815005487,13,0.2136968883685767,6.324633654206991,2,0.166205105636818,0.4338350383564829,1.1230309428459742,0.1568860511295497
1102,0.4412412643432617,0.0716642140880635,4.83592815005487,13,0.2136968883685767,6.324633654206991,2,0.166205105636818,0.3857625655829906,4.421929271722244,0.1568860511295497
1103,0.4412412643432617,0.0716642140880635,4.83592815005487,13,0.2136968883685767,6.324633654206991,2,0.166205105636818,0.3857625655829906,1.1230309428459742,0.3132076400332153
1104,0.0422890249639749,0.0426771338028536,4.764109721845207,6,0.256714047351852,2.878156768158078,2,0.0305117823305959,0.4338350383564829,4.421929271722244,0.3132076400332153
1105,0.0895176256075501,0.1929330036190656,18.78656151248696,7,0.0834325556177646,2.9849806372076277,2,0.0765622008832019,0.180507223540917,2.9159612046928323,0.3058286662213504
1106,0.3899832000955939,0.1929330036190656,18.78656151248696,7,0.0834325556177646,2.9849806372076277,2,0.0765622008832019,0.180507223540917,2.9159612046928323,0.3058286662213504
1107,0.0895176256075501,0.2617892728366005,18.78656151248696,7,0.0834325556177646,2.9849806372076277,2,0.0765622008832019,0.180507223540917,2.9159612046928323,0.3058286662213504
1108,0.0895176256075501,0.1929330036190656,12.85515569436632,7,0.0834325556177646,2.9849806372076277,2,0.0765622008832019,0.180507223540917,2.9159612046928323,0.3058286662213504
1109,0.0895176256075501,0.1929330036190656,18.78656151248696,11,0.0834325556177646,2.9849806372076277,2,0.0765622008832019,0.180507223540917,2.9159612046928323,0.3058286662213504
1110,0.0895176256075501,0.1929330036190656,18.78656151248696,7,0.1105557765811681,2.9849806372076277,2,0.0765622008832019,0.180507223540917,2.9159612046928323,0.3058286662213504
1111,0.0895176256075501,0.1929330036190656,18.78656151248696,7,0.0834325556177646,5.662993727251887,2,0.0765622008832019,0.180507223540917,2.9159612046928323,0.3058286662213504
1112,0.0895176256075501,0.1929330036190656,18.78656151248696,7,0.0834325556177646,2.9849806372076277,1,0.0765622008832019,0.180507223540917,2.9159612046928323,0.3058286662213504
1113,0.0895176256075501,0.1929330036190656,18.78656151248696,7,0.0834325556177646,2.9849806372076277,2,0.119323302897953,0.180507223540917,2.9159612046928323,0.3058286662213504
1114,0.0895176256075501,0.1929330036190656,18.78656151248696,7,0.0834325556177646,2.9849806372076277,2,0.0765622008832019,0.2295757551677525,2.9159612046928323,0.3058286662213504
1115,0.0895176256075501,0.1929330036190656,18.78656151248696,7,0.0834325556177646,2.9849806372076277,2,0.0765622008832019,0.180507223540917,1.2610333223178416,0.3058286662213504
1116,0.0895176256075501,0.1929330036190656,18.78656151248696,7,0.0834325556177646,2.9849806372076277,2,0.0765622008832019,0.180507223540917,2.9159612046928323,0.1999097353778779
1117,0.3899832000955939,0.2617892728366005,12.85515569436632,11,0.1105557765811681,5.662993727251887,1,0.119323302897953,0.2295757551677525,1.2610333223178416,0.1999097353778779
1118,0.1982455188408494,0.0475628761397608,6.577803333609697,13,0.1265973846428096,3.965528130531311,3,0.0460698570454336,0.0694842779077589,5.999996248762957,0.3899900576099754
1119,0.465150254778564,0.0475628761397608,6.577803333609697,13,0.1265973846428096,3.965528130531311,3,0.0460698570454336,0.0694842779077589,5.999996248762957,0.3899900576099754
1120,0.1982455188408494,0.0714358380934518,6.577803333609697,13,0.1265973846428096,3.965528130531311,3,0.0460698570454336,0.0694842779077589,5.999996248762957,0.3899900576099754
1121,0.1982455188408494,0.0475628761397608,8.2326130624154,13,0.1265973846428096,3.965528130531311,3,0.0460698570454336,0.0694842779077589,5.999996248762957,0.3899900576099754
1122,0.1982455188408494,0.0475628761397608,6.577803333609697,13,0.1265973846428096,3.965528130531311,3,0.0460698570454336,0.0694842779077589,5.999996248762957,0.3899900576099754
1123,0.1982455188408494,0.0475628761397608,6.577803333609697,13,0.2074296783655881,3.965528130531311,3,0.0460698570454336,0.0694842779077589,5.999996248762957,0.3899900576099754
1124,0.1982455188408494,0.0475628761397608,6.577803333609697,13,0.1265973846428096,6.940994227305055,3,0.0460698570454336,0.0694842779077589,5.999996248762957,0.3899900576099754
1125,0.1982455188408494,0.0475628761397608,6.577803333609697,13,0.1265973846428096,3.965528130531311,3,0.0460698570454336,0.0694842779077589,5.999996248762957,0.3899900576099754
1126,0.1982455188408494,0.0475628761397608,6.577803333609697,13,0.1265973846428096,3.965528130531311,3,0.2698520862151666,0.0694842779077589,5.999996248762957,0.3899900576099754
1127,0.1982455188408494,0.0475628761397608,6.577803333609697,13,0.1265973846428096,3.965528130531311,3,0.0460698570454336,0.3582412767689675,5.999996248762957,0.3899900576099754
1128,0.1982455188408494,0.0475628761397608,6.577803333609697,13,0.1265973846428096,3.965528130531311,3,0.0460698570454336,0.0694842779077589,7.587276128054596,0.3899900576099754
1129,0.1982455188408494,0.0475628761397608,6.577803333609697,13,0.1265973846428096,3.965528130531311,3,0.0460698570454336,0.0694842779077589,5.999996248762957,0.2962988323532045
1130,0.465150254778564,0.0714358380934518,8.2326130624154,13,0.2074296783655881,6.940994227305055,3,0.2698520862151666,0.3582412767689675,7.587276128054596,0.2962988323532045
1131,0.4849303811788559,0.1231729032198628,9.870591364326584,7,0.2491711792070418,6.532121537253261,1,0.2837270858242805,0.4967663485091179,1.9326081728072677,0.2412033593282103
1132,0.2674190159887075,0.1231729032198628,9.870591364326584,7,0.2491711792070418,6.532121537253261,1,0.2837270858242805,0.4967663485091179,1.9326081728072677,0.2412033593282103
1133,0.4849303811788559,0.1562865909539914,9.870591364326584,7,0.2491711792070418,6.532121537253261,1,0.2837270858242805,0.4967663485091179,1.9326081728072677,0.2412033593282103
1134,0.4849303811788559,0.1231729032198628,18.27793187124672,7,0.2491711792070418,6.532121537253261,1,0.2837270858242805,0.4967663485091179,1.9326081728072677,0.2412033593282103
1135,0.4849303811788559,0.1231729032198628,9.870591364326584,10,0.2491711792070418,6.532121537253261,1,0.2837270858242805,0.4967663485091179,1.9326081728072677,0.2412033593282103
1136,0.4849303811788559,0.1231729032198628,9.870591364326584,7,0.1248127012047916,6.532121537253261,1,0.2837270858242805,0.4967663485091179,1.9326081728072677,0.2412033593282103
1137,0.4849303811788559,0.1231729032198628,9.870591364326584,7,0.2491711792070418,4.52966414950788,1,0.2837270858242805,0.4967663485091179,1.9326081728072677,0.2412033593282103
1138,0.4849303811788559,0.1231729032198628,9.870591364326584,7,0.2491711792070418,6.532121537253261,2,0.2837270858242805,0.4967663485091179,1.9326081728072677,0.2412033593282103
1139,0.4849303811788559,0.1231729032198628,9.870591364326584,7,0.2491711792070418,6.532121537253261,1,0.0797171149826988,0.4967663485091179,1.9326081728072677,0.2412033593282103
1140,0.4849303811788559,0.1231729032198628,9.870591364326584,7,0.2491711792070418,6.532121537253261,1,0.2837270858242805,0.0837175570894032,1.9326081728072677,0.2412033593282103
1141,0.4849303811788559,0.1231729032198628,9.870591364326584,7,0.2491711792070418,6.532121537253261,1,0.2837270858242805,0.4967663485091179,1.9617112961923384,0.2412033593282103
1142,0.4849303811788559,0.1231729032198628,9.870591364326584,7,0.2491711792070418,6.532121537253261,1,0.2837270858242805,0.4967663485091179,1.9326081728072677,0.4090062218718231
1143,0.2674190159887075,0.1562865909539914,18.27793187124672,10,0.1248127012047916,4.52966414950788,2,0.0797171149826988,0.0837175570894032,1.9617112961923384,0.4090062218718231
1144,0.5219673497602343,0.0551190435409129,7.616040332176964,6,0.1738040451426059,7.813631791621447,2,0.1435388642810769,0.3388095341157168,6.204012073095037,0.2579053469002247
1145,0.1752066001296043,0.0551190435409129,7.616040332176964,6,0.1738040451426059,7.813631791621447,2,0.1435388642810769,0.3388095341157168,6.204012073095037,0.2579053469002247
1146,0.5219673497602343,0.2337503226841617,7.616040332176964,6,0.1738040451426059,7.813631791621447,2,0.1435388642810769,0.3388095341157168,6.204012073095037,0.2579053469002247
1147,0.5219673497602343,0.0551190435409129,8.805496332373004,6,0.1738040451426059,7.813631791621447,2,0.1435388642810769,0.3388095341157168,6.204012073095037,0.2579053469002247
1148,0.5219673497602343,0.0551190435409129,7.616040332176964,13,0.1738040451426059,7.813631791621447,2,0.1435388642810769,0.3388095341157168,6.204012073095037,0.2579053469002247
1149,0.5219673497602343,0.0551190435409129,7.616040332176964,6,0.2428241970017552,7.813631791621447,2,0.1435388642810769,0.3388095341157168,6.204012073095037,0.2579053469002247
1150,0.5219673497602343,0.0551190435409129,7.616040332176964,6,0.1738040451426059,6.44456466846168,2,0.1435388642810769,0.3388095341157168,6.204012073095037,0.2579053469002247
1151,0.5219673497602343,0.0551190435409129,7.616040332176964,6,0.1738040451426059,7.813631791621447,2,0.1435388642810769,0.3388095341157168,6.204012073095037,0.2579053469002247
1152,0.5219673497602343,0.0551190435409129,7.616040332176964,6,0.1738040451426059,7.813631791621447,2,0.0357056149580777,0.3388095341157168,6.204012073095037,0.2579053469002247
1153,0.5219673497602343,0.0551190435409129,7.616040332176964,6,0.1738040451426059,7.813631791621447,2,0.1435388642810769,0.2850451179314405,6.204012073095037,0.2579053469002247
1154,0.5219673497602343,0.0551190435409129,7.616040332176964,6,0.1738040451426059,7.813631791621447,2,0.1435388642810769,0.3388095341157168,4.157665952558347,0.2579053469002247
1155,0.5219673497602343,0.0551190435409129,7.616040332176964,6,0.1738040451426059,7.813631791621447,2,0.1435388642810769,0.3388095341157168,6.204012073095037,0.2227815234102308
1156,0.1752066001296043,0.2337503226841617,8.805496332373004,13,0.2428241970017552,6.44456466846168,2,0.0357056149580777,0.2850451179314405,4.157665952558347,0.2227815234102308
1157,0.1611891310662031,0.2542528723844446,11.763345188383273,12,0.2954621824435889,4.497401924803853,2,0.0886522004077278,0.1931545888073742,2.4284946037141126,0.4090451203286648
1158,0.5969123074784874,0.2542528723844446,11.763345188383273,12,0.2954621824435889,4.497401924803853,2,0.0886522004077278,0.1931545888073742,2.4284946037141126,0.4090451203286648
1159,0.1611891310662031,0.0477631846949833,11.763345188383273,12,0.2954621824435889,4.497401924803853,2,0.0886522004077278,0.1931545888073742,2.4284946037141126,0.4090451203286648
1160,0.1611891310662031,0.2542528723844446,16.977499103517083,12,0.2954621824435889,4.497401924803853,2,0.0886522004077278,0.1931545888073742,2.4284946037141126,0.4090451203286648
1161,0.1611891310662031,0.2542528723844446,11.763345188383273,4,0.2954621824435889,4.497401924803853,2,0.0886522004077278,0.1931545888073742,2.4284946037141126,0.4090451203286648
1162,0.1611891310662031,0.2542528723844446,11.763345188383273,12,0.0899064023513347,4.497401924803853,2,0.0886522004077278,0.1931545888073742,2.4284946037141126,0.4090451203286648
1163,0.1611891310662031,0.2542528723844446,11.763345188383273,12,0.2954621824435889,2.108034746721387,2,0.0886522004077278,0.1931545888073742,2.4284946037141126,0.4090451203286648
1164,0.1611891310662031,0.2542528723844446,11.763345188383273,12,0.2954621824435889,4.497401924803853,1,0.0886522004077278,0.1931545888073742,2.4284946037141126,0.4090451203286648
1165,0.1611891310662031,0.2542528723844446,11.763345188383273,12,0.2954621824435889,4.497401924803853,2,0.1054631721388626,0.1931545888073742,2.4284946037141126,0.4090451203286648
1166,0.1611891310662031,0.2542528723844446,11.763345188383273,12,0.2954621824435889,4.497401924803853,2,0.0886522004077278,0.1515306029003113,2.4284946037141126,0.4090451203286648
1167,0.1611891310662031,0.2542528723844446,11.763345188383273,12,0.2954621824435889,4.497401924803853,2,0.0886522004077278,0.1931545888073742,1.04051483034094,0.4090451203286648
1168,0.1611891310662031,0.2542528723844446,11.763345188383273,12,0.2954621824435889,4.497401924803853,2,0.0886522004077278,0.1931545888073742,2.4284946037141126,0.3372479391284287
1169,0.5969123074784874,0.0477631846949833,16.977499103517083,4,0.0899064023513347,2.108034746721387,1,0.1054631721388626,0.1515306029003113,1.04051483034094,0.3372479391284287
1170,0.1274609517306089,0.0347384980177497,4.001517662267979,8,0.1974986013490706,2.4530127868056297,3,0.0533111311958879,0.0787533497903496,1.5062936657704515,0.3248963230289519
1171,0.3720417978242039,0.0347384980177497,4.001517662267979,8,0.1974986013490706,2.4530127868056297,3,0.0533111311958879,0.0787533497903496,1.5062936657704515,0.3248963230289519
1172,0.1274609517306089,0.1300951234242536,4.001517662267979,8,0.1974986013490706,2.4530127868056297,3,0.0533111311958879,0.0787533497903496,1.5062936657704515,0.3248963230289519
1173,0.1274609517306089,0.0347384980177497,4.455277457041675,8,0.1974986013490706,2.4530127868056297,3,0.0533111311958879,0.0787533497903496,1.5062936657704515,0.3248963230289519
1174,0.1274609517306089,0.0347384980177497,4.001517662267979,8,0.1974986013490706,2.4530127868056297,3,0.0533111311958879,0.0787533497903496,1.5062936657704515,0.3248963230289519
1175,0.1274609517306089,0.0347384980177497,4.001517662267979,8,0.2296048108953982,2.4530127868056297,3,0.0533111311958879,0.0787533497903496,1.5062936657704515,0.3248963230289519
1176,0.1274609517306089,0.0347384980177497,4.001517662267979,8,0.1974986013490706,3.734876712784171,3,0.0533111311958879,0.0787533497903496,1.5062936657704515,0.3248963230289519
1177,0.1274609517306089,0.0347384980177497,4.001517662267979,8,0.1974986013490706,2.4530127868056297,3,0.0533111311958879,0.0787533497903496,1.5062936657704515,0.3248963230289519
1178,0.1274609517306089,0.0347384980177497,4.001517662267979,8,0.1974986013490706,2.4530127868056297,3,0.2385408193477676,0.0787533497903496,1.5062936657704515,0.3248963230289519
1179,0.1274609517306089,0.0347384980177497,4.001517662267979,8,0.1974986013490706,2.4530127868056297,3,0.0533111311958879,0.4730837618000805,1.5062936657704515,0.3248963230289519
1180,0.1274609517306089,0.0347384980177497,4.001517662267979,8,0.1974986013490706,2.4530127868056297,3,0.0533111311958879,0.0787533497903496,6.223231927218779,0.3248963230289519
1181,0.1274609517306089,0.0347384980177497,4.001517662267979,8,0.1974986013490706,2.4530127868056297,3,0.0533111311958879,0.0787533497903496,1.5062936657704515,0.3861759197898209
1182,0.3720417978242039,0.1300951234242536,4.455277457041675,8,0.2296048108953982,3.734876712784171,3,0.2385408193477676,0.4730837618000805,6.223231927218779,0.3861759197898209
1183,0.403278519026935,0.166384783769094,16.00042487904967,14,0.0681496660225093,5.043035065755248,1,0.2451892471468861,0.4532465387135744,4.753038671824431,0.1736189254559576
1184,0.1003728680312633,0.166384783769094,16.00042487904967,14,0.0681496660225093,5.043035065755248,1,0.2451892471468861,0.4532465387135744,4.753038671824431,0.1736189254559576
1185,0.403278519026935,0.085877313145748,16.00042487904967,14,0.0681496660225093,5.043035065755248,1,0.2451892471468861,0.4532465387135744,4.753038671824431,0.1736189254559576
1186,0.403278519026935,0.166384783769094,13.837156925776672,14,0.0681496660225093,5.043035065755248,1,0.2451892471468861,0.4532465387135744,4.753038671824431,0.1736189254559576
1187,0.403278519026935,0.166384783769094,16.00042487904967,15,0.0681496660225093,5.043035065755248,1,0.2451892471468861,0.4532465387135744,4.753038671824431,0.1736189254559576
1188,0.403278519026935,0.166384783769094,16.00042487904967,14,0.1381533520296216,5.043035065755248,1,0.2451892471468861,0.4532465387135744,4.753038671824431,0.1736189254559576
1189,0.403278519026935,0.166384783769094,16.00042487904967,14,0.0681496660225093,7.700714999809861,1,0.2451892471468861,0.4532465387135744,4.753038671824431,0.1736189254559576
1190,0.403278519026935,0.166384783769094,16.00042487904967,14,0.0681496660225093,5.043035065755248,2,0.2451892471468861,0.4532465387135744,4.753038671824431,0.1736189254559576
1191,0.403278519026935,0.166384783769094,16.00042487904967,14,0.0681496660225093,5.043035065755248,1,0.0932736369783344,0.4532465387135744,4.753038671824431,0.1736189254559576
1192,0.403278519026935,0.166384783769094,16.00042487904967,14,0.0681496660225093,5.043035065755248,1,0.2451892471468861,0.1849435431882739,4.753038671824431,0.1736189254559576
1193,0.403278519026935,0.166384783769094,16.00042487904967,14,0.0681496660225093,5.043035065755248,1,0.2451892471468861,0.4532465387135744,1.833044351319657,0.1736189254559576
1194,0.403278519026935,0.166384783769094,16.00042487904967,14,0.0681496660225093,5.043035065755248,1,0.2451892471468861,0.4532465387135744,4.753038671824431,0.2722908639349043
1195,0.1003728680312633,0.085877313145748,13.837156925776672,15,0.1381533520296216,7.700714999809861,2,0.0932736369783344,0.1849435431882739,1.833044351319657,0.2722908639349043
1196,0.366800482571125,0.0411288805953253,12.595825137928896,15,0.102904600277543,6.989142941311002,3,0.0380416203239623,0.14415646600537,1.8706326655459864,0.3405102666467428
1197,0.0340346390381455,0.0411288805953253,12.595825137928896,15,0.102904600277543,6.989142941311002,3,0.0380416203239623,0.14415646600537,1.8706326655459864,0.3405102666467428
1198,0.366800482571125,0.1049804313447234,12.595825137928896,15,0.102904600277543,6.989142941311002,3,0.0380416203239623,0.14415646600537,1.8706326655459864,0.3405102666467428
1199,0.366800482571125,0.0411288805953253,22.5308071966862,15,0.102904600277543,6.989142941311002,3,0.0380416203239623,0.14415646600537,1.8706326655459864,0.3405102666467428
1200,0.366800482571125,0.0411288805953253,12.595825137928896,14,0.102904600277543,6.989142941311002,3,0.0380416203239623,0.14415646600537,1.8706326655459864,0.3405102666467428
1201,0.366800482571125,0.0411288805953253,12.595825137928896,15,0.1712512073107063,6.989142941311002,3,0.0380416203239623,0.14415646600537,1.8706326655459864,0.3405102666467428
1202,0.366800482571125,0.0411288805953253,12.595825137928896,15,0.102904600277543,6.670897718518972,3,0.0380416203239623,0.14415646600537,1.8706326655459864,0.3405102666467428
1203,0.366800482571125,0.0411288805953253,12.595825137928896,15,0.102904600277543,6.989142941311002,2,0.0380416203239623,0.14415646600537,1.8706326655459864,0.3405102666467428
1204,0.366800482571125,0.0411288805953253,12.595825137928896,15,0.102904600277543,6.989142941311002,3,0.2192442109349572,0.14415646600537,1.8706326655459864,0.3405102666467428
1205,0.366800482571125,0.0411288805953253,12.595825137928896,15,0.102904600277543,6.989142941311002,3,0.0380416203239623,0.3794859659858048,1.8706326655459864,0.3405102666467428
1206,0.366800482571125,0.0411288805953253,12.595825137928896,15,0.102904600277543,6.989142941311002,3,0.0380416203239623,0.14415646600537,3.2058843368871384,0.3405102666467428
1207,0.366800482571125,0.0411288805953253,12.595825137928896,15,0.102904600277543,6.989142941311002,3,0.0380416203239623,0.14415646600537,1.8706326655459864,0.186160787846893
1208,0.0340346390381455,0.1049804313447234,22.5308071966862,14,0.1712512073107063,6.670897718518972,2,0.2192442109349572,0.3794859659858048,3.2058843368871384,0.186160787846893
1209,0.0162827560678124,0.1068144567934357,8.167067680142713,9,0.2254782691132277,3.6491092182695866,1,0.1881058862795848,0.3886813865043222,4.778856598577821,0.1916408848017454
1210,0.4380888104438781,0.1068144567934357,8.167067680142713,9,0.2254782691132277,3.6491092182695866,1,0.1881058862795848,0.3886813865043222,4.778856598577821,0.1916408848017454
1211,0.0162827560678124,0.0690701737350673,8.167067680142713,9,0.2254782691132277,3.6491092182695866,1,0.1881058862795848,0.3886813865043222,4.778856598577821,0.1916408848017454
1212,0.0162827560678124,0.1068144567934357,6.658312132041195,9,0.2254782691132277,3.6491092182695866,1,0.1881058862795848,0.3886813865043222,4.778856598577821,0.1916408848017454
1213,0.0162827560678124,0.1068144567934357,8.167067680142713,9,0.2254782691132277,3.6491092182695866,1,0.1881058862795848,0.3886813865043222,4.778856598577821,0.1916408848017454
1214,0.0162827560678124,0.1068144567934357,8.167067680142713,9,0.1921195759903639,3.6491092182695866,1,0.1881058862795848,0.3886813865043222,4.778856598577821,0.1916408848017454
1215,0.0162827560678124,0.1068144567934357,8.167067680142713,9,0.2254782691132277,4.963819570839405,1,0.1881058862795848,0.3886813865043222,4.778856598577821,0.1916408848017454
1216,0.0162827560678124,0.1068144567934357,8.167067680142713,9,0.2254782691132277,3.6491092182695866,3,0.1881058862795848,0.3886813865043222,4.778856598577821,0.1916408848017454
1217,0.0162827560678124,0.1068144567934357,8.167067680142713,9,0.2254782691132277,3.6491092182695866,1,0.0561734459402874,0.3886813865043222,4.778856598577821,0.1916408848017454
1218,0.0162827560678124,0.1068144567934357,8.167067680142713,9,0.2254782691132277,3.6491092182695866,1,0.1881058862795848,0.0623340090736746,4.778856598577821,0.1916408848017454
1219,0.0162827560678124,0.1068144567934357,8.167067680142713,9,0.2254782691132277,3.6491092182695866,1,0.1881058862795848,0.3886813865043222,1.3494504367759164,0.1916408848017454
1220,0.0162827560678124,0.1068144567934357,8.167067680142713,9,0.2254782691132277,3.6491092182695866,1,0.1881058862795848,0.3886813865043222,4.778856598577821,0.3738682444207371
1221,0.4380888104438781,0.0690701737350673,6.658312132041195,9,0.1921195759903639,4.963819570839405,3,0.0561734459402874,0.0623340090736746,1.3494504367759164,0.3738682444207371
1222,0.2726671675220132,0.0828736190730849,23.98921524053502,11,0.2686402808874845,3.488919934257865,2,0.1052127883942613,0.2776910657528788,3.6610794537506894,0.2762488869018853
1223,0.5132138885557651,0.0828736190730849,23.98921524053502,11,0.2686402808874845,3.488919934257865,2,0.1052127883942613,0.2776910657528788,3.6610794537506894,0.2762488869018853
1224,0.2726671675220132,0.1880937375655655,23.98921524053502,11,0.2686402808874845,3.488919934257865,2,0.1052127883942613,0.2776910657528788,3.6610794537506894,0.2762488869018853
1225,0.2726671675220132,0.0828736190730849,10.444831474921648,11,0.2686402808874845,3.488919934257865,2,0.1052127883942613,0.2776910657528788,3.6610794537506894,0.2762488869018853
1226,0.2726671675220132,0.0828736190730849,23.98921524053502,6,0.2686402808874845,3.488919934257865,2,0.1052127883942613,0.2776910657528788,3.6610794537506894,0.2762488869018853
1227,0.2726671675220132,0.0828736190730849,23.98921524053502,11,0.0643456577789038,3.488919934257865,2,0.1052127883942613,0.2776910657528788,3.6610794537506894,0.2762488869018853
1228,0.2726671675220132,0.0828736190730849,23.98921524053502,11,0.2686402808874845,3.146760169416666,2,0.1052127883942613,0.2776910657528788,3.6610794537506894,0.2762488869018853
1229,0.2726671675220132,0.0828736190730849,23.98921524053502,11,0.2686402808874845,3.488919934257865,1,0.1052127883942613,0.2776910657528788,3.6610794537506894,0.2762488869018853
1230,0.2726671675220132,0.0828736190730849,23.98921524053502,11,0.2686402808874845,3.488919934257865,2,0.0433706279672305,0.2776910657528788,3.6610794537506894,0.2762488869018853
1231,0.2726671675220132,0.0828736190730849,23.98921524053502,11,0.2686402808874845,3.488919934257865,2,0.1052127883942613,0.4129212230909616,3.6610794537506894,0.2762488869018853
1232,0.2726671675220132,0.0828736190730849,23.98921524053502,11,0.2686402808874845,3.488919934257865,2,0.1052127883942613,0.2776910657528788,4.798406108588073,0.2762488869018853
1233,0.2726671675220132,0.0828736190730849,23.98921524053502,11,0.2686402808874845,3.488919934257865,2,0.1052127883942613,0.2776910657528788,3.6610794537506894,0.4233823056332767
1234,0.5132138885557651,0.1880937375655655,10.444831474921648,6,0.0643456577789038,3.146760169416666,1,0.0433706279672305,0.4129212230909616,4.798406108588073,0.4233823056332767
1235,0.5581455454230309,0.2224767588344544,6.000404935721834,5,0.1383758075069636,6.055138356983662,2,0.0698631906855627,0.2551928520202637,1.1602389726636362,0.4249623340554536
1236,0.2591961639001965,0.2224767588344544,6.000404935721834,5,0.1383758075069636,6.055138356983662,2,0.0698631906855627,0.2551928520202637,1.1602389726636362,0.4249623340554536
1237,0.5581455454230309,0.0385666328623721,6.000404935721834,5,0.1383758075069636,6.055138356983662,2,0.0698631906855627,0.2551928520202637,1.1602389726636362,0.4249623340554536
1238,0.5581455454230309,0.2224767588344544,5.8815731797203,5,0.1383758075069636,6.055138356983662,2,0.0698631906855627,0.2551928520202637,1.1602389726636362,0.4249623340554536
1239,0.5581455454230309,0.2224767588344544,6.000404935721834,10,0.1383758075069636,6.055138356983662,2,0.0698631906855627,0.2551928520202637,1.1602389726636362,0.4249623340554536
1240,0.5581455454230309,0.2224767588344544,6.000404935721834,5,0.271794803161174,6.055138356983662,2,0.0698631906855627,0.2551928520202637,1.1602389726636362,0.4249623340554536
1241,0.5581455454230309,0.2224767588344544,6.000404935721834,5,0.1383758075069636,5.230331391096115,2,0.0698631906855627,0.2551928520202637,1.1602389726636362,0.4249623340554536
1242,0.5581455454230309,0.2224767588344544,6.000404935721834,5,0.1383758075069636,6.055138356983662,2,0.0698631906855627,0.2551928520202637,1.1602389726636362,0.4249623340554536
1243,0.5581455454230309,0.2224767588344544,6.000404935721834,5,0.1383758075069636,6.055138356983662,2,0.1466068457061607,0.2551928520202637,1.1602389726636362,0.4249623340554536
1244,0.5581455454230309,0.2224767588344544,6.000404935721834,5,0.1383758075069636,6.055138356983662,2,0.0698631906855627,0.2504087026696652,1.1602389726636362,0.4249623340554536
1245,0.5581455454230309,0.2224767588344544,6.000404935721834,5,0.1383758075069636,6.055138356983662,2,0.0698631906855627,0.2551928520202637,2.377381167220975,0.4249623340554536
1246,0.5581455454230309,0.2224767588344544,6.000404935721834,5,0.1383758075069636,6.055138356983662,2,0.0698631906855627,0.2551928520202637,1.1602389726636362,0.235084333922714
1247,0.2591961639001965,0.0385666328623721,5.8815731797203,10,0.271794803161174,5.230331391096115,2,0.1466068457061607,0.2504087026696652,2.377381167220975,0.235084333922714
1248,0.5530075952410698,0.0444996454398681,9.247477838375456,7,0.2210105477832257,5.174491219222546,2,0.0938299879821023,0.4384919034782797,2.947349310619208,0.3315768979489804
1249,0.569947551190853,0.0444996454398681,9.247477838375456,7,0.2210105477832257,5.174491219222546,2,0.0938299879821023,0.4384919034782797,2.947349310619208,0.3315768979489804
1250,0.5530075952410698,0.172438876339726,9.247477838375456,7,0.2210105477832257,5.174491219222546,2,0.0938299879821023,0.4384919034782797,2.947349310619208,0.3315768979489804
1251,0.5530075952410698,0.0444996454398681,21.904269158603213,7,0.2210105477832257,5.174491219222546,2,0.0938299879821023,0.4384919034782797,2.947349310619208,0.3315768979489804
1252,0.5530075952410698,0.0444996454398681,9.247477838375456,13,0.2210105477832257,5.174491219222546,2,0.0938299879821023,0.4384919034782797,2.947349310619208,0.3315768979489804
1253,0.5530075952410698,0.0444996454398681,9.247477838375456,7,0.1676736990455538,5.174491219222546,2,0.0938299879821023,0.4384919034782797,2.947349310619208,0.3315768979489804
1254,0.5530075952410698,0.0444996454398681,9.247477838375456,7,0.2210105477832257,5.648386573418975,2,0.0938299879821023,0.4384919034782797,2.947349310619208,0.3315768979489804
1255,0.5530075952410698,0.0444996454398681,9.247477838375456,7,0.2210105477832257,5.174491219222546,3,0.0938299879821023,0.4384919034782797,2.947349310619208,0.3315768979489804
1256,0.5530075952410698,0.0444996454398681,9.247477838375456,7,0.2210105477832257,5.174491219222546,2,0.0772776653499624,0.4384919034782797,2.947349310619208,0.3315768979489804
1257,0.5530075952410698,0.0444996454398681,9.247477838375456,7,0.2210105477832257,5.174491219222546,2,0.0938299879821023,0.2014410007279366,2.947349310619208,0.3315768979489804
1258,0.5530075952410698,0.0444996454398681,9.247477838375456,7,0.2210105477832257,5.174491219222546,2,0.0938299879821023,0.4384919034782797,2.124652629594985,0.3315768979489804
1259,0.5530075952410698,0.0444996454398681,9.247477838375456,7,0.2210105477832257,5.174491219222546,2,0.0938299879821023,0.4384919034782797,2.947349310619208,0.4136058599688113
1260,0.569947551190853,0.172438876339726,21.904269158603213,13,0.1676736990455538,5.648386573418975,3,0.0772776653499624,0.2014410007279366,2.124652629594985,0.4136058599688113
1261,0.2660320440307259,0.1000641574772827,13.86777431915246,13,0.0915093817282468,2.514525478705764,2,0.1368454925170074,0.1207429878413677,1.072377310477251,0.1827168233692646
1262,0.1670196125283837,0.1000641574772827,13.86777431915246,13,0.0915093817282468,2.514525478705764,2,0.1368454925170074,0.1207429878413677,1.072377310477251,0.1827168233692646
1263,0.2660320440307259,0.0364337638672853,13.86777431915246,13,0.0915093817282468,2.514525478705764,2,0.1368454925170074,0.1207429878413677,1.072377310477251,0.1827168233692646
1264,0.2660320440307259,0.1000641574772827,6.845966348042712,13,0.0915093817282468,2.514525478705764,2,0.1368454925170074,0.1207429878413677,1.072377310477251,0.1827168233692646
1265,0.2660320440307259,0.1000641574772827,13.86777431915246,9,0.0915093817282468,2.514525478705764,2,0.1368454925170074,0.1207429878413677,1.072377310477251,0.1827168233692646
1266,0.2660320440307259,0.1000641574772827,13.86777431915246,13,0.1963088057935237,2.514525478705764,2,0.1368454925170074,0.1207429878413677,1.072377310477251,0.1827168233692646
1267,0.2660320440307259,0.1000641574772827,13.86777431915246,13,0.0915093817282468,2.810460874810815,2,0.1368454925170074,0.1207429878413677,1.072377310477251,0.1827168233692646
1268,0.2660320440307259,0.1000641574772827,13.86777431915246,13,0.0915093817282468,2.514525478705764,2,0.1368454925170074,0.1207429878413677,1.072377310477251,0.1827168233692646
1269,0.2660320440307259,0.1000641574772827,13.86777431915246,13,0.0915093817282468,2.514525478705764,2,0.2637274449724688,0.1207429878413677,1.072377310477251,0.1827168233692646
1270,0.2660320440307259,0.1000641574772827,13.86777431915246,13,0.0915093817282468,2.514525478705764,2,0.1368454925170074,0.4619026445318013,1.072377310477251,0.1827168233692646
1271,0.2660320440307259,0.1000641574772827,13.86777431915246,13,0.0915093817282468,2.514525478705764,2,0.1368454925170074,0.1207429878413677,7.453128008991355,0.1827168233692646
1272,0.2660320440307259,0.1000641574772827,13.86777431915246,13,0.0915093817282468,2.514525478705764,2,0.1368454925170074,0.1207429878413677,1.072377310477251,0.2263282005675137
1273,0.1670196125283837,0.0364337638672853,6.845966348042712,9,0.1963088057935237,2.810460874810815,2,0.2637274449724688,0.4619026445318013,7.453128008991355,0.2263282005675137
1274,0.0073774108663201,0.0884641494418323,5.430863252302025,7,0.1191633350215852,4.535066593438387,3,0.2577557717527777,0.2347168344538658,2.0406524159517136,0.2482587405480444
1275,0.0921444537118077,0.0884641494418323,5.430863252302025,7,0.1191633350215852,4.535066593438387,3,0.2577557717527777,0.2347168344538658,2.0406524159517136,0.2482587405480444
1276,0.0073774108663201,0.0994205598982459,5.430863252302025,7,0.1191633350215852,4.535066593438387,3,0.2577557717527777,0.2347168344538658,2.0406524159517136,0.2482587405480444
1277,0.0073774108663201,0.0884641494418323,10.743867286206234,7,0.1191633350215852,4.535066593438387,3,0.2577557717527777,0.2347168344538658,2.0406524159517136,0.2482587405480444
1278,0.0073774108663201,0.0884641494418323,5.430863252302025,6,0.1191633350215852,4.535066593438387,3,0.2577557717527777,0.2347168344538658,2.0406524159517136,0.2482587405480444
1279,0.0073774108663201,0.0884641494418323,5.430863252302025,7,0.0606451846659183,4.535066593438387,3,0.2577557717527777,0.2347168344538658,2.0406524159517136,0.2482587405480444
1280,0.0073774108663201,0.0884641494418323,5.430863252302025,7,0.1191633350215852,4.532449198886752,3,0.2577557717527777,0.2347168344538658,2.0406524159517136,0.2482587405480444
1281,0.0073774108663201,0.0884641494418323,5.430863252302025,7,0.1191633350215852,4.535066593438387,2,0.2577557717527777,0.2347168344538658,2.0406524159517136,0.2482587405480444
1282,0.0073774108663201,0.0884641494418323,5.430863252302025,7,0.1191633350215852,4.535066593438387,3,0.1230466568741361,0.2347168344538658,2.0406524159517136,0.2482587405480444
1283,0.0073774108663201,0.0884641494418323,5.430863252302025,7,0.1191633350215852,4.535066593438387,3,0.2577557717527777,0.1117557553574442,2.0406524159517136,0.2482587405480444
1284,0.0073774108663201,0.0884641494418323,5.430863252302025,7,0.1191633350215852,4.535066593438387,3,0.2577557717527777,0.2347168344538658,1.1644898900568417,0.2482587405480444
1285,0.0073774108663201,0.0884641494418323,5.430863252302025,7,0.1191633350215852,4.535066593438387,3,0.2577557717527777,0.2347168344538658,2.0406524159517136,0.1774092321284115
1286,0.0921444537118077,0.0994205598982459,10.743867286206234,6,0.0606451846659183,4.532449198886752,2,0.1230466568741361,0.1117557553574442,1.1644898900568417,0.1774092321284115
1287,0.359391738474369,0.2056243279779441,21.11188552127813,13,0.2407302767504006,7.968847276642919,1,0.0502586865058538,0.3245061897672713,5.888800474913351,0.3969817810691893
1288,0.3451094560325146,0.2056243279779441,21.11188552127813,13,0.2407302767504006,7.968847276642919,1,0.0502586865058538,0.3245061897672713,5.888800474913351,0.3969817810691893
1289,0.359391738474369,0.0631494431946281,21.11188552127813,13,0.2407302767504006,7.968847276642919,1,0.0502586865058538,0.3245061897672713,5.888800474913351,0.3969817810691893
1290,0.359391738474369,0.2056243279779441,5.720538193197124,13,0.2407302767504006,7.968847276642919,1,0.0502586865058538,0.3245061897672713,5.888800474913351,0.3969817810691893
1291,0.359391738474369,0.2056243279779441,21.11188552127813,11,0.2407302767504006,7.968847276642919,1,0.0502586865058538,0.3245061897672713,5.888800474913351,0.3969817810691893
1292,0.359391738474369,0.2056243279779441,21.11188552127813,13,0.2758610690478235,7.968847276642919,1,0.0502586865058538,0.3245061897672713,5.888800474913351,0.3969817810691893
1293,0.359391738474369,0.2056243279779441,21.11188552127813,13,0.2407302767504006,6.9968916196376085,1,0.0502586865058538,0.3245061897672713,5.888800474913351,0.3969817810691893
1294,0.359391738474369,0.2056243279779441,21.11188552127813,13,0.2407302767504006,7.968847276642919,1,0.0502586865058538,0.3245061897672713,5.888800474913351,0.3969817810691893
1295,0.359391738474369,0.2056243279779441,21.11188552127813,13,0.2407302767504006,7.968847276642919,1,0.0312269826842864,0.3245061897672713,5.888800474913351,0.3969817810691893
1296,0.359391738474369,0.2056243279779441,21.11188552127813,13,0.2407302767504006,7.968847276642919,1,0.0502586865058538,0.3300779660232365,5.888800474913351,0.3969817810691893
1297,0.359391738474369,0.2056243279779441,21.11188552127813,13,0.2407302767504006,7.968847276642919,1,0.0502586865058538,0.3245061897672713,4.501019205438973,0.3969817810691893
1298,0.359391738474369,0.2056243279779441,21.11188552127813,13,0.2407302767504006,7.968847276642919,1,0.0502586865058538,0.3245061897672713,5.888800474913351,0.3640872211195529
1299,0.3451094560325146,0.0631494431946281,5.720538193197124,11,0.2758610690478235,6.9968916196376085,1,0.0312269826842864,0.3300779660232365,4.501019205438973,0.3640872211195529
1300,0.3979205561801791,0.0591025415382176,10.3892839291403,10,0.2765300888102501,6.022739401087165,3,0.1856949551553871,0.1851203380618244,1.392057149445887,0.267735780403018
1301,0.429869788326323,0.0591025415382176,10.3892839291403,10,0.2765300888102501,6.022739401087165,3,0.1856949551553871,0.1851203380618244,1.392057149445887,0.267735780403018
1302,0.3979205561801791,0.1427456597674607,10.3892839291403,10,0.2765300888102501,6.022739401087165,3,0.1856949551553871,0.1851203380618244,1.392057149445887,0.267735780403018
1303,0.3979205561801791,0.0591025415382176,9.053374334057716,10,0.2765300888102501,6.022739401087165,3,0.1856949551553871,0.1851203380618244,1.392057149445887,0.267735780403018
1304,0.3979205561801791,0.0591025415382176,10.3892839291403,12,0.2765300888102501,6.022739401087165,3,0.1856949551553871,0.1851203380618244,1.392057149445887,0.267735780403018
1305,0.3979205561801791,0.0591025415382176,10.3892839291403,10,0.2386197084095329,6.022739401087165,3,0.1856949551553871,0.1851203380618244,1.392057149445887,0.267735780403018
1306,0.3979205561801791,0.0591025415382176,10.3892839291403,10,0.2765300888102501,7.27955274656415,3,0.1856949551553871,0.1851203380618244,1.392057149445887,0.267735780403018
1307,0.3979205561801791,0.0591025415382176,10.3892839291403,10,0.2765300888102501,6.022739401087165,1,0.1856949551553871,0.1851203380618244,1.392057149445887,0.267735780403018
1308,0.3979205561801791,0.0591025415382176,10.3892839291403,10,0.2765300888102501,6.022739401087165,3,0.1350860881723749,0.1851203380618244,1.392057149445887,0.267735780403018
1309,0.3979205561801791,0.0591025415382176,10.3892839291403,10,0.2765300888102501,6.022739401087165,3,0.1856949551553871,0.2343575512990355,1.392057149445887,0.267735780403018
1310,0.3979205561801791,0.0591025415382176,10.3892839291403,10,0.2765300888102501,6.022739401087165,3,0.1856949551553871,0.1851203380618244,2.754754577137489,0.267735780403018
1311,0.3979205561801791,0.0591025415382176,10.3892839291403,10,0.2765300888102501,6.022739401087165,3,0.1856949551553871,0.1851203380618244,1.392057149445887,0.3752275980077684
1312,0.429869788326323,0.1427456597674607,9.053374334057716,12,0.2386197084095329,7.27955274656415,1,0.1350860881723749,0.2343575512990355,2.754754577137489,0.3752275980077684
1313,0.1211923252791166,0.2360529520971962,6.916930736781415,4,0.146113383769989,3.33897016197443,1,0.0388843123943415,0.3767529617995023,3.825965521752636,0.4188665505498647
1314,0.0070927619934082,0.2360529520971962,6.916930736781415,4,0.146113383769989,3.33897016197443,1,0.0388843123943415,0.3767529617995023,3.825965521752636,0.4188665505498647
1315,0.1211923252791166,0.0903697135086372,6.916930736781415,4,0.146113383769989,3.33897016197443,1,0.0388843123943415,0.3767529617995023,3.825965521752636,0.4188665505498647
1316,0.1211923252791166,0.2360529520971962,16.504960774443866,4,0.146113383769989,3.33897016197443,1,0.0388843123943415,0.3767529617995023,3.825965521752636,0.4188665505498647
1317,0.1211923252791166,0.2360529520971962,6.916930736781415,5,0.146113383769989,3.33897016197443,1,0.0388843123943415,0.3767529617995023,3.825965521752636,0.4188665505498647
1318,0.1211923252791166,0.2360529520971962,6.916930736781415,4,0.0934991694055497,3.33897016197443,1,0.0388843123943415,0.3767529617995023,3.825965521752636,0.4188665505498647
1319,0.1211923252791166,0.2360529520971962,6.916930736781415,4,0.146113383769989,4.073916867375374,1,0.0388843123943415,0.3767529617995023,3.825965521752636,0.4188665505498647
1320,0.1211923252791166,0.2360529520971962,6.916930736781415,4,0.146113383769989,3.33897016197443,2,0.0388843123943415,0.3767529617995023,3.825965521752636,0.4188665505498647
1321,0.1211923252791166,0.2360529520971962,6.916930736781415,4,0.146113383769989,3.33897016197443,1,0.0532692524938748,0.3767529617995023,3.825965521752636,0.4188665505498647
1322,0.1211923252791166,0.2360529520971962,6.916930736781415,4,0.146113383769989,3.33897016197443,1,0.0388843123943415,0.4236834731884301,3.825965521752636,0.4188665505498647
1323,0.1211923252791166,0.2360529520971962,6.916930736781415,4,0.146113383769989,3.33897016197443,1,0.0388843123943415,0.3767529617995023,5.748264486122829,0.4188665505498647
1324,0.1211923252791166,0.2360529520971962,6.916930736781415,4,0.146113383769989,3.33897016197443,1,0.0388843123943415,0.3767529617995023,3.825965521752636,0.2647066044621169
1325,0.0070927619934082,0.0903697135086372,16.504960774443866,5,0.0934991694055497,4.073916867375374,2,0.0532692524938748,0.4236834731884301,5.748264486122829,0.2647066044621169
1326,0.1525032263249159,0.0374169109913025,17.67889160777063,16,0.0638860295992344,3.523007469251752,2,0.0681990563988005,0.4873193233739584,7.644028418524768,0.3531606894917786
1327,0.2322226323187351,0.0374169109913025,17.67889160777063,16,0.0638860295992344,3.523007469251752,2,0.0681990563988005,0.4873193233739584,7.644028418524768,0.3531606894917786
1328,0.1525032263249159,0.2466141145943793,17.67889160777063,16,0.0638860295992344,3.523007469251752,2,0.0681990563988005,0.4873193233739584,7.644028418524768,0.3531606894917786
1329,0.1525032263249159,0.0374169109913025,4.333153970185527,16,0.0638860295992344,3.523007469251752,2,0.0681990563988005,0.4873193233739584,7.644028418524768,0.3531606894917786
1330,0.1525032263249159,0.0374169109913025,17.67889160777063,8,0.0638860295992344,3.523007469251752,2,0.0681990563988005,0.4873193233739584,7.644028418524768,0.3531606894917786
1331,0.1525032263249159,0.0374169109913025,17.67889160777063,16,0.2255232862196862,3.523007469251752,2,0.0681990563988005,0.4873193233739584,7.644028418524768,0.3531606894917786
1332,0.1525032263249159,0.0374169109913025,17.67889160777063,16,0.0638860295992344,2.5366642586886883,2,0.0681990563988005,0.4873193233739584,7.644028418524768,0.3531606894917786
1333,0.1525032263249159,0.0374169109913025,17.67889160777063,16,0.0638860295992344,3.523007469251752,2,0.0681990563988005,0.4873193233739584,7.644028418524768,0.3531606894917786
1334,0.1525032263249159,0.0374169109913025,17.67889160777063,16,0.0638860295992344,3.523007469251752,2,0.0630505043496002,0.4873193233739584,7.644028418524768,0.3531606894917786
1335,0.1525032263249159,0.0374169109913025,17.67889160777063,16,0.0638860295992344,3.523007469251752,2,0.0681990563988005,0.1025689225178212,7.644028418524768,0.3531606894917786
1336,0.1525032263249159,0.0374169109913025,17.67889160777063,16,0.0638860295992344,3.523007469251752,2,0.0681990563988005,0.4873193233739584,1.5098749917371423,0.3531606894917786
1337,0.1525032263249159,0.0374169109913025,17.67889160777063,16,0.0638860295992344,3.523007469251752,2,0.0681990563988005,0.4873193233739584,7.644028418524768,0.2152018415741622
1338,0.2322226323187351,0.2466141145943793,4.333153970185527,8,0.2255232862196862,2.5366642586886883,2,0.0630505043496002,0.1025689225178212,1.5098749917371423,0.2152018415741622
1339,0.5141926808282733,0.1551706518384381,4.546510348189483,10,0.1863685019314289,6.932984653860331,2,0.106816612252902,0.074538676161319,2.648893418047524,0.2018745747394859
1340,0.505035819299519,0.1551706518384381,4.546510348189483,10,0.1863685019314289,6.932984653860331,2,0.106816612252902,0.074538676161319,2.648893418047524,0.2018745747394859
1341,0.5141926808282733,0.052285492934729,4.546510348189483,10,0.1863685019314289,6.932984653860331,2,0.106816612252902,0.074538676161319,2.648893418047524,0.2018745747394859
1342,0.5141926808282733,0.1551706518384381,14.232948393563047,10,0.1863685019314289,6.932984653860331,2,0.106816612252902,0.074538676161319,2.648893418047524,0.2018745747394859
1343,0.5141926808282733,0.1551706518384381,4.546510348189483,16,0.1863685019314289,6.932984653860331,2,0.106816612252902,0.074538676161319,2.648893418047524,0.2018745747394859
1344,0.5141926808282733,0.1551706518384381,4.546510348189483,10,0.1418690839316695,6.932984653860331,2,0.106816612252902,0.074538676161319,2.648893418047524,0.2018745747394859
1345,0.5141926808282733,0.1551706518384381,4.546510348189483,10,0.1863685019314289,6.121677838265896,2,0.106816612252902,0.074538676161319,2.648893418047524,0.2018745747394859
1346,0.5141926808282733,0.1551706518384381,4.546510348189483,10,0.1863685019314289,6.932984653860331,3,0.106816612252902,0.074538676161319,2.648893418047524,0.2018745747394859
1347,0.5141926808282733,0.1551706518384381,4.546510348189483,10,0.1863685019314289,6.932984653860331,2,0.184664397031065,0.074538676161319,2.648893418047524,0.2018745747394859
1348,0.5141926808282733,0.1551706518384381,4.546510348189483,10,0.1863685019314289,6.932984653860331,2,0.106816612252902,0.334020544635132,2.648893418047524,0.2018745747394859
1349,0.5141926808282733,0.1551706518384381,4.546510348189483,10,0.1863685019314289,6.932984653860331,2,0.106816612252902,0.074538676161319,3.4713521778733063,0.2018745747394859
1350,0.5141926808282733,0.1551706518384381,4.546510348189483,10,0.1863685019314289,6.932984653860331,2,0.106816612252902,0.074538676161319,2.648893418047524,0.3262950397096574
1351,0.505035819299519,0.052285492934729,14.232948393563047,16,0.1418690839316695,6.121677838265896,3,0.184664397031065,0.334020544635132,3.4713521778733063,0.3262950397096574
1352,0.4762216240167617,0.0764985143957204,17.063693699553475,5,0.1111031651496887,7.511828733608127,3,0.2150030282387054,0.203920476231724,5.005042264888542,0.2220876499079168
1353,0.5616492396220565,0.0764985143957204,17.063693699553475,5,0.1111031651496887,7.511828733608127,3,0.2150030282387054,0.203920476231724,5.005042264888542,0.2220876499079168
1354,0.4762216240167617,0.0806961936998064,17.063693699553475,5,0.1111031651496887,7.511828733608127,3,0.2150030282387054,0.203920476231724,5.005042264888542,0.2220876499079168
1355,0.4762216240167617,0.0764985143957204,4.8983802313487805,5,0.1111031651496887,7.511828733608127,3,0.2150030282387054,0.203920476231724,5.005042264888542,0.2220876499079168
1356,0.4762216240167617,0.0764985143957204,17.063693699553475,6,0.1111031651496887,7.511828733608127,3,0.2150030282387054,0.203920476231724,5.005042264888542,0.2220876499079168
1357,0.4762216240167617,0.0764985143957204,17.063693699553475,5,0.2609181047417223,7.511828733608127,3,0.2150030282387054,0.203920476231724,5.005042264888542,0.2220876499079168
1358,0.4762216240167617,0.0764985143957204,17.063693699553475,5,0.1111031651496887,4.849797949194908,3,0.2150030282387054,0.203920476231724,5.005042264888542,0.2220876499079168
1359,0.4762216240167617,0.0764985143957204,17.063693699553475,5,0.1111031651496887,7.511828733608127,1,0.2150030282387054,0.203920476231724,5.005042264888542,0.2220876499079168
1360,0.4762216240167617,0.0764985143957204,17.063693699553475,5,0.1111031651496887,7.511828733608127,3,0.1541144667036063,0.203920476231724,5.005042264888542,0.2220876499079168
1361,0.4762216240167617,0.0764985143957204,17.063693699553475,5,0.1111031651496887,7.511828733608127,3,0.2150030282387054,0.1467614919412881,5.005042264888542,0.2220876499079168
1362,0.4762216240167617,0.0764985143957204,17.063693699553475,5,0.1111031651496887,7.511828733608127,3,0.2150030282387054,0.203920476231724,2.265521116079456,0.2220876499079168
1363,0.4762216240167617,0.0764985143957204,17.063693699553475,5,0.1111031651496887,7.511828733608127,3,0.2150030282387054,0.203920476231724,5.005042264888542,0.2876204472966492
1364,0.5616492396220565,0.0806961936998064,4.8983802313487805,6,0.2609181047417223,4.849797949194908,1,0.1541144667036063,0.1467614919412881,2.265521116079456,0.2876204472966492
1365,0.1904571527615189,0.1783184450074171,4.270874448867528,11,0.2326700109522789,4.851482644677162,1,0.0335838284986807,0.3359518449287861,1.850880116514873,0.3710209756158292
1366,0.2151542712002992,0.1783184450074171,4.270874448867528,11,0.2326700109522789,4.851482644677162,1,0.0335838284986807,0.3359518449287861,1.850880116514873,0.3710209756158292
1367,0.1904571527615189,0.1597915166349846,4.270874448867528,11,0.2326700109522789,4.851482644677162,1,0.0335838284986807,0.3359518449287861,1.850880116514873,0.3710209756158292
1368,0.1904571527615189,0.1783184450074171,12.49767570885139,11,0.2326700109522789,4.851482644677162,1,0.0335838284986807,0.3359518449287861,1.850880116514873,0.3710209756158292
1369,0.1904571527615189,0.1783184450074171,4.270874448867528,10,0.2326700109522789,4.851482644677162,1,0.0335838284986807,0.3359518449287861,1.850880116514873,0.3710209756158292
1370,0.1904571527615189,0.1783184450074171,4.270874448867528,11,0.1069626081269234,4.851482644677162,1,0.0335838284986807,0.3359518449287861,1.850880116514873,0.3710209756158292
1371,0.1904571527615189,0.1783184450074171,4.270874448867528,11,0.2326700109522789,6.5154825039207935,1,0.0335838284986807,0.3359518449287861,1.850880116514873,0.3710209756158292
1372,0.1904571527615189,0.1783184450074171,4.270874448867528,11,0.2326700109522789,4.851482644677162,2,0.0335838284986807,0.3359518449287861,1.850880116514873,0.3710209756158292
1373,0.1904571527615189,0.1783184450074171,4.270874448867528,11,0.2326700109522789,4.851482644677162,1,0.0451439498831278,0.3359518449287861,1.850880116514873,0.3710209756158292
1374,0.1904571527615189,0.1783184450074171,4.270874448867528,11,0.2326700109522789,4.851482644677162,1,0.0335838284986807,0.295211088238284,1.850880116514873,0.3710209756158292
1375,0.1904571527615189,0.1783184450074171,4.270874448867528,11,0.2326700109522789,4.851482644677162,1,0.0335838284986807,0.3359518449287861,5.378774936569036,0.3710209756158292
1376,0.1904571527615189,0.1783184450074171,4.270874448867528,11,0.2326700109522789,4.851482644677162,1,0.0335838284986807,0.3359518449287861,1.850880116514873,0.3992985122837126
1377,0.2151542712002992,0.1597915166349846,12.49767570885139,10,0.1069626081269234,6.5154825039207935,2,0.0451439498831278,0.295211088238284,5.378774936569036,0.3992985122837126
1378,0.0841459656134247,0.0514610754049646,11.216004499462668,9,0.2603212960064411,2.010583320632577,2,0.0589316159406584,0.4499514281749725,1.182330228362667,0.4367119560018182
1379,0.1403209459036588,0.0514610754049646,11.216004499462668,9,0.2603212960064411,2.010583320632577,2,0.0589316159406584,0.4499514281749725,1.182330228362667,0.4367119560018182
1380,0.0841459656134247,0.0435140632706257,11.216004499462668,9,0.2603212960064411,2.010583320632577,2,0.0589316159406584,0.4499514281749725,1.182330228362667,0.4367119560018182
1381,0.0841459656134247,0.0514610754049646,8.007209121318127,9,0.2603212960064411,2.010583320632577,2,0.0589316159406584,0.4499514281749725,1.182330228362667,0.4367119560018182
1382,0.0841459656134247,0.0514610754049646,11.216004499462668,14,0.2603212960064411,2.010583320632577,2,0.0589316159406584,0.4499514281749725,1.182330228362667,0.4367119560018182
1383,0.0841459656134247,0.0514610754049646,11.216004499462668,9,0.2115106526296585,2.010583320632577,2,0.0589316159406584,0.4499514281749725,1.182330228362667,0.4367119560018182
1384,0.0841459656134247,0.0514610754049646,11.216004499462668,9,0.2603212960064411,5.332554511725903,2,0.0589316159406584,0.4499514281749725,1.182330228362667,0.4367119560018182
1385,0.0841459656134247,0.0514610754049646,11.216004499462668,9,0.2603212960064411,2.010583320632577,2,0.0589316159406584,0.4499514281749725,1.182330228362667,0.4367119560018182
1386,0.0841459656134247,0.0514610754049646,11.216004499462668,9,0.2603212960064411,2.010583320632577,2,0.0534256551412596,0.4499514281749725,1.182330228362667,0.4367119560018182
1387,0.0841459656134247,0.0514610754049646,11.216004499462668,9,0.2603212960064411,2.010583320632577,2,0.0589316159406584,0.1661052417941391,1.182330228362667,0.4367119560018182
1388,0.0841459656134247,0.0514610754049646,11.216004499462668,9,0.2603212960064411,2.010583320632577,2,0.0589316159406584,0.4499514281749725,1.4162368066575166,0.4367119560018182
1389,0.0841459656134247,0.0514610754049646,11.216004499462668,9,0.2603212960064411,2.010583320632577,2,0.0589316159406584,0.4499514281749725,1.182330228362667,0.3035045080818236
1390,0.1403209459036588,0.0435140632706257,8.007209121318127,14,0.2115106526296585,5.332554511725903,2,0.0534256551412596,0.1661052417941391,1.4162368066575166,0.3035045080818236
1391,0.4349497854709625,0.1153891597839774,7.267525988906028,15,0.1308200191240757,5.443989377468824,2,0.1236147992946238,0.089960520947352,3.467776769615009,0.28791568223387
1392,0.336779467575252,0.1153891597839774,7.267525988906028,15,0.1308200191240757,5.443989377468824,2,0.1236147992946238,0.089960520947352,3.467776769615009,0.28791568223387
1393,0.4349497854709625,0.296448019429356,7.267525988906028,15,0.1308200191240757,5.443989377468824,2,0.1236147992946238,0.089960520947352,3.467776769615009,0.28791568223387
1394,0.4349497854709625,0.1153891597839774,18.801226988836643,15,0.1308200191240757,5.443989377468824,2,0.1236147992946238,0.089960520947352,3.467776769615009,0.28791568223387
1395,0.4349497854709625,0.1153891597839774,7.267525988906028,9,0.1308200191240757,5.443989377468824,2,0.1236147992946238,0.089960520947352,3.467776769615009,0.28791568223387
1396,0.4349497854709625,0.1153891597839774,7.267525988906028,15,0.1210964486934244,5.443989377468824,2,0.1236147992946238,0.089960520947352,3.467776769615009,0.28791568223387
1397,0.4349497854709625,0.1153891597839774,7.267525988906028,15,0.1308200191240757,3.2903532795608044,2,0.1236147992946238,0.089960520947352,3.467776769615009,0.28791568223387
1398,0.4349497854709625,0.1153891597839774,7.267525988906028,15,0.1308200191240757,5.443989377468824,3,0.1236147992946238,0.089960520947352,3.467776769615009,0.28791568223387
1399,0.4349497854709625,0.1153891597839774,7.267525988906028,15,0.1308200191240757,5.443989377468824,2,0.2107062302186949,0.089960520947352,3.467776769615009,0.28791568223387
1400,0.4349497854709625,0.1153891597839774,7.267525988906028,15,0.1308200191240757,5.443989377468824,2,0.1236147992946238,0.4973192712292075,3.467776769615009,0.28791568223387
1401,0.4349497854709625,0.1153891597839774,7.267525988906028,15,0.1308200191240757,5.443989377468824,2,0.1236147992946238,0.089960520947352,2.8595617324205524,0.28791568223387
1402,0.4349497854709625,0.1153891597839774,7.267525988906028,15,0.1308200191240757,5.443989377468824,2,0.1236147992946238,0.089960520947352,3.467776769615009,0.1912267726846039
1403,0.336779467575252,0.296448019429356,18.801226988836643,9,0.1210964486934244,3.2903532795608044,3,0.2107062302186949,0.4973192712292075,2.8595617324205524,0.1912267726846039
1404,0.3211371598765254,0.0324282050837208,5.6218954530892855,14,0.1657044090796262,6.686880677938461,2,0.0811308561471124,0.3985696886666119,2.402631053189271,0.3785435850732028
1405,0.4028991881757974,0.0324282050837208,5.6218954530892855,14,0.1657044090796262,6.686880677938461,2,0.0811308561471124,0.3985696886666119,2.402631053189271,0.3785435850732028
1406,0.3211371598765254,0.0302728769975333,5.6218954530892855,14,0.1657044090796262,6.686880677938461,2,0.0811308561471124,0.3985696886666119,2.402631053189271,0.3785435850732028
1407,0.3211371598765254,0.0324282050837208,11.812258754658345,14,0.1657044090796262,6.686880677938461,2,0.0811308561471124,0.3985696886666119,2.402631053189271,0.3785435850732028
1408,0.3211371598765254,0.0324282050837208,5.6218954530892855,8,0.1657044090796262,6.686880677938461,2,0.0811308561471124,0.3985696886666119,2.402631053189271,0.3785435850732028
1409,0.3211371598765254,0.0324282050837208,5.6218954530892855,14,0.1580325907096266,6.686880677938461,2,0.0811308561471124,0.3985696886666119,2.402631053189271,0.3785435850732028
1410,0.3211371598765254,0.0324282050837208,5.6218954530892855,14,0.1657044090796262,2.082003930583596,2,0.0811308561471124,0.3985696886666119,2.402631053189271,0.3785435850732028
1411,0.3211371598765254,0.0324282050837208,5.6218954530892855,14,0.1657044090796262,6.686880677938461,3,0.0811308561471124,0.3985696886666119,2.402631053189271,0.3785435850732028
1412,0.3211371598765254,0.0324282050837208,5.6218954530892855,14,0.1657044090796262,6.686880677938461,2,0.0911310545459072,0.3985696886666119,2.402631053189271,0.3785435850732028
1413,0.3211371598765254,0.0324282050837208,5.6218954530892855,14,0.1657044090796262,6.686880677938461,2,0.0811308561471124,0.0672338341362774,2.402631053189271,0.3785435850732028
1414,0.3211371598765254,0.0324282050837208,5.6218954530892855,14,0.1657044090796262,6.686880677938461,2,0.0811308561471124,0.3985696886666119,1.746671466047146,0.3785435850732028
1415,0.3211371598765254,0.0324282050837208,5.6218954530892855,14,0.1657044090796262,6.686880677938461,2,0.0811308561471124,0.3985696886666119,2.402631053189271,0.2504129136912524
1416,0.4028991881757974,0.0302728769975333,11.812258754658345,8,0.1580325907096266,2.082003930583596,3,0.0911310545459072,0.0672338341362774,1.746671466047146,0.2504129136912524
1417,0.0456148590892553,0.1342601988462501,22.49470166094572,8,0.2881867705844342,4.003463177010417,2,0.1582658730308792,0.1404220364522189,6.497055129155046,0.2274860660545528
1418,0.0739089360460639,0.1342601988462501,22.49470166094572,8,0.2881867705844342,4.003463177010417,2,0.1582658730308792,0.1404220364522189,6.497055129155046,0.2274860660545528
1419,0.0456148590892553,0.2073883747853402,22.49470166094572,8,0.2881867705844342,4.003463177010417,2,0.1582658730308792,0.1404220364522189,6.497055129155046,0.2274860660545528
1420,0.0456148590892553,0.1342601988462501,5.164430788185968,8,0.2881867705844342,4.003463177010417,2,0.1582658730308792,0.1404220364522189,6.497055129155046,0.2274860660545528
1421,0.0456148590892553,0.1342601988462501,22.49470166094572,15,0.2881867705844342,4.003463177010417,2,0.1582658730308792,0.1404220364522189,6.497055129155046,0.2274860660545528
1422,0.0456148590892553,0.1342601988462501,22.49470166094572,8,0.1779853277374058,4.003463177010417,2,0.1582658730308792,0.1404220364522189,6.497055129155046,0.2274860660545528
1423,0.0456148590892553,0.1342601988462501,22.49470166094572,8,0.2881867705844342,6.365398531779647,2,0.1582658730308792,0.1404220364522189,6.497055129155046,0.2274860660545528
1424,0.0456148590892553,0.1342601988462501,22.49470166094572,8,0.2881867705844342,4.003463177010417,2,0.1582658730308792,0.1404220364522189,6.497055129155046,0.2274860660545528
1425,0.0456148590892553,0.1342601988462501,22.49470166094572,8,0.2881867705844342,4.003463177010417,2,0.2313061551461246,0.1404220364522189,6.497055129155046,0.2274860660545528
1426,0.0456148590892553,0.1342601988462501,22.49470166094572,8,0.2881867705844342,4.003463177010417,2,0.1582658730308792,0.3694361252710223,6.497055129155046,0.2274860660545528
1427,0.0456148590892553,0.1342601988462501,22.49470166094572,8,0.2881867705844342,4.003463177010417,2,0.1582658730308792,0.1404220364522189,6.97665307997063,0.2274860660545528
1428,0.0456148590892553,0.1342601988462501,22.49470166094572,8,0.2881867705844342,4.003463177010417,2,0.1582658730308792,0.1404220364522189,6.497055129155046,0.4365061878226698
1429,0.0739089360460639,0.2073883747853402,5.164430788185968,15,0.1779853277374058,6.365398531779647,2,0.2313061551461246,0.3694361252710223,6.97665307997063,0.4365061878226698
1430,0.229269778355956,0.0681935351212975,8.55859845146812,12,0.2059622914064675,3.046034123748541,3,0.2986261095877682,0.2510175812989473,4.50138712226982,0.1619246816262602
1431,0.299071198515594,0.0681935351212975,8.55859845146812,12,0.2059622914064675,3.046034123748541,3,0.2986261095877682,0.2510175812989473,4.50138712226982,0.1619246816262602
1432,0.229269778355956,0.0564884346583071,8.55859845146812,12,0.2059622914064675,3.046034123748541,3,0.2986261095877682,0.2510175812989473,4.50138712226982,0.1619246816262602
1433,0.229269778355956,0.0681935351212975,19.92692381439681,12,0.2059622914064675,3.046034123748541,3,0.2986261095877682,0.2510175812989473,4.50138712226982,0.1619246816262602
1434,0.229269778355956,0.0681935351212975,8.55859845146812,13,0.2059622914064675,3.046034123748541,3,0.2986261095877682,0.2510175812989473,4.50138712226982,0.1619246816262602
1435,0.229269778355956,0.0681935351212975,8.55859845146812,12,0.0775649793911725,3.046034123748541,3,0.2986261095877682,0.2510175812989473,4.50138712226982,0.1619246816262602
1436,0.229269778355956,0.0681935351212975,8.55859845146812,12,0.2059622914064675,7.738590808585286,3,0.2986261095877682,0.2510175812989473,4.50138712226982,0.1619246816262602
1437,0.229269778355956,0.0681935351212975,8.55859845146812,12,0.2059622914064675,3.046034123748541,2,0.2986261095877682,0.2510175812989473,4.50138712226982,0.1619246816262602
1438,0.229269778355956,0.0681935351212975,8.55859845146812,12,0.2059622914064675,3.046034123748541,3,0.1079049112971962,0.2510175812989473,4.50138712226982,0.1619246816262602
1439,0.229269778355956,0.0681935351212975,8.55859845146812,12,0.2059622914064675,3.046034123748541,3,0.2986261095877682,0.2693643339443952,4.50138712226982,0.1619246816262602
1440,0.229269778355956,0.0681935351212975,8.55859845146812,12,0.2059622914064675,3.046034123748541,3,0.2986261095877682,0.2510175812989473,1.0918470378066445,0.1619246816262602
1441,0.229269778355956,0.0681935351212975,8.55859845146812,12,0.2059622914064675,3.046034123748541,3,0.2986261095877682,0.2510175812989473,4.50138712226982,0.3401263891719281
1442,0.299071198515594,0.0564884346583071,19.92692381439681,13,0.0775649793911725,7.738590808585286,2,0.1079049112971962,0.2693643339443952,1.0918470378066445,0.3401263891719281
1443,0.5897527305409312,0.2728120343028671,13.21068797152724,6,0.0755454904399812,6.4563687685877085,1,0.0433802937751652,0.2880172050092369,1.534737239522155,0.3131375631317497
1444,0.478024673089385,0.2728120343028671,13.21068797152724,6,0.0755454904399812,6.4563687685877085,1,0.0433802937751652,0.2880172050092369,1.534737239522155,0.3131375631317497
1445,0.5897527305409312,0.1112211333776036,13.21068797152724,6,0.0755454904399812,6.4563687685877085,1,0.0433802937751652,0.2880172050092369,1.534737239522155,0.3131375631317497
1446,0.5897527305409312,0.2728120343028671,7.58123665809921,6,0.0755454904399812,6.4563687685877085,1,0.0433802937751652,0.2880172050092369,1.534737239522155,0.3131375631317497
1447,0.5897527305409312,0.2728120343028671,13.21068797152724,5,0.0755454904399812,6.4563687685877085,1,0.0433802937751652,0.2880172050092369,1.534737239522155,0.3131375631317497
1448,0.5897527305409312,0.2728120343028671,13.21068797152724,6,0.2859293093904853,6.4563687685877085,1,0.0433802937751652,0.2880172050092369,1.534737239522155,0.3131375631317497
1449,0.5897527305409312,0.2728120343028671,13.21068797152724,6,0.0755454904399812,3.82581846229732,1,0.0433802937751652,0.2880172050092369,1.534737239522155,0.3131375631317497
1450,0.5897527305409312,0.2728120343028671,13.21068797152724,6,0.0755454904399812,6.4563687685877085,1,0.0433802937751652,0.2880172050092369,1.534737239522155,0.3131375631317497
1451,0.5897527305409312,0.2728120343028671,13.21068797152724,6,0.0755454904399812,6.4563687685877085,1,0.036830119888524,0.2880172050092369,1.534737239522155,0.3131375631317497
1452,0.5897527305409312,0.2728120343028671,13.21068797152724,6,0.0755454904399812,6.4563687685877085,1,0.0433802937751652,0.3888159248512238,1.534737239522155,0.3131375631317497
1453,0.5897527305409312,0.2728120343028671,13.21068797152724,6,0.0755454904399812,6.4563687685877085,1,0.0433802937751652,0.2880172050092369,3.709201844307575,0.3131375631317497
1454,0.5897527305409312,0.2728120343028671,13.21068797152724,6,0.0755454904399812,6.4563687685877085,1,0.0433802937751652,0.2880172050092369,1.534737239522155,0.1546053196303546
1455,0.478024673089385,0.1112211333776036,7.58123665809921,5,0.2859293093904853,3.82581846229732,1,0.036830119888524,0.3888159248512238,3.709201844307575,0.1546053196303546
1456,0.5790924936532974,0.0658770108929368,4.219581864024378,15,0.2494353136979043,4.209587810561061,2,0.2621495418337312,0.3521748567465693,3.943829555118712,0.3023889608681201
1457,0.4490439003333449,0.0658770108929368,4.219581864024378,15,0.2494353136979043,4.209587810561061,2,0.2621495418337312,0.3521748567465693,3.943829555118712,0.3023889608681201
1458,0.5790924936532974,0.0487329462315486,4.219581864024378,15,0.2494353136979043,4.209587810561061,2,0.2621495418337312,0.3521748567465693,3.943829555118712,0.3023889608681201
1459,0.5790924936532974,0.0658770108929368,9.747496864229449,15,0.2494353136979043,4.209587810561061,2,0.2621495418337312,0.3521748567465693,3.943829555118712,0.3023889608681201
1460,0.5790924936532974,0.0658770108929368,4.219581864024378,11,0.2494353136979043,4.209587810561061,2,0.2621495418337312,0.3521748567465693,3.943829555118712,0.3023889608681201
1461,0.5790924936532974,0.0658770108929368,4.219581864024378,15,0.1633829255122691,4.209587810561061,2,0.2621495418337312,0.3521748567465693,3.943829555118712,0.3023889608681201
1462,0.5790924936532974,0.0658770108929368,4.219581864024378,15,0.2494353136979043,4.326632410287857,2,0.2621495418337312,0.3521748567465693,3.943829555118712,0.3023889608681201
1463,0.5790924936532974,0.0658770108929368,4.219581864024378,15,0.2494353136979043,4.209587810561061,2,0.2621495418337312,0.3521748567465693,3.943829555118712,0.3023889608681201
1464,0.5790924936532974,0.0658770108929368,4.219581864024378,15,0.2494353136979043,4.209587810561061,2,0.1101884848275957,0.3521748567465693,3.943829555118712,0.3023889608681201
1465,0.5790924936532974,0.0658770108929368,4.219581864024378,15,0.2494353136979043,4.209587810561061,2,0.2621495418337312,0.2127459019422531,3.943829555118712,0.3023889608681201
1466,0.5790924936532974,0.0658770108929368,4.219581864024378,15,0.2494353136979043,4.209587810561061,2,0.2621495418337312,0.3521748567465693,4.921360394369945,0.3023889608681201
1467,0.5790924936532974,0.0658770108929368,4.219581864024378,15,0.2494353136979043,4.209587810561061,2,0.2621495418337312,0.3521748567465693,3.943829555118712,0.2191228293813765
1468,0.4490439003333449,0.0487329462315486,9.747496864229449,11,0.1633829255122691,4.326632410287857,2,0.1101884848275957,0.2127459019422531,4.921360394369945,0.2191228293813765
1469,0.2564089531078934,0.282411075377469,15.522701214875411,10,0.1219176784623414,6.799240827560425,2,0.0427926557422922,0.2167444854974746,1.354917620503131,0.1535931073129177
1470,0.0280526150017976,0.282411075377469,15.522701214875411,10,0.1219176784623414,6.799240827560425,2,0.0427926557422922,0.2167444854974746,1.354917620503131,0.1535931073129177
1471,0.2564089531078934,0.2290928937283449,15.522701214875411,10,0.1219176784623414,6.799240827560425,2,0.0427926557422922,0.2167444854974746,1.354917620503131,0.1535931073129177
1472,0.2564089531078934,0.282411075377469,15.491430951004268,10,0.1219176784623414,6.799240827560425,2,0.0427926557422922,0.2167444854974746,1.354917620503131,0.1535931073129177
1473,0.2564089531078934,0.282411075377469,15.522701214875411,7,0.1219176784623414,6.799240827560425,2,0.0427926557422922,0.2167444854974746,1.354917620503131,0.1535931073129177
1474,0.2564089531078934,0.282411075377469,15.522701214875411,10,0.2001013459637761,6.799240827560425,2,0.0427926557422922,0.2167444854974746,1.354917620503131,0.1535931073129177
1475,0.2564089531078934,0.282411075377469,15.522701214875411,10,0.1219176784623414,7.120681528002024,2,0.0427926557422922,0.2167444854974746,1.354917620503131,0.1535931073129177
1476,0.2564089531078934,0.282411075377469,15.522701214875411,10,0.1219176784623414,6.799240827560425,3,0.0427926557422922,0.2167444854974746,1.354917620503131,0.1535931073129177
1477,0.2564089531078934,0.282411075377469,15.522701214875411,10,0.1219176784623414,6.799240827560425,2,0.0323040200305891,0.2167444854974746,1.354917620503131,0.1535931073129177
1478,0.2564089531078934,0.282411075377469,15.522701214875411,10,0.1219176784623414,6.799240827560425,2,0.0427926557422922,0.445295303594321,1.354917620503131,0.1535931073129177
1479,0.2564089531078934,0.282411075377469,15.522701214875411,10,0.1219176784623414,6.799240827560425,2,0.0427926557422922,0.2167444854974746,2.476246360894272,0.1535931073129177
1480,0.2564089531078934,0.282411075377469,15.522701214875411,10,0.1219176784623414,6.799240827560425,2,0.0427926557422922,0.2167444854974746,1.354917620503131,0.3318588984198868
1481,0.0280526150017976,0.2290928937283449,15.491430951004268,7,0.2001013459637761,7.120681528002024,3,0.0323040200305891,0.445295303594321,2.476246360894272,0.3318588984198868
1482,0.0744388723745942,0.0312735068715147,7.598735953632412,10,0.087076564040035,6.245008641853929,1,0.0717234324996231,0.1061404179316014,2.698115067478517,0.2380509727634489
1483,0.2529261779040098,0.0312735068715147,7.598735953632412,10,0.087076564040035,6.245008641853929,1,0.0717234324996231,0.1061404179316014,2.698115067478517,0.2380509727634489
1484,0.0744388723745942,0.0841478123437893,7.598735953632412,10,0.087076564040035,6.245008641853929,1,0.0717234324996231,0.1061404179316014,2.698115067478517,0.2380509727634489
1485,0.0744388723745942,0.0312735068715147,4.016673221096292,10,0.087076564040035,6.245008641853929,1,0.0717234324996231,0.1061404179316014,2.698115067478517,0.2380509727634489
1486,0.0744388723745942,0.0312735068715147,7.598735953632412,9,0.087076564040035,6.245008641853929,1,0.0717234324996231,0.1061404179316014,2.698115067478517,0.2380509727634489
1487,0.0744388723745942,0.0312735068715147,7.598735953632412,10,0.0563600735738873,6.245008641853929,1,0.0717234324996231,0.1061404179316014,2.698115067478517,0.2380509727634489
1488,0.0744388723745942,0.0312735068715147,7.598735953632412,10,0.087076564040035,5.489441879093647,1,0.0717234324996231,0.1061404179316014,2.698115067478517,0.2380509727634489
1489,0.0744388723745942,0.0312735068715147,7.598735953632412,10,0.087076564040035,6.245008641853929,1,0.0717234324996231,0.1061404179316014,2.698115067478517,0.2380509727634489
1490,0.0744388723745942,0.0312735068715147,7.598735953632412,10,0.087076564040035,6.245008641853929,1,0.0747385462007086,0.1061404179316014,2.698115067478517,0.2380509727634489
1491,0.0744388723745942,0.0312735068715147,7.598735953632412,10,0.087076564040035,6.245008641853929,1,0.0717234324996231,0.1230827873107046,2.698115067478517,0.2380509727634489
1492,0.0744388723745942,0.0312735068715147,7.598735953632412,10,0.087076564040035,6.245008641853929,1,0.0717234324996231,0.1061404179316014,3.076157858797077,0.2380509727634489
1493,0.0744388723745942,0.0312735068715147,7.598735953632412,10,0.087076564040035,6.245008641853929,1,0.0717234324996231,0.1061404179316014,2.698115067478517,0.3907386970706284
1494,0.2529261779040098,0.0841478123437893,4.016673221096292,9,0.0563600735738873,5.489441879093647,1,0.0747385462007086,0.1230827873107046,3.076157858797077,0.3907386970706284
1495,0.3133330643177032,0.1392197804527438,12.061435516565536,5,0.2066597663331776,2.928415235131979,3,0.1550294453925851,0.4627323226071894,7.479858790402955,0.3869844325818121
1496,0.523881302587688,0.1392197804527438,12.061435516565536,5,0.2066597663331776,2.928415235131979,3,0.1550294453925851,0.4627323226071894,7.479858790402955,0.3869844325818121
1497,0.3133330643177032,0.1327724098288915,12.061435516565536,5,0.2066597663331776,2.928415235131979,3,0.1550294453925851,0.4627323226071894,7.479858790402955,0.3869844325818121
1498,0.3133330643177032,0.1392197804527438,15.19402474660845,5,0.2066597663331776,2.928415235131979,3,0.1550294453925851,0.4627323226071894,7.479858790402955,0.3869844325818121
1499,0.3133330643177032,0.1392197804527438,12.061435516565536,14,0.2066597663331776,2.928415235131979,3,0.1550294453925851,0.4627323226071894,7.479858790402955,0.3869844325818121
1500,0.3133330643177032,0.1392197804527438,12.061435516565536,5,0.2796669010538608,2.928415235131979,3,0.1550294453925851,0.4627323226071894,7.479858790402955,0.3869844325818121
1501,0.3133330643177032,0.1392197804527438,12.061435516565536,5,0.2066597663331776,3.07487278804183,3,0.1550294453925851,0.4627323226071894,7.479858790402955,0.3869844325818121
1502,0.3133330643177032,0.1392197804527438,12.061435516565536,5,0.2066597663331776,2.928415235131979,2,0.1550294453925851,0.4627323226071894,7.479858790402955,0.3869844325818121
1503,0.3133330643177032,0.1392197804527438,12.061435516565536,5,0.2066597663331776,2.928415235131979,3,0.2943497201399374,0.4627323226071894,7.479858790402955,0.3869844325818121
1504,0.3133330643177032,0.1392197804527438,12.061435516565536,5,0.2066597663331776,2.928415235131979,3,0.1550294453925851,0.3135064853820949,7.479858790402955,0.3869844325818121
1505,0.3133330643177032,0.1392197804527438,12.061435516565536,5,0.2066597663331776,2.928415235131979,3,0.1550294453925851,0.4627323226071894,1.3164343385311474,0.3869844325818121
1506,0.3133330643177032,0.1392197804527438,12.061435516565536,5,0.2066597663331776,2.928415235131979,3,0.1550294453925851,0.4627323226071894,7.479858790402955,0.2774304234422743
1507,0.523881302587688,0.1327724098288915,15.19402474660845,14,0.2796669010538608,3.07487278804183,2,0.2943497201399374,0.3135064853820949,1.3164343385311474,0.2774304234422743
1508,0.4245204387232661,0.0495445631384861,22.73338636820921,7,0.1797079052310436,4.685466691851616,1,0.0560162126430851,0.1523586636874824,1.0437672456474252,0.295954268798232
1509,0.5902207139879465,0.0495445631384861,22.73338636820921,7,0.1797079052310436,4.685466691851616,1,0.0560162126430851,0.1523586636874824,1.0437672456474252,0.295954268798232
1510,0.4245204387232661,0.0679836501360611,22.73338636820921,7,0.1797079052310436,4.685466691851616,1,0.0560162126430851,0.1523586636874824,1.0437672456474252,0.295954268798232
1511,0.4245204387232661,0.0495445631384861,22.85744882377912,7,0.1797079052310436,4.685466691851616,1,0.0560162126430851,0.1523586636874824,1.0437672456474252,0.295954268798232
1512,0.4245204387232661,0.0495445631384861,22.73338636820921,15,0.1797079052310436,4.685466691851616,1,0.0560162126430851,0.1523586636874824,1.0437672456474252,0.295954268798232
1513,0.4245204387232661,0.0495445631384861,22.73338636820921,7,0.2504407241474837,4.685466691851616,1,0.0560162126430851,0.1523586636874824,1.0437672456474252,0.295954268798232
1514,0.4245204387232661,0.0495445631384861,22.73338636820921,7,0.1797079052310436,2.601850861683488,1,0.0560162126430851,0.1523586636874824,1.0437672456474252,0.295954268798232
1515,0.4245204387232661,0.0495445631384861,22.73338636820921,7,0.1797079052310436,4.685466691851616,2,0.0560162126430851,0.1523586636874824,1.0437672456474252,0.295954268798232
1516,0.4245204387232661,0.0495445631384861,22.73338636820921,7,0.1797079052310436,4.685466691851616,1,0.0704179326457483,0.1523586636874824,1.0437672456474252,0.295954268798232
1517,0.4245204387232661,0.0495445631384861,22.73338636820921,7,0.1797079052310436,4.685466691851616,1,0.0560162126430851,0.2228399676736444,1.0437672456474252,0.295954268798232
1518,0.4245204387232661,0.0495445631384861,22.73338636820921,7,0.1797079052310436,4.685466691851616,1,0.0560162126430851,0.1523586636874824,6.380924284942331,0.295954268798232
1519,0.4245204387232661,0.0495445631384861,22.73338636820921,7,0.1797079052310436,4.685466691851616,1,0.0560162126430851,0.1523586636874824,1.0437672456474252,0.1807442813180387
1520,0.5902207139879465,0.0679836501360611,22.85744882377912,15,0.2504407241474837,2.601850861683488,2,0.0704179326457483,0.2228399676736444,6.380924284942331,0.1807442813180387
1521,0.1109077658504247,0.1198502939085469,6.189491547390272,12,0.0512747459113597,7.252048654481769,3,0.1126177893776275,0.413918836787343,3.038147844548942,0.4471675705164671
1522,0.1868803432211279,0.1198502939085469,6.189491547390272,12,0.0512747459113597,7.252048654481769,3,0.1126177893776275,0.413918836787343,3.038147844548942,0.4471675705164671
1523,0.1109077658504247,0.1066592368389367,6.189491547390272,12,0.0512747459113597,7.252048654481769,3,0.1126177893776275,0.413918836787343,3.038147844548942,0.4471675705164671
1524,0.1109077658504247,0.1198502939085469,6.583478361292007,12,0.0512747459113597,7.252048654481769,3,0.1126177893776275,0.413918836787343,3.038147844548942,0.4471675705164671
1525,0.1109077658504247,0.1198502939085469,6.189491547390272,8,0.0512747459113597,7.252048654481769,3,0.1126177893776275,0.413918836787343,3.038147844548942,0.4471675705164671
1526,0.1109077658504247,0.1198502939085469,6.189491547390272,12,0.0821611282415688,7.252048654481769,3,0.1126177893776275,0.413918836787343,3.038147844548942,0.4471675705164671
1527,0.1109077658504247,0.1198502939085469,6.189491547390272,12,0.0512747459113597,5.763518473133445,3,0.1126177893776275,0.413918836787343,3.038147844548942,0.4471675705164671
1528,0.1109077658504247,0.1198502939085469,6.189491547390272,12,0.0512747459113597,7.252048654481769,1,0.1126177893776275,0.413918836787343,3.038147844548942,0.4471675705164671
1529,0.1109077658504247,0.1198502939085469,6.189491547390272,12,0.0512747459113597,7.252048654481769,3,0.1784824526934979,0.413918836787343,3.038147844548942,0.4471675705164671
1530,0.1109077658504247,0.1198502939085469,6.189491547390272,12,0.0512747459113597,7.252048654481769,3,0.1126177893776275,0.440503858635202,3.038147844548942,0.4471675705164671
1531,0.1109077658504247,0.1198502939085469,6.189491547390272,12,0.0512747459113597,7.252048654481769,3,0.1126177893776275,0.413918836787343,1.90986358896493,0.4471675705164671
1532,0.1109077658504247,0.1198502939085469,6.189491547390272,12,0.0512747459113597,7.252048654481769,3,0.1126177893776275,0.413918836787343,3.038147844548942,0.3702370162121952
1533,0.1868803432211279,0.1066592368389367,6.583478361292007,8,0.0821611282415688,5.763518473133445,1,0.1784824526934979,0.440503858635202,1.90986358896493,0.3702370162121952
1534,0.2202215787023305,0.0738563238806198,12.632148149790822,8,0.1565579268615692,5.604632150381804,2,0.202934688379761,0.2999141506385058,5.762324841073284,0.3628730800934136
1535,0.1117497799918055,0.0738563238806198,12.632148149790822,8,0.1565579268615692,5.604632150381804,2,0.202934688379761,0.2999141506385058,5.762324841073284,0.3628730800934136
1536,0.2202215787023305,0.0391734270072843,12.632148149790822,8,0.1565579268615692,5.604632150381804,2,0.202934688379761,0.2999141506385058,5.762324841073284,0.3628730800934136
1537,0.2202215787023305,0.0738563238806198,10.280083163460748,8,0.1565579268615692,5.604632150381804,2,0.202934688379761,0.2999141506385058,5.762324841073284,0.3628730800934136
1538,0.2202215787023305,0.0738563238806198,12.632148149790822,4,0.1565579268615692,5.604632150381804,2,0.202934688379761,0.2999141506385058,5.762324841073284,0.3628730800934136
1539,0.2202215787023305,0.0738563238806198,12.632148149790822,8,0.2373538983054459,5.604632150381804,2,0.202934688379761,0.2999141506385058,5.762324841073284,0.3628730800934136
1540,0.2202215787023305,0.0738563238806198,12.632148149790822,8,0.1565579268615692,7.579116897657514,2,0.202934688379761,0.2999141506385058,5.762324841073284,0.3628730800934136
1541,0.2202215787023305,0.0738563238806198,12.632148149790822,8,0.1565579268615692,5.604632150381804,3,0.202934688379761,0.2999141506385058,5.762324841073284,0.3628730800934136
1542,0.2202215787023305,0.0738563238806198,12.632148149790822,8,0.1565579268615692,5.604632150381804,2,0.1396950673211403,0.2999141506385058,5.762324841073284,0.3628730800934136
1543,0.2202215787023305,0.0738563238806198,12.632148149790822,8,0.1565579268615692,5.604632150381804,2,0.202934688379761,0.0910150997340679,5.762324841073284,0.3628730800934136
1544,0.2202215787023305,0.0738563238806198,12.632148149790822,8,0.1565579268615692,5.604632150381804,2,0.202934688379761,0.2999141506385058,3.9886343144571783,0.3628730800934136
1545,0.2202215787023305,0.0738563238806198,12.632148149790822,8,0.1565579268615692,5.604632150381804,2,0.202934688379761,0.2999141506385058,5.762324841073284,0.4285310204140842
1546,0.1117497799918055,0.0391734270072843,10.280083163460748,4,0.2373538983054459,7.579116897657514,3,0.1396950673211403,0.0910150997340679,3.9886343144571783,0.4285310204140842
1547,0.4676236001774668,0.1846945717924829,7.960461735615086,13,0.2770566448569297,2.2649676892906427,2,0.0308117644488657,0.2663270478136837,2.0785706885906565,0.2118156951852143
1548,0.3650530871003866,0.1846945717924829,7.960461735615086,13,0.2770566448569297,2.2649676892906427,2,0.0308117644488657,0.2663270478136837,2.0785706885906565,0.2118156951852143
1549,0.4676236001774668,0.185178446522402,7.960461735615086,13,0.2770566448569297,2.2649676892906427,2,0.0308117644488657,0.2663270478136837,2.0785706885906565,0.2118156951852143
1550,0.4676236001774668,0.1846945717924829,5.95773600880895,13,0.2770566448569297,2.2649676892906427,2,0.0308117644488657,0.2663270478136837,2.0785706885906565,0.2118156951852143
1551,0.4676236001774668,0.1846945717924829,7.960461735615086,12,0.2770566448569297,2.2649676892906427,2,0.0308117644488657,0.2663270478136837,2.0785706885906565,0.2118156951852143
1552,0.4676236001774668,0.1846945717924829,7.960461735615086,13,0.1305330097209662,2.2649676892906427,2,0.0308117644488657,0.2663270478136837,2.0785706885906565,0.2118156951852143
1553,0.4676236001774668,0.1846945717924829,7.960461735615086,13,0.2770566448569297,4.043885139748454,2,0.0308117644488657,0.2663270478136837,2.0785706885906565,0.2118156951852143
1554,0.4676236001774668,0.1846945717924829,7.960461735615086,13,0.2770566448569297,2.2649676892906427,2,0.0308117644488657,0.2663270478136837,2.0785706885906565,0.2118156951852143
1555,0.4676236001774668,0.1846945717924829,7.960461735615086,13,0.2770566448569297,2.2649676892906427,2,0.0477207437923671,0.2663270478136837,2.0785706885906565,0.2118156951852143
1556,0.4676236001774668,0.1846945717924829,7.960461735615086,13,0.2770566448569297,2.2649676892906427,2,0.0308117644488657,0.3508184271864593,2.0785706885906565,0.2118156951852143
1557,0.4676236001774668,0.1846945717924829,7.960461735615086,13,0.2770566448569297,2.2649676892906427,2,0.0308117644488657,0.2663270478136837,1.0152908190505965,0.2118156951852143
1558,0.4676236001774668,0.1846945717924829,7.960461735615086,13,0.2770566448569297,2.2649676892906427,2,0.0308117644488657,0.2663270478136837,2.0785706885906565,0.239637955930084
1559,0.3650530871003866,0.185178446522402,5.95773600880895,12,0.1305330097209662,4.043885139748454,2,0.0477207437923671,0.3508184271864593,1.0152908190505965,0.239637955930084
1560,0.5058781787753105,0.0361448818683006,15.26621860915128,12,0.1415086679160594,3.1744963005185127,1,0.0645524438197482,0.1088118189014494,6.786195218934556,0.1939097969792783
1561,0.3822690770030021,0.0361448818683006,15.26621860915128,12,0.1415086679160594,3.1744963005185127,1,0.0645524438197482,0.1088118189014494,6.786195218934556,0.1939097969792783
1562,0.5058781787753105,0.1194501123074343,15.26621860915128,12,0.1415086679160594,3.1744963005185127,1,0.0645524438197482,0.1088118189014494,6.786195218934556,0.1939097969792783
1563,0.5058781787753105,0.0361448818683006,11.055409448723264,12,0.1415086679160594,3.1744963005185127,1,0.0645524438197482,0.1088118189014494,6.786195218934556,0.1939097969792783
1564,0.5058781787753105,0.0361448818683006,15.26621860915128,10,0.1415086679160594,3.1744963005185127,1,0.0645524438197482,0.1088118189014494,6.786195218934556,0.1939097969792783
1565,0.5058781787753105,0.0361448818683006,15.26621860915128,12,0.2644745807163417,3.1744963005185127,1,0.0645524438197482,0.1088118189014494,6.786195218934556,0.1939097969792783
1566,0.5058781787753105,0.0361448818683006,15.26621860915128,12,0.1415086679160594,5.034469297155738,1,0.0645524438197482,0.1088118189014494,6.786195218934556,0.1939097969792783
1567,0.5058781787753105,0.0361448818683006,15.26621860915128,12,0.1415086679160594,3.1744963005185127,2,0.0645524438197482,0.1088118189014494,6.786195218934556,0.1939097969792783
1568,0.5058781787753105,0.0361448818683006,15.26621860915128,12,0.1415086679160594,3.1744963005185127,1,0.059645874602527,0.1088118189014494,6.786195218934556,0.1939097969792783
1569,0.5058781787753105,0.0361448818683006,15.26621860915128,12,0.1415086679160594,3.1744963005185127,1,0.0645524438197482,0.1584989848546684,6.786195218934556,0.1939097969792783
1570,0.5058781787753105,0.0361448818683006,15.26621860915128,12,0.1415086679160594,3.1744963005185127,1,0.0645524438197482,0.1088118189014494,7.7618232276506145,0.1939097969792783
1571,0.5058781787753105,0.0361448818683006,15.26621860915128,12,0.1415086679160594,3.1744963005185127,1,0.0645524438197482,0.1088118189014494,6.786195218934556,0.3555275534279645
1572,0.3822690770030021,0.1194501123074343,11.055409448723264,10,0.2644745807163417,5.034469297155738,2,0.059645874602527,0.1584989848546684,7.7618232276506145,0.3555275534279645
1573,0.1819841304793953,0.1606287849679778,9.346622280058376,6,0.2610919679980725,5.764530023559928,3,0.097725155427098,0.4231617319863289,2.293849175825457,0.3426323994062841
1574,0.0549910197034478,0.1606287849679778,9.346622280058376,6,0.2610919679980725,5.764530023559928,3,0.097725155427098,0.4231617319863289,2.293849175825457,0.3426323994062841
1575,0.1819841304793953,0.0607299709987757,9.346622280058376,6,0.2610919679980725,5.764530023559928,3,0.097725155427098,0.4231617319863289,2.293849175825457,0.3426323994062841
1576,0.1819841304793953,0.1606287849679778,5.576219696444403,6,0.2610919679980725,5.764530023559928,3,0.097725155427098,0.4231617319863289,2.293849175825457,0.3426323994062841
1577,0.1819841304793953,0.1606287849679778,9.346622280058376,14,0.2610919679980725,5.764530023559928,3,0.097725155427098,0.4231617319863289,2.293849175825457,0.3426323994062841
1578,0.1819841304793953,0.1606287849679778,9.346622280058376,6,0.102923992043361,5.764530023559928,3,0.097725155427098,0.4231617319863289,2.293849175825457,0.3426323994062841
1579,0.1819841304793953,0.1606287849679778,9.346622280058376,6,0.2610919679980725,3.3189114574342966,3,0.097725155427098,0.4231617319863289,2.293849175825457,0.3426323994062841
1580,0.1819841304793953,0.1606287849679778,9.346622280058376,6,0.2610919679980725,5.764530023559928,1,0.097725155427098,0.4231617319863289,2.293849175825457,0.3426323994062841
1581,0.1819841304793953,0.1606287849679778,9.346622280058376,6,0.2610919679980725,5.764530023559928,3,0.2037257914079837,0.4231617319863289,2.293849175825457,0.3426323994062841
1582,0.1819841304793953,0.1606287849679778,9.346622280058376,6,0.2610919679980725,5.764530023559928,3,0.097725155427098,0.2781711556017399,2.293849175825457,0.3426323994062841
1583,0.1819841304793953,0.1606287849679778,9.346622280058376,6,0.2610919679980725,5.764530023559928,3,0.097725155427098,0.4231617319863289,2.0402827367846883,0.3426323994062841
1584,0.1819841304793953,0.1606287849679778,9.346622280058376,6,0.2610919679980725,5.764530023559928,3,0.097725155427098,0.4231617319863289,2.293849175825457,0.1672193468548357
1585,0.0549910197034478,0.0607299709987757,5.576219696444403,14,0.102923992043361,3.3189114574342966,1,0.2037257914079837,0.2781711556017399,2.0402827367846883,0.1672193468548357
1586,0.1476700315251946,0.0569974803399543,19.63428691750533,14,0.2262535795569419,7.092245552688837,2,0.1762102503476648,0.312590267509222,1.5937054950731078,0.4269417816773058
1587,0.2798230351880192,0.0569974803399543,19.63428691750533,14,0.2262535795569419,7.092245552688837,2,0.1762102503476648,0.312590267509222,1.5937054950731078,0.4269417816773058
1588,0.1476700315251946,0.2225125534952566,19.63428691750533,14,0.2262535795569419,7.092245552688837,2,0.1762102503476648,0.312590267509222,1.5937054950731078,0.4269417816773058
1589,0.1476700315251946,0.0569974803399543,21.24923926602696,14,0.2262535795569419,7.092245552688837,2,0.1762102503476648,0.312590267509222,1.5937054950731078,0.4269417816773058
1590,0.1476700315251946,0.0569974803399543,19.63428691750533,11,0.2262535795569419,7.092245552688837,2,0.1762102503476648,0.312590267509222,1.5937054950731078,0.4269417816773058
1591,0.1476700315251946,0.0569974803399543,19.63428691750533,14,0.2150652808602899,7.092245552688837,2,0.1762102503476648,0.312590267509222,1.5937054950731078,0.4269417816773058
1592,0.1476700315251946,0.0569974803399543,19.63428691750533,14,0.2262535795569419,4.786085007712245,2,0.1762102503476648,0.312590267509222,1.5937054950731078,0.4269417816773058
1593,0.1476700315251946,0.0569974803399543,19.63428691750533,14,0.2262535795569419,7.092245552688837,3,0.1762102503476648,0.312590267509222,1.5937054950731078,0.4269417816773058
1594,0.1476700315251946,0.0569974803399543,19.63428691750533,14,0.2262535795569419,7.092245552688837,2,0.1594747642541174,0.312590267509222,1.5937054950731078,0.4269417816773058
1595,0.1476700315251946,0.0569974803399543,19.63428691750533,14,0.2262535795569419,7.092245552688837,2,0.1762102503476648,0.1778785950038582,1.5937054950731078,0.4269417816773058
1596,0.1476700315251946,0.0569974803399543,19.63428691750533,14,0.2262535795569419,7.092245552688837,2,0.1762102503476648,0.312590267509222,4.253972715618622,0.4269417816773058
1597,0.1476700315251946,0.0569974803399543,19.63428691750533,14,0.2262535795569419,7.092245552688837,2,0.1762102503476648,0.312590267509222,1.5937054950731078,0.2542241097427904
1598,0.2798230351880192,0.2225125534952566,21.24923926602696,11,0.2150652808602899,4.786085007712245,3,0.1594747642541174,0.1778785950038582,4.253972715618622,0.2542241097427904
1599,0.3877753034234046,0.2447659796355228,5.193595723229161,8,0.0987360570114106,3.77602712996304,2,0.0354847269851774,0.2194019096437842,4.346951104351919,0.2780815551057458
1600,0.4571378700435161,0.2447659796355228,5.193595723229161,8,0.0987360570114106,3.77602712996304,2,0.0354847269851774,0.2194019096437842,4.346951104351919,0.2780815551057458
1601,0.3877753034234046,0.0325867318866469,5.193595723229161,8,0.0987360570114106,3.77602712996304,2,0.0354847269851774,0.2194019096437842,4.346951104351919,0.2780815551057458
1602,0.3877753034234046,0.2447659796355228,7.035219194038098,8,0.0987360570114106,3.77602712996304,2,0.0354847269851774,0.2194019096437842,4.346951104351919,0.2780815551057458
1603,0.3877753034234046,0.2447659796355228,5.193595723229161,6,0.0987360570114106,3.77602712996304,2,0.0354847269851774,0.2194019096437842,4.346951104351919,0.2780815551057458
1604,0.3877753034234046,0.2447659796355228,5.193595723229161,8,0.1170483554713428,3.77602712996304,2,0.0354847269851774,0.2194019096437842,4.346951104351919,0.2780815551057458
1605,0.3877753034234046,0.2447659796355228,5.193595723229161,8,0.0987360570114106,6.87216286547482,2,0.0354847269851774,0.2194019096437842,4.346951104351919,0.2780815551057458
1606,0.3877753034234046,0.2447659796355228,5.193595723229161,8,0.0987360570114106,3.77602712996304,2,0.0354847269851774,0.2194019096437842,4.346951104351919,0.2780815551057458
1607,0.3877753034234046,0.2447659796355228,5.193595723229161,8,0.0987360570114106,3.77602712996304,2,0.0404151036344553,0.2194019096437842,4.346951104351919,0.2780815551057458
1608,0.3877753034234046,0.2447659796355228,5.193595723229161,8,0.0987360570114106,3.77602712996304,2,0.0354847269851774,0.4803014693316072,4.346951104351919,0.2780815551057458
1609,0.3877753034234046,0.2447659796355228,5.193595723229161,8,0.0987360570114106,3.77602712996304,2,0.0354847269851774,0.2194019096437842,1.2320385624520092,0.2780815551057458
1610,0.3877753034234046,0.2447659796355228,5.193595723229161,8,0.0987360570114106,3.77602712996304,2,0.0354847269851774,0.2194019096437842,4.346951104351919,0.4419601117260754
1611,0.4571378700435161,0.0325867318866469,7.035219194038098,6,0.1170483554713428,6.87216286547482,2,0.0404151036344553,0.4803014693316072,1.2320385624520092,0.4419601117260754
1612,0.3513041211292148,0.0851703877250944,6.292962963224653,9,0.0708685651887208,2.722009098157286,2,0.2277389728692923,0.3605388415046036,1.7670784923526408,0.4078030566684901
1613,0.5422644490376115,0.0851703877250944,6.292962963224653,9,0.0708685651887208,2.722009098157286,2,0.2277389728692923,0.3605388415046036,1.7670784923526408,0.4078030566684901
1614,0.3513041211292148,0.2757275717935497,6.292962963224653,9,0.0708685651887208,2.722009098157286,2,0.2277389728692923,0.3605388415046036,1.7670784923526408,0.4078030566684901
1615,0.3513041211292148,0.0851703877250944,4.69924765614575,9,0.0708685651887208,2.722009098157286,2,0.2277389728692923,0.3605388415046036,1.7670784923526408,0.4078030566684901
1616,0.3513041211292148,0.0851703877250944,6.292962963224653,5,0.0708685651887208,2.722009098157286,2,0.2277389728692923,0.3605388415046036,1.7670784923526408,0.4078030566684901
1617,0.3513041211292148,0.0851703877250944,6.292962963224653,9,0.1464576508849859,2.722009098157286,2,0.2277389728692923,0.3605388415046036,1.7670784923526408,0.4078030566684901
1618,0.3513041211292148,0.0851703877250944,6.292962963224653,9,0.0708685651887208,7.896056208759546,2,0.2277389728692923,0.3605388415046036,1.7670784923526408,0.4078030566684901
1619,0.3513041211292148,0.0851703877250944,6.292962963224653,9,0.0708685651887208,2.722009098157286,2,0.2277389728692923,0.3605388415046036,1.7670784923526408,0.4078030566684901
1620,0.3513041211292148,0.0851703877250944,6.292962963224653,9,0.0708685651887208,2.722009098157286,2,0.0966927308982786,0.3605388415046036,1.7670784923526408,0.4078030566684901
1621,0.3513041211292148,0.0851703877250944,6.292962963224653,9,0.0708685651887208,2.722009098157286,2,0.2277389728692923,0.0561488388571888,1.7670784923526408,0.4078030566684901
1622,0.3513041211292148,0.0851703877250944,6.292962963224653,9,0.0708685651887208,2.722009098157286,2,0.2277389728692923,0.3605388415046036,5.98406802860062,0.4078030566684901
1623,0.3513041211292148,0.0851703877250944,6.292962963224653,9,0.0708685651887208,2.722009098157286,2,0.2277389728692923,0.3605388415046036,1.7670784923526408,0.3183197337202728
1624,0.5422644490376115,0.2757275717935497,4.69924765614575,5,0.1464576508849859,7.896056208759546,2,0.0966927308982786,0.0561488388571888,5.98406802860062,0.3183197337202728
1625,0.0364849459379911,0.213580022757879,10.263387593526552,15,0.1913673958741128,5.28823896497488,2,0.0492583979663014,0.1723187386523932,5.227780417497959,0.2565165038220585
1626,0.1949911057949066,0.213580022757879,10.263387593526552,15,0.1913673958741128,5.28823896497488,2,0.0492583979663014,0.1723187386523932,5.227780417497959,0.2565165038220585
1627,0.0364849459379911,0.0405193850599173,10.263387593526552,15,0.1913673958741128,5.28823896497488,2,0.0492583979663014,0.1723187386523932,5.227780417497959,0.2565165038220585
1628,0.0364849459379911,0.213580022757879,13.072944691440249,15,0.1913673958741128,5.28823896497488,2,0.0492583979663014,0.1723187386523932,5.227780417497959,0.2565165038220585
1629,0.0364849459379911,0.213580022757879,10.263387593526552,12,0.1913673958741128,5.28823896497488,2,0.0492583979663014,0.1723187386523932,5.227780417497959,0.2565165038220585
1630,0.0364849459379911,0.213580022757879,10.263387593526552,15,0.1900576664600521,5.28823896497488,2,0.0492583979663014,0.1723187386523932,5.227780417497959,0.2565165038220585
1631,0.0364849459379911,0.213580022757879,10.263387593526552,15,0.1913673958741128,3.562879741191864,2,0.0492583979663014,0.1723187386523932,5.227780417497959,0.2565165038220585
1632,0.0364849459379911,0.213580022757879,10.263387593526552,15,0.1913673958741128,5.28823896497488,3,0.0492583979663014,0.1723187386523932,5.227780417497959,0.2565165038220585
1633,0.0364849459379911,0.213580022757879,10.263387593526552,15,0.1913673958741128,5.28823896497488,2,0.0380760008047285,0.1723187386523932,5.227780417497959,0.2565165038220585
1634,0.0364849459379911,0.213580022757879,10.263387593526552,15,0.1913673958741128,5.28823896497488,2,0.0492583979663014,0.3858239223714917,5.227780417497959,0.2565165038220585
1635,0.0364849459379911,0.213580022757879,10.263387593526552,15,0.1913673958741128,5.28823896497488,2,0.0492583979663014,0.1723187386523932,2.646370623414537,0.2565165038220585
1636,0.0364849459379911,0.213580022757879,10.263387593526552,15,0.1913673958741128,5.28823896497488,2,0.0492583979663014,0.1723187386523932,5.227780417497959,0.2044267362914979
1637,0.1949911057949066,0.0405193850599173,13.072944691440249,12,0.1900576664600521,3.562879741191864,3,0.0380760008047285,0.3858239223714917,2.646370623414537,0.2044267362914979
1638,0.2934553127735853,0.0429638348458216,4.8897483169525175,5,0.2966476403642445,7.755922170355916,1,0.0826939770100915,0.0583363693207502,3.3488040216934825,0.1720780989155173
1639,0.119827864319086,0.0429638348458216,4.8897483169525175,5,0.2966476403642445,7.755922170355916,1,0.0826939770100915,0.0583363693207502,3.3488040216934825,0.1720780989155173
1640,0.2934553127735853,0.1484329560152679,4.8897483169525175,5,0.2966476403642445,7.755922170355916,1,0.0826939770100915,0.0583363693207502,3.3488040216934825,0.1720780989155173
1641,0.2934553127735853,0.0429638348458216,8.333747019900777,5,0.2966476403642445,7.755922170355916,1,0.0826939770100915,0.0583363693207502,3.3488040216934825,0.1720780989155173
1642,0.2934553127735853,0.0429638348458216,4.8897483169525175,15,0.2966476403642445,7.755922170355916,1,0.0826939770100915,0.0583363693207502,3.3488040216934825,0.1720780989155173
1643,0.2934553127735853,0.0429638348458216,4.8897483169525175,5,0.0659766285214573,7.755922170355916,1,0.0826939770100915,0.0583363693207502,3.3488040216934825,0.1720780989155173
1644,0.2934553127735853,0.0429638348458216,4.8897483169525175,5,0.2966476403642445,2.2863474152982235,1,0.0826939770100915,0.0583363693207502,3.3488040216934825,0.1720780989155173
1645,0.2934553127735853,0.0429638348458216,4.8897483169525175,5,0.2966476403642445,7.755922170355916,1,0.0826939770100915,0.0583363693207502,3.3488040216934825,0.1720780989155173
1646,0.2934553127735853,0.0429638348458216,4.8897483169525175,5,0.2966476403642445,7.755922170355916,1,0.0881050909050062,0.0583363693207502,3.3488040216934825,0.1720780989155173
1647,0.2934553127735853,0.0429638348458216,4.8897483169525175,5,0.2966476403642445,7.755922170355916,1,0.0826939770100915,0.2582568357698619,3.3488040216934825,0.1720780989155173
1648,0.2934553127735853,0.0429638348458216,4.8897483169525175,5,0.2966476403642445,7.755922170355916,1,0.0826939770100915,0.0583363693207502,3.279572049727877,0.1720780989155173
1649,0.2934553127735853,0.0429638348458216,4.8897483169525175,5,0.2966476403642445,7.755922170355916,1,0.0826939770100915,0.0583363693207502,3.3488040216934825,0.2908457047306001
1650,0.119827864319086,0.1484329560152679,8.333747019900777,15,0.0659766285214573,2.2863474152982235,1,0.0881050909050062,0.2582568357698619,3.279572049727877,0.2908457047306001
1651,0.542063264362514,0.1036432008784118,18.482567276652123,11,0.168214578833431,4.415899891406298,3,0.1344621871359576,0.4745295374188572,1.2277587959614324,0.3232087170705199
1652,0.3171376543119549,0.1036432008784118,18.482567276652123,11,0.168214578833431,4.415899891406298,3,0.1344621871359576,0.4745295374188572,1.2277587959614324,0.3232087170705199
1653,0.542063264362514,0.0752162336283175,18.482567276652123,11,0.168214578833431,4.415899891406298,3,0.1344621871359576,0.4745295374188572,1.2277587959614324,0.3232087170705199
1654,0.542063264362514,0.1036432008784118,18.001431353495818,11,0.168214578833431,4.415899891406298,3,0.1344621871359576,0.4745295374188572,1.2277587959614324,0.3232087170705199
1655,0.542063264362514,0.1036432008784118,18.482567276652123,7,0.168214578833431,4.415899891406298,3,0.1344621871359576,0.4745295374188572,1.2277587959614324,0.3232087170705199
1656,0.542063264362514,0.1036432008784118,18.482567276652123,11,0.2979958664625883,4.415899891406298,3,0.1344621871359576,0.4745295374188572,1.2277587959614324,0.3232087170705199
1657,0.542063264362514,0.1036432008784118,18.482567276652123,11,0.168214578833431,6.243087984621525,3,0.1344621871359576,0.4745295374188572,1.2277587959614324,0.3232087170705199
1658,0.542063264362514,0.1036432008784118,18.482567276652123,11,0.168214578833431,4.415899891406298,2,0.1344621871359576,0.4745295374188572,1.2277587959614324,0.3232087170705199
1659,0.542063264362514,0.1036432008784118,18.482567276652123,11,0.168214578833431,4.415899891406298,3,0.2582616249472121,0.4745295374188572,1.2277587959614324,0.3232087170705199
1660,0.542063264362514,0.1036432008784118,18.482567276652123,11,0.168214578833431,4.415899891406298,3,0.1344621871359576,0.4051674827933311,1.2277587959614324,0.3232087170705199
1661,0.542063264362514,0.1036432008784118,18.482567276652123,11,0.168214578833431,4.415899891406298,3,0.1344621871359576,0.4745295374188572,1.5980669080857617,0.3232087170705199
1662,0.542063264362514,0.1036432008784118,18.482567276652123,11,0.168214578833431,4.415899891406298,3,0.1344621871359576,0.4745295374188572,1.2277587959614324,0.4053383725695312
1663,0.3171376543119549,0.0752162336283175,18.001431353495818,7,0.2979958664625883,6.243087984621525,2,0.2582616249472121,0.4051674827933311,1.5980669080857617,0.4053383725695312
1664,0.5394289132207631,0.0698144199074921,6.562469273169939,5,0.2701657192781567,6.434409596025944,2,0.1046959523493525,0.3018245158717036,1.9968129793929703,0.3457338966429233
1665,0.397241023555398,0.0698144199074921,6.562469273169939,5,0.2701657192781567,6.434409596025944,2,0.1046959523493525,0.3018245158717036,1.9968129793929703,0.3457338966429233
1666,0.5394289132207631,0.0664211809918864,6.562469273169939,5,0.2701657192781567,6.434409596025944,2,0.1046959523493525,0.3018245158717036,1.9968129793929703,0.3457338966429233
1667,0.5394289132207631,0.0698144199074921,7.153374005730646,5,0.2701657192781567,6.434409596025944,2,0.1046959523493525,0.3018245158717036,1.9968129793929703,0.3457338966429233
1668,0.5394289132207631,0.0698144199074921,6.562469273169939,15,0.2701657192781567,6.434409596025944,2,0.1046959523493525,0.3018245158717036,1.9968129793929703,0.3457338966429233
1669,0.5394289132207631,0.0698144199074921,6.562469273169939,5,0.0709689578041434,6.434409596025944,2,0.1046959523493525,0.3018245158717036,1.9968129793929703,0.3457338966429233
1670,0.5394289132207631,0.0698144199074921,6.562469273169939,5,0.2701657192781567,6.777820281684399,2,0.1046959523493525,0.3018245158717036,1.9968129793929703,0.3457338966429233
1671,0.5394289132207631,0.0698144199074921,6.562469273169939,5,0.2701657192781567,6.434409596025944,3,0.1046959523493525,0.3018245158717036,1.9968129793929703,0.3457338966429233
1672,0.5394289132207631,0.0698144199074921,6.562469273169939,5,0.2701657192781567,6.434409596025944,2,0.0621886959728758,0.3018245158717036,1.9968129793929703,0.3457338966429233
1673,0.5394289132207631,0.0698144199074921,6.562469273169939,5,0.2701657192781567,6.434409596025944,2,0.1046959523493525,0.3847489940002561,1.9968129793929703,0.3457338966429233
1674,0.5394289132207631,0.0698144199074921,6.562469273169939,5,0.2701657192781567,6.434409596025944,2,0.1046959523493525,0.3018245158717036,2.453690838832621,0.3457338966429233
1675,0.5394289132207631,0.0698144199074921,6.562469273169939,5,0.2701657192781567,6.434409596025944,2,0.1046959523493525,0.3018245158717036,1.9968129793929703,0.3691389033570886
1676,0.397241023555398,0.0664211809918864,7.153374005730646,15,0.0709689578041434,6.777820281684399,3,0.0621886959728758,0.3847489940002561,2.453690838832621,0.3691389033570886
1677,0.2914571134373545,0.2688863764512819,9.842153307320034,10,0.1485682567115873,3.117815485224128,2,0.0689562090905061,0.2653187346179038,5.812239259176848,0.1946764044463634
1678,0.0681412121281027,0.2688863764512819,9.842153307320034,10,0.1485682567115873,3.117815485224128,2,0.0689562090905061,0.2653187346179038,5.812239259176848,0.1946764044463634
1679,0.2914571134373545,0.1092276760384449,9.842153307320034,10,0.1485682567115873,3.117815485224128,2,0.0689562090905061,0.2653187346179038,5.812239259176848,0.1946764044463634
1680,0.2914571134373545,0.2688863764512819,21.0450414002349,10,0.1485682567115873,3.117815485224128,2,0.0689562090905061,0.2653187346179038,5.812239259176848,0.1946764044463634
1681,0.2914571134373545,0.2688863764512819,9.842153307320034,8,0.1485682567115873,3.117815485224128,2,0.0689562090905061,0.2653187346179038,5.812239259176848,0.1946764044463634
1682,0.2914571134373545,0.2688863764512819,9.842153307320034,10,0.2930055059958249,3.117815485224128,2,0.0689562090905061,0.2653187346179038,5.812239259176848,0.1946764044463634
1683,0.2914571134373545,0.2688863764512819,9.842153307320034,10,0.1485682567115873,4.692835312336683,2,0.0689562090905061,0.2653187346179038,5.812239259176848,0.1946764044463634
1684,0.2914571134373545,0.2688863764512819,9.842153307320034,10,0.1485682567115873,3.117815485224128,2,0.0689562090905061,0.2653187346179038,5.812239259176848,0.1946764044463634
1685,0.2914571134373545,0.2688863764512819,9.842153307320034,10,0.1485682567115873,3.117815485224128,2,0.1838731547303592,0.2653187346179038,5.812239259176848,0.1946764044463634
1686,0.2914571134373545,0.2688863764512819,9.842153307320034,10,0.1485682567115873,3.117815485224128,2,0.0689562090905061,0.0537061967886984,5.812239259176848,0.1946764044463634
1687,0.2914571134373545,0.2688863764512819,9.842153307320034,10,0.1485682567115873,3.117815485224128,2,0.0689562090905061,0.2653187346179038,4.9562101754644745,0.1946764044463634
1688,0.2914571134373545,0.2688863764512819,9.842153307320034,10,0.1485682567115873,3.117815485224128,2,0.0689562090905061,0.2653187346179038,5.812239259176848,0.1818428596481681
1689,0.0681412121281027,0.1092276760384449,21.0450414002349,8,0.2930055059958249,4.692835312336683,2,0.1838731547303592,0.0537061967886984,4.9562101754644745,0.1818428596481681
1690,0.0351462302729487,0.0340312202452157,4.822517637875179,10,0.0585324654355645,4.0254972614347935,1,0.0382720154768374,0.1543012171052396,3.018191479986116,0.2791093789972365
1691,0.2929736522957682,0.0340312202452157,4.822517637875179,10,0.0585324654355645,4.0254972614347935,1,0.0382720154768374,0.1543012171052396,3.018191479986116,0.2791093789972365
1692,0.0351462302729487,0.0396535805397077,4.822517637875179,10,0.0585324654355645,4.0254972614347935,1,0.0382720154768374,0.1543012171052396,3.018191479986116,0.2791093789972365
1693,0.0351462302729487,0.0340312202452157,5.474584508796429,10,0.0585324654355645,4.0254972614347935,1,0.0382720154768374,0.1543012171052396,3.018191479986116,0.2791093789972365
1694,0.0351462302729487,0.0340312202452157,4.822517637875179,4,0.0585324654355645,4.0254972614347935,1,0.0382720154768374,0.1543012171052396,3.018191479986116,0.2791093789972365
1695,0.0351462302729487,0.0340312202452157,4.822517637875179,10,0.1514443181920796,4.0254972614347935,1,0.0382720154768374,0.1543012171052396,3.018191479986116,0.2791093789972365
1696,0.0351462302729487,0.0340312202452157,4.822517637875179,10,0.0585324654355645,3.417744383215904,1,0.0382720154768374,0.1543012171052396,3.018191479986116,0.2791093789972365
1697,0.0351462302729487,0.0340312202452157,4.822517637875179,10,0.0585324654355645,4.0254972614347935,2,0.0382720154768374,0.1543012171052396,3.018191479986116,0.2791093789972365
1698,0.0351462302729487,0.0340312202452157,4.822517637875179,10,0.0585324654355645,4.0254972614347935,1,0.1321278669308855,0.1543012171052396,3.018191479986116,0.2791093789972365
1699,0.0351462302729487,0.0340312202452157,4.822517637875179,10,0.0585324654355645,4.0254972614347935,1,0.0382720154768374,0.4075620613526552,3.018191479986116,0.2791093789972365
1700,0.0351462302729487,0.0340312202452157,4.822517637875179,10,0.0585324654355645,4.0254972614347935,1,0.0382720154768374,0.1543012171052396,1.3071270900236611,0.2791093789972365
1701,0.0351462302729487,0.0340312202452157,4.822517637875179,10,0.0585324654355645,4.0254972614347935,1,0.0382720154768374,0.1543012171052396,3.018191479986116,0.240736355446279
1702,0.2929736522957682,0.0396535805397077,5.474584508796429,4,0.1514443181920796,3.417744383215904,2,0.1321278669308855,0.4075620613526552,1.3071270900236611,0.240736355446279
1703,0.3481568064540624,0.1267901371457978,18.740760974525514,15,0.1878200200852006,6.615151004865766,3,0.1903670714392019,0.4128337068017572,1.088716320733054,0.4303222157992423
1704,0.4721105363219976,0.1267901371457978,18.740760974525514,15,0.1878200200852006,6.615151004865766,3,0.1903670714392019,0.4128337068017572,1.088716320733054,0.4303222157992423
1705,0.3481568064540624,0.1828367046833297,18.740760974525514,15,0.1878200200852006,6.615151004865766,3,0.1903670714392019,0.4128337068017572,1.088716320733054,0.4303222157992423
1706,0.3481568064540624,0.1267901371457978,11.182114621886958,15,0.1878200200852006,6.615151004865766,3,0.1903670714392019,0.4128337068017572,1.088716320733054,0.4303222157992423
1707,0.3481568064540624,0.1267901371457978,18.740760974525514,13,0.1878200200852006,6.615151004865766,3,0.1903670714392019,0.4128337068017572,1.088716320733054,0.4303222157992423
1708,0.3481568064540624,0.1267901371457978,18.740760974525514,15,0.1850690340623259,6.615151004865766,3,0.1903670714392019,0.4128337068017572,1.088716320733054,0.4303222157992423
1709,0.3481568064540624,0.1267901371457978,18.740760974525514,15,0.1878200200852006,5.123408872634172,3,0.1903670714392019,0.4128337068017572,1.088716320733054,0.4303222157992423
1710,0.3481568064540624,0.1267901371457978,18.740760974525514,15,0.1878200200852006,6.615151004865766,1,0.1903670714392019,0.4128337068017572,1.088716320733054,0.4303222157992423
1711,0.3481568064540624,0.1267901371457978,18.740760974525514,15,0.1878200200852006,6.615151004865766,3,0.0515971974212821,0.4128337068017572,1.088716320733054,0.4303222157992423
1712,0.3481568064540624,0.1267901371457978,18.740760974525514,15,0.1878200200852006,6.615151004865766,3,0.1903670714392019,0.2593798276502639,1.088716320733054,0.4303222157992423
1713,0.3481568064540624,0.1267901371457978,18.740760974525514,15,0.1878200200852006,6.615151004865766,3,0.1903670714392019,0.4128337068017572,3.1045556944171318,0.4303222157992423
1714,0.3481568064540624,0.1267901371457978,18.740760974525514,15,0.1878200200852006,6.615151004865766,3,0.1903670714392019,0.4128337068017572,1.088716320733054,0.4274327287450433
1715,0.4721105363219976,0.1828367046833297,11.182114621886958,13,0.1850690340623259,5.123408872634172,1,0.0515971974212821,0.2593798276502639,3.1045556944171318,0.4274327287450433
1716,0.3846371317282319,0.0520987786035691,14.637265663808856,13,0.2156264683697372,5.4190774615854025,1,0.0526782422149222,0.103825787641108,7.529550732889289,0.2548984553664922
1717,0.5559914147481322,0.0520987786035691,14.637265663808856,13,0.2156264683697372,5.4190774615854025,1,0.0526782422149222,0.103825787641108,7.529550732889289,0.2548984553664922
1718,0.3846371317282319,0.0493614523825694,14.637265663808856,13,0.2156264683697372,5.4190774615854025,1,0.0526782422149222,0.103825787641108,7.529550732889289,0.2548984553664922
1719,0.3846371317282319,0.0520987786035691,17.798431152562053,13,0.2156264683697372,5.4190774615854025,1,0.0526782422149222,0.103825787641108,7.529550732889289,0.2548984553664922
1720,0.3846371317282319,0.0520987786035691,14.637265663808856,10,0.2156264683697372,5.4190774615854025,1,0.0526782422149222,0.103825787641108,7.529550732889289,0.2548984553664922
1721,0.3846371317282319,0.0520987786035691,14.637265663808856,13,0.2180987016297876,5.4190774615854025,1,0.0526782422149222,0.103825787641108,7.529550732889289,0.2548984553664922
1722,0.3846371317282319,0.0520987786035691,14.637265663808856,13,0.2156264683697372,6.153049083426595,1,0.0526782422149222,0.103825787641108,7.529550732889289,0.2548984553664922
1723,0.3846371317282319,0.0520987786035691,14.637265663808856,13,0.2156264683697372,5.4190774615854025,1,0.0526782422149222,0.103825787641108,7.529550732889289,0.2548984553664922
1724,0.3846371317282319,0.0520987786035691,14.637265663808856,13,0.2156264683697372,5.4190774615854025,1,0.1258969274377744,0.103825787641108,7.529550732889289,0.2548984553664922
1725,0.3846371317282319,0.0520987786035691,14.637265663808856,13,0.2156264683697372,5.4190774615854025,1,0.0526782422149222,0.2761632501613348,7.529550732889289,0.2548984553664922
1726,0.3846371317282319,0.0520987786035691,14.637265663808856,13,0.2156264683697372,5.4190774615854025,1,0.0526782422149222,0.103825787641108,1.8923919850678377,0.2548984553664922
1727,0.3846371317282319,0.0520987786035691,14.637265663808856,13,0.2156264683697372,5.4190774615854025,1,0.0526782422149222,0.103825787641108,7.529550732889289,0.3307603530585766
1728,0.5559914147481322,0.0493614523825694,17.798431152562053,10,0.2180987016297876,6.153049083426595,1,0.1258969274377744,0.2761632501613348,1.8923919850678377,0.3307603530585766
1729,0.1463221371173858,0.1129559527505505,9.748514874120888,8,0.0929914114065468,2.079412274062633,3,0.2437105869934358,0.4642015457618981,2.5868007483745776,0.4038318078964948
1730,0.2093862790614366,0.1129559527505505,9.748514874120888,8,0.0929914114065468,2.079412274062633,3,0.2437105869934358,0.4642015457618981,2.5868007483745776,0.4038318078964948
1731,0.1463221371173858,0.2263069811847456,9.748514874120888,8,0.0929914114065468,2.079412274062633,3,0.2437105869934358,0.4642015457618981,2.5868007483745776,0.4038318078964948
1732,0.1463221371173858,0.1129559527505505,8.487999109180276,8,0.0929914114065468,2.079412274062633,3,0.2437105869934358,0.4642015457618981,2.5868007483745776,0.4038318078964948
1733,0.1463221371173858,0.1129559527505505,9.748514874120888,6,0.0929914114065468,2.079412274062633,3,0.2437105869934358,0.4642015457618981,2.5868007483745776,0.4038318078964948
1734,0.1463221371173858,0.1129559527505505,9.748514874120888,8,0.1140129658859223,2.079412274062633,3,0.2437105869934358,0.4642015457618981,2.5868007483745776,0.4038318078964948
1735,0.1463221371173858,0.1129559527505505,9.748514874120888,8,0.0929914114065468,2.1886123847216368,3,0.2437105869934358,0.4642015457618981,2.5868007483745776,0.4038318078964948
1736,0.1463221371173858,0.1129559527505505,9.748514874120888,8,0.0929914114065468,2.079412274062633,2,0.2437105869934358,0.4642015457618981,2.5868007483745776,0.4038318078964948
1737,0.1463221371173858,0.1129559527505505,9.748514874120888,8,0.0929914114065468,2.079412274062633,3,0.0322146596281205,0.4642015457618981,2.5868007483745776,0.4038318078964948
1738,0.1463221371173858,0.1129559527505505,9.748514874120888,8,0.0929914114065468,2.079412274062633,3,0.2437105869934358,0.156992754759267,2.5868007483745776,0.4038318078964948
1739,0.1463221371173858,0.1129559527505505,9.748514874120888,8,0.0929914114065468,2.079412274062633,3,0.2437105869934358,0.4642015457618981,6.4263640270254845,0.4038318078964948
1740,0.1463221371173858,0.1129559527505505,9.748514874120888,8,0.0929914114065468,2.079412274062633,3,0.2437105869934358,0.4642015457618981,2.5868007483745776,0.2202209796756506
1741,0.2093862790614366,0.2263069811847456,8.487999109180276,6,0.1140129658859223,2.1886123847216368,2,0.0322146596281205,0.156992754759267,6.4263640270254845,0.2202209796756506
1742,0.1799767881631851,0.0811936176187973,19.913998530412027,12,0.1128294853959232,4.8763318080455065,2,0.1454277665008573,0.3497731099836528,1.4103494999403854,0.3195261594839394
1743,0.1342237394303083,0.0811936176187973,19.913998530412027,12,0.1128294853959232,4.8763318080455065,2,0.1454277665008573,0.3497731099836528,1.4103494999403854,0.3195261594839394
1744,0.1799767881631851,0.0821734573225289,19.913998530412027,12,0.1128294853959232,4.8763318080455065,2,0.1454277665008573,0.3497731099836528,1.4103494999403854,0.3195261594839394
1745,0.1799767881631851,0.0811936176187973,13.199069743908485,12,0.1128294853959232,4.8763318080455065,2,0.1454277665008573,0.3497731099836528,1.4103494999403854,0.3195261594839394
1746,0.1799767881631851,0.0811936176187973,19.913998530412027,9,0.1128294853959232,4.8763318080455065,2,0.1454277665008573,0.3497731099836528,1.4103494999403854,0.3195261594839394
1747,0.1799767881631851,0.0811936176187973,19.913998530412027,12,0.2675139028113335,4.8763318080455065,2,0.1454277665008573,0.3497731099836528,1.4103494999403854,0.3195261594839394
1748,0.1799767881631851,0.0811936176187973,19.913998530412027,12,0.1128294853959232,3.654299119487405,2,0.1454277665008573,0.3497731099836528,1.4103494999403854,0.3195261594839394
1749,0.1799767881631851,0.0811936176187973,19.913998530412027,12,0.1128294853959232,4.8763318080455065,2,0.1454277665008573,0.3497731099836528,1.4103494999403854,0.3195261594839394
1750,0.1799767881631851,0.0811936176187973,19.913998530412027,12,0.1128294853959232,4.8763318080455065,2,0.0783115684867229,0.3497731099836528,1.4103494999403854,0.3195261594839394
1751,0.1799767881631851,0.0811936176187973,19.913998530412027,12,0.1128294853959232,4.8763318080455065,2,0.1454277665008573,0.4818694958463311,1.4103494999403854,0.3195261594839394
1752,0.1799767881631851,0.0811936176187973,19.913998530412027,12,0.1128294853959232,4.8763318080455065,2,0.1454277665008573,0.3497731099836528,1.00815268052581,0.3195261594839394
1753,0.1799767881631851,0.0811936176187973,19.913998530412027,12,0.1128294853959232,4.8763318080455065,2,0.1454277665008573,0.3497731099836528,1.4103494999403854,0.278528681024909
1754,0.1342237394303083,0.0821734573225289,13.199069743908485,9,0.2675139028113335,3.654299119487405,2,0.0783115684867229,0.4818694958463311,1.00815268052581,0.278528681024909
1755,0.5032530063763261,0.1695253232547039,5.120782210464027,7,0.2431546260602772,7.442914474755526,2,0.0890888660275691,0.2182355971541256,3.9098384302771874,0.1707298410125076
1756,0.3308650625869632,0.1695253232547039,5.120782210464027,7,0.2431546260602772,7.442914474755526,2,0.0890888660275691,0.2182355971541256,3.9098384302771874,0.1707298410125076
1757,0.5032530063763261,0.1358837863024727,5.120782210464027,7,0.2431546260602772,7.442914474755526,2,0.0890888660275691,0.2182355971541256,3.9098384302771874,0.1707298410125076
1758,0.5032530063763261,0.1695253232547039,4.62188174577766,7,0.2431546260602772,7.442914474755526,2,0.0890888660275691,0.2182355971541256,3.9098384302771874,0.1707298410125076
1759,0.5032530063763261,0.1695253232547039,5.120782210464027,14,0.2431546260602772,7.442914474755526,2,0.0890888660275691,0.2182355971541256,3.9098384302771874,0.1707298410125076
1760,0.5032530063763261,0.1695253232547039,5.120782210464027,7,0.0998866350390017,7.442914474755526,2,0.0890888660275691,0.2182355971541256,3.9098384302771874,0.1707298410125076
1761,0.5032530063763261,0.1695253232547039,5.120782210464027,7,0.2431546260602772,7.992230540141463,2,0.0890888660275691,0.2182355971541256,3.9098384302771874,0.1707298410125076
1762,0.5032530063763261,0.1695253232547039,5.120782210464027,7,0.2431546260602772,7.442914474755526,3,0.0890888660275691,0.2182355971541256,3.9098384302771874,0.1707298410125076
1763,0.5032530063763261,0.1695253232547039,5.120782210464027,7,0.2431546260602772,7.442914474755526,2,0.264988499775175,0.2182355971541256,3.9098384302771874,0.1707298410125076
1764,0.5032530063763261,0.1695253232547039,5.120782210464027,7,0.2431546260602772,7.442914474755526,2,0.0890888660275691,0.1798247040249407,3.9098384302771874,0.1707298410125076
1765,0.5032530063763261,0.1695253232547039,5.120782210464027,7,0.2431546260602772,7.442914474755526,2,0.0890888660275691,0.2182355971541256,4.025296495334066,0.1707298410125076
1766,0.5032530063763261,0.1695253232547039,5.120782210464027,7,0.2431546260602772,7.442914474755526,2,0.0890888660275691,0.2182355971541256,3.9098384302771874,0.3896402589976788
1767,0.3308650625869632,0.1358837863024727,4.62188174577766,14,0.0998866350390017,7.992230540141463,3,0.264988499775175,0.1798247040249407,4.025296495334066,0.3896402589976788
1768,0.4662157516926526,0.0393536297424665,23.71119642712557,8,0.1603502628393471,6.90810957364738,1,0.0456896902422446,0.0602235828991979,1.2000014805980104,0.1505465506576001
1769,0.4264456177130341,0.0393536297424665,23.71119642712557,8,0.1603502628393471,6.90810957364738,1,0.0456896902422446,0.0602235828991979,1.2000014805980104,0.1505465506576001
1770,0.4662157516926526,0.2697935239462089,23.71119642712557,8,0.1603502628393471,6.90810957364738,1,0.0456896902422446,0.0602235828991979,1.2000014805980104,0.1505465506576001
1771,0.4662157516926526,0.0393536297424665,15.021809055665644,8,0.1603502628393471,6.90810957364738,1,0.0456896902422446,0.0602235828991979,1.2000014805980104,0.1505465506576001
1772,0.4662157516926526,0.0393536297424665,23.71119642712557,5,0.1603502628393471,6.90810957364738,1,0.0456896902422446,0.0602235828991979,1.2000014805980104,0.1505465506576001
1773,0.4662157516926526,0.0393536297424665,23.71119642712557,8,0.2326076039578765,6.90810957364738,1,0.0456896902422446,0.0602235828991979,1.2000014805980104,0.1505465506576001
1774,0.4662157516926526,0.0393536297424665,23.71119642712557,8,0.1603502628393471,2.982172442600131,1,0.0456896902422446,0.0602235828991979,1.2000014805980104,0.1505465506576001
1775,0.4662157516926526,0.0393536297424665,23.71119642712557,8,0.1603502628393471,6.90810957364738,1,0.0456896902422446,0.0602235828991979,1.2000014805980104,0.1505465506576001
1776,0.4662157516926526,0.0393536297424665,23.71119642712557,8,0.1603502628393471,6.90810957364738,1,0.1074142573033506,0.0602235828991979,1.2000014805980104,0.1505465506576001
1777,0.4662157516926526,0.0393536297424665,23.71119642712557,8,0.1603502628393471,6.90810957364738,1,0.0456896902422446,0.4424557612277567,1.2000014805980104,0.1505465506576001
1778,0.4662157516926526,0.0393536297424665,23.71119642712557,8,0.1603502628393471,6.90810957364738,1,0.0456896902422446,0.0602235828991979,2.0257433842569355,0.1505465506576001
1779,0.4662157516926526,0.0393536297424665,23.71119642712557,8,0.1603502628393471,6.90810957364738,1,0.0456896902422446,0.0602235828991979,1.2000014805980104,0.2055252788588404
1780,0.4264456177130341,0.2697935239462089,15.021809055665644,5,0.2326076039578765,2.982172442600131,1,0.1074142573033506,0.4424557612277567,2.0257433842569355,0.2055252788588404
1781,0.2170334620401263,0.1462134833502248,5.9340799638416994,14,0.2896379134152084,3.591890424489975,3,0.2809882472863387,0.4734980843029916,3.5501148140208403,0.3016772761009634
1782,0.0037787586450576,0.1462134833502248,5.9340799638416994,14,0.2896379134152084,3.591890424489975,3,0.2809882472863387,0.4734980843029916,3.5501148140208403,0.3016772761009634
1783,0.2170334620401263,0.0413880823182297,5.9340799638416994,14,0.2896379134152084,3.591890424489975,3,0.2809882472863387,0.4734980843029916,3.5501148140208403,0.3016772761009634
1784,0.2170334620401263,0.1462134833502248,4.091256393738011,14,0.2896379134152084,3.591890424489975,3,0.2809882472863387,0.4734980843029916,3.5501148140208403,0.3016772761009634
1785,0.2170334620401263,0.1462134833502248,5.9340799638416994,12,0.2896379134152084,3.591890424489975,3,0.2809882472863387,0.4734980843029916,3.5501148140208403,0.3016772761009634
1786,0.2170334620401263,0.1462134833502248,5.9340799638416994,14,0.1352811536751687,3.591890424489975,3,0.2809882472863387,0.4734980843029916,3.5501148140208403,0.3016772761009634
1787,0.2170334620401263,0.1462134833502248,5.9340799638416994,14,0.2896379134152084,5.394916178658605,3,0.2809882472863387,0.4734980843029916,3.5501148140208403,0.3016772761009634
1788,0.2170334620401263,0.1462134833502248,5.9340799638416994,14,0.2896379134152084,3.591890424489975,2,0.2809882472863387,0.4734980843029916,3.5501148140208403,0.3016772761009634
1789,0.2170334620401263,0.1462134833502248,5.9340799638416994,14,0.2896379134152084,3.591890424489975,3,0.0363413863089218,0.4734980843029916,3.5501148140208403,0.3016772761009634
1790,0.2170334620401263,0.1462134833502248,5.9340799638416994,14,0.2896379134152084,3.591890424489975,3,0.2809882472863387,0.2244017714634538,3.5501148140208403,0.3016772761009634
1791,0.2170334620401263,0.1462134833502248,5.9340799638416994,14,0.2896379134152084,3.591890424489975,3,0.2809882472863387,0.4734980843029916,7.832925877047263,0.3016772761009634
1792,0.2170334620401263,0.1462134833502248,5.9340799638416994,14,0.2896379134152084,3.591890424489975,3,0.2809882472863387,0.4734980843029916,3.5501148140208403,0.3172215851023793
1793,0.0037787586450576,0.0413880823182297,4.091256393738011,12,0.1352811536751687,5.394916178658605,2,0.0363413863089218,0.2244017714634538,7.832925877047263,0.3172215851023793
1794,0.1083785248920321,0.0603734275272315,12.455228120297992,6,0.199597339797765,3.363941991701722,2,0.1674014917055823,0.3625028718728572,4.941380601175543,0.3859749281778932
1795,0.2286519058048725,0.0603734275272315,12.455228120297992,6,0.199597339797765,3.363941991701722,2,0.1674014917055823,0.3625028718728572,4.941380601175543,0.3859749281778932
1796,0.1083785248920321,0.1506409111371316,12.455228120297992,6,0.199597339797765,3.363941991701722,2,0.1674014917055823,0.3625028718728572,4.941380601175543,0.3859749281778932
1797,0.1083785248920321,0.0603734275272315,15.641689251773236,6,0.199597339797765,3.363941991701722,2,0.1674014917055823,0.3625028718728572,4.941380601175543,0.3859749281778932
1798,0.1083785248920321,0.0603734275272315,12.455228120297992,16,0.199597339797765,3.363941991701722,2,0.1674014917055823,0.3625028718728572,4.941380601175543,0.3859749281778932
1799,0.1083785248920321,0.0603734275272315,12.455228120297992,6,0.2456962770782411,3.363941991701722,2,0.1674014917055823,0.3625028718728572,4.941380601175543,0.3859749281778932
1800,0.1083785248920321,0.0603734275272315,12.455228120297992,6,0.199597339797765,7.209071731194854,2,0.1674014917055823,0.3625028718728572,4.941380601175543,0.3859749281778932
1801,0.1083785248920321,0.0603734275272315,12.455228120297992,6,0.199597339797765,3.363941991701722,2,0.1674014917055823,0.3625028718728572,4.941380601175543,0.3859749281778932
1802,0.1083785248920321,0.0603734275272315,12.455228120297992,6,0.199597339797765,3.363941991701722,2,0.088355894231773,0.3625028718728572,4.941380601175543,0.3859749281778932
1803,0.1083785248920321,0.0603734275272315,12.455228120297992,6,0.199597339797765,3.363941991701722,2,0.1674014917055823,0.3493046869058162,4.941380601175543,0.3859749281778932
1804,0.1083785248920321,0.0603734275272315,12.455228120297992,6,0.199597339797765,3.363941991701722,2,0.1674014917055823,0.3625028718728572,1.2208852444487597,0.3859749281778932
1805,0.1083785248920321,0.0603734275272315,12.455228120297992,6,0.199597339797765,3.363941991701722,2,0.1674014917055823,0.3625028718728572,4.941380601175543,0.4042401166632772
1806,0.2286519058048725,0.1506409111371316,15.641689251773236,16,0.2456962770782411,7.209071731194854,2,0.088355894231773,0.3493046869058162,1.2208852444487597,0.4042401166632772
1807,0.4226001631468534,0.2331712801010899,8.073322118787633,12,0.0779999880585819,5.953976418823004,2,0.0773949540493828,0.1712550973519683,1.811635287498006,0.2346888402476906
1808,0.5012822913005948,0.2331712801010899,8.073322118787633,12,0.0779999880585819,5.953976418823004,2,0.0773949540493828,0.1712550973519683,1.811635287498006,0.2346888402476906
1809,0.4226001631468534,0.0741541249008563,8.073322118787633,12,0.0779999880585819,5.953976418823004,2,0.0773949540493828,0.1712550973519683,1.811635287498006,0.2346888402476906
1810,0.4226001631468534,0.2331712801010899,9.586526768615572,12,0.0779999880585819,5.953976418823004,2,0.0773949540493828,0.1712550973519683,1.811635287498006,0.2346888402476906
1811,0.4226001631468534,0.2331712801010899,8.073322118787633,8,0.0779999880585819,5.953976418823004,2,0.0773949540493828,0.1712550973519683,1.811635287498006,0.2346888402476906
1812,0.4226001631468534,0.2331712801010899,8.073322118787633,12,0.0869037294294685,5.953976418823004,2,0.0773949540493828,0.1712550973519683,1.811635287498006,0.2346888402476906
1813,0.4226001631468534,0.2331712801010899,8.073322118787633,12,0.0779999880585819,4.425648519769311,2,0.0773949540493828,0.1712550973519683,1.811635287498006,0.2346888402476906
1814,0.4226001631468534,0.2331712801010899,8.073322118787633,12,0.0779999880585819,5.953976418823004,3,0.0773949540493828,0.1712550973519683,1.811635287498006,0.2346888402476906
1815,0.4226001631468534,0.2331712801010899,8.073322118787633,12,0.0779999880585819,5.953976418823004,2,0.2260541074467511,0.1712550973519683,1.811635287498006,0.2346888402476906
1816,0.4226001631468534,0.2331712801010899,8.073322118787633,12,0.0779999880585819,5.953976418823004,2,0.0773949540493828,0.0890151336323469,1.811635287498006,0.2346888402476906
1817,0.4226001631468534,0.2331712801010899,8.073322118787633,12,0.0779999880585819,5.953976418823004,2,0.0773949540493828,0.1712550973519683,4.284398182889524,0.2346888402476906
1818,0.4226001631468534,0.2331712801010899,8.073322118787633,12,0.0779999880585819,5.953976418823004,2,0.0773949540493828,0.1712550973519683,1.811635287498006,0.291944140009582
1819,0.5012822913005948,0.0741541249008563,9.586526768615572,8,0.0869037294294685,4.425648519769311,3,0.2260541074467511,0.0890151336323469,4.284398182889524,0.291944140009582
1820,0.3114219674840569,0.0936792544685909,4.046569380941504,11,0.1047687371727079,7.94683338701725,2,0.1205745783739166,0.3102421456482261,4.599046179865545,0.448767317365855
1821,0.5665236487984657,0.0936792544685909,4.046569380941504,11,0.1047687371727079,7.94683338701725,2,0.1205745783739166,0.3102421456482261,4.599046179865545,0.448767317365855
1822,0.3114219674840569,0.1211503686511691,4.046569380941504,11,0.1047687371727079,7.94683338701725,2,0.1205745783739166,0.3102421456482261,4.599046179865545,0.448767317365855
1823,0.3114219674840569,0.0936792544685909,6.057442149285702,11,0.1047687371727079,7.94683338701725,2,0.1205745783739166,0.3102421456482261,4.599046179865545,0.448767317365855
1824,0.3114219674840569,0.0936792544685909,4.046569380941504,10,0.1047687371727079,7.94683338701725,2,0.1205745783739166,0.3102421456482261,4.599046179865545,0.448767317365855
1825,0.3114219674840569,0.0936792544685909,4.046569380941504,11,0.0535688693169504,7.94683338701725,2,0.1205745783739166,0.3102421456482261,4.599046179865545,0.448767317365855
1826,0.3114219674840569,0.0936792544685909,4.046569380941504,11,0.1047687371727079,3.9466993920505047,2,0.1205745783739166,0.3102421456482261,4.599046179865545,0.448767317365855
1827,0.3114219674840569,0.0936792544685909,4.046569380941504,11,0.1047687371727079,7.94683338701725,3,0.1205745783739166,0.3102421456482261,4.599046179865545,0.448767317365855
1828,0.3114219674840569,0.0936792544685909,4.046569380941504,11,0.1047687371727079,7.94683338701725,2,0.0551609791169561,0.3102421456482261,4.599046179865545,0.448767317365855
1829,0.3114219674840569,0.0936792544685909,4.046569380941504,11,0.1047687371727079,7.94683338701725,2,0.1205745783739166,0.4464258056599647,4.599046179865545,0.448767317365855
1830,0.3114219674840569,0.0936792544685909,4.046569380941504,11,0.1047687371727079,7.94683338701725,2,0.1205745783739166,0.3102421456482261,2.627574799891521,0.448767317365855
1831,0.3114219674840569,0.0936792544685909,4.046569380941504,11,0.1047687371727079,7.94683338701725,2,0.1205745783739166,0.3102421456482261,4.599046179865545,0.1683174613863229
1832,0.5665236487984657,0.1211503686511691,6.057442149285702,10,0.0535688693169504,3.9466993920505047,3,0.0551609791169561,0.4464258056599647,2.627574799891521,0.1683174613863229
1833,0.071900488436222,0.1959312335304757,16.185951009075588,5,0.2350939886644482,4.606810403987765,2,0.0598755069306815,0.2208376261405646,1.5545587759238286,0.2999071980826556
1834,0.1637052694335579,0.1959312335304757,16.185951009075588,5,0.2350939886644482,4.606810403987765,2,0.0598755069306815,0.2208376261405646,1.5545587759238286,0.2999071980826556
1835,0.071900488436222,0.0598430087254042,16.185951009075588,5,0.2350939886644482,4.606810403987765,2,0.0598755069306815,0.2208376261405646,1.5545587759238286,0.2999071980826556
1836,0.071900488436222,0.1959312335304757,10.18188558057872,5,0.2350939886644482,4.606810403987765,2,0.0598755069306815,0.2208376261405646,1.5545587759238286,0.2999071980826556
1837,0.071900488436222,0.1959312335304757,16.185951009075588,13,0.2350939886644482,4.606810403987765,2,0.0598755069306815,0.2208376261405646,1.5545587759238286,0.2999071980826556
1838,0.071900488436222,0.1959312335304757,16.185951009075588,5,0.2824562557041645,4.606810403987765,2,0.0598755069306815,0.2208376261405646,1.5545587759238286,0.2999071980826556
1839,0.071900488436222,0.1959312335304757,16.185951009075588,5,0.2350939886644482,7.488894902169704,2,0.0598755069306815,0.2208376261405646,1.5545587759238286,0.2999071980826556
1840,0.071900488436222,0.1959312335304757,16.185951009075588,5,0.2350939886644482,4.606810403987765,2,0.0598755069306815,0.2208376261405646,1.5545587759238286,0.2999071980826556
1841,0.071900488436222,0.1959312335304757,16.185951009075588,5,0.2350939886644482,4.606810403987765,2,0.215378857675818,0.2208376261405646,1.5545587759238286,0.2999071980826556
1842,0.071900488436222,0.1959312335304757,16.185951009075588,5,0.2350939886644482,4.606810403987765,2,0.0598755069306815,0.2151325411628932,1.5545587759238286,0.2999071980826556
1843,0.071900488436222,0.1959312335304757,16.185951009075588,5,0.2350939886644482,4.606810403987765,2,0.0598755069306815,0.2208376261405646,6.038742321532555,0.2999071980826556
1844,0.071900488436222,0.1959312335304757,16.185951009075588,5,0.2350939886644482,4.606810403987765,2,0.0598755069306815,0.2208376261405646,1.5545587759238286,0.3544289723038674
1845,0.1637052694335579,0.0598430087254042,10.18188558057872,13,0.2824562557041645,7.488894902169704,2,0.215378857675818,0.2151325411628932,6.038742321532555,0.3544289723038674
1846,0.2532116577029228,0.0451541848108841,7.705196451907735,15,0.2549366382416337,2.536407571285963,1,0.0332109769737776,0.1064418085385114,2.346832790632283,0.2154433300718665
1847,0.0885739954188466,0.0451541848108841,7.705196451907735,15,0.2549366382416337,2.536407571285963,1,0.0332109769737776,0.1064418085385114,2.346832790632283,0.2154433300718665
1848,0.2532116577029228,0.2178307700757693,7.705196451907735,15,0.2549366382416337,2.536407571285963,1,0.0332109769737776,0.1064418085385114,2.346832790632283,0.2154433300718665
1849,0.2532116577029228,0.0451541848108841,6.463814965902511,15,0.2549366382416337,2.536407571285963,1,0.0332109769737776,0.1064418085385114,2.346832790632283,0.2154433300718665
1850,0.2532116577029228,0.0451541848108841,7.705196451907735,11,0.2549366382416337,2.536407571285963,1,0.0332109769737776,0.1064418085385114,2.346832790632283,0.2154433300718665
1851,0.2532116577029228,0.0451541848108841,7.705196451907735,15,0.1605896346271038,2.536407571285963,1,0.0332109769737776,0.1064418085385114,2.346832790632283,0.2154433300718665
1852,0.2532116577029228,0.0451541848108841,7.705196451907735,15,0.2549366382416337,5.859143543988466,1,0.0332109769737776,0.1064418085385114,2.346832790632283,0.2154433300718665
1853,0.2532116577029228,0.0451541848108841,7.705196451907735,15,0.2549366382416337,2.536407571285963,2,0.0332109769737776,0.1064418085385114,2.346832790632283,0.2154433300718665
1854,0.2532116577029228,0.0451541848108841,7.705196451907735,15,0.2549366382416337,2.536407571285963,1,0.1547888360642199,0.1064418085385114,2.346832790632283,0.2154433300718665
1855,0.2532116577029228,0.0451541848108841,7.705196451907735,15,0.2549366382416337,2.536407571285963,1,0.0332109769737776,0.3110580497421324,2.346832790632283,0.2154433300718665
1856,0.2532116577029228,0.0451541848108841,7.705196451907735,15,0.2549366382416337,2.536407571285963,1,0.0332109769737776,0.1064418085385114,1.5835622924588302,0.2154433300718665
1857,0.2532116577029228,0.0451541848108841,7.705196451907735,15,0.2549366382416337,2.536407571285963,1,0.0332109769737776,0.1064418085385114,2.346832790632283,0.4408617094159126
1858,0.0885739954188466,0.2178307700757693,6.463814965902511,11,0.1605896346271038,5.859143543988466,2,0.1547888360642199,0.3110580497421324,1.5835622924588302,0.4408617094159126
1859,0.5776937881484627,0.0977308759260299,11.894450745245337,9,0.1323016772046685,5.102638164535165,3,0.2193773248867276,0.4246845649555325,6.401174632771784,0.3641663974151016
1860,0.3413555882871151,0.0977308759260299,11.894450745245337,9,0.1323016772046685,5.102638164535165,3,0.2193773248867276,0.4246845649555325,6.401174632771784,0.3641663974151016
1861,0.5776937881484627,0.0333063994006177,11.894450745245337,9,0.1323016772046685,5.102638164535165,3,0.2193773248867276,0.4246845649555325,6.401174632771784,0.3641663974151016
1862,0.5776937881484627,0.0977308759260299,23.118228712666923,9,0.1323016772046685,5.102638164535165,3,0.2193773248867276,0.4246845649555325,6.401174632771784,0.3641663974151016
1863,0.5776937881484627,0.0977308759260299,11.894450745245337,6,0.1323016772046685,5.102638164535165,3,0.2193773248867276,0.4246845649555325,6.401174632771784,0.3641663974151016
1864,0.5776937881484627,0.0977308759260299,11.894450745245337,9,0.2028964827302843,5.102638164535165,3,0.2193773248867276,0.4246845649555325,6.401174632771784,0.3641663974151016
1865,0.5776937881484627,0.0977308759260299,11.894450745245337,9,0.1323016772046685,2.6934532672166824,3,0.2193773248867276,0.4246845649555325,6.401174632771784,0.3641663974151016
1866,0.5776937881484627,0.0977308759260299,11.894450745245337,9,0.1323016772046685,5.102638164535165,1,0.2193773248867276,0.4246845649555325,6.401174632771784,0.3641663974151016
1867,0.5776937881484627,0.0977308759260299,11.894450745245337,9,0.1323016772046685,5.102638164535165,3,0.0457599900885184,0.4246845649555325,6.401174632771784,0.3641663974151016
1868,0.5776937881484627,0.0977308759260299,11.894450745245337,9,0.1323016772046685,5.102638164535165,3,0.2193773248867276,0.1220140816643834,6.401174632771784,0.3641663974151016
1869,0.5776937881484627,0.0977308759260299,11.894450745245337,9,0.1323016772046685,5.102638164535165,3,0.2193773248867276,0.4246845649555325,3.3031066718174764,0.3641663974151016
1870,0.5776937881484627,0.0977308759260299,11.894450745245337,9,0.1323016772046685,5.102638164535165,3,0.2193773248867276,0.4246845649555325,6.401174632771784,0.255322403088212
1871,0.3413555882871151,0.0333063994006177,23.118228712666923,6,0.2028964827302843,2.6934532672166824,1,0.0457599900885184,0.1220140816643834,3.3031066718174764,0.255322403088212
1872,0.5878371935337782,0.0404776298061549,5.863434303083341,13,0.1772839540615677,4.34420077316463,2,0.0314353164585866,0.4888473397120833,2.6692006292230714,0.3749876372516155
1873,0.5385472739115357,0.0404776298061549,5.863434303083341,13,0.1772839540615677,4.34420077316463,2,0.0314353164585866,0.4888473397120833,2.6692006292230714,0.3749876372516155
1874,0.5878371935337782,0.1457676991018845,5.863434303083341,13,0.1772839540615677,4.34420077316463,2,0.0314353164585866,0.4888473397120833,2.6692006292230714,0.3749876372516155
1875,0.5878371935337782,0.0404776298061549,19.016901270984963,13,0.1772839540615677,4.34420077316463,2,0.0314353164585866,0.4888473397120833,2.6692006292230714,0.3749876372516155
1876,0.5878371935337782,0.0404776298061549,5.863434303083341,12,0.1772839540615677,4.34420077316463,2,0.0314353164585866,0.4888473397120833,2.6692006292230714,0.3749876372516155
1877,0.5878371935337782,0.0404776298061549,5.863434303083341,13,0.0745254319161176,4.34420077316463,2,0.0314353164585866,0.4888473397120833,2.6692006292230714,0.3749876372516155
1878,0.5878371935337782,0.0404776298061549,5.863434303083341,13,0.1772839540615677,3.200217125937342,2,0.0314353164585866,0.4888473397120833,2.6692006292230714,0.3749876372516155
1879,0.5878371935337782,0.0404776298061549,5.863434303083341,13,0.1772839540615677,4.34420077316463,2,0.0314353164585866,0.4888473397120833,2.6692006292230714,0.3749876372516155
1880,0.5878371935337782,0.0404776298061549,5.863434303083341,13,0.1772839540615677,4.34420077316463,2,0.1366862174972861,0.4888473397120833,2.6692006292230714,0.3749876372516155
1881,0.5878371935337782,0.0404776298061549,5.863434303083341,13,0.1772839540615677,4.34420077316463,2,0.0314353164585866,0.3679305405821651,2.6692006292230714,0.3749876372516155
1882,0.5878371935337782,0.0404776298061549,5.863434303083341,13,0.1772839540615677,4.34420077316463,2,0.0314353164585866,0.4888473397120833,7.400669200133516,0.3749876372516155
1883,0.5878371935337782,0.0404776298061549,5.863434303083341,13,0.1772839540615677,4.34420077316463,2,0.0314353164585866,0.4888473397120833,2.6692006292230714,0.2636082055047154
1884,0.5385472739115357,0.1457676991018845,19.016901270984963,12,0.0745254319161176,3.200217125937342,2,0.1366862174972861,0.3679305405821651,7.400669200133516,0.2636082055047154
1885,0.2267358345910906,0.1090238659068566,21.567444768384743,7,0.0576092106755822,7.777982160449028,2,0.2007029050444546,0.0721601028461009,7.336114288411361,0.2237011291086673
1886,0.1913840979337692,0.1090238659068566,21.567444768384743,7,0.0576092106755822,7.777982160449028,2,0.2007029050444546,0.0721601028461009,7.336114288411361,0.2237011291086673
1887,0.2267358345910906,0.0884449520487026,21.567444768384743,7,0.0576092106755822,7.777982160449028,2,0.2007029050444546,0.0721601028461009,7.336114288411361,0.2237011291086673
1888,0.2267358345910906,0.1090238659068566,7.861184733136603,7,0.0576092106755822,7.777982160449028,2,0.2007029050444546,0.0721601028461009,7.336114288411361,0.2237011291086673
1889,0.2267358345910906,0.1090238659068566,21.567444768384743,5,0.0576092106755822,7.777982160449028,2,0.2007029050444546,0.0721601028461009,7.336114288411361,0.2237011291086673
1890,0.2267358345910906,0.1090238659068566,21.567444768384743,7,0.2889668880496174,7.777982160449028,2,0.2007029050444546,0.0721601028461009,7.336114288411361,0.2237011291086673
1891,0.2267358345910906,0.1090238659068566,21.567444768384743,7,0.0576092106755822,5.2354660499840975,2,0.2007029050444546,0.0721601028461009,7.336114288411361,0.2237011291086673
1892,0.2267358345910906,0.1090238659068566,21.567444768384743,7,0.0576092106755822,7.777982160449028,3,0.2007029050444546,0.0721601028461009,7.336114288411361,0.2237011291086673
1893,0.2267358345910906,0.1090238659068566,21.567444768384743,7,0.0576092106755822,7.777982160449028,2,0.0462057626930748,0.0721601028461009,7.336114288411361,0.2237011291086673
1894,0.2267358345910906,0.1090238659068566,21.567444768384743,7,0.0576092106755822,7.777982160449028,2,0.2007029050444546,0.0652257124427706,7.336114288411361,0.2237011291086673
1895,0.2267358345910906,0.1090238659068566,21.567444768384743,7,0.0576092106755822,7.777982160449028,2,0.2007029050444546,0.0721601028461009,2.144198761601397,0.2237011291086673
1896,0.2267358345910906,0.1090238659068566,21.567444768384743,7,0.0576092106755822,7.777982160449028,2,0.2007029050444546,0.0721601028461009,7.336114288411361,0.3763258902356029
1897,0.1913840979337692,0.0884449520487026,7.861184733136603,5,0.2889668880496174,5.2354660499840975,3,0.0462057626930748,0.0652257124427706,2.144198761601397,0.3763258902356029
1898,0.0424220038577914,0.0841197509800123,8.43845670631346,13,0.1550762357190251,5.360046634450555,3,0.1144175021491103,0.1865646711550653,3.978447443414124,0.2892685093916952
1899,0.1165500707924366,0.0841197509800123,8.43845670631346,13,0.1550762357190251,5.360046634450555,3,0.1144175021491103,0.1865646711550653,3.978447443414124,0.2892685093916952
1900,0.0424220038577914,0.2430764287766327,8.43845670631346,13,0.1550762357190251,5.360046634450555,3,0.1144175021491103,0.1865646711550653,3.978447443414124,0.2892685093916952
1901,0.0424220038577914,0.0841197509800123,12.3777043786769,13,0.1550762357190251,5.360046634450555,3,0.1144175021491103,0.1865646711550653,3.978447443414124,0.2892685093916952
1902,0.0424220038577914,0.0841197509800123,8.43845670631346,7,0.1550762357190251,5.360046634450555,3,0.1144175021491103,0.1865646711550653,3.978447443414124,0.2892685093916952
1903,0.0424220038577914,0.0841197509800123,8.43845670631346,13,0.1549989445600658,5.360046634450555,3,0.1144175021491103,0.1865646711550653,3.978447443414124,0.2892685093916952
1904,0.0424220038577914,0.0841197509800123,8.43845670631346,13,0.1550762357190251,6.607170751318336,3,0.1144175021491103,0.1865646711550653,3.978447443414124,0.2892685093916952
1905,0.0424220038577914,0.0841197509800123,8.43845670631346,13,0.1550762357190251,5.360046634450555,1,0.1144175021491103,0.1865646711550653,3.978447443414124,0.2892685093916952
1906,0.0424220038577914,0.0841197509800123,8.43845670631346,13,0.1550762357190251,5.360046634450555,3,0.0694102718832885,0.1865646711550653,3.978447443414124,0.2892685093916952
1907,0.0424220038577914,0.0841197509800123,8.43845670631346,13,0.1550762357190251,5.360046634450555,3,0.1144175021491103,0.3907622467726469,3.978447443414124,0.2892685093916952
1908,0.0424220038577914,0.0841197509800123,8.43845670631346,13,0.1550762357190251,5.360046634450555,3,0.1144175021491103,0.1865646711550653,4.459878923575463,0.2892685093916952
1909,0.0424220038577914,0.0841197509800123,8.43845670631346,13,0.1550762357190251,5.360046634450555,3,0.1144175021491103,0.1865646711550653,3.978447443414124,0.3273931531235576
1910,0.1165500707924366,0.2430764287766327,12.3777043786769,7,0.1549989445600658,6.607170751318336,1,0.0694102718832885,0.3907622467726469,4.459878923575463,0.3273931531235576
1911,0.319734014198184,0.2182018749589128,13.398419045721525,7,0.282441279804334,2.700080167502165,1,0.0546404648365391,0.3743997102137655,1.3786583938213206,0.4403991007246077
1912,0.3136770593002438,0.2182018749589128,13.398419045721525,7,0.282441279804334,2.700080167502165,1,0.0546404648365391,0.3743997102137655,1.3786583938213206,0.4403991007246077
1913,0.319734014198184,0.0530771852639096,13.398419045721525,7,0.282441279804334,2.700080167502165,1,0.0546404648365391,0.3743997102137655,1.3786583938213206,0.4403991007246077
1914,0.319734014198184,0.2182018749589128,4.980596300041262,7,0.282441279804334,2.700080167502165,1,0.0546404648365391,0.3743997102137655,1.3786583938213206,0.4403991007246077
1915,0.319734014198184,0.2182018749589128,13.398419045721525,16,0.282441279804334,2.700080167502165,1,0.0546404648365391,0.3743997102137655,1.3786583938213206,0.4403991007246077
1916,0.319734014198184,0.2182018749589128,13.398419045721525,7,0.1810209389775991,2.700080167502165,1,0.0546404648365391,0.3743997102137655,1.3786583938213206,0.4403991007246077
1917,0.319734014198184,0.2182018749589128,13.398419045721525,7,0.282441279804334,4.945520306006074,1,0.0546404648365391,0.3743997102137655,1.3786583938213206,0.4403991007246077
1918,0.319734014198184,0.2182018749589128,13.398419045721525,7,0.282441279804334,2.700080167502165,2,0.0546404648365391,0.3743997102137655,1.3786583938213206,0.4403991007246077
1919,0.319734014198184,0.2182018749589128,13.398419045721525,7,0.282441279804334,2.700080167502165,1,0.1778332037345742,0.3743997102137655,1.3786583938213206,0.4403991007246077
1920,0.319734014198184,0.2182018749589128,13.398419045721525,7,0.282441279804334,2.700080167502165,1,0.0546404648365391,0.2709317184053361,1.3786583938213206,0.4403991007246077
1921,0.319734014198184,0.2182018749589128,13.398419045721525,7,0.282441279804334,2.700080167502165,1,0.0546404648365391,0.3743997102137655,1.1727731531346983,0.4403991007246077
1922,0.319734014198184,0.2182018749589128,13.398419045721525,7,0.282441279804334,2.700080167502165,1,0.0546404648365391,0.3743997102137655,1.3786583938213206,0.2141032638028264
1923,0.3136770593002438,0.0530771852639096,4.980596300041262,16,0.1810209389775991,4.945520306006074,2,0.1778332037345742,0.2709317184053361,1.1727731531346983,0.2141032638028264
1924,0.4335558185353875,0.0543026392601407,16.363008761842366,10,0.2479841424617916,3.707097291946411,3,0.1479062137371624,0.2336617426946759,5.662918172591045,0.2267240267246961
1925,0.3785522416234016,0.0543026392601407,16.363008761842366,10,0.2479841424617916,3.707097291946411,3,0.1479062137371624,0.2336617426946759,5.662918172591045,0.2267240267246961
1926,0.4335558185353875,0.1698578733788268,16.363008761842366,10,0.2479841424617916,3.707097291946411,3,0.1479062137371624,0.2336617426946759,5.662918172591045,0.2267240267246961
1927,0.4335558185353875,0.0543026392601407,7.45649958882509,10,0.2479841424617916,3.707097291946411,3,0.1479062137371624,0.2336617426946759,5.662918172591045,0.2267240267246961
1928,0.4335558185353875,0.0543026392601407,16.363008761842366,14,0.2479841424617916,3.707097291946411,3,0.1479062137371624,0.2336617426946759,5.662918172591045,0.2267240267246961
1929,0.4335558185353875,0.0543026392601407,16.363008761842366,10,0.206523763667792,3.707097291946411,3,0.1479062137371624,0.2336617426946759,5.662918172591045,0.2267240267246961
1930,0.4335558185353875,0.0543026392601407,16.363008761842366,10,0.2479841424617916,3.7311954759061337,3,0.1479062137371624,0.2336617426946759,5.662918172591045,0.2267240267246961
1931,0.4335558185353875,0.0543026392601407,16.363008761842366,10,0.2479841424617916,3.707097291946411,2,0.1479062137371624,0.2336617426946759,5.662918172591045,0.2267240267246961
1932,0.4335558185353875,0.0543026392601407,16.363008761842366,10,0.2479841424617916,3.707097291946411,3,0.0756893266186975,0.2336617426946759,5.662918172591045,0.2267240267246961
1933,0.4335558185353875,0.0543026392601407,16.363008761842366,10,0.2479841424617916,3.707097291946411,3,0.1479062137371624,0.2927690882235765,5.662918172591045,0.2267240267246961
1934,0.4335558185353875,0.0543026392601407,16.363008761842366,10,0.2479841424617916,3.707097291946411,3,0.1479062137371624,0.2336617426946759,5.707669368101257,0.2267240267246961
1935,0.4335558185353875,0.0543026392601407,16.363008761842366,10,0.2479841424617916,3.707097291946411,3,0.1479062137371624,0.2336617426946759,5.662918172591045,0.2252299413084983
1936,0.3785522416234016,0.1698578733788268,7.45649958882509,14,0.206523763667792,3.7311954759061337,2,0.0756893266186975,0.2927690882235765,5.707669368101257,0.2252299413084983
1937,0.0809439674019813,0.2592346067382923,4.453640789126912,16,0.1272717897780239,7.117075202986598,1,0.0758555642440455,0.3264650501776486,2.0604184162698824,0.3754466738551855
1938,0.0513837436214089,0.2592346067382923,4.453640789126912,16,0.1272717897780239,7.117075202986598,1,0.0758555642440455,0.3264650501776486,2.0604184162698824,0.3754466738551855
1939,0.0809439674019813,0.0369672659215446,4.453640789126912,16,0.1272717897780239,7.117075202986598,1,0.0758555642440455,0.3264650501776486,2.0604184162698824,0.3754466738551855
1940,0.0809439674019813,0.2592346067382923,20.11896829394728,16,0.1272717897780239,7.117075202986598,1,0.0758555642440455,0.3264650501776486,2.0604184162698824,0.3754466738551855
1941,0.0809439674019813,0.2592346067382923,4.453640789126912,10,0.1272717897780239,7.117075202986598,1,0.0758555642440455,0.3264650501776486,2.0604184162698824,0.3754466738551855
1942,0.0809439674019813,0.2592346067382923,4.453640789126912,16,0.1260853064712137,7.117075202986598,1,0.0758555642440455,0.3264650501776486,2.0604184162698824,0.3754466738551855
1943,0.0809439674019813,0.2592346067382923,4.453640789126912,16,0.1272717897780239,7.64580462127924,1,0.0758555642440455,0.3264650501776486,2.0604184162698824,0.3754466738551855
1944,0.0809439674019813,0.2592346067382923,4.453640789126912,16,0.1272717897780239,7.117075202986598,1,0.0758555642440455,0.3264650501776486,2.0604184162698824,0.3754466738551855
1945,0.0809439674019813,0.2592346067382923,4.453640789126912,16,0.1272717897780239,7.117075202986598,1,0.2959497485470643,0.3264650501776486,2.0604184162698824,0.3754466738551855
1946,0.0809439674019813,0.2592346067382923,4.453640789126912,16,0.1272717897780239,7.117075202986598,1,0.0758555642440455,0.1456863506697118,2.0604184162698824,0.3754466738551855
1947,0.0809439674019813,0.2592346067382923,4.453640789126912,16,0.1272717897780239,7.117075202986598,1,0.0758555642440455,0.3264650501776486,2.7801633381610964,0.3754466738551855
1948,0.0809439674019813,0.2592346067382923,4.453640789126912,16,0.1272717897780239,7.117075202986598,1,0.0758555642440455,0.3264650501776486,2.0604184162698824,0.4147042963653803
1949,0.0513837436214089,0.0369672659215446,20.11896829394728,10,0.1260853064712137,7.64580462127924,1,0.2959497485470643,0.1456863506697118,2.7801633381610964,0.4147042963653803
1950,0.1879140302538871,0.0352973323148839,11.372269488324246,4,0.0846220976207405,5.833339150995016,2,0.0402665836771659,0.43746556667611,1.06425294937464,0.3097525429911911
1951,0.276545581407845,0.0352973323148839,11.372269488324246,4,0.0846220976207405,5.833339150995016,2,0.0402665836771659,0.43746556667611,1.06425294937464,0.3097525429911911
1952,0.1879140302538871,0.1015752677077239,11.372269488324246,4,0.0846220976207405,5.833339150995016,2,0.0402665836771659,0.43746556667611,1.06425294937464,0.3097525429911911
1953,0.1879140302538871,0.0352973323148839,5.260074897897712,4,0.0846220976207405,5.833339150995016,2,0.0402665836771659,0.43746556667611,1.06425294937464,0.3097525429911911
1954,0.1879140302538871,0.0352973323148839,11.372269488324246,6,0.0846220976207405,5.833339150995016,2,0.0402665836771659,0.43746556667611,1.06425294937464,0.3097525429911911
1955,0.1879140302538871,0.0352973323148839,11.372269488324246,4,0.2559255538042634,5.833339150995016,2,0.0402665836771659,0.43746556667611,1.06425294937464,0.3097525429911911
1956,0.1879140302538871,0.0352973323148839,11.372269488324246,4,0.0846220976207405,6.464317355304956,2,0.0402665836771659,0.43746556667611,1.06425294937464,0.3097525429911911
1957,0.1879140302538871,0.0352973323148839,11.372269488324246,4,0.0846220976207405,5.833339150995016,3,0.0402665836771659,0.43746556667611,1.06425294937464,0.3097525429911911
1958,0.1879140302538871,0.0352973323148839,11.372269488324246,4,0.0846220976207405,5.833339150995016,2,0.1127825361877832,0.43746556667611,1.06425294937464,0.3097525429911911
1959,0.1879140302538871,0.0352973323148839,11.372269488324246,4,0.0846220976207405,5.833339150995016,2,0.0402665836771659,0.4984424793627113,1.06425294937464,0.3097525429911911
1960,0.1879140302538871,0.0352973323148839,11.372269488324246,4,0.0846220976207405,5.833339150995016,2,0.0402665836771659,0.43746556667611,3.439705248396621,0.3097525429911911
1961,0.1879140302538871,0.0352973323148839,11.372269488324246,4,0.0846220976207405,5.833339150995016,2,0.0402665836771659,0.43746556667611,1.06425294937464,0.3651857648044825
1962,0.276545581407845,0.1015752677077239,5.260074897897712,6,0.2559255538042634,6.464317355304956,3,0.1127825361877832,0.4984424793627113,3.439705248396621,0.3651857648044825
1963,0.4743152299895882,0.1630125708066956,7.167461701815836,10,0.2130247426219284,3.149569207802415,2,0.2760957313205966,0.1226215982344001,3.071155632287068,0.1608922895975411
1964,0.4536770068109035,0.1630125708066956,7.167461701815836,10,0.2130247426219284,3.149569207802415,2,0.2760957313205966,0.1226215982344001,3.071155632287068,0.1608922895975411
1965,0.4743152299895882,0.0618435043388063,7.167461701815836,10,0.2130247426219284,3.149569207802415,2,0.2760957313205966,0.1226215982344001,3.071155632287068,0.1608922895975411
1966,0.4743152299895882,0.1630125708066956,11.678933563672103,10,0.2130247426219284,3.149569207802415,2,0.2760957313205966,0.1226215982344001,3.071155632287068,0.1608922895975411
1967,0.4743152299895882,0.1630125708066956,7.167461701815836,11,0.2130247426219284,3.149569207802415,2,0.2760957313205966,0.1226215982344001,3.071155632287068,0.1608922895975411
1968,0.4743152299895882,0.1630125708066956,7.167461701815836,10,0.1119531939737498,3.149569207802415,2,0.2760957313205966,0.1226215982344001,3.071155632287068,0.1608922895975411
1969,0.4743152299895882,0.1630125708066956,7.167461701815836,10,0.2130247426219284,2.170308291912079,2,0.2760957313205966,0.1226215982344001,3.071155632287068,0.1608922895975411
1970,0.4743152299895882,0.1630125708066956,7.167461701815836,10,0.2130247426219284,3.149569207802415,2,0.2760957313205966,0.1226215982344001,3.071155632287068,0.1608922895975411
1971,0.4743152299895882,0.1630125708066956,7.167461701815836,10,0.2130247426219284,3.149569207802415,2,0.0333134799034475,0.1226215982344001,3.071155632287068,0.1608922895975411
1972,0.4743152299895882,0.1630125708066956,7.167461701815836,10,0.2130247426219284,3.149569207802415,2,0.2760957313205966,0.168499174946919,3.071155632287068,0.1608922895975411
1973,0.4743152299895882,0.1630125708066956,7.167461701815836,10,0.2130247426219284,3.149569207802415,2,0.2760957313205966,0.1226215982344001,1.520579001480147,0.1608922895975411
1974,0.4743152299895882,0.1630125708066956,7.167461701815836,10,0.2130247426219284,3.149569207802415,2,0.2760957313205966,0.1226215982344001,3.071155632287068,0.1763110801577568
1975,0.4536770068109035,0.0618435043388063,11.678933563672103,11,0.1119531939737498,2.170308291912079,2,0.0333134799034475,0.168499174946919,1.520579001480147,0.1763110801577568
1976,0.5110500689595937,0.0727838103251246,10.833425774090127,15,0.0693865005858242,2.1961841210722923,3,0.1276635238559507,0.2525172424968332,1.6220930425858655,0.1787684633396566
1977,0.5842696163803339,0.0727838103251246,10.833425774090127,15,0.0693865005858242,2.1961841210722923,3,0.1276635238559507,0.2525172424968332,1.6220930425858655,0.1787684633396566
1978,0.5110500689595937,0.0310078210470715,10.833425774090127,15,0.0693865005858242,2.1961841210722923,3,0.1276635238559507,0.2525172424968332,1.6220930425858655,0.1787684633396566
1979,0.5110500689595937,0.0727838103251246,5.626088473552535,15,0.0693865005858242,2.1961841210722923,3,0.1276635238559507,0.2525172424968332,1.6220930425858655,0.1787684633396566
1980,0.5110500689595937,0.0727838103251246,10.833425774090127,8,0.0693865005858242,2.1961841210722923,3,0.1276635238559507,0.2525172424968332,1.6220930425858655,0.1787684633396566
1981,0.5110500689595937,0.0727838103251246,10.833425774090127,15,0.2283168285619467,2.1961841210722923,3,0.1276635238559507,0.2525172424968332,1.6220930425858655,0.1787684633396566
1982,0.5110500689595937,0.0727838103251246,10.833425774090127,15,0.0693865005858242,6.899253852665424,3,0.1276635238559507,0.2525172424968332,1.6220930425858655,0.1787684633396566
1983,0.5110500689595937,0.0727838103251246,10.833425774090127,15,0.0693865005858242,2.1961841210722923,2,0.1276635238559507,0.2525172424968332,1.6220930425858655,0.1787684633396566
1984,0.5110500689595937,0.0727838103251246,10.833425774090127,15,0.0693865005858242,2.1961841210722923,3,0.0854295109163289,0.2525172424968332,1.6220930425858655,0.1787684633396566
1985,0.5110500689595937,0.0727838103251246,10.833425774090127,15,0.0693865005858242,2.1961841210722923,3,0.1276635238559507,0.4260698961559683,1.6220930425858655,0.1787684633396566
1986,0.5110500689595937,0.0727838103251246,10.833425774090127,15,0.0693865005858242,2.1961841210722923,3,0.1276635238559507,0.2525172424968332,5.32991292719456,0.1787684633396566
1987,0.5110500689595937,0.0727838103251246,10.833425774090127,15,0.0693865005858242,2.1961841210722923,3,0.1276635238559507,0.2525172424968332,1.6220930425858655,0.4376044442877174
1988,0.5842696163803339,0.0310078210470715,5.626088473552535,8,0.2283168285619467,6.899253852665424,2,0.0854295109163289,0.4260698961559683,5.32991292719456,0.4376044442877174
1989,0.1511597720906138,0.1891090563669088,6.633530536029329,9,0.1967514468822628,5.629590904340148,1,0.0878831994926667,0.2856102882884443,4.386360998345697,0.3299817382358014
1990,0.1808196863159537,0.1891090563669088,6.633530536029329,9,0.1967514468822628,5.629590904340148,1,0.0878831994926667,0.2856102882884443,4.386360998345697,0.3299817382358014
1991,0.1511597720906138,0.2025902046029826,6.633530536029329,9,0.1967514468822628,5.629590904340148,1,0.0878831994926667,0.2856102882884443,4.386360998345697,0.3299817382358014
1992,0.1511597720906138,0.1891090563669088,10.84803966675914,9,0.1967514468822628,5.629590904340148,1,0.0878831994926667,0.2856102882884443,4.386360998345697,0.3299817382358014
1993,0.1511597720906138,0.1891090563669088,6.633530536029329,15,0.1967514468822628,5.629590904340148,1,0.0878831994926667,0.2856102882884443,4.386360998345697,0.3299817382358014
1994,0.1511597720906138,0.1891090563669088,6.633530536029329,9,0.1390736919827759,5.629590904340148,1,0.0878831994926667,0.2856102882884443,4.386360998345697,0.3299817382358014
1995,0.1511597720906138,0.1891090563669088,6.633530536029329,9,0.1967514468822628,4.442496117204428,1,0.0878831994926667,0.2856102882884443,4.386360998345697,0.3299817382358014
1996,0.1511597720906138,0.1891090563669088,6.633530536029329,9,0.1967514468822628,5.629590904340148,1,0.0878831994926667,0.2856102882884443,4.386360998345697,0.3299817382358014
1997,0.1511597720906138,0.1891090563669088,6.633530536029329,9,0.1967514468822628,5.629590904340148,1,0.2523751507309199,0.2856102882884443,4.386360998345697,0.3299817382358014
1998,0.1511597720906138,0.1891090563669088,6.633530536029329,9,0.1967514468822628,5.629590904340148,1,0.0878831994926667,0.2354886987712234,4.386360998345697,0.3299817382358014
1999,0.1511597720906138,0.1891090563669088,6.633530536029329,9,0.1967514468822628,5.629590904340148,1,0.0878831994926667,0.2856102882884443,2.2817968457428885,0.3299817382358014
2000,0.1511597720906138,0.1891090563669088,6.633530536029329,9,0.1967514468822628,5.629590904340148,1,0.0878831994926667,0.2856102882884443,4.386360998345697,0.2493144789710641
2001,0.1808196863159537,0.2025902046029826,10.84803966675914,15,0.1390736919827759,4.442496117204428,1,0.2523751507309199,0.2354886987712234,2.2817968457428885,0.2493144789710641
2002,0.119189423136413,0.0467810852669527,17.434776254451812,11,0.2942233157344162,7.320918221026659,2,0.0465693958852117,0.4000440281350165,6.653879170782644,0.3956838766112924
2003,0.1059452382847666,0.0467810852669527,17.434776254451812,11,0.2942233157344162,7.320918221026659,2,0.0465693958852117,0.4000440281350165,6.653879170782644,0.3956838766112924
2004,0.119189423136413,0.0557828323106408,17.434776254451812,11,0.2942233157344162,7.320918221026659,2,0.0465693958852117,0.4000440281350165,6.653879170782644,0.3956838766112924
2005,0.119189423136413,0.0467810852669527,6.973108851851246,11,0.2942233157344162,7.320918221026659,2,0.0465693958852117,0.4000440281350165,6.653879170782644,0.3956838766112924
2006,0.119189423136413,0.0467810852669527,17.434776254451812,12,0.2942233157344162,7.320918221026659,2,0.0465693958852117,0.4000440281350165,6.653879170782644,0.3956838766112924
2007,0.119189423136413,0.0467810852669527,17.434776254451812,11,0.2414111641235649,7.320918221026659,2,0.0465693958852117,0.4000440281350165,6.653879170782644,0.3956838766112924
2008,0.119189423136413,0.0467810852669527,17.434776254451812,11,0.2942233157344162,2.9067324697971344,2,0.0465693958852117,0.4000440281350165,6.653879170782644,0.3956838766112924
2009,0.119189423136413,0.0467810852669527,17.434776254451812,11,0.2942233157344162,7.320918221026659,3,0.0465693958852117,0.4000440281350165,6.653879170782644,0.3956838766112924
2010,0.119189423136413,0.0467810852669527,17.434776254451812,11,0.2942233157344162,7.320918221026659,2,0.0961634560604687,0.4000440281350165,6.653879170782644,0.3956838766112924
2011,0.119189423136413,0.0467810852669527,17.434776254451812,11,0.2942233157344162,7.320918221026659,2,0.0465693958852117,0.3329511969350278,6.653879170782644,0.3956838766112924
2012,0.119189423136413,0.0467810852669527,17.434776254451812,11,0.2942233157344162,7.320918221026659,2,0.0465693958852117,0.4000440281350165,2.8392741992596804,0.3956838766112924
2013,0.119189423136413,0.0467810852669527,17.434776254451812,11,0.2942233157344162,7.320918221026659,2,0.0465693958852117,0.4000440281350165,6.653879170782644,0.1535067776218056
2014,0.1059452382847666,0.0557828323106408,6.973108851851246,12,0.2414111641235649,2.9067324697971344,3,0.0961634560604687,0.3329511969350278,2.8392741992596804,0.1535067776218056
2015,0.3952909436076879,0.1257938814315153,4.610298904409448,5,0.1745484596583992,4.660571428015828,2,0.2387278815483252,0.1380988029763102,2.268619691396567,0.2446265364065766
2016,0.3594319548457861,0.1257938814315153,4.610298904409448,5,0.1745484596583992,4.660571428015828,2,0.2387278815483252,0.1380988029763102,2.268619691396567,0.2446265364065766
2017,0.3952909436076879,0.112562782358492,4.610298904409448,5,0.1745484596583992,4.660571428015828,2,0.2387278815483252,0.1380988029763102,2.268619691396567,0.2446265364065766
2018,0.3952909436076879,0.1257938814315153,21.655922699118797,5,0.1745484596583992,4.660571428015828,2,0.2387278815483252,0.1380988029763102,2.268619691396567,0.2446265364065766
2019,0.3952909436076879,0.1257938814315153,4.610298904409448,4,0.1745484596583992,4.660571428015828,2,0.2387278815483252,0.1380988029763102,2.268619691396567,0.2446265364065766
2020,0.3952909436076879,0.1257938814315153,4.610298904409448,5,0.0907095595728606,4.660571428015828,2,0.2387278815483252,0.1380988029763102,2.268619691396567,0.2446265364065766
2021,0.3952909436076879,0.1257938814315153,4.610298904409448,5,0.1745484596583992,5.739891771227121,2,0.2387278815483252,0.1380988029763102,2.268619691396567,0.2446265364065766
2022,0.3952909436076879,0.1257938814315153,4.610298904409448,5,0.1745484596583992,4.660571428015828,2,0.2387278815483252,0.1380988029763102,2.268619691396567,0.2446265364065766
2023,0.3952909436076879,0.1257938814315153,4.610298904409448,5,0.1745484596583992,4.660571428015828,2,0.0376057216740907,0.1380988029763102,2.268619691396567,0.2446265364065766
2024,0.3952909436076879,0.1257938814315153,4.610298904409448,5,0.1745484596583992,4.660571428015828,2,0.2387278815483252,0.1001206997781992,2.268619691396567,0.2446265364065766
2025,0.3952909436076879,0.1257938814315153,4.610298904409448,5,0.1745484596583992,4.660571428015828,2,0.2387278815483252,0.1380988029763102,1.4291650977309749,0.2446265364065766
2026,0.3952909436076879,0.1257938814315153,4.610298904409448,5,0.1745484596583992,4.660571428015828,2,0.2387278815483252,0.1380988029763102,2.268619691396567,0.3412245383486152
2027,0.3594319548457861,0.112562782358492,21.655922699118797,4,0.0907095595728606,5.739891771227121,2,0.0376057216740907,0.1001206997781992,1.4291650977309749,0.3412245383486152
2028,0.3567712688818574,0.0306100774949481,8.86617283779944,6,0.1390538317617028,2.856587728485465,2,0.0363788158645086,0.448871481558308,3.3859397171515355,0.4195736492983997
2029,0.4430930709466338,0.0306100774949481,8.86617283779944,6,0.1390538317617028,2.856587728485465,2,0.0363788158645086,0.448871481558308,3.3859397171515355,0.4195736492983997
2030,0.3567712688818574,0.0797385788500861,8.86617283779944,6,0.1390538317617028,2.856587728485465,2,0.0363788158645086,0.448871481558308,3.3859397171515355,0.4195736492983997
2031,0.3567712688818574,0.0306100774949481,14.395380690190033,6,0.1390538317617028,2.856587728485465,2,0.0363788158645086,0.448871481558308,3.3859397171515355,0.4195736492983997
2032,0.3567712688818574,0.0306100774949481,8.86617283779944,7,0.1390538317617028,2.856587728485465,2,0.0363788158645086,0.448871481558308,3.3859397171515355,0.4195736492983997
2033,0.3567712688818574,0.0306100774949481,8.86617283779944,6,0.0653898869175464,2.856587728485465,2,0.0363788158645086,0.448871481558308,3.3859397171515355,0.4195736492983997
2034,0.3567712688818574,0.0306100774949481,8.86617283779944,6,0.1390538317617028,6.0283423233777285,2,0.0363788158645086,0.448871481558308,3.3859397171515355,0.4195736492983997
2035,0.3567712688818574,0.0306100774949481,8.86617283779944,6,0.1390538317617028,2.856587728485465,2,0.0363788158645086,0.448871481558308,3.3859397171515355,0.4195736492983997
2036,0.3567712688818574,0.0306100774949481,8.86617283779944,6,0.1390538317617028,2.856587728485465,2,0.1600236571949865,0.448871481558308,3.3859397171515355,0.4195736492983997
2037,0.3567712688818574,0.0306100774949481,8.86617283779944,6,0.1390538317617028,2.856587728485465,2,0.0363788158645086,0.4634642354212701,3.3859397171515355,0.4195736492983997
2038,0.3567712688818574,0.0306100774949481,8.86617283779944,6,0.1390538317617028,2.856587728485465,2,0.0363788158645086,0.448871481558308,6.9135500259105,0.4195736492983997
2039,0.3567712688818574,0.0306100774949481,8.86617283779944,6,0.1390538317617028,2.856587728485465,2,0.0363788158645086,0.448871481558308,3.3859397171515355,0.4003969129174948
2040,0.4430930709466338,0.0797385788500861,14.395380690190033,7,0.0653898869175464,6.0283423233777285,2,0.1600236571949865,0.4634642354212701,6.9135500259105,0.4003969129174948
2041,0.0053653299808502,0.1409638663210051,14.464589602849957,12,0.2674563640728593,6.266923077404499,2,0.1734293840293988,0.0918945114128291,1.2521334141867173,0.270777768921107
2042,0.0219916183501482,0.1409638663210051,14.464589602849957,12,0.2674563640728593,6.266923077404499,2,0.1734293840293988,0.0918945114128291,1.2521334141867173,0.270777768921107
2043,0.0053653299808502,0.161798543069654,14.464589602849957,12,0.2674563640728593,6.266923077404499,2,0.1734293840293988,0.0918945114128291,1.2521334141867173,0.270777768921107
2044,0.0053653299808502,0.1409638663210051,4.254378632635978,12,0.2674563640728593,6.266923077404499,2,0.1734293840293988,0.0918945114128291,1.2521334141867173,0.270777768921107
2045,0.0053653299808502,0.1409638663210051,14.464589602849957,10,0.2674563640728593,6.266923077404499,2,0.1734293840293988,0.0918945114128291,1.2521334141867173,0.270777768921107
2046,0.0053653299808502,0.1409638663210051,14.464589602849957,12,0.2711182164028287,6.266923077404499,2,0.1734293840293988,0.0918945114128291,1.2521334141867173,0.270777768921107
2047,0.0053653299808502,0.1409638663210051,14.464589602849957,12,0.2674563640728593,2.4422244112938643,2,0.1734293840293988,0.0918945114128291,1.2521334141867173,0.270777768921107
2048,0.0053653299808502,0.1409638663210051,14.464589602849957,12,0.2674563640728593,6.266923077404499,3,0.1734293840293988,0.0918945114128291,1.2521334141867173,0.270777768921107
2049,0.0053653299808502,0.1409638663210051,14.464589602849957,12,0.2674563640728593,6.266923077404499,2,0.0410048079928117,0.0918945114128291,1.2521334141867173,0.270777768921107
2050,0.0053653299808502,0.1409638663210051,14.464589602849957,12,0.2674563640728593,6.266923077404499,2,0.1734293840293988,0.2033935453742743,1.2521334141867173,0.270777768921107
2051,0.0053653299808502,0.1409638663210051,14.464589602849957,12,0.2674563640728593,6.266923077404499,2,0.1734293840293988,0.0918945114128291,1.7591501116473507,0.270777768921107
2052,0.0053653299808502,0.1409638663210051,14.464589602849957,12,0.2674563640728593,6.266923077404499,2,0.1734293840293988,0.0918945114128291,1.2521334141867173,0.286522152274847
2053,0.0219916183501482,0.161798543069654,4.254378632635978,10,0.2711182164028287,2.4422244112938643,3,0.0410048079928117,0.2033935453742743,1.7591501116473507,0.286522152274847
2054,0.2646794468164444,0.0626190384619592,5.50795881452778,8,0.2248020385857671,6.871017383411527,3,0.0988205533008475,0.2029207796324044,1.7512579206009211,0.2052412753924727
2055,0.2471219044178724,0.0626190384619592,5.50795881452778,8,0.2248020385857671,6.871017383411527,3,0.0988205533008475,0.2029207796324044,1.7512579206009211,0.2052412753924727
2056,0.2646794468164444,0.0445485740091647,5.50795881452778,8,0.2248020385857671,6.871017383411527,3,0.0988205533008475,0.2029207796324044,1.7512579206009211,0.2052412753924727
2057,0.2646794468164444,0.0626190384619592,16.347357732920223,8,0.2248020385857671,6.871017383411527,3,0.0988205533008475,0.2029207796324044,1.7512579206009211,0.2052412753924727
2058,0.2646794468164444,0.0626190384619592,5.50795881452778,14,0.2248020385857671,6.871017383411527,3,0.0988205533008475,0.2029207796324044,1.7512579206009211,0.2052412753924727
2059,0.2646794468164444,0.0626190384619592,5.50795881452778,8,0.1724202485755085,6.871017383411527,3,0.0988205533008475,0.2029207796324044,1.7512579206009211,0.2052412753924727
2060,0.2646794468164444,0.0626190384619592,5.50795881452778,8,0.2248020385857671,4.162770623341203,3,0.0988205533008475,0.2029207796324044,1.7512579206009211,0.2052412753924727
2061,0.2646794468164444,0.0626190384619592,5.50795881452778,8,0.2248020385857671,6.871017383411527,1,0.0988205533008475,0.2029207796324044,1.7512579206009211,0.2052412753924727
2062,0.2646794468164444,0.0626190384619592,5.50795881452778,8,0.2248020385857671,6.871017383411527,3,0.0615886640203301,0.2029207796324044,1.7512579206009211,0.2052412753924727
2063,0.2646794468164444,0.0626190384619592,5.50795881452778,8,0.2248020385857671,6.871017383411527,3,0.0988205533008475,0.3280773545149714,1.7512579206009211,0.2052412753924727
2064,0.2646794468164444,0.0626190384619592,5.50795881452778,8,0.2248020385857671,6.871017383411527,3,0.0988205533008475,0.2029207796324044,3.6827402603793504,0.2052412753924727
2065,0.2646794468164444,0.0626190384619592,5.50795881452778,8,0.2248020385857671,6.871017383411527,3,0.0988205533008475,0.2029207796324044,1.7512579206009211,0.190128656476736
2066,0.2471219044178724,0.0445485740091647,16.347357732920223,14,0.1724202485755085,4.162770623341203,1,0.0615886640203301,0.3280773545149714,3.6827402603793504,0.190128656476736
2067,0.5498741621151566,0.2997881841178936,20.816931263269577,14,0.1040895881131291,4.187599156051874,1,0.0632641839873182,0.337857080437243,5.136453000126263,0.3541747799143195
2068,0.5182598305866122,0.2997881841178936,20.816931263269577,14,0.1040895881131291,4.187599156051874,1,0.0632641839873182,0.337857080437243,5.136453000126263,0.3541747799143195
2069,0.5498741621151566,0.2894064248029724,20.816931263269577,14,0.1040895881131291,4.187599156051874,1,0.0632641839873182,0.337857080437243,5.136453000126263,0.3541747799143195
2070,0.5498741621151566,0.2997881841178936,9.204856397706669,14,0.1040895881131291,4.187599156051874,1,0.0632641839873182,0.337857080437243,5.136453000126263,0.3541747799143195
2071,0.5498741621151566,0.2997881841178936,20.816931263269577,9,0.1040895881131291,4.187599156051874,1,0.0632641839873182,0.337857080437243,5.136453000126263,0.3541747799143195
2072,0.5498741621151566,0.2997881841178936,20.816931263269577,14,0.1915604103822261,4.187599156051874,1,0.0632641839873182,0.337857080437243,5.136453000126263,0.3541747799143195
2073,0.5498741621151566,0.2997881841178936,20.816931263269577,14,0.1040895881131291,7.378288408741355,1,0.0632641839873182,0.337857080437243,5.136453000126263,0.3541747799143195
2074,0.5498741621151566,0.2997881841178936,20.816931263269577,14,0.1040895881131291,4.187599156051874,2,0.0632641839873182,0.337857080437243,5.136453000126263,0.3541747799143195
2075,0.5498741621151566,0.2997881841178936,20.816931263269577,14,0.1040895881131291,4.187599156051874,1,0.2082253887750707,0.337857080437243,5.136453000126263,0.3541747799143195
2076,0.5498741621151566,0.2997881841178936,20.816931263269577,14,0.1040895881131291,4.187599156051874,1,0.0632641839873182,0.110242231329903,5.136453000126263,0.3541747799143195
2077,0.5498741621151566,0.2997881841178936,20.816931263269577,14,0.1040895881131291,4.187599156051874,1,0.0632641839873182,0.337857080437243,1.1018576917044132,0.3541747799143195
2078,0.5498741621151566,0.2997881841178936,20.816931263269577,14,0.1040895881131291,4.187599156051874,1,0.0632641839873182,0.337857080437243,5.136453000126263,0.3046030875295401
2079,0.5182598305866122,0.2894064248029724,9.204856397706669,9,0.1915604103822261,7.378288408741355,2,0.2082253887750707,0.110242231329903,1.1018576917044132,0.3046030875295401
2080,0.560848849453032,0.0331187435182001,12.774293425877724,10,0.2394571969751268,4.7923065312206745,3,0.0834994751669229,0.0684253313113004,2.148987843982375,0.4106451510451734
2081,0.1515158269554376,0.0331187435182001,12.774293425877724,10,0.2394571969751268,4.7923065312206745,3,0.0834994751669229,0.0684253313113004,2.148987843982375,0.4106451510451734
2082,0.560848849453032,0.0420375962702546,12.774293425877724,10,0.2394571969751268,4.7923065312206745,3,0.0834994751669229,0.0684253313113004,2.148987843982375,0.4106451510451734
2083,0.560848849453032,0.0331187435182001,13.995120161484063,10,0.2394571969751268,4.7923065312206745,3,0.0834994751669229,0.0684253313113004,2.148987843982375,0.4106451510451734
2084,0.560848849453032,0.0331187435182001,12.774293425877724,6,0.2394571969751268,4.7923065312206745,3,0.0834994751669229,0.0684253313113004,2.148987843982375,0.4106451510451734
2085,0.560848849453032,0.0331187435182001,12.774293425877724,10,0.0613084218464791,4.7923065312206745,3,0.0834994751669229,0.0684253313113004,2.148987843982375,0.4106451510451734
2086,0.560848849453032,0.0331187435182001,12.774293425877724,10,0.2394571969751268,7.789111629128456,3,0.0834994751669229,0.0684253313113004,2.148987843982375,0.4106451510451734
2087,0.560848849453032,0.0331187435182001,12.774293425877724,10,0.2394571969751268,4.7923065312206745,3,0.0834994751669229,0.0684253313113004,2.148987843982375,0.4106451510451734
2088,0.560848849453032,0.0331187435182001,12.774293425877724,10,0.2394571969751268,4.7923065312206745,3,0.0340836859465779,0.0684253313113004,2.148987843982375,0.4106451510451734
2089,0.560848849453032,0.0331187435182001,12.774293425877724,10,0.2394571969751268,4.7923065312206745,3,0.0834994751669229,0.0612127447035163,2.148987843982375,0.4106451510451734
2090,0.560848849453032,0.0331187435182001,12.774293425877724,10,0.2394571969751268,4.7923065312206745,3,0.0834994751669229,0.0684253313113004,1.6502256221867109,0.4106451510451734
2091,0.560848849453032,0.0331187435182001,12.774293425877724,10,0.2394571969751268,4.7923065312206745,3,0.0834994751669229,0.0684253313113004,2.148987843982375,0.2010083137080073
2092,0.1515158269554376,0.0420375962702546,13.995120161484063,6,0.0613084218464791,7.789111629128456,3,0.0340836859465779,0.0612127447035163,1.6502256221867109,0.2010083137080073
2093,0.2747428983449936,0.1320553715106716,8.052753164952087,4,0.1199352868832647,7.3819717187434435,1,0.1355824771331166,0.498735930211842,5.579879851564223,0.2618579878471792
2094,0.5737252196297049,0.1320553715106716,8.052753164952087,4,0.1199352868832647,7.3819717187434435,1,0.1355824771331166,0.498735930211842,5.579879851564223,0.2618579878471792
2095,0.2747428983449936,0.2656178587036542,8.052753164952087,4,0.1199352868832647,7.3819717187434435,1,0.1355824771331166,0.498735930211842,5.579879851564223,0.2618579878471792
2096,0.2747428983449936,0.1320553715106716,4.374266990278495,4,0.1199352868832647,7.3819717187434435,1,0.1355824771331166,0.498735930211842,5.579879851564223,0.2618579878471792
2097,0.2747428983449936,0.1320553715106716,8.052753164952087,11,0.1199352868832647,7.3819717187434435,1,0.1355824771331166,0.498735930211842,5.579879851564223,0.2618579878471792
2098,0.2747428983449936,0.1320553715106716,8.052753164952087,4,0.2748340079095214,7.3819717187434435,1,0.1355824771331166,0.498735930211842,5.579879851564223,0.2618579878471792
2099,0.2747428983449936,0.1320553715106716,8.052753164952087,4,0.1199352868832647,3.833887804299593,1,0.1355824771331166,0.498735930211842,5.579879851564223,0.2618579878471792
2100,0.2747428983449936,0.1320553715106716,8.052753164952087,4,0.1199352868832647,7.3819717187434435,2,0.1355824771331166,0.498735930211842,5.579879851564223,0.2618579878471792
2101,0.2747428983449936,0.1320553715106716,8.052753164952087,4,0.1199352868832647,7.3819717187434435,1,0.1163381892788098,0.498735930211842,5.579879851564223,0.2618579878471792
2102,0.2747428983449936,0.1320553715106716,8.052753164952087,4,0.1199352868832647,7.3819717187434435,1,0.1355824771331166,0.3770931216422468,5.579879851564223,0.2618579878471792
2103,0.2747428983449936,0.1320553715106716,8.052753164952087,4,0.1199352868832647,7.3819717187434435,1,0.1355824771331166,0.498735930211842,3.385760798973206,0.2618579878471792
2104,0.2747428983449936,0.1320553715106716,8.052753164952087,4,0.1199352868832647,7.3819717187434435,1,0.1355824771331166,0.498735930211842,5.579879851564223,0.3121095271781087
2105,0.5737252196297049,0.2656178587036542,4.374266990278495,11,0.2748340079095214,3.833887804299593,2,0.1163381892788098,0.3770931216422468,3.385760798973206,0.3121095271781087
2106,0.0178460597991943,0.0668432618178494,22.999412046379543,16,0.0927806677762419,5.667525939643383,2,0.2252870795770811,0.384726365795359,3.141869116568071,0.1772468531504273
2107,0.3488551346585154,0.0668432618178494,22.999412046379543,16,0.0927806677762419,5.667525939643383,2,0.2252870795770811,0.384726365795359,3.141869116568071,0.1772468531504273
2108,0.0178460597991943,0.0729853648068049,22.999412046379543,16,0.0927806677762419,5.667525939643383,2,0.2252870795770811,0.384726365795359,3.141869116568071,0.1772468531504273
2109,0.0178460597991943,0.0668432618178494,16.81544139744144,16,0.0927806677762419,5.667525939643383,2,0.2252870795770811,0.384726365795359,3.141869116568071,0.1772468531504273
2110,0.0178460597991943,0.0668432618178494,22.999412046379543,13,0.0927806677762419,5.667525939643383,2,0.2252870795770811,0.384726365795359,3.141869116568071,0.1772468531504273
2111,0.0178460597991943,0.0668432618178494,22.999412046379543,16,0.1682157003786414,5.667525939643383,2,0.2252870795770811,0.384726365795359,3.141869116568071,0.1772468531504273
2112,0.0178460597991943,0.0668432618178494,22.999412046379543,16,0.0927806677762419,2.015339396893978,2,0.2252870795770811,0.384726365795359,3.141869116568071,0.1772468531504273
2113,0.0178460597991943,0.0668432618178494,22.999412046379543,16,0.0927806677762419,5.667525939643383,2,0.2252870795770811,0.384726365795359,3.141869116568071,0.1772468531504273
2114,0.0178460597991943,0.0668432618178494,22.999412046379543,16,0.0927806677762419,5.667525939643383,2,0.2891600787931435,0.384726365795359,3.141869116568071,0.1772468531504273
2115,0.0178460597991943,0.0668432618178494,22.999412046379543,16,0.0927806677762419,5.667525939643383,2,0.2252870795770811,0.2528496105223894,3.141869116568071,0.1772468531504273
2116,0.0178460597991943,0.0668432618178494,22.999412046379543,16,0.0927806677762419,5.667525939643383,2,0.2252870795770811,0.384726365795359,2.562111230631081,0.1772468531504273
2117,0.0178460597991943,0.0668432618178494,22.999412046379543,16,0.0927806677762419,5.667525939643383,2,0.2252870795770811,0.384726365795359,3.141869116568071,0.4079079302027821
2118,0.3488551346585154,0.0729853648068049,16.81544139744144,13,0.1682157003786414,2.015339396893978,2,0.2891600787931435,0.2528496105223894,2.562111230631081,0.4079079302027821
2119,0.3701626623049378,0.277079628717414,6.258462035857161,10,0.2202375249005854,2.350943272933364,2,0.0489068850530859,0.1823888304643333,1.012002910758694,0.3261893609538674
2120,0.0766828145831823,0.277079628717414,6.258462035857161,10,0.2202375249005854,2.350943272933364,2,0.0489068850530859,0.1823888304643333,1.012002910758694,0.3261893609538674
2121,0.3701626623049378,0.1530573363459434,6.258462035857161,10,0.2202375249005854,2.350943272933364,2,0.0489068850530859,0.1823888304643333,1.012002910758694,0.3261893609538674
2122,0.3701626623049378,0.277079628717414,8.952800247584934,10,0.2202375249005854,2.350943272933364,2,0.0489068850530859,0.1823888304643333,1.012002910758694,0.3261893609538674
2123,0.3701626623049378,0.277079628717414,6.258462035857161,10,0.2202375249005854,2.350943272933364,2,0.0489068850530859,0.1823888304643333,1.012002910758694,0.3261893609538674
2124,0.3701626623049378,0.277079628717414,6.258462035857161,10,0.1951531178317964,2.350943272933364,2,0.0489068850530859,0.1823888304643333,1.012002910758694,0.3261893609538674
2125,0.3701626623049378,0.277079628717414,6.258462035857161,10,0.2202375249005854,6.350032519549131,2,0.0489068850530859,0.1823888304643333,1.012002910758694,0.3261893609538674
2126,0.3701626623049378,0.277079628717414,6.258462035857161,10,0.2202375249005854,2.350943272933364,1,0.0489068850530859,0.1823888304643333,1.012002910758694,0.3261893609538674
2127,0.3701626623049378,0.277079628717414,6.258462035857161,10,0.2202375249005854,2.350943272933364,2,0.0733915821054467,0.1823888304643333,1.012002910758694,0.3261893609538674
2128,0.3701626623049378,0.277079628717414,6.258462035857161,10,0.2202375249005854,2.350943272933364,2,0.0489068850530859,0.4139944239519536,1.012002910758694,0.3261893609538674
2129,0.3701626623049378,0.277079628717414,6.258462035857161,10,0.2202375249005854,2.350943272933364,2,0.0489068850530859,0.1823888304643333,5.797964148969354,0.3261893609538674
2130,0.3701626623049378,0.277079628717414,6.258462035857161,10,0.2202375249005854,2.350943272933364,2,0.0489068850530859,0.1823888304643333,1.012002910758694,0.2973972318693996
2131,0.0766828145831823,0.1530573363459434,8.952800247584934,10,0.1951531178317964,6.350032519549131,1,0.0733915821054467,0.4139944239519536,5.797964148969354,0.2973972318693996
2132,0.4066315557807684,0.0780439981946677,7.510663285297126,7,0.1856656877323985,4.154926972463727,2,0.177478662048908,0.3236079175490886,7.229254221594659,0.1885946164838969
2133,0.0114426350221037,0.0780439981946677,7.510663285297126,7,0.1856656877323985,4.154926972463727,2,0.177478662048908,0.3236079175490886,7.229254221594659,0.1885946164838969
2134,0.4066315557807684,0.0586349705423485,7.510663285297126,7,0.1856656877323985,4.154926972463727,2,0.177478662048908,0.3236079175490886,7.229254221594659,0.1885946164838969
2135,0.4066315557807684,0.0780439981946677,5.784484419342115,7,0.1856656877323985,4.154926972463727,2,0.177478662048908,0.3236079175490886,7.229254221594659,0.1885946164838969
2136,0.4066315557807684,0.0780439981946677,7.510663285297126,7,0.1856656877323985,4.154926972463727,2,0.177478662048908,0.3236079175490886,7.229254221594659,0.1885946164838969
2137,0.4066315557807684,0.0780439981946677,7.510663285297126,7,0.2246162958443164,4.154926972463727,2,0.177478662048908,0.3236079175490886,7.229254221594659,0.1885946164838969
2138,0.4066315557807684,0.0780439981946677,7.510663285297126,7,0.1856656877323985,5.325961479917169,2,0.177478662048908,0.3236079175490886,7.229254221594659,0.1885946164838969
2139,0.4066315557807684,0.0780439981946677,7.510663285297126,7,0.1856656877323985,4.154926972463727,1,0.177478662048908,0.3236079175490886,7.229254221594659,0.1885946164838969
2140,0.4066315557807684,0.0780439981946677,7.510663285297126,7,0.1856656877323985,4.154926972463727,2,0.1691396668989694,0.3236079175490886,7.229254221594659,0.1885946164838969
2141,0.4066315557807684,0.0780439981946677,7.510663285297126,7,0.1856656877323985,4.154926972463727,2,0.177478662048908,0.1495827864855528,7.229254221594659,0.1885946164838969
2142,0.4066315557807684,0.0780439981946677,7.510663285297126,7,0.1856656877323985,4.154926972463727,2,0.177478662048908,0.3236079175490886,1.27255348934667,0.1885946164838969
2143,0.4066315557807684,0.0780439981946677,7.510663285297126,7,0.1856656877323985,4.154926972463727,2,0.177478662048908,0.3236079175490886,7.229254221594659,0.1632145587354898
2144,0.0114426350221037,0.0586349705423485,5.784484419342115,7,0.2246162958443164,5.325961479917169,1,0.1691396668989694,0.1495827864855528,1.27255348934667,0.1632145587354898
2145,0.1290334342047572,0.1755723548425506,11.928052434791343,13,0.065106184175238,6.721521083265543,2,0.0358706891523729,0.2444271272048354,2.784213928587836,0.3397982980124652
2146,0.4138029534369707,0.1755723548425506,11.928052434791343,13,0.065106184175238,6.721521083265543,2,0.0358706891523729,0.2444271272048354,2.784213928587836,0.3397982980124652
2147,0.1290334342047572,0.1236474115216198,11.928052434791343,13,0.065106184175238,6.721521083265543,2,0.0358706891523729,0.2444271272048354,2.784213928587836,0.3397982980124652
2148,0.1290334342047572,0.1755723548425506,10.54606840244968,13,0.065106184175238,6.721521083265543,2,0.0358706891523729,0.2444271272048354,2.784213928587836,0.3397982980124652
2149,0.1290334342047572,0.1755723548425506,11.928052434791343,15,0.065106184175238,6.721521083265543,2,0.0358706891523729,0.2444271272048354,2.784213928587836,0.3397982980124652
2150,0.1290334342047572,0.1755723548425506,11.928052434791343,13,0.1431398982647806,6.721521083265543,2,0.0358706891523729,0.2444271272048354,2.784213928587836,0.3397982980124652
2151,0.1290334342047572,0.1755723548425506,11.928052434791343,13,0.065106184175238,3.238356148824096,2,0.0358706891523729,0.2444271272048354,2.784213928587836,0.3397982980124652
2152,0.1290334342047572,0.1755723548425506,11.928052434791343,13,0.065106184175238,6.721521083265543,2,0.0358706891523729,0.2444271272048354,2.784213928587836,0.3397982980124652
2153,0.1290334342047572,0.1755723548425506,11.928052434791343,13,0.065106184175238,6.721521083265543,2,0.0667051184380636,0.2444271272048354,2.784213928587836,0.3397982980124652
2154,0.1290334342047572,0.1755723548425506,11.928052434791343,13,0.065106184175238,6.721521083265543,2,0.0358706891523729,0.2834753907285631,2.784213928587836,0.3397982980124652
2155,0.1290334342047572,0.1755723548425506,11.928052434791343,13,0.065106184175238,6.721521083265543,2,0.0358706891523729,0.2444271272048354,4.390527405498898,0.3397982980124652
2156,0.1290334342047572,0.1755723548425506,11.928052434791343,13,0.065106184175238,6.721521083265543,2,0.0358706891523729,0.2444271272048354,2.784213928587836,0.3499028518795967
2157,0.4138029534369707,0.1236474115216198,10.54606840244968,15,0.1431398982647806,3.238356148824096,2,0.0667051184380636,0.2834753907285631,4.390527405498898,0.3499028518795967
2158,0.163274004869163,0.0503879799777469,4.172472486903804,7,0.1468182301148772,6.140545239672065,3,0.0640197571787288,0.1338284676428884,1.3111863115646625,0.4239531090483069
2159,0.4889287333935499,0.0503879799777469,4.172472486903804,7,0.1468182301148772,6.140545239672065,3,0.0640197571787288,0.1338284676428884,1.3111863115646625,0.4239531090483069
2160,0.163274004869163,0.0339818825480132,4.172472486903804,7,0.1468182301148772,6.140545239672065,3,0.0640197571787288,0.1338284676428884,1.3111863115646625,0.4239531090483069
2161,0.163274004869163,0.0503879799777469,6.78199269807244,7,0.1468182301148772,6.140545239672065,3,0.0640197571787288,0.1338284676428884,1.3111863115646625,0.4239531090483069
2162,0.163274004869163,0.0503879799777469,4.172472486903804,12,0.1468182301148772,6.140545239672065,3,0.0640197571787288,0.1338284676428884,1.3111863115646625,0.4239531090483069
2163,0.163274004869163,0.0503879799777469,4.172472486903804,7,0.2378337154630571,6.140545239672065,3,0.0640197571787288,0.1338284676428884,1.3111863115646625,0.4239531090483069
2164,0.163274004869163,0.0503879799777469,4.172472486903804,7,0.1468182301148772,4.866640271618962,3,0.0640197571787288,0.1338284676428884,1.3111863115646625,0.4239531090483069
2165,0.163274004869163,0.0503879799777469,4.172472486903804,7,0.1468182301148772,6.140545239672065,2,0.0640197571787288,0.1338284676428884,1.3111863115646625,0.4239531090483069
2166,0.163274004869163,0.0503879799777469,4.172472486903804,7,0.1468182301148772,6.140545239672065,3,0.0485704834892817,0.1338284676428884,1.3111863115646625,0.4239531090483069
2167,0.163274004869163,0.0503879799777469,4.172472486903804,7,0.1468182301148772,6.140545239672065,3,0.0640197571787288,0.1864514739718288,1.3111863115646625,0.4239531090483069
2168,0.163274004869163,0.0503879799777469,4.172472486903804,7,0.1468182301148772,6.140545239672065,3,0.0640197571787288,0.1338284676428884,1.9757909492591417,0.4239531090483069
2169,0.163274004869163,0.0503879799777469,4.172472486903804,7,0.1468182301148772,6.140545239672065,3,0.0640197571787288,0.1338284676428884,1.3111863115646625,0.4462873354554176
2170,0.4889287333935499,0.0339818825480132,6.78199269807244,12,0.2378337154630571,4.866640271618962,2,0.0485704834892817,0.1864514739718288,1.9757909492591417,0.4462873354554176
2171,0.5246614750474691,0.1173154625142893,15.3444479760145,13,0.2753126741852611,2.8008914962410927,1,0.0967818039553667,0.4341708115302026,4.070715282289659,0.2728864615783095
2172,0.2366046024486422,0.1173154625142893,15.3444479760145,13,0.2753126741852611,2.8008914962410927,1,0.0967818039553667,0.4341708115302026,4.070715282289659,0.2728864615783095
2173,0.5246614750474691,0.2134990296126926,15.3444479760145,13,0.2753126741852611,2.8008914962410927,1,0.0967818039553667,0.4341708115302026,4.070715282289659,0.2728864615783095
2174,0.5246614750474691,0.1173154625142893,22.27528111568208,13,0.2753126741852611,2.8008914962410927,1,0.0967818039553667,0.4341708115302026,4.070715282289659,0.2728864615783095
2175,0.5246614750474691,0.1173154625142893,15.3444479760145,5,0.2753126741852611,2.8008914962410927,1,0.0967818039553667,0.4341708115302026,4.070715282289659,0.2728864615783095
2176,0.5246614750474691,0.1173154625142893,15.3444479760145,13,0.0948988489806652,2.8008914962410927,1,0.0967818039553667,0.4341708115302026,4.070715282289659,0.2728864615783095
2177,0.5246614750474691,0.1173154625142893,15.3444479760145,13,0.2753126741852611,6.580670727416873,1,0.0967818039553667,0.4341708115302026,4.070715282289659,0.2728864615783095
2178,0.5246614750474691,0.1173154625142893,15.3444479760145,13,0.2753126741852611,2.8008914962410927,3,0.0967818039553667,0.4341708115302026,4.070715282289659,0.2728864615783095
2179,0.5246614750474691,0.1173154625142893,15.3444479760145,13,0.2753126741852611,2.8008914962410927,1,0.1422792099092062,0.4341708115302026,4.070715282289659,0.2728864615783095
2180,0.5246614750474691,0.1173154625142893,15.3444479760145,13,0.2753126741852611,2.8008914962410927,1,0.0967818039553667,0.4750933746341615,4.070715282289659,0.2728864615783095
2181,0.5246614750474691,0.1173154625142893,15.3444479760145,13,0.2753126741852611,2.8008914962410927,1,0.0967818039553667,0.4341708115302026,7.518402875264171,0.2728864615783095
2182,0.5246614750474691,0.1173154625142893,15.3444479760145,13,0.2753126741852611,2.8008914962410927,1,0.0967818039553667,0.4341708115302026,4.070715282289659,0.2590176824480295
2183,0.2366046024486422,0.2134990296126926,22.27528111568208,5,0.0948988489806652,6.580670727416873,3,0.1422792099092062,0.4750933746341615,7.518402875264171,0.2590176824480295
2184,0.4864066103473305,0.057965736505047,4.903442663684232,14,0.1315950462128967,2.6439218912273645,2,0.2056052321595348,0.2766003827564418,1.270641261999229,0.2919207729399204
2185,0.2160276258364319,0.057965736505047,4.903442663684232,14,0.1315950462128967,2.6439218912273645,2,0.2056052321595348,0.2766003827564418,1.270641261999229,0.2919207729399204
2186,0.4864066103473305,0.1037365168233622,4.903442663684232,14,0.1315950462128967,2.6439218912273645,2,0.2056052321595348,0.2766003827564418,1.270641261999229,0.2919207729399204
2187,0.4864066103473305,0.057965736505047,7.666625149199314,14,0.1315950462128967,2.6439218912273645,2,0.2056052321595348,0.2766003827564418,1.270641261999229,0.2919207729399204
2188,0.4864066103473305,0.057965736505047,4.903442663684232,14,0.1315950462128967,2.6439218912273645,2,0.2056052321595348,0.2766003827564418,1.270641261999229,0.2919207729399204
2189,0.4864066103473305,0.057965736505047,4.903442663684232,14,0.210224697785452,2.6439218912273645,2,0.2056052321595348,0.2766003827564418,1.270641261999229,0.2919207729399204
2190,0.4864066103473305,0.057965736505047,4.903442663684232,14,0.1315950462128967,2.49785858951509,2,0.2056052321595348,0.2766003827564418,1.270641261999229,0.2919207729399204
2191,0.4864066103473305,0.057965736505047,4.903442663684232,14,0.1315950462128967,2.6439218912273645,1,0.2056052321595348,0.2766003827564418,1.270641261999229,0.2919207729399204
2192,0.4864066103473305,0.057965736505047,4.903442663684232,14,0.1315950462128967,2.6439218912273645,2,0.2000539048649821,0.2766003827564418,1.270641261999229,0.2919207729399204
2193,0.4864066103473305,0.057965736505047,4.903442663684232,14,0.1315950462128967,2.6439218912273645,2,0.2056052321595348,0.2315774286631495,1.270641261999229,0.2919207729399204
2194,0.4864066103473305,0.057965736505047,4.903442663684232,14,0.1315950462128967,2.6439218912273645,2,0.2056052321595348,0.2766003827564418,1.047882171229399,0.2919207729399204
2195,0.4864066103473305,0.057965736505047,4.903442663684232,14,0.1315950462128967,2.6439218912273645,2,0.2056052321595348,0.2766003827564418,1.270641261999229,0.3727700958028436
2196,0.2160276258364319,0.1037365168233622,7.666625149199314,14,0.210224697785452,2.49785858951509,1,0.2000539048649821,0.2315774286631495,1.047882171229399,0.3727700958028436
2197,0.2015117391943931,0.2395976101615146,18.52841552516101,8,0.2590517608448863,5.233944874256849,2,0.0309635341817176,0.2571307124104351,3.246067872131539,0.440634685009718
2198,0.5443770021200179,0.2395976101615146,18.52841552516101,8,0.2590517608448863,5.233944874256849,2,0.0309635341817176,0.2571307124104351,3.246067872131539,0.440634685009718
2199,0.2015117391943931,0.0699389815870825,18.52841552516101,8,0.2590517608448863,5.233944874256849,2,0.0309635341817176,0.2571307124104351,3.246067872131539,0.440634685009718
2200,0.2015117391943931,0.2395976101615146,19.559561940782867,8,0.2590517608448863,5.233944874256849,2,0.0309635341817176,0.2571307124104351,3.246067872131539,0.440634685009718
2201,0.2015117391943931,0.2395976101615146,18.52841552516101,9,0.2590517608448863,5.233944874256849,2,0.0309635341817176,0.2571307124104351,3.246067872131539,0.440634685009718
2202,0.2015117391943931,0.2395976101615146,18.52841552516101,8,0.122019531391561,5.233944874256849,2,0.0309635341817176,0.2571307124104351,3.246067872131539,0.440634685009718
2203,0.2015117391943931,0.2395976101615146,18.52841552516101,8,0.2590517608448863,6.031573692336679,2,0.0309635341817176,0.2571307124104351,3.246067872131539,0.440634685009718
2204,0.2015117391943931,0.2395976101615146,18.52841552516101,8,0.2590517608448863,5.233944874256849,2,0.0309635341817176,0.2571307124104351,3.246067872131539,0.440634685009718
2205,0.2015117391943931,0.2395976101615146,18.52841552516101,8,0.2590517608448863,5.233944874256849,2,0.0585943127456071,0.2571307124104351,3.246067872131539,0.440634685009718
2206,0.2015117391943931,0.2395976101615146,18.52841552516101,8,0.2590517608448863,5.233944874256849,2,0.0309635341817176,0.4353504793252796,3.246067872131539,0.440634685009718
2207,0.2015117391943931,0.2395976101615146,18.52841552516101,8,0.2590517608448863,5.233944874256849,2,0.0309635341817176,0.2571307124104351,4.119798413199471,0.440634685009718
2208,0.2015117391943931,0.2395976101615146,18.52841552516101,8,0.2590517608448863,5.233944874256849,2,0.0309635341817176,0.2571307124104351,3.246067872131539,0.1872593304142356
2209,0.5443770021200179,0.0699389815870825,19.559561940782867,9,0.122019531391561,6.031573692336679,2,0.0585943127456071,0.4353504793252796,4.119798413199471,0.1872593304142356
2210,0.0922708824276924,0.0381902825157149,6.307866014484304,12,0.2318924786057323,7.628032399341464,3,0.0553512042915081,0.1431537577882409,5.400771082332363,0.356478735152632
2211,0.3195386119186878,0.0381902825157149,6.307866014484304,12,0.2318924786057323,7.628032399341464,3,0.0553512042915081,0.1431537577882409,5.400771082332363,0.356478735152632
2212,0.0922708824276924,0.1925620215177832,6.307866014484304,12,0.2318924786057323,7.628032399341464,3,0.0553512042915081,0.1431537577882409,5.400771082332363,0.356478735152632
2213,0.0922708824276924,0.0381902825157149,5.1160400338009655,12,0.2318924786057323,7.628032399341464,3,0.0553512042915081,0.1431537577882409,5.400771082332363,0.356478735152632
2214,0.0922708824276924,0.0381902825157149,6.307866014484304,7,0.2318924786057323,7.628032399341464,3,0.0553512042915081,0.1431537577882409,5.400771082332363,0.356478735152632
2215,0.0922708824276924,0.0381902825157149,6.307866014484304,12,0.2595035230740904,7.628032399341464,3,0.0553512042915081,0.1431537577882409,5.400771082332363,0.356478735152632
2216,0.0922708824276924,0.0381902825157149,6.307866014484304,12,0.2318924786057323,7.3110617231577635,3,0.0553512042915081,0.1431537577882409,5.400771082332363,0.356478735152632
2217,0.0922708824276924,0.0381902825157149,6.307866014484304,12,0.2318924786057323,7.628032399341464,2,0.0553512042915081,0.1431537577882409,5.400771082332363,0.356478735152632
2218,0.0922708824276924,0.0381902825157149,6.307866014484304,12,0.2318924786057323,7.628032399341464,3,0.04267066774626,0.1431537577882409,5.400771082332363,0.356478735152632
2219,0.0922708824276924,0.0381902825157149,6.307866014484304,12,0.2318924786057323,7.628032399341464,3,0.0553512042915081,0.0821540526114404,5.400771082332363,0.356478735152632
2220,0.0922708824276924,0.0381902825157149,6.307866014484304,12,0.2318924786057323,7.628032399341464,3,0.0553512042915081,0.1431537577882409,1.849967910565591,0.356478735152632
2221,0.0922708824276924,0.0381902825157149,6.307866014484304,12,0.2318924786057323,7.628032399341464,3,0.0553512042915081,0.1431537577882409,5.400771082332363,0.2361827692016959
2222,0.3195386119186878,0.1925620215177832,5.1160400338009655,7,0.2595035230740904,7.3110617231577635,2,0.04267066774626,0.0821540526114404,1.849967910565591,0.2361827692016959
2223,0.4433769771829247,0.1527112978109346,10.293263726080628,6,0.1123704409226775,4.311801806092262,1,0.1119386149652499,0.3905965000856667,1.7115642181443813,0.2076094605959952
2224,0.1411527620628476,0.1527112978109346,10.293263726080628,6,0.1123704409226775,4.311801806092262,1,0.1119386149652499,0.3905965000856667,1.7115642181443813,0.2076094605959952
2225,0.4433769771829247,0.0376498691162222,10.293263726080628,6,0.1123704409226775,4.311801806092262,1,0.1119386149652499,0.3905965000856667,1.7115642181443813,0.2076094605959952
2226,0.4433769771829247,0.1527112978109346,12.013340521889198,6,0.1123704409226775,4.311801806092262,1,0.1119386149652499,0.3905965000856667,1.7115642181443813,0.2076094605959952
2227,0.4433769771829247,0.1527112978109346,10.293263726080628,11,0.1123704409226775,4.311801806092262,1,0.1119386149652499,0.3905965000856667,1.7115642181443813,0.2076094605959952
2228,0.4433769771829247,0.1527112978109346,10.293263726080628,6,0.1077644549775868,4.311801806092262,1,0.1119386149652499,0.3905965000856667,1.7115642181443813,0.2076094605959952
2229,0.4433769771829247,0.1527112978109346,10.293263726080628,6,0.1123704409226775,4.147877367213368,1,0.1119386149652499,0.3905965000856667,1.7115642181443813,0.2076094605959952
2230,0.4433769771829247,0.1527112978109346,10.293263726080628,6,0.1123704409226775,4.311801806092262,3,0.1119386149652499,0.3905965000856667,1.7115642181443813,0.2076094605959952
2231,0.4433769771829247,0.1527112978109346,10.293263726080628,6,0.1123704409226775,4.311801806092262,1,0.1682606405069352,0.3905965000856667,1.7115642181443813,0.2076094605959952
2232,0.4433769771829247,0.1527112978109346,10.293263726080628,6,0.1123704409226775,4.311801806092262,1,0.1119386149652499,0.3562876667827367,1.7115642181443813,0.2076094605959952
2233,0.4433769771829247,0.1527112978109346,10.293263726080628,6,0.1123704409226775,4.311801806092262,1,0.1119386149652499,0.3905965000856667,6.179228115199888,0.2076094605959952
2234,0.4433769771829247,0.1527112978109346,10.293263726080628,6,0.1123704409226775,4.311801806092262,1,0.1119386149652499,0.3905965000856667,1.7115642181443813,0.4222840497270227
2235,0.1411527620628476,0.0376498691162222,12.013340521889198,11,0.1077644549775868,4.147877367213368,3,0.1682606405069352,0.3562876667827367,6.179228115199888,0.4222840497270227
2236,0.3321918915957212,0.0435986035270454,19.58848959485243,5,0.0767611392773687,3.304784681648016,3,0.0721578205524711,0.080250012781471,4.205581212256294,0.3089298751205206
2237,0.0572729900479316,0.0435986035270454,19.58848959485243,5,0.0767611392773687,3.304784681648016,3,0.0721578205524711,0.080250012781471,4.205581212256294,0.3089298751205206
2238,0.3321918915957212,0.2394210773761903,19.58848959485243,5,0.0767611392773687,3.304784681648016,3,0.0721578205524711,0.080250012781471,4.205581212256294,0.3089298751205206
2239,0.3321918915957212,0.0435986035270454,18.487540041436777,5,0.0767611392773687,3.304784681648016,3,0.0721578205524711,0.080250012781471,4.205581212256294,0.3089298751205206
2240,0.3321918915957212,0.0435986035270454,19.58848959485243,13,0.0767611392773687,3.304784681648016,3,0.0721578205524711,0.080250012781471,4.205581212256294,0.3089298751205206
2241,0.3321918915957212,0.0435986035270454,19.58848959485243,5,0.0786064657848328,3.304784681648016,3,0.0721578205524711,0.080250012781471,4.205581212256294,0.3089298751205206
2242,0.3321918915957212,0.0435986035270454,19.58848959485243,5,0.0767611392773687,4.621077079325914,3,0.0721578205524711,0.080250012781471,4.205581212256294,0.3089298751205206
2243,0.3321918915957212,0.0435986035270454,19.58848959485243,5,0.0767611392773687,3.304784681648016,3,0.0721578205524711,0.080250012781471,4.205581212256294,0.3089298751205206
2244,0.3321918915957212,0.0435986035270454,19.58848959485243,5,0.0767611392773687,3.304784681648016,3,0.0387804021246439,0.080250012781471,4.205581212256294,0.3089298751205206
2245,0.3321918915957212,0.0435986035270454,19.58848959485243,5,0.0767611392773687,3.304784681648016,3,0.0721578205524711,0.2073933987878263,4.205581212256294,0.3089298751205206
2246,0.3321918915957212,0.0435986035270454,19.58848959485243,5,0.0767611392773687,3.304784681648016,3,0.0721578205524711,0.080250012781471,1.3590589595952964,0.3089298751205206
2247,0.3321918915957212,0.0435986035270454,19.58848959485243,5,0.0767611392773687,3.304784681648016,3,0.0721578205524711,0.080250012781471,4.205581212256294,0.3361493580043316
2248,0.0572729900479316,0.2394210773761903,18.487540041436777,13,0.0786064657848328,4.621077079325914,3,0.0387804021246439,0.2073933987878263,1.3590589595952964,0.3361493580043316
2249,0.0557997001335024,0.1016758772455958,5.178601831549524,11,0.2052554557565599,5.871003830805421,1,0.1568930303168412,0.4508494866546243,1.6462333236008668,0.1576529424637556
2250,0.4031270960345864,0.1016758772455958,5.178601831549524,11,0.2052554557565599,5.871003830805421,1,0.1568930303168412,0.4508494866546243,1.6462333236008668,0.1576529424637556
2251,0.0557997001335024,0.0466573340751865,5.178601831549524,11,0.2052554557565599,5.871003830805421,1,0.1568930303168412,0.4508494866546243,1.6462333236008668,0.1576529424637556
2252,0.0557997001335024,0.1016758772455958,8.082505718362212,11,0.2052554557565599,5.871003830805421,1,0.1568930303168412,0.4508494866546243,1.6462333236008668,0.1576529424637556
2253,0.0557997001335024,0.1016758772455958,5.178601831549524,4,0.2052554557565599,5.871003830805421,1,0.1568930303168412,0.4508494866546243,1.6462333236008668,0.1576529424637556
2254,0.0557997001335024,0.1016758772455958,5.178601831549524,11,0.2852506951428949,5.871003830805421,1,0.1568930303168412,0.4508494866546243,1.6462333236008668,0.1576529424637556
2255,0.0557997001335024,0.1016758772455958,5.178601831549524,11,0.2052554557565599,7.037173554301262,1,0.1568930303168412,0.4508494866546243,1.6462333236008668,0.1576529424637556
2256,0.0557997001335024,0.1016758772455958,5.178601831549524,11,0.2052554557565599,5.871003830805421,2,0.1568930303168412,0.4508494866546243,1.6462333236008668,0.1576529424637556
2257,0.0557997001335024,0.1016758772455958,5.178601831549524,11,0.2052554557565599,5.871003830805421,1,0.0984144069895713,0.4508494866546243,1.6462333236008668,0.1576529424637556
2258,0.0557997001335024,0.1016758772455958,5.178601831549524,11,0.2052554557565599,5.871003830805421,1,0.1568930303168412,0.4542868200689554,1.6462333236008668,0.1576529424637556
2259,0.0557997001335024,0.1016758772455958,5.178601831549524,11,0.2052554557565599,5.871003830805421,1,0.1568930303168412,0.4508494866546243,3.176559436149415,0.1576529424637556
2260,0.0557997001335024,0.1016758772455958,5.178601831549524,11,0.2052554557565599,5.871003830805421,1,0.1568930303168412,0.4508494866546243,1.6462333236008668,0.2238796379417181
2261,0.4031270960345864,0.0466573340751865,8.082505718362212,4,0.2852506951428949,7.037173554301262,2,0.0984144069895713,0.4542868200689554,3.176559436149415,0.2238796379417181
2262,0.2376968247815966,0.0901988843828252,15.22385210367248,9,0.2869724349118769,7.178587883710861,2,0.2608617775215348,0.3402731506153941,2.21755903834752,0.2422309038229286
2263,0.4782934399321675,0.0901988843828252,15.22385210367248,9,0.2869724349118769,7.178587883710861,2,0.2608617775215348,0.3402731506153941,2.21755903834752,0.2422309038229286
2264,0.2376968247815966,0.1284722793753606,15.22385210367248,9,0.2869724349118769,7.178587883710861,2,0.2608617775215348,0.3402731506153941,2.21755903834752,0.2422309038229286
2265,0.2376968247815966,0.0901988843828252,12.731709184845572,9,0.2869724349118769,7.178587883710861,2,0.2608617775215348,0.3402731506153941,2.21755903834752,0.2422309038229286
2266,0.2376968247815966,0.0901988843828252,15.22385210367248,8,0.2869724349118769,7.178587883710861,2,0.2608617775215348,0.3402731506153941,2.21755903834752,0.2422309038229286
2267,0.2376968247815966,0.0901988843828252,15.22385210367248,9,0.1592029423452913,7.178587883710861,2,0.2608617775215348,0.3402731506153941,2.21755903834752,0.2422309038229286
2268,0.2376968247815966,0.0901988843828252,15.22385210367248,9,0.2869724349118769,5.572949808090925,2,0.2608617775215348,0.3402731506153941,2.21755903834752,0.2422309038229286
2269,0.2376968247815966,0.0901988843828252,15.22385210367248,9,0.2869724349118769,7.178587883710861,2,0.2608617775215348,0.3402731506153941,2.21755903834752,0.2422309038229286
2270,0.2376968247815966,0.0901988843828252,15.22385210367248,9,0.2869724349118769,7.178587883710861,2,0.2446448832331034,0.3402731506153941,2.21755903834752,0.2422309038229286
2271,0.2376968247815966,0.0901988843828252,15.22385210367248,9,0.2869724349118769,7.178587883710861,2,0.2608617775215348,0.1283117043320089,2.21755903834752,0.2422309038229286
2272,0.2376968247815966,0.0901988843828252,15.22385210367248,9,0.2869724349118769,7.178587883710861,2,0.2608617775215348,0.3402731506153941,2.3992353622754945,0.2422309038229286
2273,0.2376968247815966,0.0901988843828252,15.22385210367248,9,0.2869724349118769,7.178587883710861,2,0.2608617775215348,0.3402731506153941,2.21755903834752,0.2733891572803259
2274,0.4782934399321675,0.1284722793753606,12.731709184845572,8,0.1592029423452913,5.572949808090925,2,0.2446448832331034,0.1283117043320089,2.3992353622754945,0.2733891572803259
2275,0.5978777926415205,0.2025818399820677,9.323795464660796,15,0.1664127888623625,3.83855345658958,2,0.0422371092230577,0.1908352118451148,6.9974172083414485,0.3933707845397294
2276,0.2824025474488735,0.2025818399820677,9.323795464660796,15,0.1664127888623625,3.83855345658958,2,0.0422371092230577,0.1908352118451148,6.9974172083414485,0.3933707845397294
2277,0.5978777926415205,0.0869147213879555,9.323795464660796,15,0.1664127888623625,3.83855345658958,2,0.0422371092230577,0.1908352118451148,6.9974172083414485,0.3933707845397294
2278,0.5978777926415205,0.2025818399820677,4.844088719803554,15,0.1664127888623625,3.83855345658958,2,0.0422371092230577,0.1908352118451148,6.9974172083414485,0.3933707845397294
2279,0.5978777926415205,0.2025818399820677,9.323795464660796,15,0.1664127888623625,3.83855345658958,2,0.0422371092230577,0.1908352118451148,6.9974172083414485,0.3933707845397294
2280,0.5978777926415205,0.2025818399820677,9.323795464660796,15,0.1774277109187096,3.83855345658958,2,0.0422371092230577,0.1908352118451148,6.9974172083414485,0.3933707845397294
2281,0.5978777926415205,0.2025818399820677,9.323795464660796,15,0.1664127888623625,2.7804281637072563,2,0.0422371092230577,0.1908352118451148,6.9974172083414485,0.3933707845397294
2282,0.5978777926415205,0.2025818399820677,9.323795464660796,15,0.1664127888623625,3.83855345658958,1,0.0422371092230577,0.1908352118451148,6.9974172083414485,0.3933707845397294
2283,0.5978777926415205,0.2025818399820677,9.323795464660796,15,0.1664127888623625,3.83855345658958,2,0.0834930530543274,0.1908352118451148,6.9974172083414485,0.3933707845397294
2284,0.5978777926415205,0.2025818399820677,9.323795464660796,15,0.1664127888623625,3.83855345658958,2,0.0422371092230577,0.3048308291938156,6.9974172083414485,0.3933707845397294
2285,0.5978777926415205,0.2025818399820677,9.323795464660796,15,0.1664127888623625,3.83855345658958,2,0.0422371092230577,0.1908352118451148,4.764666228092085,0.3933707845397294
2286,0.5978777926415205,0.2025818399820677,9.323795464660796,15,0.1664127888623625,3.83855345658958,2,0.0422371092230577,0.1908352118451148,6.9974172083414485,0.3850775174796581
2287,0.2824025474488735,0.0869147213879555,4.844088719803554,15,0.1774277109187096,2.7804281637072563,1,0.0834930530543274,0.3048308291938156,4.764666228092085,0.3850775174796581
2288,0.5711138466373086,0.0869857601853437,17.88440546638241,6,0.2073666261974722,6.079962307587266,1,0.2947493281248204,0.269055336760357,2.562096712259172,0.3826960279606283
2289,0.0284131312742829,0.0869857601853437,17.88440546638241,6,0.2073666261974722,6.079962307587266,1,0.2947493281248204,0.269055336760357,2.562096712259172,0.3826960279606283
2290,0.5711138466373086,0.1985536365412344,17.88440546638241,6,0.2073666261974722,6.079962307587266,1,0.2947493281248204,0.269055336760357,2.562096712259172,0.3826960279606283
2291,0.5711138466373086,0.0869857601853437,6.227981376783453,6,0.2073666261974722,6.079962307587266,1,0.2947493281248204,0.269055336760357,2.562096712259172,0.3826960279606283
2292,0.5711138466373086,0.0869857601853437,17.88440546638241,9,0.2073666261974722,6.079962307587266,1,0.2947493281248204,0.269055336760357,2.562096712259172,0.3826960279606283
2293,0.5711138466373086,0.0869857601853437,17.88440546638241,6,0.0577580851502716,6.079962307587266,1,0.2947493281248204,0.269055336760357,2.562096712259172,0.3826960279606283
2294,0.5711138466373086,0.0869857601853437,17.88440546638241,6,0.2073666261974722,2.3734961356967688,1,0.2947493281248204,0.269055336760357,2.562096712259172,0.3826960279606283
2295,0.5711138466373086,0.0869857601853437,17.88440546638241,6,0.2073666261974722,6.079962307587266,2,0.2947493281248204,0.269055336760357,2.562096712259172,0.3826960279606283
2296,0.5711138466373086,0.0869857601853437,17.88440546638241,6,0.2073666261974722,6.079962307587266,1,0.2782942268231523,0.269055336760357,2.562096712259172,0.3826960279606283
2297,0.5711138466373086,0.0869857601853437,17.88440546638241,6,0.2073666261974722,6.079962307587266,1,0.2947493281248204,0.0725382754579186,2.562096712259172,0.3826960279606283
2298,0.5711138466373086,0.0869857601853437,17.88440546638241,6,0.2073666261974722,6.079962307587266,1,0.2947493281248204,0.269055336760357,3.828268874628252,0.3826960279606283
2299,0.5711138466373086,0.0869857601853437,17.88440546638241,6,0.2073666261974722,6.079962307587266,1,0.2947493281248204,0.269055336760357,2.562096712259172,0.4330600133165717
2300,0.0284131312742829,0.1985536365412344,6.227981376783453,9,0.0577580851502716,2.3734961356967688,2,0.2782942268231523,0.0725382754579186,3.828268874628252,0.4330600133165717
2301,0.2481283172965049,0.2100619990554523,4.597811978848323,13,0.0858609468676149,3.419984396547079,3,0.0431671826204181,0.2919375279918313,7.893968049356551,0.2338266192935407
2302,0.4322845011949539,0.2100619990554523,4.597811978848323,13,0.0858609468676149,3.419984396547079,3,0.0431671826204181,0.2919375279918313,7.893968049356551,0.2338266192935407
2303,0.2481283172965049,0.0316373897271776,4.597811978848323,13,0.0858609468676149,3.419984396547079,3,0.0431671826204181,0.2919375279918313,7.893968049356551,0.2338266192935407
2304,0.2481283172965049,0.2100619990554523,9.898459255362692,13,0.0858609468676149,3.419984396547079,3,0.0431671826204181,0.2919375279918313,7.893968049356551,0.2338266192935407
2305,0.2481283172965049,0.2100619990554523,4.597811978848323,14,0.0858609468676149,3.419984396547079,3,0.0431671826204181,0.2919375279918313,7.893968049356551,0.2338266192935407
2306,0.2481283172965049,0.2100619990554523,4.597811978848323,13,0.2788787632714957,3.419984396547079,3,0.0431671826204181,0.2919375279918313,7.893968049356551,0.2338266192935407
2307,0.2481283172965049,0.2100619990554523,4.597811978848323,13,0.0858609468676149,6.284843379631639,3,0.0431671826204181,0.2919375279918313,7.893968049356551,0.2338266192935407
2308,0.2481283172965049,0.2100619990554523,4.597811978848323,13,0.0858609468676149,3.419984396547079,3,0.0431671826204181,0.2919375279918313,7.893968049356551,0.2338266192935407
2309,0.2481283172965049,0.2100619990554523,4.597811978848323,13,0.0858609468676149,3.419984396547079,3,0.0815794399166635,0.2919375279918313,7.893968049356551,0.2338266192935407
2310,0.2481283172965049,0.2100619990554523,4.597811978848323,13,0.0858609468676149,3.419984396547079,3,0.0431671826204181,0.360520136449486,7.893968049356551,0.2338266192935407
2311,0.2481283172965049,0.2100619990554523,4.597811978848323,13,0.0858609468676149,3.419984396547079,3,0.0431671826204181,0.2919375279918313,1.1277517717644867,0.2338266192935407
2312,0.2481283172965049,0.2100619990554523,4.597811978848323,13,0.0858609468676149,3.419984396547079,3,0.0431671826204181,0.2919375279918313,7.893968049356551,0.2441566446796059
2313,0.4322845011949539,0.0316373897271776,9.898459255362692,14,0.2788787632714957,6.284843379631639,3,0.0815794399166635,0.360520136449486,1.1277517717644867,0.2441566446796059
2314,0.0644004419445991,0.042116733089105,10.505376206506108,7,0.1212092632893473,3.624176381155849,2,0.0821061422388791,0.4025054486002773,3.699658441794286,0.1684381166473031
2315,0.5071529991924763,0.042116733089105,10.505376206506108,7,0.1212092632893473,3.624176381155849,2,0.0821061422388791,0.4025054486002773,3.699658441794286,0.1684381166473031
2316,0.0644004419445991,0.11487926376949,10.505376206506108,7,0.1212092632893473,3.624176381155849,2,0.0821061422388791,0.4025054486002773,3.699658441794286,0.1684381166473031
2317,0.0644004419445991,0.042116733089105,6.286655675939016,7,0.1212092632893473,3.624176381155849,2,0.0821061422388791,0.4025054486002773,3.699658441794286,0.1684381166473031
2318,0.0644004419445991,0.042116733089105,10.505376206506108,10,0.1212092632893473,3.624176381155849,2,0.0821061422388791,0.4025054486002773,3.699658441794286,0.1684381166473031
2319,0.0644004419445991,0.042116733089105,10.505376206506108,7,0.1646558865439146,3.624176381155849,2,0.0821061422388791,0.4025054486002773,3.699658441794286,0.1684381166473031
2320,0.0644004419445991,0.042116733089105,10.505376206506108,7,0.1212092632893473,7.819146005436778,2,0.0821061422388791,0.4025054486002773,3.699658441794286,0.1684381166473031
2321,0.0644004419445991,0.042116733089105,10.505376206506108,7,0.1212092632893473,3.624176381155849,1,0.0821061422388791,0.4025054486002773,3.699658441794286,0.1684381166473031
2322,0.0644004419445991,0.042116733089105,10.505376206506108,7,0.1212092632893473,3.624176381155849,2,0.0306808530087874,0.4025054486002773,3.699658441794286,0.1684381166473031
2323,0.0644004419445991,0.042116733089105,10.505376206506108,7,0.1212092632893473,3.624176381155849,2,0.0821061422388791,0.2641560196410865,3.699658441794286,0.1684381166473031
2324,0.0644004419445991,0.042116733089105,10.505376206506108,7,0.1212092632893473,3.624176381155849,2,0.0821061422388791,0.4025054486002773,6.75785705089985,0.1684381166473031
2325,0.0644004419445991,0.042116733089105,10.505376206506108,7,0.1212092632893473,3.624176381155849,2,0.0821061422388791,0.4025054486002773,3.699658441794286,0.1571471253409981
2326,0.5071529991924763,0.11487926376949,6.286655675939016,10,0.1646558865439146,7.819146005436778,1,0.0306808530087874,0.2641560196410865,6.75785705089985,0.1571471253409981
2327,0.3024247476831078,0.1052513186312257,6.9980875899448165,14,0.2506496214307844,7.05794632434845,2,0.1592243625665373,0.1584752271883189,1.4357496488419814,0.317151608504355
2328,0.253245441801846,0.1052513186312257,6.9980875899448165,14,0.2506496214307844,7.05794632434845,2,0.1592243625665373,0.1584752271883189,1.4357496488419814,0.317151608504355
2329,0.3024247476831078,0.0546594108921245,6.9980875899448165,14,0.2506496214307844,7.05794632434845,2,0.1592243625665373,0.1584752271883189,1.4357496488419814,0.317151608504355
2330,0.3024247476831078,0.1052513186312257,23.779415285115302,14,0.2506496214307844,7.05794632434845,2,0.1592243625665373,0.1584752271883189,1.4357496488419814,0.317151608504355
2331,0.3024247476831078,0.1052513186312257,6.9980875899448165,7,0.2506496214307844,7.05794632434845,2,0.1592243625665373,0.1584752271883189,1.4357496488419814,0.317151608504355
2332,0.3024247476831078,0.1052513186312257,6.9980875899448165,14,0.1991960254497826,7.05794632434845,2,0.1592243625665373,0.1584752271883189,1.4357496488419814,0.317151608504355
2333,0.3024247476831078,0.1052513186312257,6.9980875899448165,14,0.2506496214307844,3.5343262124806643,2,0.1592243625665373,0.1584752271883189,1.4357496488419814,0.317151608504355
2334,0.3024247476831078,0.1052513186312257,6.9980875899448165,14,0.2506496214307844,7.05794632434845,2,0.1592243625665373,0.1584752271883189,1.4357496488419814,0.317151608504355
2335,0.3024247476831078,0.1052513186312257,6.9980875899448165,14,0.2506496214307844,7.05794632434845,2,0.120811491361137,0.1584752271883189,1.4357496488419814,0.317151608504355
2336,0.3024247476831078,0.1052513186312257,6.9980875899448165,14,0.2506496214307844,7.05794632434845,2,0.1592243625665373,0.39738858086057,1.4357496488419814,0.317151608504355
2337,0.3024247476831078,0.1052513186312257,6.9980875899448165,14,0.2506496214307844,7.05794632434845,2,0.1592243625665373,0.1584752271883189,1.6914606125880962,0.317151608504355
2338,0.3024247476831078,0.1052513186312257,6.9980875899448165,14,0.2506496214307844,7.05794632434845,2,0.1592243625665373,0.1584752271883189,1.4357496488419814,0.3466318538412452
2339,0.253245441801846,0.0546594108921245,23.779415285115302,7,0.1991960254497826,3.5343262124806643,2,0.120811491361137,0.39738858086057,1.6914606125880962,0.3466318538412452
2340,0.4162396620959043,0.0368717909583325,5.370970625839699,15,0.2783261558040976,5.065089356154203,2,0.0585762302401446,0.4670570623595267,6.092934452443032,0.2157207573764026
2341,0.1695853605866432,0.0368717909583325,5.370970625839699,15,0.2783261558040976,5.065089356154203,2,0.0585762302401446,0.4670570623595267,6.092934452443032,0.2157207573764026
2342,0.4162396620959043,0.1643859627212158,5.370970625839699,15,0.2783261558040976,5.065089356154203,2,0.0585762302401446,0.4670570623595267,6.092934452443032,0.2157207573764026
2343,0.4162396620959043,0.0368717909583325,14.604128429911212,15,0.2783261558040976,5.065089356154203,2,0.0585762302401446,0.4670570623595267,6.092934452443032,0.2157207573764026
2344,0.4162396620959043,0.0368717909583325,5.370970625839699,5,0.2783261558040976,5.065089356154203,2,0.0585762302401446,0.4670570623595267,6.092934452443032,0.2157207573764026
2345,0.4162396620959043,0.0368717909583325,5.370970625839699,15,0.2362003551796078,5.065089356154203,2,0.0585762302401446,0.4670570623595267,6.092934452443032,0.2157207573764026
2346,0.4162396620959043,0.0368717909583325,5.370970625839699,15,0.2783261558040976,4.742853347212076,2,0.0585762302401446,0.4670570623595267,6.092934452443032,0.2157207573764026
2347,0.4162396620959043,0.0368717909583325,5.370970625839699,15,0.2783261558040976,5.065089356154203,2,0.0585762302401446,0.4670570623595267,6.092934452443032,0.2157207573764026
2348,0.4162396620959043,0.0368717909583325,5.370970625839699,15,0.2783261558040976,5.065089356154203,2,0.0504881811432953,0.4670570623595267,6.092934452443032,0.2157207573764026
2349,0.4162396620959043,0.0368717909583325,5.370970625839699,15,0.2783261558040976,5.065089356154203,2,0.0585762302401446,0.1380309007596224,6.092934452443032,0.2157207573764026
2350,0.4162396620959043,0.0368717909583325,5.370970625839699,15,0.2783261558040976,5.065089356154203,2,0.0585762302401446,0.4670570623595267,2.952151216399898,0.2157207573764026
2351,0.4162396620959043,0.0368717909583325,5.370970625839699,15,0.2783261558040976,5.065089356154203,2,0.0585762302401446,0.4670570623595267,6.092934452443032,0.3952665444463492
2352,0.1695853605866432,0.1643859627212158,14.604128429911212,5,0.2362003551796078,4.742853347212076,2,0.0504881811432953,0.1380309007596224,2.952151216399898,0.3952665444463492
2353,0.1029292596504092,0.1581742220169568,20.867831939273376,9,0.1557828681077808,2.3813079688698053,2,0.1221472495964812,0.0930585859343409,1.9775462719323111,0.3668605039827526
2354,0.591107658483088,0.1581742220169568,20.867831939273376,9,0.1557828681077808,2.3813079688698053,2,0.1221472495964812,0.0930585859343409,1.9775462719323111,0.3668605039827526
2355,0.1029292596504092,0.0784842342250878,20.867831939273376,9,0.1557828681077808,2.3813079688698053,2,0.1221472495964812,0.0930585859343409,1.9775462719323111,0.3668605039827526
2356,0.1029292596504092,0.1581742220169568,4.20654865583424,9,0.1557828681077808,2.3813079688698053,2,0.1221472495964812,0.0930585859343409,1.9775462719323111,0.3668605039827526
2357,0.1029292596504092,0.1581742220169568,20.867831939273376,13,0.1557828681077808,2.3813079688698053,2,0.1221472495964812,0.0930585859343409,1.9775462719323111,0.3668605039827526
2358,0.1029292596504092,0.1581742220169568,20.867831939273376,9,0.131076679052785,2.3813079688698053,2,0.1221472495964812,0.0930585859343409,1.9775462719323111,0.3668605039827526
2359,0.1029292596504092,0.1581742220169568,20.867831939273376,9,0.1557828681077808,6.78649041056633,2,0.1221472495964812,0.0930585859343409,1.9775462719323111,0.3668605039827526
2360,0.1029292596504092,0.1581742220169568,20.867831939273376,9,0.1557828681077808,2.3813079688698053,1,0.1221472495964812,0.0930585859343409,1.9775462719323111,0.3668605039827526
2361,0.1029292596504092,0.1581742220169568,20.867831939273376,9,0.1557828681077808,2.3813079688698053,2,0.127945145952394,0.0930585859343409,1.9775462719323111,0.3668605039827526
2362,0.1029292596504092,0.1581742220169568,20.867831939273376,9,0.1557828681077808,2.3813079688698053,2,0.1221472495964812,0.3002752002794295,1.9775462719323111,0.3668605039827526
2363,0.1029292596504092,0.1581742220169568,20.867831939273376,9,0.1557828681077808,2.3813079688698053,2,0.1221472495964812,0.0930585859343409,1.4624609260356054,0.3668605039827526
2364,0.1029292596504092,0.1581742220169568,20.867831939273376,9,0.1557828681077808,2.3813079688698053,2,0.1221472495964812,0.0930585859343409,1.9775462719323111,0.2819502554833889
2365,0.591107658483088,0.0784842342250878,4.20654865583424,13,0.131076679052785,6.78649041056633,1,0.127945145952394,0.3002752002794295,1.4624609260356054,0.2819502554833889
2366,0.2093134028837084,0.0558080807273438,9.14156685200136,11,0.0500075055286288,4.475467249751091,1,0.2160621239696629,0.2070305449422448,1.1081442460167965,0.4327059036120773
2367,0.3659811766818165,0.0558080807273438,9.14156685200136,11,0.0500075055286288,4.475467249751091,1,0.2160621239696629,0.2070305449422448,1.1081442460167965,0.4327059036120773
2368,0.2093134028837084,0.2849208767497415,9.14156685200136,11,0.0500075055286288,4.475467249751091,1,0.2160621239696629,0.2070305449422448,1.1081442460167965,0.4327059036120773
2369,0.2093134028837084,0.0558080807273438,16.08956273940881,11,0.0500075055286288,4.475467249751091,1,0.2160621239696629,0.2070305449422448,1.1081442460167965,0.4327059036120773
2370,0.2093134028837084,0.0558080807273438,9.14156685200136,15,0.0500075055286288,4.475467249751091,1,0.2160621239696629,0.2070305449422448,1.1081442460167965,0.4327059036120773
2371,0.2093134028837084,0.0558080807273438,9.14156685200136,11,0.2494119931478053,4.475467249751091,1,0.2160621239696629,0.2070305449422448,1.1081442460167965,0.4327059036120773
2372,0.2093134028837084,0.0558080807273438,9.14156685200136,11,0.0500075055286288,5.0615465603768826,1,0.2160621239696629,0.2070305449422448,1.1081442460167965,0.4327059036120773
2373,0.2093134028837084,0.0558080807273438,9.14156685200136,11,0.0500075055286288,4.475467249751091,3,0.2160621239696629,0.2070305449422448,1.1081442460167965,0.4327059036120773
2374,0.2093134028837084,0.0558080807273438,9.14156685200136,11,0.0500075055286288,4.475467249751091,1,0.1879783171472748,0.2070305449422448,1.1081442460167965,0.4327059036120773
2375,0.2093134028837084,0.0558080807273438,9.14156685200136,11,0.0500075055286288,4.475467249751091,1,0.2160621239696629,0.1749319599941373,1.1081442460167965,0.4327059036120773
2376,0.2093134028837084,0.0558080807273438,9.14156685200136,11,0.0500075055286288,4.475467249751091,1,0.2160621239696629,0.2070305449422448,5.211495284794401,0.4327059036120773
2377,0.2093134028837084,0.0558080807273438,9.14156685200136,11,0.0500075055286288,4.475467249751091,1,0.2160621239696629,0.2070305449422448,1.1081442460167965,0.1955268166959285
2378,0.3659811766818165,0.2849208767497415,16.08956273940881,15,0.2494119931478053,5.0615465603768826,3,0.1879783171472748,0.1749319599941373,5.211495284794401,0.1955268166959285
2379,0.4575850289314985,0.2488657649931032,13.713370177853058,5,0.1804854655172675,7.885433716699481,3,0.0340257681863329,0.3530694811604917,2.8554805179933744,0.2814285507425665
2380,0.0944218061864376,0.2488657649931032,13.713370177853058,5,0.1804854655172675,7.885433716699481,3,0.0340257681863329,0.3530694811604917,2.8554805179933744,0.2814285507425665
2381,0.4575850289314985,0.0452494863480433,13.713370177853058,5,0.1804854655172675,7.885433716699481,3,0.0340257681863329,0.3530694811604917,2.8554805179933744,0.2814285507425665
2382,0.4575850289314985,0.2488657649931032,9.324021877231294,5,0.1804854655172675,7.885433716699481,3,0.0340257681863329,0.3530694811604917,2.8554805179933744,0.2814285507425665
2383,0.4575850289314985,0.2488657649931032,13.713370177853058,8,0.1804854655172675,7.885433716699481,3,0.0340257681863329,0.3530694811604917,2.8554805179933744,0.2814285507425665
2384,0.4575850289314985,0.2488657649931032,13.713370177853058,5,0.0828222187235951,7.885433716699481,3,0.0340257681863329,0.3530694811604917,2.8554805179933744,0.2814285507425665
2385,0.4575850289314985,0.2488657649931032,13.713370177853058,5,0.1804854655172675,3.39729792624712,3,0.0340257681863329,0.3530694811604917,2.8554805179933744,0.2814285507425665
2386,0.4575850289314985,0.2488657649931032,13.713370177853058,5,0.1804854655172675,7.885433716699481,2,0.0340257681863329,0.3530694811604917,2.8554805179933744,0.2814285507425665
2387,0.4575850289314985,0.2488657649931032,13.713370177853058,5,0.1804854655172675,7.885433716699481,3,0.0642081345956193,0.3530694811604917,2.8554805179933744,0.2814285507425665
2388,0.4575850289314985,0.2488657649931032,13.713370177853058,5,0.1804854655172675,7.885433716699481,3,0.0340257681863329,0.4919118263758719,2.8554805179933744,0.2814285507425665
2389,0.4575850289314985,0.2488657649931032,13.713370177853058,5,0.1804854655172675,7.885433716699481,3,0.0340257681863329,0.3530694811604917,2.1933876848780245,0.2814285507425665
2390,0.4575850289314985,0.2488657649931032,13.713370177853058,5,0.1804854655172675,7.885433716699481,3,0.0340257681863329,0.3530694811604917,2.8554805179933744,0.3082525905221701
2391,0.0944218061864376,0.0452494863480433,9.324021877231294,8,0.0828222187235951,3.39729792624712,2,0.0642081345956193,0.4919118263758719,2.1933876848780245,0.3082525905221701
2392,0.4955557996407151,0.0485942665707497,8.579624072328832,9,0.0975158707704395,6.5540302731096745,2,0.0675407032701436,0.4825063738040626,1.4829410326204533,0.2647013537585735
2393,0.0388281974941492,0.0485942665707497,8.579624072328832,9,0.0975158707704395,6.5540302731096745,2,0.0675407032701436,0.4825063738040626,1.4829410326204533,0.2647013537585735
2394,0.4955557996407151,0.0935459924514176,8.579624072328832,9,0.0975158707704395,6.5540302731096745,2,0.0675407032701436,0.4825063738040626,1.4829410326204533,0.2647013537585735
2395,0.4955557996407151,0.0485942665707497,17.302984976615292,9,0.0975158707704395,6.5540302731096745,2,0.0675407032701436,0.4825063738040626,1.4829410326204533,0.2647013537585735
2396,0.4955557996407151,0.0485942665707497,8.579624072328832,11,0.0975158707704395,6.5540302731096745,2,0.0675407032701436,0.4825063738040626,1.4829410326204533,0.2647013537585735
2397,0.4955557996407151,0.0485942665707497,8.579624072328832,9,0.2145055173430591,6.5540302731096745,2,0.0675407032701436,0.4825063738040626,1.4829410326204533,0.2647013537585735
2398,0.4955557996407151,0.0485942665707497,8.579624072328832,9,0.0975158707704395,7.573997259140015,2,0.0675407032701436,0.4825063738040626,1.4829410326204533,0.2647013537585735
2399,0.4955557996407151,0.0485942665707497,8.579624072328832,9,0.0975158707704395,6.5540302731096745,2,0.0675407032701436,0.4825063738040626,1.4829410326204533,0.2647013537585735
2400,0.4955557996407151,0.0485942665707497,8.579624072328832,9,0.0975158707704395,6.5540302731096745,2,0.0443238411465033,0.4825063738040626,1.4829410326204533,0.2647013537585735
2401,0.4955557996407151,0.0485942665707497,8.579624072328832,9,0.0975158707704395,6.5540302731096745,2,0.0675407032701436,0.2433492773212492,1.4829410326204533,0.2647013537585735
2402,0.4955557996407151,0.0485942665707497,8.579624072328832,9,0.0975158707704395,6.5540302731096745,2,0.0675407032701436,0.4825063738040626,3.5846525784271583,0.2647013537585735
2403,0.4955557996407151,0.0485942665707497,8.579624072328832,9,0.0975158707704395,6.5540302731096745,2,0.0675407032701436,0.4825063738040626,1.4829410326204533,0.2672851743176579
2404,0.0388281974941492,0.0935459924514176,17.302984976615292,11,0.2145055173430591,7.573997259140015,2,0.0443238411465033,0.2433492773212492,3.5846525784271583,0.2672851743176579
2405,0.1713597625494003,0.1216481359692119,13.247369580758244,15,0.2269563695415854,3.89369492419064,2,0.1059351863107066,0.0556082957889884,4.6438508737159445,0.4136440135538578
2406,0.3867057820782065,0.1216481359692119,13.247369580758244,15,0.2269563695415854,3.89369492419064,2,0.1059351863107066,0.0556082957889884,4.6438508737159445,0.4136440135538578
2407,0.1713597625494003,0.1378225765049952,13.247369580758244,15,0.2269563695415854,3.89369492419064,2,0.1059351863107066,0.0556082957889884,4.6438508737159445,0.4136440135538578
2408,0.1713597625494003,0.1216481359692119,8.72696857121045,15,0.2269563695415854,3.89369492419064,2,0.1059351863107066,0.0556082957889884,4.6438508737159445,0.4136440135538578
2409,0.1713597625494003,0.1216481359692119,13.247369580758244,6,0.2269563695415854,3.89369492419064,2,0.1059351863107066,0.0556082957889884,4.6438508737159445,0.4136440135538578
2410,0.1713597625494003,0.1216481359692119,13.247369580758244,15,0.1182170372456312,3.89369492419064,2,0.1059351863107066,0.0556082957889884,4.6438508737159445,0.4136440135538578
2411,0.1713597625494003,0.1216481359692119,13.247369580758244,15,0.2269563695415854,3.9904088713228703,2,0.1059351863107066,0.0556082957889884,4.6438508737159445,0.4136440135538578
2412,0.1713597625494003,0.1216481359692119,13.247369580758244,15,0.2269563695415854,3.89369492419064,1,0.1059351863107066,0.0556082957889884,4.6438508737159445,0.4136440135538578
2413,0.1713597625494003,0.1216481359692119,13.247369580758244,15,0.2269563695415854,3.89369492419064,2,0.1514192773719918,0.0556082957889884,4.6438508737159445,0.4136440135538578
2414,0.1713597625494003,0.1216481359692119,13.247369580758244,15,0.2269563695415854,3.89369492419064,2,0.1059351863107066,0.4183311762288212,4.6438508737159445,0.4136440135538578
2415,0.1713597625494003,0.1216481359692119,13.247369580758244,15,0.2269563695415854,3.89369492419064,2,0.1059351863107066,0.0556082957889884,1.558763093984869,0.4136440135538578
2416,0.1713597625494003,0.1216481359692119,13.247369580758244,15,0.2269563695415854,3.89369492419064,2,0.1059351863107066,0.0556082957889884,4.6438508737159445,0.3817698268219829
2417,0.3867057820782065,0.1378225765049952,8.72696857121045,6,0.1182170372456312,3.9904088713228703,1,0.1514192773719918,0.4183311762288212,1.558763093984869,0.3817698268219829
2418,0.1399753332138061,0.0753919653428786,5.638125738736468,5,0.2623094105627387,2.9629862383008003,1,0.1877146884526598,0.1662019597366452,6.288952311784818,0.3477997460402549
2419,0.4615428714081644,0.0753919653428786,5.638125738736468,5,0.2623094105627387,2.9629862383008003,1,0.1877146884526598,0.1662019597366452,6.288952311784818,0.3477997460402549
2420,0.1399753332138061,0.0501670749729733,5.638125738736468,5,0.2623094105627387,2.9629862383008003,1,0.1877146884526598,0.1662019597366452,6.288952311784818,0.3477997460402549
2421,0.1399753332138061,0.0753919653428786,13.576562183290354,5,0.2623094105627387,2.9629862383008003,1,0.1877146884526598,0.1662019597366452,6.288952311784818,0.3477997460402549
2422,0.1399753332138061,0.0753919653428786,5.638125738736468,9,0.2623094105627387,2.9629862383008003,1,0.1877146884526598,0.1662019597366452,6.288952311784818,0.3477997460402549
2423,0.1399753332138061,0.0753919653428786,5.638125738736468,5,0.2637976344674825,2.9629862383008003,1,0.1877146884526598,0.1662019597366452,6.288952311784818,0.3477997460402549
2424,0.1399753332138061,0.0753919653428786,5.638125738736468,5,0.2623094105627387,2.6201722994446754,1,0.1877146884526598,0.1662019597366452,6.288952311784818,0.3477997460402549
2425,0.1399753332138061,0.0753919653428786,5.638125738736468,5,0.2623094105627387,2.9629862383008003,3,0.1877146884526598,0.1662019597366452,6.288952311784818,0.3477997460402549
2426,0.1399753332138061,0.0753919653428786,5.638125738736468,5,0.2623094105627387,2.9629862383008003,1,0.222435320256571,0.1662019597366452,6.288952311784818,0.3477997460402549
2427,0.1399753332138061,0.0753919653428786,5.638125738736468,5,0.2623094105627387,2.9629862383008003,1,0.1877146884526598,0.0938930433709174,6.288952311784818,0.3477997460402549
2428,0.1399753332138061,0.0753919653428786,5.638125738736468,5,0.2623094105627387,2.9629862383008003,1,0.1877146884526598,0.1662019597366452,5.56524167609715,0.3477997460402549
2429,0.1399753332138061,0.0753919653428786,5.638125738736468,5,0.2623094105627387,2.9629862383008003,1,0.1877146884526598,0.1662019597366452,6.288952311784818,0.3228853432461619
2430,0.4615428714081644,0.0501670749729733,13.576562183290354,9,0.2637976344674825,2.6201722994446754,3,0.222435320256571,0.0938930433709174,5.56524167609715,0.3228853432461619
2431,0.3792107189074158,0.1817509123389884,22.547435017893527,11,0.1408038569614291,6.396404465660453,3,0.0391642245368982,0.3719520159531385,2.480561069049904,0.1990130209363997
2432,0.2637020733207464,0.1817509123389884,22.547435017893527,11,0.1408038569614291,6.396404465660453,3,0.0391642245368982,0.3719520159531385,2.480561069049904,0.1990130209363997
2433,0.3792107189074158,0.2571702586062271,22.547435017893527,11,0.1408038569614291,6.396404465660453,3,0.0391642245368982,0.3719520159531385,2.480561069049904,0.1990130209363997
2434,0.3792107189074158,0.1817509123389884,4.495206955788742,11,0.1408038569614291,6.396404465660453,3,0.0391642245368982,0.3719520159531385,2.480561069049904,0.1990130209363997
2435,0.3792107189074158,0.1817509123389884,22.547435017893527,13,0.1408038569614291,6.396404465660453,3,0.0391642245368982,0.3719520159531385,2.480561069049904,0.1990130209363997
2436,0.3792107189074158,0.1817509123389884,22.547435017893527,11,0.1039676232729107,6.396404465660453,3,0.0391642245368982,0.3719520159531385,2.480561069049904,0.1990130209363997
2437,0.3792107189074158,0.1817509123389884,22.547435017893527,11,0.1408038569614291,5.827233280986548,3,0.0391642245368982,0.3719520159531385,2.480561069049904,0.1990130209363997
2438,0.3792107189074158,0.1817509123389884,22.547435017893527,11,0.1408038569614291,6.396404465660453,2,0.0391642245368982,0.3719520159531385,2.480561069049904,0.1990130209363997
2439,0.3792107189074158,0.1817509123389884,22.547435017893527,11,0.1408038569614291,6.396404465660453,3,0.0563766568538608,0.3719520159531385,2.480561069049904,0.1990130209363997
2440,0.3792107189074158,0.1817509123389884,22.547435017893527,11,0.1408038569614291,6.396404465660453,3,0.0391642245368982,0.3392492420505732,2.480561069049904,0.1990130209363997
2441,0.3792107189074158,0.1817509123389884,22.547435017893527,11,0.1408038569614291,6.396404465660453,3,0.0391642245368982,0.3719520159531385,2.669081837187883,0.1990130209363997
2442,0.3792107189074158,0.1817509123389884,22.547435017893527,11,0.1408038569614291,6.396404465660453,3,0.0391642245368982,0.3719520159531385,2.480561069049904,0.2089820506051182
2443,0.2637020733207464,0.2571702586062271,4.495206955788742,13,0.1039676232729107,5.827233280986548,2,0.0563766568538608,0.3392492420505732,2.669081837187883,0.2089820506051182
2444,0.3406796123832464,0.0645350334038396,11.183356099467058,12,0.1674426586367189,7.592478008940816,1,0.2559163368179196,0.2324839553795755,3.584346991122316,0.3367914419621229
2445,0.1988281404599547,0.0645350334038396,11.183356099467058,12,0.1674426586367189,7.592478008940816,1,0.2559163368179196,0.2324839553795755,3.584346991122316,0.3367914419621229
2446,0.3406796123832464,0.0350982068420598,11.183356099467058,12,0.1674426586367189,7.592478008940816,1,0.2559163368179196,0.2324839553795755,3.584346991122316,0.3367914419621229
2447,0.3406796123832464,0.0645350334038396,7.35495622740043,12,0.1674426586367189,7.592478008940816,1,0.2559163368179196,0.2324839553795755,3.584346991122316,0.3367914419621229
2448,0.3406796123832464,0.0645350334038396,11.183356099467058,16,0.1674426586367189,7.592478008940816,1,0.2559163368179196,0.2324839553795755,3.584346991122316,0.3367914419621229
2449,0.3406796123832464,0.0645350334038396,11.183356099467058,12,0.066780145233497,7.592478008940816,1,0.2559163368179196,0.2324839553795755,3.584346991122316,0.3367914419621229
2450,0.3406796123832464,0.0645350334038396,11.183356099467058,12,0.1674426586367189,5.5443944577127695,1,0.2559163368179196,0.2324839553795755,3.584346991122316,0.3367914419621229
2451,0.3406796123832464,0.0645350334038396,11.183356099467058,12,0.1674426586367189,7.592478008940816,2,0.2559163368179196,0.2324839553795755,3.584346991122316,0.3367914419621229
2452,0.3406796123832464,0.0645350334038396,11.183356099467058,12,0.1674426586367189,7.592478008940816,1,0.2355533457862423,0.2324839553795755,3.584346991122316,0.3367914419621229
2453,0.3406796123832464,0.0645350334038396,11.183356099467058,12,0.1674426586367189,7.592478008940816,1,0.2559163368179196,0.1962878276128322,3.584346991122316,0.3367914419621229
2454,0.3406796123832464,0.0645350334038396,11.183356099467058,12,0.1674426586367189,7.592478008940816,1,0.2559163368179196,0.2324839553795755,4.649032518214974,0.3367914419621229
2455,0.3406796123832464,0.0645350334038396,11.183356099467058,12,0.1674426586367189,7.592478008940816,1,0.2559163368179196,0.2324839553795755,3.584346991122316,0.2306647226214409
2456,0.1988281404599547,0.0350982068420598,7.35495622740043,16,0.066780145233497,5.5443944577127695,2,0.2355533457862423,0.1962878276128322,4.649032518214974,0.2306647226214409
2457,0.026162707619369,0.2869843987959737,7.250400711694769,6,0.2979207443539053,4.90907122567296,3,0.0497176050159115,0.3082657431717962,1.1446050821143208,0.1857249464839697
2458,0.5267104525119066,0.2869843987959737,7.250400711694769,6,0.2979207443539053,4.90907122567296,3,0.0497176050159115,0.3082657431717962,1.1446050821143208,0.1857249464839697
2459,0.026162707619369,0.1789015190254021,7.250400711694769,6,0.2979207443539053,4.90907122567296,3,0.0497176050159115,0.3082657431717962,1.1446050821143208,0.1857249464839697
2460,0.026162707619369,0.2869843987959737,20.459889002038864,6,0.2979207443539053,4.90907122567296,3,0.0497176050159115,0.3082657431717962,1.1446050821143208,0.1857249464839697
2461,0.026162707619369,0.2869843987959737,7.250400711694769,7,0.2979207443539053,4.90907122567296,3,0.0497176050159115,0.3082657431717962,1.1446050821143208,0.1857249464839697
2462,0.026162707619369,0.2869843987959737,7.250400711694769,6,0.2965834314934909,4.90907122567296,3,0.0497176050159115,0.3082657431717962,1.1446050821143208,0.1857249464839697
2463,0.026162707619369,0.2869843987959737,7.250400711694769,6,0.2979207443539053,3.0785161163657904,3,0.0497176050159115,0.3082657431717962,1.1446050821143208,0.1857249464839697
2464,0.026162707619369,0.2869843987959737,7.250400711694769,6,0.2979207443539053,4.90907122567296,3,0.0497176050159115,0.3082657431717962,1.1446050821143208,0.1857249464839697
2465,0.026162707619369,0.2869843987959737,7.250400711694769,6,0.2979207443539053,4.90907122567296,3,0.0927663821251612,0.3082657431717962,1.1446050821143208,0.1857249464839697
2466,0.026162707619369,0.2869843987959737,7.250400711694769,6,0.2979207443539053,4.90907122567296,3,0.0497176050159115,0.4706403150688857,1.1446050821143208,0.1857249464839697
2467,0.026162707619369,0.2869843987959737,7.250400711694769,6,0.2979207443539053,4.90907122567296,3,0.0497176050159115,0.3082657431717962,1.2018705338900442,0.1857249464839697
2468,0.026162707619369,0.2869843987959737,7.250400711694769,6,0.2979207443539053,4.90907122567296,3,0.0497176050159115,0.3082657431717962,1.1446050821143208,0.4183904204517603
2469,0.5267104525119066,0.1789015190254021,20.459889002038864,7,0.2965834314934909,3.0785161163657904,3,0.0927663821251612,0.4706403150688857,1.2018705338900442,0.4183904204517603
2470,0.2848908690735697,0.0318851521869555,17.021612184025756,14,0.1921403908170759,2.1351786013692617,2,0.0946117152588511,0.422266892157495,1.914554391842327,0.2511466336436569
2471,0.3015431206673383,0.0318851521869555,17.021612184025756,14,0.1921403908170759,2.1351786013692617,2,0.0946117152588511,0.422266892157495,1.914554391842327,0.2511466336436569
2472,0.2848908690735697,0.0651162715380408,17.021612184025756,14,0.1921403908170759,2.1351786013692617,2,0.0946117152588511,0.422266892157495,1.914554391842327,0.2511466336436569
2473,0.2848908690735697,0.0318851521869555,5.324674360655698,14,0.1921403908170759,2.1351786013692617,2,0.0946117152588511,0.422266892157495,1.914554391842327,0.2511466336436569
2474,0.2848908690735697,0.0318851521869555,17.021612184025756,5,0.1921403908170759,2.1351786013692617,2,0.0946117152588511,0.422266892157495,1.914554391842327,0.2511466336436569
2475,0.2848908690735697,0.0318851521869555,17.021612184025756,14,0.1473785887472331,2.1351786013692617,2,0.0946117152588511,0.422266892157495,1.914554391842327,0.2511466336436569
2476,0.2848908690735697,0.0318851521869555,17.021612184025756,14,0.1921403908170759,4.264393912628293,2,0.0946117152588511,0.422266892157495,1.914554391842327,0.2511466336436569
2477,0.2848908690735697,0.0318851521869555,17.021612184025756,14,0.1921403908170759,2.1351786013692617,1,0.0946117152588511,0.422266892157495,1.914554391842327,0.2511466336436569
2478,0.2848908690735697,0.0318851521869555,17.021612184025756,14,0.1921403908170759,2.1351786013692617,2,0.0348832292735297,0.422266892157495,1.914554391842327,0.2511466336436569
2479,0.2848908690735697,0.0318851521869555,17.021612184025756,14,0.1921403908170759,2.1351786013692617,2,0.0946117152588511,0.1172247753478586,1.914554391842327,0.2511466336436569
2480,0.2848908690735697,0.0318851521869555,17.021612184025756,14,0.1921403908170759,2.1351786013692617,2,0.0946117152588511,0.422266892157495,7.217540741256798,0.2511466336436569
2481,0.2848908690735697,0.0318851521869555,17.021612184025756,14,0.1921403908170759,2.1351786013692617,2,0.0946117152588511,0.422266892157495,1.914554391842327,0.3600920174270868
2482,0.3015431206673383,0.0651162715380408,5.324674360655698,5,0.1473785887472331,4.264393912628293,1,0.0348832292735297,0.1172247753478586,7.217540741256798,0.3600920174270868
2483,0.5343684252351523,0.1371625429339619,4.258920004014694,8,0.0695972437504679,5.545525394380093,2,0.1381784993259401,0.1185255457181483,4.853958890748446,0.4023507532663644
2484,0.1236972821876406,0.1371625429339619,4.258920004014694,8,0.0695972437504679,5.545525394380093,2,0.1381784993259401,0.1185255457181483,4.853958890748446,0.4023507532663644
2485,0.5343684252351523,0.0964709577612431,4.258920004014694,8,0.0695972437504679,5.545525394380093,2,0.1381784993259401,0.1185255457181483,4.853958890748446,0.4023507532663644
2486,0.5343684252351523,0.1371625429339619,11.502299100329973,8,0.0695972437504679,5.545525394380093,2,0.1381784993259401,0.1185255457181483,4.853958890748446,0.4023507532663644
2487,0.5343684252351523,0.1371625429339619,4.258920004014694,12,0.0695972437504679,5.545525394380093,2,0.1381784993259401,0.1185255457181483,4.853958890748446,0.4023507532663644
2488,0.5343684252351523,0.1371625429339619,4.258920004014694,8,0.1887700436171144,5.545525394380093,2,0.1381784993259401,0.1185255457181483,4.853958890748446,0.4023507532663644
2489,0.5343684252351523,0.1371625429339619,4.258920004014694,8,0.0695972437504679,7.1008837800472975,2,0.1381784993259401,0.1185255457181483,4.853958890748446,0.4023507532663644
2490,0.5343684252351523,0.1371625429339619,4.258920004014694,8,0.0695972437504679,5.545525394380093,2,0.1381784993259401,0.1185255457181483,4.853958890748446,0.4023507532663644
2491,0.5343684252351523,0.1371625429339619,4.258920004014694,8,0.0695972437504679,5.545525394380093,2,0.102271290267039,0.1185255457181483,4.853958890748446,0.4023507532663644
2492,0.5343684252351523,0.1371625429339619,4.258920004014694,8,0.0695972437504679,5.545525394380093,2,0.1381784993259401,0.3212166959419846,4.853958890748446,0.4023507532663644
2493,0.5343684252351523,0.1371625429339619,4.258920004014694,8,0.0695972437504679,5.545525394380093,2,0.1381784993259401,0.1185255457181483,2.058021029430608,0.4023507532663644
2494,0.5343684252351523,0.1371625429339619,4.258920004014694,8,0.0695972437504679,5.545525394380093,2,0.1381784993259401,0.1185255457181483,4.853958890748446,0.1717758044600486
2495,0.1236972821876406,0.0964709577612431,11.502299100329973,12,0.1887700436171144,7.1008837800472975,2,0.102271290267039,0.3212166959419846,2.058021029430608,0.1717758044600486
2496,0.5251946434378624,0.0506492784494629,15.836330883914451,15,0.1165896269492805,7.988931015133858,2,0.161119956666383,0.1796292627695948,1.7027400619231858,0.2369307842105627
2497,0.361553886719048,0.0506492784494629,15.836330883914451,15,0.1165896269492805,7.988931015133858,2,0.161119956666383,0.1796292627695948,1.7027400619231858,0.2369307842105627
2498,0.5251946434378624,0.0505679988400312,15.836330883914451,15,0.1165896269492805,7.988931015133858,2,0.161119956666383,0.1796292627695948,1.7027400619231858,0.2369307842105627
2499,0.5251946434378624,0.0506492784494629,20.848298372612284,15,0.1165896269492805,7.988931015133858,2,0.161119956666383,0.1796292627695948,1.7027400619231858,0.2369307842105627
2500,0.5251946434378624,0.0506492784494629,15.836330883914451,4,0.1165896269492805,7.988931015133858,2,0.161119956666383,0.1796292627695948,1.7027400619231858,0.2369307842105627
2501,0.5251946434378624,0.0506492784494629,15.836330883914451,15,0.294552431628108,7.988931015133858,2,0.161119956666383,0.1796292627695948,1.7027400619231858,0.2369307842105627
2502,0.5251946434378624,0.0506492784494629,15.836330883914451,15,0.1165896269492805,2.239383600652218,2,0.161119956666383,0.1796292627695948,1.7027400619231858,0.2369307842105627
2503,0.5251946434378624,0.0506492784494629,15.836330883914451,15,0.1165896269492805,7.988931015133858,2,0.161119956666383,0.1796292627695948,1.7027400619231858,0.2369307842105627
2504,0.5251946434378624,0.0506492784494629,15.836330883914451,15,0.1165896269492805,7.988931015133858,2,0.0403356550483884,0.1796292627695948,1.7027400619231858,0.2369307842105627
2505,0.5251946434378624,0.0506492784494629,15.836330883914451,15,0.1165896269492805,7.988931015133858,2,0.161119956666383,0.2173038367182016,1.7027400619231858,0.2369307842105627
2506,0.5251946434378624,0.0506492784494629,15.836330883914451,15,0.1165896269492805,7.988931015133858,2,0.161119956666383,0.1796292627695948,7.622382419461471,0.2369307842105627
2507,0.5251946434378624,0.0506492784494629,15.836330883914451,15,0.1165896269492805,7.988931015133858,2,0.161119956666383,0.1796292627695948,1.7027400619231858,0.2940348825417459
2508,0.361553886719048,0.0505679988400312,20.848298372612284,4,0.294552431628108,2.239383600652218,2,0.0403356550483884,0.2173038367182016,7.622382419461471,0.2940348825417459
2509,0.2868863800540566,0.1135733463499682,4.071283273415385,9,0.2391331498045474,4.555150164291263,2,0.0796927006622899,0.3813625425100326,5.246231601493133,0.3881440501660109
2510,0.1082229517400264,0.1135733463499682,4.071283273415385,9,0.2391331498045474,4.555150164291263,2,0.0796927006622899,0.3813625425100326,5.246231601493133,0.3881440501660109
2511,0.2868863800540566,0.255095278815705,4.071283273415385,9,0.2391331498045474,4.555150164291263,2,0.0796927006622899,0.3813625425100326,5.246231601493133,0.3881440501660109
2512,0.2868863800540566,0.1135733463499682,7.29400822284815,9,0.2391331498045474,4.555150164291263,2,0.0796927006622899,0.3813625425100326,5.246231601493133,0.3881440501660109
2513,0.2868863800540566,0.1135733463499682,4.071283273415385,13,0.2391331498045474,4.555150164291263,2,0.0796927006622899,0.3813625425100326,5.246231601493133,0.3881440501660109
2514,0.2868863800540566,0.1135733463499682,4.071283273415385,9,0.0732143162284046,4.555150164291263,2,0.0796927006622899,0.3813625425100326,5.246231601493133,0.3881440501660109
2515,0.2868863800540566,0.1135733463499682,4.071283273415385,9,0.2391331498045474,6.196118425577879,2,0.0796927006622899,0.3813625425100326,5.246231601493133,0.3881440501660109
2516,0.2868863800540566,0.1135733463499682,4.071283273415385,9,0.2391331498045474,4.555150164291263,1,0.0796927006622899,0.3813625425100326,5.246231601493133,0.3881440501660109
2517,0.2868863800540566,0.1135733463499682,4.071283273415385,9,0.2391331498045474,4.555150164291263,2,0.1576476186056367,0.3813625425100326,5.246231601493133,0.3881440501660109
2518,0.2868863800540566,0.1135733463499682,4.071283273415385,9,0.2391331498045474,4.555150164291263,2,0.0796927006622899,0.4496412365697324,5.246231601493133,0.3881440501660109
2519,0.2868863800540566,0.1135733463499682,4.071283273415385,9,0.2391331498045474,4.555150164291263,2,0.0796927006622899,0.3813625425100326,1.9388468956627067,0.3881440501660109
2520,0.2868863800540566,0.1135733463499682,4.071283273415385,9,0.2391331498045474,4.555150164291263,2,0.0796927006622899,0.3813625425100326,5.246231601493133,0.4069122078828514
2521,0.1082229517400264,0.255095278815705,7.29400822284815,13,0.0732143162284046,6.196118425577879,1,0.1576476186056367,0.4496412365697324,1.9388468956627067,0.4069122078828514
2522,0.0205410310998559,0.0777242139421453,11.637524868729184,11,0.2199207047931849,2.48920051380992,3,0.0441747847650209,0.4958924781065434,3.3100430200601965,0.3035372075624764
2523,0.1833850756287574,0.0777242139421453,11.637524868729184,11,0.2199207047931849,2.48920051380992,3,0.0441747847650209,0.4958924781065434,3.3100430200601965,0.3035372075624764
2524,0.0205410310998559,0.0926251716154843,11.637524868729184,11,0.2199207047931849,2.48920051380992,3,0.0441747847650209,0.4958924781065434,3.3100430200601965,0.3035372075624764
2525,0.0205410310998559,0.0777242139421453,11.287927423945169,11,0.2199207047931849,2.48920051380992,3,0.0441747847650209,0.4958924781065434,3.3100430200601965,0.3035372075624764
2526,0.0205410310998559,0.0777242139421453,11.637524868729184,15,0.2199207047931849,2.48920051380992,3,0.0441747847650209,0.4958924781065434,3.3100430200601965,0.3035372075624764
2527,0.0205410310998559,0.0777242139421453,11.637524868729184,11,0.183735982934013,2.48920051380992,3,0.0441747847650209,0.4958924781065434,3.3100430200601965,0.3035372075624764
2528,0.0205410310998559,0.0777242139421453,11.637524868729184,11,0.2199207047931849,7.943025723099709,3,0.0441747847650209,0.4958924781065434,3.3100430200601965,0.3035372075624764
2529,0.0205410310998559,0.0777242139421453,11.637524868729184,11,0.2199207047931849,2.48920051380992,3,0.0441747847650209,0.4958924781065434,3.3100430200601965,0.3035372075624764
2530,0.0205410310998559,0.0777242139421453,11.637524868729184,11,0.2199207047931849,2.48920051380992,3,0.204126983256707,0.4958924781065434,3.3100430200601965,0.3035372075624764
2531,0.0205410310998559,0.0777242139421453,11.637524868729184,11,0.2199207047931849,2.48920051380992,3,0.0441747847650209,0.1241270282771438,3.3100430200601965,0.3035372075624764
2532,0.0205410310998559,0.0777242139421453,11.637524868729184,11,0.2199207047931849,2.48920051380992,3,0.0441747847650209,0.4958924781065434,4.331183360349366,0.3035372075624764
2533,0.0205410310998559,0.0777242139421453,11.637524868729184,11,0.2199207047931849,2.48920051380992,3,0.0441747847650209,0.4958924781065434,3.3100430200601965,0.3157965841703117
2534,0.1833850756287574,0.0926251716154843,11.287927423945169,15,0.183735982934013,7.943025723099709,3,0.204126983256707,0.1241270282771438,4.331183360349366,0.3157965841703117
2535,0.3438105180859566,0.1811699485722322,7.752260311485539,5,0.0894429799634963,5.149166086688638,1,0.2932486464636753,0.0650874868966639,1.284546880412638,0.1524798584170639
2536,0.5866795102134347,0.1811699485722322,7.752260311485539,5,0.0894429799634963,5.149166086688638,1,0.2932486464636753,0.0650874868966639,1.284546880412638,0.1524798584170639
2537,0.3438105180859566,0.1392123419850156,7.752260311485539,5,0.0894429799634963,5.149166086688638,1,0.2932486464636753,0.0650874868966639,1.284546880412638,0.1524798584170639
2538,0.3438105180859566,0.1811699485722322,5.3690572874955045,5,0.0894429799634963,5.149166086688638,1,0.2932486464636753,0.0650874868966639,1.284546880412638,0.1524798584170639
2539,0.3438105180859566,0.1811699485722322,7.752260311485539,8,0.0894429799634963,5.149166086688638,1,0.2932486464636753,0.0650874868966639,1.284546880412638,0.1524798584170639
2540,0.3438105180859566,0.1811699485722322,7.752260311485539,5,0.1489860352128744,5.149166086688638,1,0.2932486464636753,0.0650874868966639,1.284546880412638,0.1524798584170639
2541,0.3438105180859566,0.1811699485722322,7.752260311485539,5,0.0894429799634963,3.609843600541353,1,0.2932486464636753,0.0650874868966639,1.284546880412638,0.1524798584170639
2542,0.3438105180859566,0.1811699485722322,7.752260311485539,5,0.0894429799634963,5.149166086688638,2,0.2932486464636753,0.0650874868966639,1.284546880412638,0.1524798584170639
2543,0.3438105180859566,0.1811699485722322,7.752260311485539,5,0.0894429799634963,5.149166086688638,1,0.0603372650682818,0.0650874868966639,1.284546880412638,0.1524798584170639
2544,0.3438105180859566,0.1811699485722322,7.752260311485539,5,0.0894429799634963,5.149166086688638,1,0.2932486464636753,0.3143249916378409,1.284546880412638,0.1524798584170639
2545,0.3438105180859566,0.1811699485722322,7.752260311485539,5,0.0894429799634963,5.149166086688638,1,0.2932486464636753,0.0650874868966639,1.2966373218786298,0.1524798584170639
2546,0.3438105180859566,0.1811699485722322,7.752260311485539,5,0.0894429799634963,5.149166086688638,1,0.2932486464636753,0.0650874868966639,1.284546880412638,0.2023378989659249
2547,0.5866795102134347,0.1392123419850156,5.3690572874955045,8,0.1489860352128744,3.609843600541353,2,0.0603372650682818,0.3143249916378409,1.2966373218786298,0.2023378989659249
2548,0.379997874610126,0.0677432469048261,6.065418757908177,6,0.0625539496075362,6.95318409614265,3,0.0341968154342883,0.4303658193442971,6.810116467101096,0.3617226339876652
2549,0.5203773625195026,0.0677432469048261,6.065418757908177,6,0.0625539496075362,6.95318409614265,3,0.0341968154342883,0.4303658193442971,6.810116467101096,0.3617226339876652
2550,0.379997874610126,0.0644752657376942,6.065418757908177,6,0.0625539496075362,6.95318409614265,3,0.0341968154342883,0.4303658193442971,6.810116467101096,0.3617226339876652
2551,0.379997874610126,0.0677432469048261,8.617050149258187,6,0.0625539496075362,6.95318409614265,3,0.0341968154342883,0.4303658193442971,6.810116467101096,0.3617226339876652
2552,0.379997874610126,0.0677432469048261,6.065418757908177,9,0.0625539496075362,6.95318409614265,3,0.0341968154342883,0.4303658193442971,6.810116467101096,0.3617226339876652
2553,0.379997874610126,0.0677432469048261,6.065418757908177,6,0.1156166370026767,6.95318409614265,3,0.0341968154342883,0.4303658193442971,6.810116467101096,0.3617226339876652
2554,0.379997874610126,0.0677432469048261,6.065418757908177,6,0.0625539496075362,4.645359816029668,3,0.0341968154342883,0.4303658193442971,6.810116467101096,0.3617226339876652
2555,0.379997874610126,0.0677432469048261,6.065418757908177,6,0.0625539496075362,6.95318409614265,2,0.0341968154342883,0.4303658193442971,6.810116467101096,0.3617226339876652
2556,0.379997874610126,0.0677432469048261,6.065418757908177,6,0.0625539496075362,6.95318409614265,3,0.2564532878838569,0.4303658193442971,6.810116467101096,0.3617226339876652
2557,0.379997874610126,0.0677432469048261,6.065418757908177,6,0.0625539496075362,6.95318409614265,3,0.0341968154342883,0.2221236066427082,6.810116467101096,0.3617226339876652
2558,0.379997874610126,0.0677432469048261,6.065418757908177,6,0.0625539496075362,6.95318409614265,3,0.0341968154342883,0.4303658193442971,5.877450297214446,0.3617226339876652
2559,0.379997874610126,0.0677432469048261,6.065418757908177,6,0.0625539496075362,6.95318409614265,3,0.0341968154342883,0.4303658193442971,6.810116467101096,0.2556554750539362
2560,0.5203773625195026,0.0644752657376942,8.617050149258187,9,0.1156166370026767,4.645359816029668,2,0.2564532878838569,0.2221236066427082,5.877450297214446,0.2556554750539362
2561,0.132009906694293,0.271021443497032,23.565974146660327,12,0.1840598706156015,3.5432070791721344,1,0.2111445369568386,0.12974882312119,2.210321395635745,0.2129267446696758
2562,0.2493949340656399,0.271021443497032,23.565974146660327,12,0.1840598706156015,3.5432070791721344,1,0.2111445369568386,0.12974882312119,2.210321395635745,0.2129267446696758
2563,0.132009906694293,0.0974436878956322,23.565974146660327,12,0.1840598706156015,3.5432070791721344,1,0.2111445369568386,0.12974882312119,2.210321395635745,0.2129267446696758
2564,0.132009906694293,0.271021443497032,17.585371169671816,12,0.1840598706156015,3.5432070791721344,1,0.2111445369568386,0.12974882312119,2.210321395635745,0.2129267446696758
2565,0.132009906694293,0.271021443497032,23.565974146660327,14,0.1840598706156015,3.5432070791721344,1,0.2111445369568386,0.12974882312119,2.210321395635745,0.2129267446696758
2566,0.132009906694293,0.271021443497032,23.565974146660327,12,0.2205305052455514,3.5432070791721344,1,0.2111445369568386,0.12974882312119,2.210321395635745,0.2129267446696758
2567,0.132009906694293,0.271021443497032,23.565974146660327,12,0.1840598706156015,6.73145486228168,1,0.2111445369568386,0.12974882312119,2.210321395635745,0.2129267446696758
2568,0.132009906694293,0.271021443497032,23.565974146660327,12,0.1840598706156015,3.5432070791721344,3,0.2111445369568386,0.12974882312119,2.210321395635745,0.2129267446696758
2569,0.132009906694293,0.271021443497032,23.565974146660327,12,0.1840598706156015,3.5432070791721344,1,0.0867534486617542,0.12974882312119,2.210321395635745,0.2129267446696758
2570,0.132009906694293,0.271021443497032,23.565974146660327,12,0.1840598706156015,3.5432070791721344,1,0.2111445369568386,0.4395737791899591,2.210321395635745,0.2129267446696758
2571,0.132009906694293,0.271021443497032,23.565974146660327,12,0.1840598706156015,3.5432070791721344,1,0.2111445369568386,0.12974882312119,2.514502957213796,0.2129267446696758
2572,0.132009906694293,0.271021443497032,23.565974146660327,12,0.1840598706156015,3.5432070791721344,1,0.2111445369568386,0.12974882312119,2.210321395635745,0.4452917595393956
2573,0.2493949340656399,0.0974436878956322,17.585371169671816,14,0.2205305052455514,6.73145486228168,3,0.0867534486617542,0.4395737791899591,2.514502957213796,0.4452917595393956
2574,0.1756990235298872,0.0326436377698612,8.252010891400646,8,0.2737141437362879,3.3137580398470163,2,0.1258361718540959,0.2406515471171588,1.6674141173354904,0.2970766925252974
2575,0.0245617652311921,0.0326436377698612,8.252010891400646,8,0.2737141437362879,3.3137580398470163,2,0.1258361718540959,0.2406515471171588,1.6674141173354904,0.2970766925252974
2576,0.1756990235298872,0.0353787219463986,8.252010891400646,8,0.2737141437362879,3.3137580398470163,2,0.1258361718540959,0.2406515471171588,1.6674141173354904,0.2970766925252974
2577,0.1756990235298872,0.0326436377698612,4.552639358919145,8,0.2737141437362879,3.3137580398470163,2,0.1258361718540959,0.2406515471171588,1.6674141173354904,0.2970766925252974
2578,0.1756990235298872,0.0326436377698612,8.252010891400646,11,0.2737141437362879,3.3137580398470163,2,0.1258361718540959,0.2406515471171588,1.6674141173354904,0.2970766925252974
2579,0.1756990235298872,0.0326436377698612,8.252010891400646,8,0.0984958884771913,3.3137580398470163,2,0.1258361718540959,0.2406515471171588,1.6674141173354904,0.2970766925252974
2580,0.1756990235298872,0.0326436377698612,8.252010891400646,8,0.2737141437362879,5.1751773450523615,2,0.1258361718540959,0.2406515471171588,1.6674141173354904,0.2970766925252974
2581,0.1756990235298872,0.0326436377698612,8.252010891400646,8,0.2737141437362879,3.3137580398470163,1,0.1258361718540959,0.2406515471171588,1.6674141173354904,0.2970766925252974
2582,0.1756990235298872,0.0326436377698612,8.252010891400646,8,0.2737141437362879,3.3137580398470163,2,0.0383445136090682,0.2406515471171588,1.6674141173354904,0.2970766925252974
2583,0.1756990235298872,0.0326436377698612,8.252010891400646,8,0.2737141437362879,3.3137580398470163,2,0.1258361718540959,0.0867884781211614,1.6674141173354904,0.2970766925252974
2584,0.1756990235298872,0.0326436377698612,8.252010891400646,8,0.2737141437362879,3.3137580398470163,2,0.1258361718540959,0.2406515471171588,3.3395474096455118,0.2970766925252974
2585,0.1756990235298872,0.0326436377698612,8.252010891400646,8,0.2737141437362879,3.3137580398470163,2,0.1258361718540959,0.2406515471171588,1.6674141173354904,0.3535903413780034
2586,0.0245617652311921,0.0353787219463986,4.552639358919145,11,0.0984958884771913,5.1751773450523615,1,0.0383445136090682,0.0867884781211614,3.3395474096455118,0.3535903413780034
2587,0.4887257678434252,0.1351480136125403,12.37893587613557,14,0.1442740272730588,5.997527446597815,2,0.0578905041449701,0.3194478218443691,4.296621991214372,0.4460101881064475
2588,0.4455074340105057,0.1351480136125403,12.37893587613557,14,0.1442740272730588,5.997527446597815,2,0.0578905041449701,0.3194478218443691,4.296621991214372,0.4460101881064475
2589,0.4887257678434252,0.1774581545442329,12.37893587613557,14,0.1442740272730588,5.997527446597815,2,0.0578905041449701,0.3194478218443691,4.296621991214372,0.4460101881064475
2590,0.4887257678434252,0.1351480136125403,13.358642246897205,14,0.1442740272730588,5.997527446597815,2,0.0578905041449701,0.3194478218443691,4.296621991214372,0.4460101881064475
2591,0.4887257678434252,0.1351480136125403,12.37893587613557,7,0.1442740272730588,5.997527446597815,2,0.0578905041449701,0.3194478218443691,4.296621991214372,0.4460101881064475
2592,0.4887257678434252,0.1351480136125403,12.37893587613557,14,0.2648682246915996,5.997527446597815,2,0.0578905041449701,0.3194478218443691,4.296621991214372,0.4460101881064475
2593,0.4887257678434252,0.1351480136125403,12.37893587613557,14,0.1442740272730588,3.45963660441339,2,0.0578905041449701,0.3194478218443691,4.296621991214372,0.4460101881064475
2594,0.4887257678434252,0.1351480136125403,12.37893587613557,14,0.1442740272730588,5.997527446597815,2,0.0578905041449701,0.3194478218443691,4.296621991214372,0.4460101881064475
2595,0.4887257678434252,0.1351480136125403,12.37893587613557,14,0.1442740272730588,5.997527446597815,2,0.0981990546475168,0.3194478218443691,4.296621991214372,0.4460101881064475
2596,0.4887257678434252,0.1351480136125403,12.37893587613557,14,0.1442740272730588,5.997527446597815,2,0.0578905041449701,0.3463643542490899,4.296621991214372,0.4460101881064475
2597,0.4887257678434252,0.1351480136125403,12.37893587613557,14,0.1442740272730588,5.997527446597815,2,0.0578905041449701,0.3194478218443691,1.681683984692825,0.4460101881064475
2598,0.4887257678434252,0.1351480136125403,12.37893587613557,14,0.1442740272730588,5.997527446597815,2,0.0578905041449701,0.3194478218443691,4.296621991214372,0.1645445720292628
2599,0.4455074340105057,0.1774581545442329,13.358642246897205,7,0.2648682246915996,3.45963660441339,2,0.0981990546475168,0.3463643542490899,1.681683984692825,0.1645445720292628
2600,0.4519634574651718,0.0898785349257415,9.554520379115788,12,0.2587274435907602,5.4655621107667685,3,0.0395856892172528,0.393081181589514,1.0233377770893424,0.4281717608682811
2601,0.3159413617104292,0.0898785349257415,9.554520379115788,12,0.2587274435907602,5.4655621107667685,3,0.0395856892172528,0.393081181589514,1.0233377770893424,0.4281717608682811
2602,0.4519634574651718,0.1160254727852751,9.554520379115788,12,0.2587274435907602,5.4655621107667685,3,0.0395856892172528,0.393081181589514,1.0233377770893424,0.4281717608682811
2603,0.4519634574651718,0.0898785349257415,4.168123967099901,12,0.2587274435907602,5.4655621107667685,3,0.0395856892172528,0.393081181589514,1.0233377770893424,0.4281717608682811
2604,0.4519634574651718,0.0898785349257415,9.554520379115788,15,0.2587274435907602,5.4655621107667685,3,0.0395856892172528,0.393081181589514,1.0233377770893424,0.4281717608682811
2605,0.4519634574651718,0.0898785349257415,9.554520379115788,12,0.1339173465501517,5.4655621107667685,3,0.0395856892172528,0.393081181589514,1.0233377770893424,0.4281717608682811
2606,0.4519634574651718,0.0898785349257415,9.554520379115788,12,0.2587274435907602,7.438580734655261,3,0.0395856892172528,0.393081181589514,1.0233377770893424,0.4281717608682811
2607,0.4519634574651718,0.0898785349257415,9.554520379115788,12,0.2587274435907602,5.4655621107667685,2,0.0395856892172528,0.393081181589514,1.0233377770893424,0.4281717608682811
2608,0.4519634574651718,0.0898785349257415,9.554520379115788,12,0.2587274435907602,5.4655621107667685,3,0.2898342275718454,0.393081181589514,1.0233377770893424,0.4281717608682811
2609,0.4519634574651718,0.0898785349257415,9.554520379115788,12,0.2587274435907602,5.4655621107667685,3,0.0395856892172528,0.1589962697587907,1.0233377770893424,0.4281717608682811
2610,0.4519634574651718,0.0898785349257415,9.554520379115788,12,0.2587274435907602,5.4655621107667685,3,0.0395856892172528,0.393081181589514,4.850220589718294,0.4281717608682811
2611,0.4519634574651718,0.0898785349257415,9.554520379115788,12,0.2587274435907602,5.4655621107667685,3,0.0395856892172528,0.393081181589514,1.0233377770893424,0.4306221376173198
2612,0.3159413617104292,0.1160254727852751,4.168123967099901,15,0.1339173465501517,7.438580734655261,2,0.2898342275718454,0.1589962697587907,4.850220589718294,0.4306221376173198
2613,0.2124441320076584,0.2089202217860671,14.752656617254871,6,0.1282495930325239,2.0321562215685844,1,0.1824007294727587,0.145034198788926,3.204604009995762,0.2768852437846363
2614,0.1186774743720889,0.2089202217860671,14.752656617254871,6,0.1282495930325239,2.0321562215685844,1,0.1824007294727587,0.145034198788926,3.204604009995762,0.2768852437846363
2615,0.2124441320076584,0.054111850637713,14.752656617254871,6,0.1282495930325239,2.0321562215685844,1,0.1824007294727587,0.145034198788926,3.204604009995762,0.2768852437846363
2616,0.2124441320076584,0.2089202217860671,14.894516030505295,6,0.1282495930325239,2.0321562215685844,1,0.1824007294727587,0.145034198788926,3.204604009995762,0.2768852437846363
2617,0.2124441320076584,0.2089202217860671,14.752656617254871,7,0.1282495930325239,2.0321562215685844,1,0.1824007294727587,0.145034198788926,3.204604009995762,0.2768852437846363
2618,0.2124441320076584,0.2089202217860671,14.752656617254871,6,0.229934982676059,2.0321562215685844,1,0.1824007294727587,0.145034198788926,3.204604009995762,0.2768852437846363
2619,0.2124441320076584,0.2089202217860671,14.752656617254871,6,0.1282495930325239,3.903354676440358,1,0.1824007294727587,0.145034198788926,3.204604009995762,0.2768852437846363
2620,0.2124441320076584,0.2089202217860671,14.752656617254871,6,0.1282495930325239,2.0321562215685844,3,0.1824007294727587,0.145034198788926,3.204604009995762,0.2768852437846363
2621,0.2124441320076584,0.2089202217860671,14.752656617254871,6,0.1282495930325239,2.0321562215685844,1,0.0742152602742837,0.145034198788926,3.204604009995762,0.2768852437846363
2622,0.2124441320076584,0.2089202217860671,14.752656617254871,6,0.1282495930325239,2.0321562215685844,1,0.1824007294727587,0.2793198954313993,3.204604009995762,0.2768852437846363
2623,0.2124441320076584,0.2089202217860671,14.752656617254871,6,0.1282495930325239,2.0321562215685844,1,0.1824007294727587,0.145034198788926,2.3639546345820444,0.2768852437846363
2624,0.2124441320076584,0.2089202217860671,14.752656617254871,6,0.1282495930325239,2.0321562215685844,1,0.1824007294727587,0.145034198788926,3.204604009995762,0.2421633674763143
2625,0.1186774743720889,0.054111850637713,14.894516030505295,7,0.229934982676059,3.903354676440358,3,0.0742152602742837,0.2793198954313993,2.3639546345820444,0.2421633674763143
2626,0.0937553012743592,0.0437992153277633,5.018875660006885,14,0.10903254263103,4.824714126065373,2,0.1087744192891088,0.259589871019125,5.4188396097121885,0.1927250018343329
2627,0.1938069021329283,0.0437992153277633,5.018875660006885,14,0.10903254263103,4.824714126065373,2,0.1087744192891088,0.259589871019125,5.4188396097121885,0.1927250018343329
2628,0.0937553012743592,0.1969862683285952,5.018875660006885,14,0.10903254263103,4.824714126065373,2,0.1087744192891088,0.259589871019125,5.4188396097121885,0.1927250018343329
2629,0.0937553012743592,0.0437992153277633,9.410169196517282,14,0.10903254263103,4.824714126065373,2,0.1087744192891088,0.259589871019125,5.4188396097121885,0.1927250018343329
2630,0.0937553012743592,0.0437992153277633,5.018875660006885,5,0.10903254263103,4.824714126065373,2,0.1087744192891088,0.259589871019125,5.4188396097121885,0.1927250018343329
2631,0.0937553012743592,0.0437992153277633,5.018875660006885,14,0.0885419693775475,4.824714126065373,2,0.1087744192891088,0.259589871019125,5.4188396097121885,0.1927250018343329
2632,0.0937553012743592,0.0437992153277633,5.018875660006885,14,0.10903254263103,2.7423812802881,2,0.1087744192891088,0.259589871019125,5.4188396097121885,0.1927250018343329
2633,0.0937553012743592,0.0437992153277633,5.018875660006885,14,0.10903254263103,4.824714126065373,1,0.1087744192891088,0.259589871019125,5.4188396097121885,0.1927250018343329
2634,0.0937553012743592,0.0437992153277633,5.018875660006885,14,0.10903254263103,4.824714126065373,2,0.0328072892563843,0.259589871019125,5.4188396097121885,0.1927250018343329
2635,0.0937553012743592,0.0437992153277633,5.018875660006885,14,0.10903254263103,4.824714126065373,2,0.1087744192891088,0.1818865696433931,5.4188396097121885,0.1927250018343329
2636,0.0937553012743592,0.0437992153277633,5.018875660006885,14,0.10903254263103,4.824714126065373,2,0.1087744192891088,0.259589871019125,3.1209240319797145,0.1927250018343329
2637,0.0937553012743592,0.0437992153277633,5.018875660006885,14,0.10903254263103,4.824714126065373,2,0.1087744192891088,0.259589871019125,5.4188396097121885,0.1791727080009877
2638,0.1938069021329283,0.1969862683285952,9.410169196517282,5,0.0885419693775475,2.7423812802881,1,0.0328072892563843,0.1818865696433931,3.1209240319797145,0.1791727080009877
2639,0.4182352781295776,0.0984861264795899,20.070993270310947,8,0.2315759248565882,7.485060382634401,2,0.0669707059697866,0.2785651641432196,2.1373658887775857,0.3438555842265487
2640,0.5411078352481127,0.0984861264795899,20.070993270310947,8,0.2315759248565882,7.485060382634401,2,0.0669707059697866,0.2785651641432196,2.1373658887775857,0.3438555842265487
2641,0.4182352781295776,0.0318935802444481,20.070993270310947,8,0.2315759248565882,7.485060382634401,2,0.0669707059697866,0.2785651641432196,2.1373658887775857,0.3438555842265487
2642,0.4182352781295776,0.0984861264795899,15.7759890612195,8,0.2315759248565882,7.485060382634401,2,0.0669707059697866,0.2785651641432196,2.1373658887775857,0.3438555842265487
2643,0.4182352781295776,0.0984861264795899,20.070993270310947,12,0.2315759248565882,7.485060382634401,2,0.0669707059697866,0.2785651641432196,2.1373658887775857,0.3438555842265487
2644,0.4182352781295776,0.0984861264795899,20.070993270310947,8,0.24809350813739,7.485060382634401,2,0.0669707059697866,0.2785651641432196,2.1373658887775857,0.3438555842265487
2645,0.4182352781295776,0.0984861264795899,20.070993270310947,8,0.2315759248565882,5.904054680839181,2,0.0669707059697866,0.2785651641432196,2.1373658887775857,0.3438555842265487
2646,0.4182352781295776,0.0984861264795899,20.070993270310947,8,0.2315759248565882,7.485060382634401,2,0.0669707059697866,0.2785651641432196,2.1373658887775857,0.3438555842265487
2647,0.4182352781295776,0.0984861264795899,20.070993270310947,8,0.2315759248565882,7.485060382634401,2,0.1109655826370178,0.2785651641432196,2.1373658887775857,0.3438555842265487
2648,0.4182352781295776,0.0984861264795899,20.070993270310947,8,0.2315759248565882,7.485060382634401,2,0.0669707059697866,0.4849746318068355,2.1373658887775857,0.3438555842265487
2649,0.4182352781295776,0.0984861264795899,20.070993270310947,8,0.2315759248565882,7.485060382634401,2,0.0669707059697866,0.2785651641432196,1.3791667583493548,0.3438555842265487
2650,0.4182352781295776,0.0984861264795899,20.070993270310947,8,0.2315759248565882,7.485060382634401,2,0.0669707059697866,0.2785651641432196,2.1373658887775857,0.367050118278712
2651,0.5411078352481127,0.0318935802444481,15.7759890612195,12,0.24809350813739,5.904054680839181,2,0.1109655826370178,0.4849746318068355,1.3791667583493548,0.367050118278712
2652,0.3067641137167811,0.0376641101593543,10.042537133222568,9,0.2036494318861514,6.478008903563023,2,0.1393426260563935,0.1957935404963791,4.159892341360663,0.1732652365230023
2653,0.4559462813660502,0.0376641101593543,10.042537133222568,9,0.2036494318861514,6.478008903563023,2,0.1393426260563935,0.1957935404963791,4.159892341360663,0.1732652365230023
2654,0.3067641137167811,0.2826718771992208,10.042537133222568,9,0.2036494318861514,6.478008903563023,2,0.1393426260563935,0.1957935404963791,4.159892341360663,0.1732652365230023
2655,0.3067641137167811,0.0376641101593543,10.051144834723203,9,0.2036494318861514,6.478008903563023,2,0.1393426260563935,0.1957935404963791,4.159892341360663,0.1732652365230023
2656,0.3067641137167811,0.0376641101593543,10.042537133222568,11,0.2036494318861514,6.478008903563023,2,0.1393426260563935,0.1957935404963791,4.159892341360663,0.1732652365230023
2657,0.3067641137167811,0.0376641101593543,10.042537133222568,9,0.2811577771324664,6.478008903563023,2,0.1393426260563935,0.1957935404963791,4.159892341360663,0.1732652365230023
2658,0.3067641137167811,0.0376641101593543,10.042537133222568,9,0.2036494318861514,5.442667048424482,2,0.1393426260563935,0.1957935404963791,4.159892341360663,0.1732652365230023
2659,0.3067641137167811,0.0376641101593543,10.042537133222568,9,0.2036494318861514,6.478008903563023,2,0.1393426260563935,0.1957935404963791,4.159892341360663,0.1732652365230023
2660,0.3067641137167811,0.0376641101593543,10.042537133222568,9,0.2036494318861514,6.478008903563023,2,0.0471739746559597,0.1957935404963791,4.159892341360663,0.1732652365230023
2661,0.3067641137167811,0.0376641101593543,10.042537133222568,9,0.2036494318861514,6.478008903563023,2,0.1393426260563935,0.0513701113406568,4.159892341360663,0.1732652365230023
2662,0.3067641137167811,0.0376641101593543,10.042537133222568,9,0.2036494318861514,6.478008903563023,2,0.1393426260563935,0.1957935404963791,6.289434365723385,0.1732652365230023
2663,0.3067641137167811,0.0376641101593543,10.042537133222568,9,0.2036494318861514,6.478008903563023,2,0.1393426260563935,0.1957935404963791,4.159892341360663,0.393415751773864
2664,0.4559462813660502,0.2826718771992208,10.051144834723203,11,0.2811577771324664,5.442667048424482,2,0.0471739746559597,0.0513701113406568,6.289434365723385,0.393415751773864
2665,0.0575702335685491,0.1562019291904961,6.510783455802845,16,0.0742091747932136,3.067674091085792,2,0.0921472200853808,0.3449568151962012,1.3283934720839792,0.321987874712795
2666,0.2786770965903997,0.1562019291904961,6.510783455802845,16,0.0742091747932136,3.067674091085792,2,0.0921472200853808,0.3449568151962012,1.3283934720839792,0.321987874712795
2667,0.0575702335685491,0.0456159303309337,6.510783455802845,16,0.0742091747932136,3.067674091085792,2,0.0921472200853808,0.3449568151962012,1.3283934720839792,0.321987874712795
2668,0.0575702335685491,0.1562019291904961,6.154791000665481,16,0.0742091747932136,3.067674091085792,2,0.0921472200853808,0.3449568151962012,1.3283934720839792,0.321987874712795
2669,0.0575702335685491,0.1562019291904961,6.510783455802845,6,0.0742091747932136,3.067674091085792,2,0.0921472200853808,0.3449568151962012,1.3283934720839792,0.321987874712795
2670,0.0575702335685491,0.1562019291904961,6.510783455802845,16,0.0510760175064206,3.067674091085792,2,0.0921472200853808,0.3449568151962012,1.3283934720839792,0.321987874712795
2671,0.0575702335685491,0.1562019291904961,6.510783455802845,16,0.0742091747932136,3.028080813586712,2,0.0921472200853808,0.3449568151962012,1.3283934720839792,0.321987874712795
2672,0.0575702335685491,0.1562019291904961,6.510783455802845,16,0.0742091747932136,3.067674091085792,1,0.0921472200853808,0.3449568151962012,1.3283934720839792,0.321987874712795
2673,0.0575702335685491,0.1562019291904961,6.510783455802845,16,0.0742091747932136,3.067674091085792,2,0.1394203576934811,0.3449568151962012,1.3283934720839792,0.321987874712795
2674,0.0575702335685491,0.1562019291904961,6.510783455802845,16,0.0742091747932136,3.067674091085792,2,0.0921472200853808,0.3816983663942664,1.3283934720839792,0.321987874712795
2675,0.0575702335685491,0.1562019291904961,6.510783455802845,16,0.0742091747932136,3.067674091085792,2,0.0921472200853808,0.3449568151962012,1.822981157593914,0.321987874712795
2676,0.0575702335685491,0.1562019291904961,6.510783455802845,16,0.0742091747932136,3.067674091085792,2,0.0921472200853808,0.3449568151962012,1.3283934720839792,0.2793698974885046
2677,0.2786770965903997,0.0456159303309337,6.154791000665481,6,0.0510760175064206,3.028080813586712,1,0.1394203576934811,0.3816983663942664,1.822981157593914,0.2793698974885046
2678,0.2489152964204549,0.0587143292522677,19.122331543028512,4,0.1638683196622878,3.976764921098948,3,0.0511612161178921,0.4558887224644422,2.774422500942852,0.4065706992521882
2679,0.0538023624569177,0.0587143292522677,19.122331543028512,4,0.1638683196622878,3.976764921098948,3,0.0511612161178921,0.4558887224644422,2.774422500942852,0.4065706992521882
2680,0.2489152964204549,0.1660260398780547,19.122331543028512,4,0.1638683196622878,3.976764921098948,3,0.0511612161178921,0.4558887224644422,2.774422500942852,0.4065706992521882
2681,0.2489152964204549,0.0587143292522677,23.41802284518178,4,0.1638683196622878,3.976764921098948,3,0.0511612161178921,0.4558887224644422,2.774422500942852,0.4065706992521882
2682,0.2489152964204549,0.0587143292522677,19.122331543028512,10,0.1638683196622878,3.976764921098948,3,0.0511612161178921,0.4558887224644422,2.774422500942852,0.4065706992521882
2683,0.2489152964204549,0.0587143292522677,19.122331543028512,4,0.204470351524651,3.976764921098948,3,0.0511612161178921,0.4558887224644422,2.774422500942852,0.4065706992521882
2684,0.2489152964204549,0.0587143292522677,19.122331543028512,4,0.1638683196622878,4.373424429446459,3,0.0511612161178921,0.4558887224644422,2.774422500942852,0.4065706992521882
2685,0.2489152964204549,0.0587143292522677,19.122331543028512,4,0.1638683196622878,3.976764921098948,3,0.0511612161178921,0.4558887224644422,2.774422500942852,0.4065706992521882
2686,0.2489152964204549,0.0587143292522677,19.122331543028512,4,0.1638683196622878,3.976764921098948,3,0.180551274369468,0.4558887224644422,2.774422500942852,0.4065706992521882
2687,0.2489152964204549,0.0587143292522677,19.122331543028512,4,0.1638683196622878,3.976764921098948,3,0.0511612161178921,0.2569922312162817,2.774422500942852,0.4065706992521882
2688,0.2489152964204549,0.0587143292522677,19.122331543028512,4,0.1638683196622878,3.976764921098948,3,0.0511612161178921,0.4558887224644422,4.0470967534746745,0.4065706992521882
2689,0.2489152964204549,0.0587143292522677,19.122331543028512,4,0.1638683196622878,3.976764921098948,3,0.0511612161178921,0.4558887224644422,2.774422500942852,0.2157934435643255
2690,0.0538023624569177,0.1660260398780547,23.41802284518178,10,0.204470351524651,4.373424429446459,3,0.180551274369468,0.2569922312162817,4.0470967534746745,0.2157934435643255
2691,0.5631485251709819,0.2344951938762624,4.784534351607886,11,0.2853741149418056,6.660182254388928,1,0.2532032919198222,0.0849047212395817,7.033962155964366,0.2577104369178414
2692,0.3811077615246176,0.2344951938762624,4.784534351607886,11,0.2853741149418056,6.660182254388928,1,0.2532032919198222,0.0849047212395817,7.033962155964366,0.2577104369178414
2693,0.5631485251709819,0.0776979592955077,4.784534351607886,11,0.2853741149418056,6.660182254388928,1,0.2532032919198222,0.0849047212395817,7.033962155964366,0.2577104369178414
2694,0.5631485251709819,0.2344951938762624,6.361285733650703,11,0.2853741149418056,6.660182254388928,1,0.2532032919198222,0.0849047212395817,7.033962155964366,0.2577104369178414
2695,0.5631485251709819,0.2344951938762624,4.784534351607886,13,0.2853741149418056,6.660182254388928,1,0.2532032919198222,0.0849047212395817,7.033962155964366,0.2577104369178414
2696,0.5631485251709819,0.2344951938762624,4.784534351607886,11,0.1628080536145716,6.660182254388928,1,0.2532032919198222,0.0849047212395817,7.033962155964366,0.2577104369178414
2697,0.5631485251709819,0.2344951938762624,4.784534351607886,11,0.2853741149418056,7.167456313967705,1,0.2532032919198222,0.0849047212395817,7.033962155964366,0.2577104369178414
2698,0.5631485251709819,0.2344951938762624,4.784534351607886,11,0.2853741149418056,6.660182254388928,2,0.2532032919198222,0.0849047212395817,7.033962155964366,0.2577104369178414
2699,0.5631485251709819,0.2344951938762624,4.784534351607886,11,0.2853741149418056,6.660182254388928,1,0.0705565561102662,0.0849047212395817,7.033962155964366,0.2577104369178414
2700,0.5631485251709819,0.2344951938762624,4.784534351607886,11,0.2853741149418056,6.660182254388928,1,0.2532032919198222,0.4045697826892137,7.033962155964366,0.2577104369178414
2701,0.5631485251709819,0.2344951938762624,4.784534351607886,11,0.2853741149418056,6.660182254388928,1,0.2532032919198222,0.0849047212395817,1.063529328821121,0.2577104369178414
2702,0.5631485251709819,0.2344951938762624,4.784534351607886,11,0.2853741149418056,6.660182254388928,1,0.2532032919198222,0.0849047212395817,7.033962155964366,0.3304298129864037
2703,0.3811077615246176,0.0776979592955077,6.361285733650703,13,0.1628080536145716,7.167456313967705,2,0.0705565561102662,0.4045697826892137,1.063529328821121,0.3304298129864037
2704,0.5928425878286362,0.0566233597581659,14.151347028988654,8,0.0881687427870929,2.9067752566188574,2,0.048385222319989,0.1613738464657217,2.413555638258716,0.2470717471092939
2705,0.5038488250225782,0.0566233597581659,14.151347028988654,8,0.0881687427870929,2.9067752566188574,2,0.048385222319989,0.1613738464657217,2.413555638258716,0.2470717471092939
2706,0.5928425878286362,0.1906137881317593,14.151347028988654,8,0.0881687427870929,2.9067752566188574,2,0.048385222319989,0.1613738464657217,2.413555638258716,0.2470717471092939
2707,0.5928425878286362,0.0566233597581659,8.18577950067834,8,0.0881687427870929,2.9067752566188574,2,0.048385222319989,0.1613738464657217,2.413555638258716,0.2470717471092939
2708,0.5928425878286362,0.0566233597581659,14.151347028988654,7,0.0881687427870929,2.9067752566188574,2,0.048385222319989,0.1613738464657217,2.413555638258716,0.2470717471092939
2709,0.5928425878286362,0.0566233597581659,14.151347028988654,8,0.2902882715687155,2.9067752566188574,2,0.048385222319989,0.1613738464657217,2.413555638258716,0.2470717471092939
2710,0.5928425878286362,0.0566233597581659,14.151347028988654,8,0.0881687427870929,7.691804377362132,2,0.048385222319989,0.1613738464657217,2.413555638258716,0.2470717471092939
2711,0.5928425878286362,0.0566233597581659,14.151347028988654,8,0.0881687427870929,2.9067752566188574,1,0.048385222319989,0.1613738464657217,2.413555638258716,0.2470717471092939
2712,0.5928425878286362,0.0566233597581659,14.151347028988654,8,0.0881687427870929,2.9067752566188574,2,0.2121918731393199,0.1613738464657217,2.413555638258716,0.2470717471092939
2713,0.5928425878286362,0.0566233597581659,14.151347028988654,8,0.0881687427870929,2.9067752566188574,2,0.048385222319989,0.2005111291538924,2.413555638258716,0.2470717471092939
2714,0.5928425878286362,0.0566233597581659,14.151347028988654,8,0.0881687427870929,2.9067752566188574,2,0.048385222319989,0.1613738464657217,2.2329295016018103,0.2470717471092939
2715,0.5928425878286362,0.0566233597581659,14.151347028988654,8,0.0881687427870929,2.9067752566188574,2,0.048385222319989,0.1613738464657217,2.413555638258716,0.3385502560995519
2716,0.5038488250225782,0.1906137881317593,8.18577950067834,7,0.2902882715687155,7.691804377362132,1,0.2121918731393199,0.2005111291538924,2.2329295016018103,0.3385502560995519
2717,0.2402423316612839,0.2431498527581937,8.920829254887932,14,0.2087284815032035,6.223368473351002,2,0.2318458829856542,0.4057885818183422,6.266823113098676,0.3982024814933539
2718,0.231062944047153,0.2431498527581937,8.920829254887932,14,0.2087284815032035,6.223368473351002,2,0.2318458829856542,0.4057885818183422,6.266823113098676,0.3982024814933539
2719,0.2402423316612839,0.0380400438553466,8.920829254887932,14,0.2087284815032035,6.223368473351002,2,0.2318458829856542,0.4057885818183422,6.266823113098676,0.3982024814933539
2720,0.2402423316612839,0.2431498527581937,18.190773654578347,14,0.2087284815032035,6.223368473351002,2,0.2318458829856542,0.4057885818183422,6.266823113098676,0.3982024814933539
2721,0.2402423316612839,0.2431498527581937,8.920829254887932,16,0.2087284815032035,6.223368473351002,2,0.2318458829856542,0.4057885818183422,6.266823113098676,0.3982024814933539
2722,0.2402423316612839,0.2431498527581937,8.920829254887932,14,0.0769801237154752,6.223368473351002,2,0.2318458829856542,0.4057885818183422,6.266823113098676,0.3982024814933539
2723,0.2402423316612839,0.2431498527581937,8.920829254887932,14,0.2087284815032035,3.779037730768323,2,0.2318458829856542,0.4057885818183422,6.266823113098676,0.3982024814933539
2724,0.2402423316612839,0.2431498527581937,8.920829254887932,14,0.2087284815032035,6.223368473351002,2,0.2318458829856542,0.4057885818183422,6.266823113098676,0.3982024814933539
2725,0.2402423316612839,0.2431498527581937,8.920829254887932,14,0.2087284815032035,6.223368473351002,2,0.0542580115419889,0.4057885818183422,6.266823113098676,0.3982024814933539
2726,0.2402423316612839,0.2431498527581937,8.920829254887932,14,0.2087284815032035,6.223368473351002,2,0.2318458829856542,0.4611864913720637,6.266823113098676,0.3982024814933539
2727,0.2402423316612839,0.2431498527581937,8.920829254887932,14,0.2087284815032035,6.223368473351002,2,0.2318458829856542,0.4057885818183422,5.135150829964797,0.3982024814933539
2728,0.2402423316612839,0.2431498527581937,8.920829254887932,14,0.2087284815032035,6.223368473351002,2,0.2318458829856542,0.4057885818183422,6.266823113098676,0.1514230172149837
2729,0.231062944047153,0.0380400438553466,18.190773654578347,16,0.0769801237154752,3.779037730768323,2,0.0542580115419889,0.4611864913720637,5.135150829964797,0.1514230172149837
2730,0.0472123945131897,0.0363838878908137,20.366137648626893,6,0.2520038324408233,6.82593928463757,1,0.1320408898858532,0.2948616701643914,4.704803097095099,0.3328091156668961
2731,0.0058995461091399,0.0363838878908137,20.366137648626893,6,0.2520038324408233,6.82593928463757,1,0.1320408898858532,0.2948616701643914,4.704803097095099,0.3328091156668961
2732,0.0472123945131897,0.1045357095243995,20.366137648626893,6,0.2520038324408233,6.82593928463757,1,0.1320408898858532,0.2948616701643914,4.704803097095099,0.3328091156668961
2733,0.0472123945131897,0.0363838878908137,4.783073107000972,6,0.2520038324408233,6.82593928463757,1,0.1320408898858532,0.2948616701643914,4.704803097095099,0.3328091156668961
2734,0.0472123945131897,0.0363838878908137,20.366137648626893,12,0.2520038324408233,6.82593928463757,1,0.1320408898858532,0.2948616701643914,4.704803097095099,0.3328091156668961
2735,0.0472123945131897,0.0363838878908137,20.366137648626893,6,0.179485233919695,6.82593928463757,1,0.1320408898858532,0.2948616701643914,4.704803097095099,0.3328091156668961
2736,0.0472123945131897,0.0363838878908137,20.366137648626893,6,0.2520038324408233,2.12878461740911,1,0.1320408898858532,0.2948616701643914,4.704803097095099,0.3328091156668961
2737,0.0472123945131897,0.0363838878908137,20.366137648626893,6,0.2520038324408233,6.82593928463757,2,0.1320408898858532,0.2948616701643914,4.704803097095099,0.3328091156668961
2738,0.0472123945131897,0.0363838878908137,20.366137648626893,6,0.2520038324408233,6.82593928463757,1,0.0448277984684526,0.2948616701643914,4.704803097095099,0.3328091156668961
2739,0.0472123945131897,0.0363838878908137,20.366137648626893,6,0.2520038324408233,6.82593928463757,1,0.1320408898858532,0.1073014611378312,4.704803097095099,0.3328091156668961
2740,0.0472123945131897,0.0363838878908137,20.366137648626893,6,0.2520038324408233,6.82593928463757,1,0.1320408898858532,0.2948616701643914,1.436745625002405,0.3328091156668961
2741,0.0472123945131897,0.0363838878908137,20.366137648626893,6,0.2520038324408233,6.82593928463757,1,0.1320408898858532,0.2948616701643914,4.704803097095099,0.2524994711391627
2742,0.0058995461091399,0.1045357095243995,4.783073107000972,12,0.179485233919695,2.12878461740911,2,0.0448277984684526,0.1073014611378312,1.436745625002405,0.2524994711391627
2743,0.3336019992828369,0.1616959339210616,5.541911702761861,12,0.1235096235293895,4.236286077648401,3,0.0842084869471257,0.2722541295923292,1.5154247799103966,0.1815230366773903
2744,0.4287221867591143,0.1616959339210616,5.541911702761861,12,0.1235096235293895,4.236286077648401,3,0.0842084869471257,0.2722541295923292,1.5154247799103966,0.1815230366773903
2745,0.3336019992828369,0.0693944856452399,5.541911702761861,12,0.1235096235293895,4.236286077648401,3,0.0842084869471257,0.2722541295923292,1.5154247799103966,0.1815230366773903
2746,0.3336019992828369,0.1616959339210616,12.93950005785523,12,0.1235096235293895,4.236286077648401,3,0.0842084869471257,0.2722541295923292,1.5154247799103966,0.1815230366773903
2747,0.3336019992828369,0.1616959339210616,5.541911702761861,5,0.1235096235293895,4.236286077648401,3,0.0842084869471257,0.2722541295923292,1.5154247799103966,0.1815230366773903
2748,0.3336019992828369,0.1616959339210616,5.541911702761861,12,0.1527576243504881,4.236286077648401,3,0.0842084869471257,0.2722541295923292,1.5154247799103966,0.1815230366773903
2749,0.3336019992828369,0.1616959339210616,5.541911702761861,12,0.1235096235293895,6.4121850077062845,3,0.0842084869471257,0.2722541295923292,1.5154247799103966,0.1815230366773903
2750,0.3336019992828369,0.1616959339210616,5.541911702761861,12,0.1235096235293895,4.236286077648401,3,0.0842084869471257,0.2722541295923292,1.5154247799103966,0.1815230366773903
2751,0.3336019992828369,0.1616959339210616,5.541911702761861,12,0.1235096235293895,4.236286077648401,3,0.1517503455531945,0.2722541295923292,1.5154247799103966,0.1815230366773903
2752,0.3336019992828369,0.1616959339210616,5.541911702761861,12,0.1235096235293895,4.236286077648401,3,0.0842084869471257,0.3258511231280863,1.5154247799103966,0.1815230366773903
2753,0.3336019992828369,0.1616959339210616,5.541911702761861,12,0.1235096235293895,4.236286077648401,3,0.0842084869471257,0.2722541295923292,2.995659913679781,0.1815230366773903
2754,0.3336019992828369,0.1616959339210616,5.541911702761861,12,0.1235096235293895,4.236286077648401,3,0.0842084869471257,0.2722541295923292,1.5154247799103966,0.4390361948870123
2755,0.4287221867591143,0.0693944856452399,12.93950005785523,5,0.1527576243504881,6.4121850077062845,3,0.1517503455531945,0.3258511231280863,2.995659913679781,0.4390361948870123
2756,0.4471308348700404,0.042287752339033,6.779994259002971,11,0.1593724898528307,2.2433947548270226,1,0.0959713514561283,0.3567903517279774,4.827698590079196,0.3519308499991894
2757,0.3439268795773387,0.042287752339033,6.779994259002971,11,0.1593724898528307,2.2433947548270226,1,0.0959713514561283,0.3567903517279774,4.827698590079196,0.3519308499991894
2758,0.4471308348700404,0.1294621045889655,6.779994259002971,11,0.1593724898528307,2.2433947548270226,1,0.0959713514561283,0.3567903517279774,4.827698590079196,0.3519308499991894
2759,0.4471308348700404,0.042287752339033,19.19501242572451,11,0.1593724898528307,2.2433947548270226,1,0.0959713514561283,0.3567903517279774,4.827698590079196,0.3519308499991894
2760,0.4471308348700404,0.042287752339033,6.779994259002971,6,0.1593724898528307,2.2433947548270226,1,0.0959713514561283,0.3567903517279774,4.827698590079196,0.3519308499991894
2761,0.4471308348700404,0.042287752339033,6.779994259002971,11,0.1274720148183405,2.2433947548270226,1,0.0959713514561283,0.3567903517279774,4.827698590079196,0.3519308499991894
2762,0.4471308348700404,0.042287752339033,6.779994259002971,11,0.1593724898528307,5.192029591649771,1,0.0959713514561283,0.3567903517279774,4.827698590079196,0.3519308499991894
2763,0.4471308348700404,0.042287752339033,6.779994259002971,11,0.1593724898528307,2.2433947548270226,3,0.0959713514561283,0.3567903517279774,4.827698590079196,0.3519308499991894
2764,0.4471308348700404,0.042287752339033,6.779994259002971,11,0.1593724898528307,2.2433947548270226,1,0.0369026839289019,0.3567903517279774,4.827698590079196,0.3519308499991894
2765,0.4471308348700404,0.042287752339033,6.779994259002971,11,0.1593724898528307,2.2433947548270226,1,0.0959713514561283,0.2387036921456456,4.827698590079196,0.3519308499991894
2766,0.4471308348700404,0.042287752339033,6.779994259002971,11,0.1593724898528307,2.2433947548270226,1,0.0959713514561283,0.3567903517279774,1.7217215142360511,0.3519308499991894
2767,0.4471308348700404,0.042287752339033,6.779994259002971,11,0.1593724898528307,2.2433947548270226,1,0.0959713514561283,0.3567903517279774,4.827698590079196,0.3001705625094473
2768,0.3439268795773387,0.1294621045889655,19.19501242572451,6,0.1274720148183405,5.192029591649771,3,0.0369026839289019,0.2387036921456456,1.7217215142360511,0.3001705625094473
2769,0.0860273268073797,0.1020081965484819,10.76763981695916,5,0.2788946416229009,5.5830594059079885,3,0.0657306788674239,0.2112458061426878,1.859302354812149,0.2030707396566868
2770,0.0909895028918981,0.1020081965484819,10.76763981695916,5,0.2788946416229009,5.5830594059079885,3,0.0657306788674239,0.2112458061426878,1.859302354812149,0.2030707396566868
2771,0.0860273268073797,0.0862381145236716,10.76763981695916,5,0.2788946416229009,5.5830594059079885,3,0.0657306788674239,0.2112458061426878,1.859302354812149,0.2030707396566868
2772,0.0860273268073797,0.1020081965484819,7.7305339662144945,5,0.2788946416229009,5.5830594059079885,3,0.0657306788674239,0.2112458061426878,1.859302354812149,0.2030707396566868
2773,0.0860273268073797,0.1020081965484819,10.76763981695916,11,0.2788946416229009,5.5830594059079885,3,0.0657306788674239,0.2112458061426878,1.859302354812149,0.2030707396566868
2774,0.0860273268073797,0.1020081965484819,10.76763981695916,5,0.209158221213147,5.5830594059079885,3,0.0657306788674239,0.2112458061426878,1.859302354812149,0.2030707396566868
2775,0.0860273268073797,0.1020081965484819,10.76763981695916,5,0.2788946416229009,3.149811215698719,3,0.0657306788674239,0.2112458061426878,1.859302354812149,0.2030707396566868
2776,0.0860273268073797,0.1020081965484819,10.76763981695916,5,0.2788946416229009,5.5830594059079885,2,0.0657306788674239,0.2112458061426878,1.859302354812149,0.2030707396566868
2777,0.0860273268073797,0.1020081965484819,10.76763981695916,5,0.2788946416229009,5.5830594059079885,3,0.1091555958160312,0.2112458061426878,1.859302354812149,0.2030707396566868
2778,0.0860273268073797,0.1020081965484819,10.76763981695916,5,0.2788946416229009,5.5830594059079885,3,0.0657306788674239,0.4282416158355772,1.859302354812149,0.2030707396566868
2779,0.0860273268073797,0.1020081965484819,10.76763981695916,5,0.2788946416229009,5.5830594059079885,3,0.0657306788674239,0.2112458061426878,6.659757199257372,0.2030707396566868
2780,0.0860273268073797,0.1020081965484819,10.76763981695916,5,0.2788946416229009,5.5830594059079885,3,0.0657306788674239,0.2112458061426878,1.859302354812149,0.189802282769233
2781,0.0909895028918981,0.0862381145236716,7.7305339662144945,11,0.209158221213147,3.149811215698719,2,0.1091555958160312,0.4282416158355772,6.659757199257372,0.189802282769233
2782,0.2017134960740804,0.0865323708247215,4.712087814448836,15,0.1810461282264441,7.278817016631365,2,0.034857840464493,0.096698549343273,1.1674575311270474,0.2689204313792288
2783,0.1658216569572687,0.0865323708247215,4.712087814448836,15,0.1810461282264441,7.278817016631365,2,0.034857840464493,0.096698549343273,1.1674575311270474,0.2689204313792288
2784,0.2017134960740804,0.2369986286479532,4.712087814448836,15,0.1810461282264441,7.278817016631365,2,0.034857840464493,0.096698549343273,1.1674575311270474,0.2689204313792288
2785,0.2017134960740804,0.0865323708247215,12.241414169407744,15,0.1810461282264441,7.278817016631365,2,0.034857840464493,0.096698549343273,1.1674575311270474,0.2689204313792288
2786,0.2017134960740804,0.0865323708247215,4.712087814448836,13,0.1810461282264441,7.278817016631365,2,0.034857840464493,0.096698549343273,1.1674575311270474,0.2689204313792288
2787,0.2017134960740804,0.0865323708247215,4.712087814448836,15,0.1103531140368431,7.278817016631365,2,0.034857840464493,0.096698549343273,1.1674575311270474,0.2689204313792288
2788,0.2017134960740804,0.0865323708247215,4.712087814448836,15,0.1810461282264441,4.990340057760477,2,0.034857840464493,0.096698549343273,1.1674575311270474,0.2689204313792288
2789,0.2017134960740804,0.0865323708247215,4.712087814448836,15,0.1810461282264441,7.278817016631365,2,0.034857840464493,0.096698549343273,1.1674575311270474,0.2689204313792288
2790,0.2017134960740804,0.0865323708247215,4.712087814448836,15,0.1810461282264441,7.278817016631365,2,0.2308516719956846,0.096698549343273,1.1674575311270474,0.2689204313792288
2791,0.2017134960740804,0.0865323708247215,4.712087814448836,15,0.1810461282264441,7.278817016631365,2,0.034857840464493,0.1033872074913233,1.1674575311270474,0.2689204313792288
2792,0.2017134960740804,0.0865323708247215,4.712087814448836,15,0.1810461282264441,7.278817016631365,2,0.034857840464493,0.096698549343273,1.1077901008082909,0.2689204313792288
2793,0.2017134960740804,0.0865323708247215,4.712087814448836,15,0.1810461282264441,7.278817016631365,2,0.034857840464493,0.096698549343273,1.1674575311270474,0.2902929422445595
2794,0.1658216569572687,0.2369986286479532,12.241414169407744,13,0.1103531140368431,4.990340057760477,2,0.2308516719956846,0.1033872074913233,1.1077901008082909,0.2902929422445595
2795,0.4790276555344462,0.2170020717220681,17.328908235949427,9,0.0535895127803087,4.712235243991017,2,0.1793767809213509,0.471301279682666,3.6245004013992,0.4176435076631606
2796,0.5687955340370535,0.2170020717220681,17.328908235949427,9,0.0535895127803087,4.712235243991017,2,0.1793767809213509,0.471301279682666,3.6245004013992,0.4176435076631606
2797,0.4790276555344462,0.0471408278648767,17.328908235949427,9,0.0535895127803087,4.712235243991017,2,0.1793767809213509,0.471301279682666,3.6245004013992,0.4176435076631606
2798,0.4790276555344462,0.2170020717220681,5.073639742825376,9,0.0535895127803087,4.712235243991017,2,0.1793767809213509,0.471301279682666,3.6245004013992,0.4176435076631606
2799,0.4790276555344462,0.2170020717220681,17.328908235949427,9,0.0535895127803087,4.712235243991017,2,0.1793767809213509,0.471301279682666,3.6245004013992,0.4176435076631606
2800,0.4790276555344462,0.2170020717220681,17.328908235949427,9,0.2535054177977144,4.712235243991017,2,0.1793767809213509,0.471301279682666,3.6245004013992,0.4176435076631606
2801,0.4790276555344462,0.2170020717220681,17.328908235949427,9,0.0535895127803087,6.656007379293442,2,0.1793767809213509,0.471301279682666,3.6245004013992,0.4176435076631606
2802,0.4790276555344462,0.2170020717220681,17.328908235949427,9,0.0535895127803087,4.712235243991017,1,0.1793767809213509,0.471301279682666,3.6245004013992,0.4176435076631606
2803,0.4790276555344462,0.2170020717220681,17.328908235949427,9,0.0535895127803087,4.712235243991017,2,0.0900868547773366,0.471301279682666,3.6245004013992,0.4176435076631606
2804,0.4790276555344462,0.2170020717220681,17.328908235949427,9,0.0535895127803087,4.712235243991017,2,0.1793767809213509,0.3350645643193274,3.6245004013992,0.4176435076631606
2805,0.4790276555344462,0.2170020717220681,17.328908235949427,9,0.0535895127803087,4.712235243991017,2,0.1793767809213509,0.471301279682666,3.885152271442052,0.4176435076631606
2806,0.4790276555344462,0.2170020717220681,17.328908235949427,9,0.0535895127803087,4.712235243991017,2,0.1793767809213509,0.471301279682666,3.6245004013992,0.4012425818480551
2807,0.5687955340370535,0.0471408278648767,5.073639742825376,9,0.2535054177977144,6.656007379293442,1,0.0900868547773366,0.3350645643193274,3.885152271442052,0.4012425818480551
2808,0.5160740599036217,0.0314813637901224,4.364765367981232,4,0.2283180739730596,3.755827486515045,1,0.1106199443888462,0.3695480094291269,1.4668272874085355,0.4378622557036579
2809,0.4745344849303364,0.0314813637901224,4.364765367981232,4,0.2283180739730596,3.755827486515045,1,0.1106199443888462,0.3695480094291269,1.4668272874085355,0.4378622557036579
2810,0.5160740599036217,0.0724298971022142,4.364765367981232,4,0.2283180739730596,3.755827486515045,1,0.1106199443888462,0.3695480094291269,1.4668272874085355,0.4378622557036579
2811,0.5160740599036217,0.0314813637901224,10.385803501446828,4,0.2283180739730596,3.755827486515045,1,0.1106199443888462,0.3695480094291269,1.4668272874085355,0.4378622557036579
2812,0.5160740599036217,0.0314813637901224,4.364765367981232,13,0.2283180739730596,3.755827486515045,1,0.1106199443888462,0.3695480094291269,1.4668272874085355,0.4378622557036579
2813,0.5160740599036217,0.0314813637901224,4.364765367981232,4,0.1374471494462341,3.755827486515045,1,0.1106199443888462,0.3695480094291269,1.4668272874085355,0.4378622557036579
2814,0.5160740599036217,0.0314813637901224,4.364765367981232,4,0.2283180739730596,2.395950712263584,1,0.1106199443888462,0.3695480094291269,1.4668272874085355,0.4378622557036579
2815,0.5160740599036217,0.0314813637901224,4.364765367981232,4,0.2283180739730596,3.755827486515045,3,0.1106199443888462,0.3695480094291269,1.4668272874085355,0.4378622557036579
2816,0.5160740599036217,0.0314813637901224,4.364765367981232,4,0.2283180739730596,3.755827486515045,1,0.0315889011447265,0.3695480094291269,1.4668272874085355,0.4378622557036579
2817,0.5160740599036217,0.0314813637901224,4.364765367981232,4,0.2283180739730596,3.755827486515045,1,0.1106199443888462,0.1426361438352614,1.4668272874085355,0.4378622557036579
2818,0.5160740599036217,0.0314813637901224,4.364765367981232,4,0.2283180739730596,3.755827486515045,1,0.1106199443888462,0.3695480094291269,2.0866302423656355,0.4378622557036579
2819,0.5160740599036217,0.0314813637901224,4.364765367981232,4,0.2283180739730596,3.755827486515045,1,0.1106199443888462,0.3695480094291269,1.4668272874085355,0.2126741322688758
2820,0.4745344849303364,0.0724298971022142,10.385803501446828,13,0.1374471494462341,2.395950712263584,3,0.0315889011447265,0.1426361438352614,2.0866302423656355,0.2126741322688758
2821,0.1646842936053872,0.140139505219791,16.49294208197364,10,0.0998239926528185,7.072046099230647,3,0.057026602905385,0.1641824822407215,3.747266478131556,0.2868047724477947
2822,0.2955353580415248,0.140139505219791,16.49294208197364,10,0.0998239926528185,7.072046099230647,3,0.057026602905385,0.1641824822407215,3.747266478131556,0.2868047724477947
2823,0.1646842936053872,0.154252710131328,16.49294208197364,10,0.0998239926528185,7.072046099230647,3,0.057026602905385,0.1641824822407215,3.747266478131556,0.2868047724477947
2824,0.1646842936053872,0.140139505219791,5.853146857754062,10,0.0998239926528185,7.072046099230647,3,0.057026602905385,0.1641824822407215,3.747266478131556,0.2868047724477947
2825,0.1646842936053872,0.140139505219791,16.49294208197364,5,0.0998239926528185,7.072046099230647,3,0.057026602905385,0.1641824822407215,3.747266478131556,0.2868047724477947
2826,0.1646842936053872,0.140139505219791,16.49294208197364,10,0.2259231588803231,7.072046099230647,3,0.057026602905385,0.1641824822407215,3.747266478131556,0.2868047724477947
2827,0.1646842936053872,0.140139505219791,16.49294208197364,10,0.0998239926528185,5.980958547443152,3,0.057026602905385,0.1641824822407215,3.747266478131556,0.2868047724477947
2828,0.1646842936053872,0.140139505219791,16.49294208197364,10,0.0998239926528185,7.072046099230647,2,0.057026602905385,0.1641824822407215,3.747266478131556,0.2868047724477947
2829,0.1646842936053872,0.140139505219791,16.49294208197364,10,0.0998239926528185,7.072046099230647,3,0.1232890365771366,0.1641824822407215,3.747266478131556,0.2868047724477947
2830,0.1646842936053872,0.140139505219791,16.49294208197364,10,0.0998239926528185,7.072046099230647,3,0.057026602905385,0.2904325685929507,3.747266478131556,0.2868047724477947
2831,0.1646842936053872,0.140139505219791,16.49294208197364,10,0.0998239926528185,7.072046099230647,3,0.057026602905385,0.1641824822407215,7.082984397622292,0.2868047724477947
2832,0.1646842936053872,0.140139505219791,16.49294208197364,10,0.0998239926528185,7.072046099230647,3,0.057026602905385,0.1641824822407215,3.747266478131556,0.3242107979021966
2833,0.2955353580415248,0.154252710131328,5.853146857754062,5,0.2259231588803231,5.980958547443152,2,0.1232890365771366,0.2904325685929507,7.082984397622292,0.3242107979021966
2834,0.1239984104409813,0.0654422900319384,7.024432020085904,10,0.1431038875132799,5.789741989225149,2,0.0302568081836831,0.0532881736755371,7.868188207192674,0.2209653681144118
2835,0.0704043701291084,0.0654422900319384,7.024432020085904,10,0.1431038875132799,5.789741989225149,2,0.0302568081836831,0.0532881736755371,7.868188207192674,0.2209653681144118
2836,0.1239984104409813,0.0424687756789122,7.024432020085904,10,0.1431038875132799,5.789741989225149,2,0.0302568081836831,0.0532881736755371,7.868188207192674,0.2209653681144118
2837,0.1239984104409813,0.0654422900319384,22.61886698582708,10,0.1431038875132799,5.789741989225149,2,0.0302568081836831,0.0532881736755371,7.868188207192674,0.2209653681144118
2838,0.1239984104409813,0.0654422900319384,7.024432020085904,8,0.1431038875132799,5.789741989225149,2,0.0302568081836831,0.0532881736755371,7.868188207192674,0.2209653681144118
2839,0.1239984104409813,0.0654422900319384,7.024432020085904,10,0.092062175925821,5.789741989225149,2,0.0302568081836831,0.0532881736755371,7.868188207192674,0.2209653681144118
2840,0.1239984104409813,0.0654422900319384,7.024432020085904,10,0.1431038875132799,7.420271992683411,2,0.0302568081836831,0.0532881736755371,7.868188207192674,0.2209653681144118
2841,0.1239984104409813,0.0654422900319384,7.024432020085904,10,0.1431038875132799,5.789741989225149,2,0.0302568081836831,0.0532881736755371,7.868188207192674,0.2209653681144118
2842,0.1239984104409813,0.0654422900319384,7.024432020085904,10,0.1431038875132799,5.789741989225149,2,0.2607054175874712,0.0532881736755371,7.868188207192674,0.2209653681144118
2843,0.1239984104409813,0.0654422900319384,7.024432020085904,10,0.1431038875132799,5.789741989225149,2,0.0302568081836831,0.165507320407778,7.868188207192674,0.2209653681144118
2844,0.1239984104409813,0.0654422900319384,7.024432020085904,10,0.1431038875132799,5.789741989225149,2,0.0302568081836831,0.0532881736755371,1.18554220524024,0.2209653681144118
2845,0.1239984104409813,0.0654422900319384,7.024432020085904,10,0.1431038875132799,5.789741989225149,2,0.0302568081836831,0.0532881736755371,7.868188207192674,0.3784122160635889
2846,0.0704043701291084,0.0424687756789122,22.61886698582708,8,0.092062175925821,7.420271992683411,2,0.2607054175874712,0.165507320407778,1.18554220524024,0.3784122160635889
2847,0.4091769531369209,0.2805560112443307,11.462565017181957,16,0.2636637687217444,3.199708456173539,2,0.2066542275213961,0.4804609174374491,2.4935216941689062,0.3721782138571143
2848,0.3993672827258706,0.2805560112443307,11.462565017181957,16,0.2636637687217444,3.199708456173539,2,0.2066542275213961,0.4804609174374491,2.4935216941689062,0.3721782138571143
2849,0.4091769531369209,0.2628842388174304,11.462565017181957,16,0.2636637687217444,3.199708456173539,2,0.2066542275213961,0.4804609174374491,2.4935216941689062,0.3721782138571143
2850,0.4091769531369209,0.2805560112443307,6.702295952215795,16,0.2636637687217444,3.199708456173539,2,0.2066542275213961,0.4804609174374491,2.4935216941689062,0.3721782138571143
2851,0.4091769531369209,0.2805560112443307,11.462565017181957,15,0.2636637687217444,3.199708456173539,2,0.2066542275213961,0.4804609174374491,2.4935216941689062,0.3721782138571143
2852,0.4091769531369209,0.2805560112443307,11.462565017181957,16,0.2440797173883765,3.199708456173539,2,0.2066542275213961,0.4804609174374491,2.4935216941689062,0.3721782138571143
2853,0.4091769531369209,0.2805560112443307,11.462565017181957,16,0.2636637687217444,4.214630458503962,2,0.2066542275213961,0.4804609174374491,2.4935216941689062,0.3721782138571143
2854,0.4091769531369209,0.2805560112443307,11.462565017181957,16,0.2636637687217444,3.199708456173539,1,0.2066542275213961,0.4804609174374491,2.4935216941689062,0.3721782138571143
2855,0.4091769531369209,0.2805560112443307,11.462565017181957,16,0.2636637687217444,3.199708456173539,2,0.0771257944865257,0.4804609174374491,2.4935216941689062,0.3721782138571143
2856,0.4091769531369209,0.2805560112443307,11.462565017181957,16,0.2636637687217444,3.199708456173539,2,0.2066542275213961,0.4960544453933835,2.4935216941689062,0.3721782138571143
2857,0.4091769531369209,0.2805560112443307,11.462565017181957,16,0.2636637687217444,3.199708456173539,2,0.2066542275213961,0.4804609174374491,4.736750779866513,0.3721782138571143
2858,0.4091769531369209,0.2805560112443307,11.462565017181957,16,0.2636637687217444,3.199708456173539,2,0.2066542275213961,0.4804609174374491,2.4935216941689062,0.2662850352935493
2859,0.3993672827258706,0.2628842388174304,6.702295952215795,15,0.2440797173883765,4.214630458503962,1,0.0771257944865257,0.4960544453933835,4.736750779866513,0.2662850352935493
2860,0.3703643096610903,0.0750401207643609,22.005397832992728,13,0.2984889042098075,4.395816309377551,2,0.0420251996618561,0.1134316121228039,2.886735993248064,0.1630447282455861
2861,0.3332848258316517,0.0750401207643609,22.005397832992728,13,0.2984889042098075,4.395816309377551,2,0.0420251996618561,0.1134316121228039,2.886735993248064,0.1630447282455861
2862,0.3703643096610903,0.0343304168737018,22.005397832992728,13,0.2984889042098075,4.395816309377551,2,0.0420251996618561,0.1134316121228039,2.886735993248064,0.1630447282455861
2863,0.3703643096610903,0.0750401207643609,4.414679271987939,13,0.2984889042098075,4.395816309377551,2,0.0420251996618561,0.1134316121228039,2.886735993248064,0.1630447282455861
2864,0.3703643096610903,0.0750401207643609,22.005397832992728,14,0.2984889042098075,4.395816309377551,2,0.0420251996618561,0.1134316121228039,2.886735993248064,0.1630447282455861
2865,0.3703643096610903,0.0750401207643609,22.005397832992728,13,0.2695484156254679,4.395816309377551,2,0.0420251996618561,0.1134316121228039,2.886735993248064,0.1630447282455861
2866,0.3703643096610903,0.0750401207643609,22.005397832992728,13,0.2984889042098075,4.485474096611142,2,0.0420251996618561,0.1134316121228039,2.886735993248064,0.1630447282455861
2867,0.3703643096610903,0.0750401207643609,22.005397832992728,13,0.2984889042098075,4.395816309377551,1,0.0420251996618561,0.1134316121228039,2.886735993248064,0.1630447282455861
2868,0.3703643096610903,0.0750401207643609,22.005397832992728,13,0.2984889042098075,4.395816309377551,2,0.1875414918436338,0.1134316121228039,2.886735993248064,0.1630447282455861
2869,0.3703643096610903,0.0750401207643609,22.005397832992728,13,0.2984889042098075,4.395816309377551,2,0.0420251996618561,0.0683827818371355,2.886735993248064,0.1630447282455861
2870,0.3703643096610903,0.0750401207643609,22.005397832992728,13,0.2984889042098075,4.395816309377551,2,0.0420251996618561,0.1134316121228039,2.705820851828026,0.1630447282455861
2871,0.3703643096610903,0.0750401207643609,22.005397832992728,13,0.2984889042098075,4.395816309377551,2,0.0420251996618561,0.1134316121228039,2.886735993248064,0.1754674603231251
2872,0.3332848258316517,0.0343304168737018,4.414679271987939,14,0.2695484156254679,4.485474096611142,1,0.1875414918436338,0.0683827818371355,2.705820851828026,0.1754674603231251
2873,0.0104672860354185,0.1876475745200466,5.817559658256304,7,0.171032431256026,7.735838398337364,2,0.2669331831350257,0.4176673374604434,1.129981872587515,0.3119780897162855
2874,0.136780403740704,0.1876475745200466,5.817559658256304,7,0.171032431256026,7.735838398337364,2,0.2669331831350257,0.4176673374604434,1.129981872587515,0.3119780897162855
2875,0.0104672860354185,0.2113016700926944,5.817559658256304,7,0.171032431256026,7.735838398337364,2,0.2669331831350257,0.4176673374604434,1.129981872587515,0.3119780897162855
2876,0.0104672860354185,0.1876475745200466,13.722374413182946,7,0.171032431256026,7.735838398337364,2,0.2669331831350257,0.4176673374604434,1.129981872587515,0.3119780897162855
2877,0.0104672860354185,0.1876475745200466,5.817559658256304,9,0.171032431256026,7.735838398337364,2,0.2669331831350257,0.4176673374604434,1.129981872587515,0.3119780897162855
2878,0.0104672860354185,0.1876475745200466,5.817559658256304,7,0.063182658702135,7.735838398337364,2,0.2669331831350257,0.4176673374604434,1.129981872587515,0.3119780897162855
2879,0.0104672860354185,0.1876475745200466,5.817559658256304,7,0.171032431256026,6.949933705851436,2,0.2669331831350257,0.4176673374604434,1.129981872587515,0.3119780897162855
2880,0.0104672860354185,0.1876475745200466,5.817559658256304,7,0.171032431256026,7.735838398337364,2,0.2669331831350257,0.4176673374604434,1.129981872587515,0.3119780897162855
2881,0.0104672860354185,0.1876475745200466,5.817559658256304,7,0.171032431256026,7.735838398337364,2,0.063495103323108,0.4176673374604434,1.129981872587515,0.3119780897162855
2882,0.0104672860354185,0.1876475745200466,5.817559658256304,7,0.171032431256026,7.735838398337364,2,0.2669331831350257,0.3699336180463433,1.129981872587515,0.3119780897162855
2883,0.0104672860354185,0.1876475745200466,5.817559658256304,7,0.171032431256026,7.735838398337364,2,0.2669331831350257,0.4176673374604434,5.46222598169465,0.3119780897162855
2884,0.0104672860354185,0.1876475745200466,5.817559658256304,7,0.171032431256026,7.735838398337364,2,0.2669331831350257,0.4176673374604434,1.129981872587515,0.3614170418120921
2885,0.136780403740704,0.2113016700926944,13.722374413182946,9,0.063182658702135,6.949933705851436,2,0.063495103323108,0.3699336180463433,5.46222598169465,0.3614170418120921
2886,0.2784969370812177,0.0487632253973357,13.67048650783636,13,0.073179103853181,5.313564131036401,1,0.1522913266939417,0.3031423974782228,1.9209639070407567,0.3773954847827554
2887,0.2116544092074036,0.0487632253973357,13.67048650783636,13,0.073179103853181,5.313564131036401,1,0.1522913266939417,0.3031423974782228,1.9209639070407567,0.3773954847827554
2888,0.2784969370812177,0.0581887489357874,13.67048650783636,13,0.073179103853181,5.313564131036401,1,0.1522913266939417,0.3031423974782228,1.9209639070407567,0.3773954847827554
2889,0.2784969370812177,0.0487632253973357,8.871030431498193,13,0.073179103853181,5.313564131036401,1,0.1522913266939417,0.3031423974782228,1.9209639070407567,0.3773954847827554
2890,0.2784969370812177,0.0487632253973357,13.67048650783636,7,0.073179103853181,5.313564131036401,1,0.1522913266939417,0.3031423974782228,1.9209639070407567,0.3773954847827554
2891,0.2784969370812177,0.0487632253973357,13.67048650783636,13,0.1928553275763988,5.313564131036401,1,0.1522913266939417,0.3031423974782228,1.9209639070407567,0.3773954847827554
2892,0.2784969370812177,0.0487632253973357,13.67048650783636,13,0.073179103853181,5.695344531908631,1,0.1522913266939417,0.3031423974782228,1.9209639070407567,0.3773954847827554
2893,0.2784969370812177,0.0487632253973357,13.67048650783636,13,0.073179103853181,5.313564131036401,2,0.1522913266939417,0.3031423974782228,1.9209639070407567,0.3773954847827554
2894,0.2784969370812177,0.0487632253973357,13.67048650783636,13,0.073179103853181,5.313564131036401,1,0.0524521221737711,0.3031423974782228,1.9209639070407567,0.3773954847827554
2895,0.2784969370812177,0.0487632253973357,13.67048650783636,13,0.073179103853181,5.313564131036401,1,0.1522913266939417,0.2740372751373798,1.9209639070407567,0.3773954847827554
2896,0.2784969370812177,0.0487632253973357,13.67048650783636,13,0.073179103853181,5.313564131036401,1,0.1522913266939417,0.3031423974782228,1.53740306498324,0.3773954847827554
2897,0.2784969370812177,0.0487632253973357,13.67048650783636,13,0.073179103853181,5.313564131036401,1,0.1522913266939417,0.3031423974782228,1.9209639070407567,0.4150326655246318
2898,0.2116544092074036,0.0581887489357874,8.871030431498193,7,0.1928553275763988,5.695344531908631,2,0.0524521221737711,0.2740372751373798,1.53740306498324,0.4150326655246318
2899,0.5546051843091845,0.1179638602466174,8.372441278146356,7,0.1927013832144439,2.747334074229002,3,0.0730114239350823,0.2279648518655449,6.061509642902175,0.2285991752520203
2900,0.5581217855215073,0.1179638602466174,8.372441278146356,7,0.1927013832144439,2.747334074229002,3,0.0730114239350823,0.2279648518655449,6.061509642902175,0.2285991752520203
2901,0.5546051843091845,0.124613167250556,8.372441278146356,7,0.1927013832144439,2.747334074229002,3,0.0730114239350823,0.2279648518655449,6.061509642902175,0.2285991752520203
2902,0.5546051843091845,0.1179638602466174,17.149780294963445,7,0.1927013832144439,2.747334074229002,3,0.0730114239350823,0.2279648518655449,6.061509642902175,0.2285991752520203
2903,0.5546051843091845,0.1179638602466174,8.372441278146356,10,0.1927013832144439,2.747334074229002,3,0.0730114239350823,0.2279648518655449,6.061509642902175,0.2285991752520203
2904,0.5546051843091845,0.1179638602466174,8.372441278146356,7,0.1749014029745012,2.747334074229002,3,0.0730114239350823,0.2279648518655449,6.061509642902175,0.2285991752520203
2905,0.5546051843091845,0.1179638602466174,8.372441278146356,7,0.1927013832144439,2.857435932382941,3,0.0730114239350823,0.2279648518655449,6.061509642902175,0.2285991752520203
2906,0.5546051843091845,0.1179638602466174,8.372441278146356,7,0.1927013832144439,2.747334074229002,3,0.0730114239350823,0.2279648518655449,6.061509642902175,0.2285991752520203
2907,0.5546051843091845,0.1179638602466174,8.372441278146356,7,0.1927013832144439,2.747334074229002,3,0.1341401468346221,0.2279648518655449,6.061509642902175,0.2285991752520203
2908,0.5546051843091845,0.1179638602466174,8.372441278146356,7,0.1927013832144439,2.747334074229002,3,0.0730114239350823,0.392823678208515,6.061509642902175,0.2285991752520203
2909,0.5546051843091845,0.1179638602466174,8.372441278146356,7,0.1927013832144439,2.747334074229002,3,0.0730114239350823,0.2279648518655449,3.652722433976151,0.2285991752520203
2910,0.5546051843091845,0.1179638602466174,8.372441278146356,7,0.1927013832144439,2.747334074229002,3,0.0730114239350823,0.2279648518655449,6.061509642902175,0.229664443898946
2911,0.5581217855215073,0.124613167250556,17.149780294963445,10,0.1749014029745012,2.857435932382941,3,0.1341401468346221,0.392823678208515,3.652722433976151,0.229664443898946
2912,0.5471821350976824,0.0800907825173739,5.283760666367332,9,0.1508381273131817,3.2560941837728024,1,0.0542409999440026,0.4095231186598539,1.8320388893422803,0.2100683997385203
2913,0.270955571718514,0.0800907825173739,5.283760666367332,9,0.1508381273131817,3.2560941837728024,1,0.0542409999440026,0.4095231186598539,1.8320388893422803,0.2100683997385203
2914,0.5471821350976824,0.0572331933770637,5.283760666367332,9,0.1508381273131817,3.2560941837728024,1,0.0542409999440026,0.4095231186598539,1.8320388893422803,0.2100683997385203
2915,0.5471821350976824,0.0800907825173739,4.293682621037059,9,0.1508381273131817,3.2560941837728024,1,0.0542409999440026,0.4095231186598539,1.8320388893422803,0.2100683997385203
2916,0.5471821350976824,0.0800907825173739,5.283760666367332,13,0.1508381273131817,3.2560941837728024,1,0.0542409999440026,0.4095231186598539,1.8320388893422803,0.2100683997385203
2917,0.5471821350976824,0.0800907825173739,5.283760666367332,9,0.2731731158681214,3.2560941837728024,1,0.0542409999440026,0.4095231186598539,1.8320388893422803,0.2100683997385203
2918,0.5471821350976824,0.0800907825173739,5.283760666367332,9,0.1508381273131817,3.287296399474144,1,0.0542409999440026,0.4095231186598539,1.8320388893422803,0.2100683997385203
2919,0.5471821350976824,0.0800907825173739,5.283760666367332,9,0.1508381273131817,3.2560941837728024,2,0.0542409999440026,0.4095231186598539,1.8320388893422803,0.2100683997385203
2920,0.5471821350976824,0.0800907825173739,5.283760666367332,9,0.1508381273131817,3.2560941837728024,1,0.0947268655227491,0.4095231186598539,1.8320388893422803,0.2100683997385203
2921,0.5471821350976824,0.0800907825173739,5.283760666367332,9,0.1508381273131817,3.2560941837728024,1,0.0542409999440026,0.4562933332752436,1.8320388893422803,0.2100683997385203
2922,0.5471821350976824,0.0800907825173739,5.283760666367332,9,0.1508381273131817,3.2560941837728024,1,0.0542409999440026,0.4095231186598539,3.9510355193551514,0.2100683997385203
2923,0.5471821350976824,0.0800907825173739,5.283760666367332,9,0.1508381273131817,3.2560941837728024,1,0.0542409999440026,0.4095231186598539,1.8320388893422803,0.426057071518153
2924,0.270955571718514,0.0572331933770637,4.293682621037059,13,0.2731731158681214,3.287296399474144,2,0.0947268655227491,0.4562933332752436,3.9510355193551514,0.426057071518153
2925,0.2695681314915418,0.1734574205408302,19.435235515475178,15,0.2715502373874187,5.916071200743318,3,0.1173536067934741,0.1514850078616291,5.035221453470824,0.359011050593108
2926,0.4686408720910548,0.1734574205408302,19.435235515475178,15,0.2715502373874187,5.916071200743318,3,0.1173536067934741,0.1514850078616291,5.035221453470824,0.359011050593108
2927,0.2695681314915418,0.1096948072257303,19.435235515475178,15,0.2715502373874187,5.916071200743318,3,0.1173536067934741,0.1514850078616291,5.035221453470824,0.359011050593108
2928,0.2695681314915418,0.1734574205408302,14.114836672829927,15,0.2715502373874187,5.916071200743318,3,0.1173536067934741,0.1514850078616291,5.035221453470824,0.359011050593108
2929,0.2695681314915418,0.1734574205408302,19.435235515475178,9,0.2715502373874187,5.916071200743318,3,0.1173536067934741,0.1514850078616291,5.035221453470824,0.359011050593108
2930,0.2695681314915418,0.1734574205408302,19.435235515475178,15,0.0589490979444235,5.916071200743318,3,0.1173536067934741,0.1514850078616291,5.035221453470824,0.359011050593108
2931,0.2695681314915418,0.1734574205408302,19.435235515475178,15,0.2715502373874187,5.37086196616292,3,0.1173536067934741,0.1514850078616291,5.035221453470824,0.359011050593108
2932,0.2695681314915418,0.1734574205408302,19.435235515475178,15,0.2715502373874187,5.916071200743318,1,0.1173536067934741,0.1514850078616291,5.035221453470824,0.359011050593108
2933,0.2695681314915418,0.1734574205408302,19.435235515475178,15,0.2715502373874187,5.916071200743318,3,0.2402228496633432,0.1514850078616291,5.035221453470824,0.359011050593108
2934,0.2695681314915418,0.1734574205408302,19.435235515475178,15,0.2715502373874187,5.916071200743318,3,0.1173536067934741,0.21055390057154,5.035221453470824,0.359011050593108
2935,0.2695681314915418,0.1734574205408302,19.435235515475178,15,0.2715502373874187,5.916071200743318,3,0.1173536067934741,0.1514850078616291,1.021835203358168,0.359011050593108
2936,0.2695681314915418,0.1734574205408302,19.435235515475178,15,0.2715502373874187,5.916071200743318,3,0.1173536067934741,0.1514850078616291,5.035221453470824,0.2370215191505849
2937,0.4686408720910548,0.1096948072257303,14.114836672829927,9,0.0589490979444235,5.37086196616292,1,0.2402228496633432,0.21055390057154,1.021835203358168,0.2370215191505849
2938,0.0038087021559476,0.0527523733631866,9.5131217153344,5,0.1892125997226685,7.222134619951248,2,0.195244941390064,0.2619276684708893,3.446554569263496,0.4434483161196113
2939,0.3935146763920784,0.0527523733631866,9.5131217153344,5,0.1892125997226685,7.222134619951248,2,0.195244941390064,0.2619276684708893,3.446554569263496,0.4434483161196113
2940,0.0038087021559476,0.0301467512471179,9.5131217153344,5,0.1892125997226685,7.222134619951248,2,0.195244941390064,0.2619276684708893,3.446554569263496,0.4434483161196113
2941,0.0038087021559476,0.0527523733631866,9.120782008057128,5,0.1892125997226685,7.222134619951248,2,0.195244941390064,0.2619276684708893,3.446554569263496,0.4434483161196113
2942,0.0038087021559476,0.0527523733631866,9.5131217153344,6,0.1892125997226685,7.222134619951248,2,0.195244941390064,0.2619276684708893,3.446554569263496,0.4434483161196113
2943,0.0038087021559476,0.0527523733631866,9.5131217153344,5,0.1966010853182524,7.222134619951248,2,0.195244941390064,0.2619276684708893,3.446554569263496,0.4434483161196113
2944,0.0038087021559476,0.0527523733631866,9.5131217153344,5,0.1892125997226685,6.530367188155651,2,0.195244941390064,0.2619276684708893,3.446554569263496,0.4434483161196113
2945,0.0038087021559476,0.0527523733631866,9.5131217153344,5,0.1892125997226685,7.222134619951248,3,0.195244941390064,0.2619276684708893,3.446554569263496,0.4434483161196113
2946,0.0038087021559476,0.0527523733631866,9.5131217153344,5,0.1892125997226685,7.222134619951248,2,0.1038454205074136,0.2619276684708893,3.446554569263496,0.4434483161196113
2947,0.0038087021559476,0.0527523733631866,9.5131217153344,5,0.1892125997226685,7.222134619951248,2,0.195244941390064,0.3068888248875737,3.446554569263496,0.4434483161196113
2948,0.0038087021559476,0.0527523733631866,9.5131217153344,5,0.1892125997226685,7.222134619951248,2,0.195244941390064,0.2619276684708893,6.549641394807816,0.4434483161196113
2949,0.0038087021559476,0.0527523733631866,9.5131217153344,5,0.1892125997226685,7.222134619951248,2,0.195244941390064,0.2619276684708893,3.446554569263496,0.1828291132114827
2950,0.3935146763920784,0.0301467512471179,9.120782008057128,6,0.1966010853182524,6.530367188155651,3,0.1038454205074136,0.3068888248875737,6.549641394807816,0.1828291132114827
2951,0.3652120543643832,0.1105247322805026,15.104749585340803,11,0.0608097121119499,3.78836521320045,2,0.0317386003799954,0.2990376919042319,1.1943379925574904,0.2946615820750594
2952,0.0457928756251931,0.1105247322805026,15.104749585340803,11,0.0608097121119499,3.78836521320045,2,0.0317386003799954,0.2990376919042319,1.1943379925574904,0.2946615820750594
2953,0.3652120543643832,0.2084060817890259,15.104749585340803,11,0.0608097121119499,3.78836521320045,2,0.0317386003799954,0.2990376919042319,1.1943379925574904,0.2946615820750594
2954,0.3652120543643832,0.1105247322805026,16.67239424460535,11,0.0608097121119499,3.78836521320045,2,0.0317386003799954,0.2990376919042319,1.1943379925574904,0.2946615820750594
2955,0.3652120543643832,0.1105247322805026,15.104749585340803,11,0.0608097121119499,3.78836521320045,2,0.0317386003799954,0.2990376919042319,1.1943379925574904,0.2946615820750594
2956,0.3652120543643832,0.1105247322805026,15.104749585340803,11,0.1707888987846672,3.78836521320045,2,0.0317386003799954,0.2990376919042319,1.1943379925574904,0.2946615820750594
2957,0.3652120543643832,0.1105247322805026,15.104749585340803,11,0.0608097121119499,4.823283296078444,2,0.0317386003799954,0.2990376919042319,1.1943379925574904,0.2946615820750594
2958,0.3652120543643832,0.1105247322805026,15.104749585340803,11,0.0608097121119499,3.78836521320045,2,0.0317386003799954,0.2990376919042319,1.1943379925574904,0.2946615820750594
2959,0.3652120543643832,0.1105247322805026,15.104749585340803,11,0.0608097121119499,3.78836521320045,2,0.0354555814095807,0.2990376919042319,1.1943379925574904,0.2946615820750594
2960,0.3652120543643832,0.1105247322805026,15.104749585340803,11,0.0608097121119499,3.78836521320045,2,0.0317386003799954,0.1314138286747038,1.1943379925574904,0.2946615820750594
2961,0.3652120543643832,0.1105247322805026,15.104749585340803,11,0.0608097121119499,3.78836521320045,2,0.0317386003799954,0.2990376919042319,1.8663423201471192,0.2946615820750594
2962,0.3652120543643832,0.1105247322805026,15.104749585340803,11,0.0608097121119499,3.78836521320045,2,0.0317386003799954,0.2990376919042319,1.1943379925574904,0.3724368701688946
2963,0.0457928756251931,0.2084060817890259,16.67239424460535,11,0.1707888987846672,4.823283296078444,2,0.0354555814095807,0.1314138286747038,1.8663423201471192,0.3724368701688946
2964,0.4013879790902138,0.0339039540137488,18.158665281275574,12,0.0965431115590036,2.592257359996438,2,0.2734820629004844,0.2141027443110942,6.5368529001726445,0.3911497293971479
2965,0.1309554643929004,0.0339039540137488,18.158665281275574,12,0.0965431115590036,2.592257359996438,2,0.2734820629004844,0.2141027443110942,6.5368529001726445,0.3911497293971479
2966,0.4013879790902138,0.0433114628026677,18.158665281275574,12,0.0965431115590036,2.592257359996438,2,0.2734820629004844,0.2141027443110942,6.5368529001726445,0.3911497293971479
2967,0.4013879790902138,0.0339039540137488,10.683184103010102,12,0.0965431115590036,2.592257359996438,2,0.2734820629004844,0.2141027443110942,6.5368529001726445,0.3911497293971479
2968,0.4013879790902138,0.0339039540137488,18.158665281275574,12,0.0965431115590036,2.592257359996438,2,0.2734820629004844,0.2141027443110942,6.5368529001726445,0.3911497293971479
2969,0.4013879790902138,0.0339039540137488,18.158665281275574,12,0.1416654514148831,2.592257359996438,2,0.2734820629004844,0.2141027443110942,6.5368529001726445,0.3911497293971479
2970,0.4013879790902138,0.0339039540137488,18.158665281275574,12,0.0965431115590036,3.7816514763981104,2,0.2734820629004844,0.2141027443110942,6.5368529001726445,0.3911497293971479
2971,0.4013879790902138,0.0339039540137488,18.158665281275574,12,0.0965431115590036,2.592257359996438,2,0.2734820629004844,0.2141027443110942,6.5368529001726445,0.3911497293971479
2972,0.4013879790902138,0.0339039540137488,18.158665281275574,12,0.0965431115590036,2.592257359996438,2,0.1483060281139812,0.2141027443110942,6.5368529001726445,0.3911497293971479
2973,0.4013879790902138,0.0339039540137488,18.158665281275574,12,0.0965431115590036,2.592257359996438,2,0.2734820629004844,0.4330173904076219,6.5368529001726445,0.3911497293971479
2974,0.4013879790902138,0.0339039540137488,18.158665281275574,12,0.0965431115590036,2.592257359996438,2,0.2734820629004844,0.2141027443110942,3.046097056657207,0.3911497293971479
2975,0.4013879790902138,0.0339039540137488,18.158665281275574,12,0.0965431115590036,2.592257359996438,2,0.2734820629004844,0.2141027443110942,6.5368529001726445,0.3882647481746972
2976,0.1309554643929004,0.0433114628026677,10.683184103010102,12,0.1416654514148831,3.7816514763981104,2,0.1483060281139812,0.4330173904076219,3.046097056657207,0.3882647481746972
2977,0.1152890453115105,0.1307129290426422,4.942378314236626,6,0.2162176207173615,5.276038210839033,2,0.0413901213290632,0.3460247861687094,2.378399644033987,0.2400832249782979
2978,0.3086455212906003,0.1307129290426422,4.942378314236626,6,0.2162176207173615,5.276038210839033,2,0.0413901213290632,0.3460247861687094,2.378399644033987,0.2400832249782979
2979,0.1152890453115105,0.2977144130702807,4.942378314236626,6,0.2162176207173615,5.276038210839033,2,0.0413901213290632,0.3460247861687094,2.378399644033987,0.2400832249782979
2980,0.1152890453115105,0.1307129290426422,5.692871647403396,6,0.2162176207173615,5.276038210839033,2,0.0413901213290632,0.3460247861687094,2.378399644033987,0.2400832249782979
2981,0.1152890453115105,0.1307129290426422,4.942378314236626,5,0.2162176207173615,5.276038210839033,2,0.0413901213290632,0.3460247861687094,2.378399644033987,0.2400832249782979
2982,0.1152890453115105,0.1307129290426422,4.942378314236626,6,0.2223137174267321,5.276038210839033,2,0.0413901213290632,0.3460247861687094,2.378399644033987,0.2400832249782979
2983,0.1152890453115105,0.1307129290426422,4.942378314236626,6,0.2162176207173615,7.74750686250627,2,0.0413901213290632,0.3460247861687094,2.378399644033987,0.2400832249782979
2984,0.1152890453115105,0.1307129290426422,4.942378314236626,6,0.2162176207173615,5.276038210839033,3,0.0413901213290632,0.3460247861687094,2.378399644033987,0.2400832249782979
2985,0.1152890453115105,0.1307129290426422,4.942378314236626,6,0.2162176207173615,5.276038210839033,2,0.043456054497795,0.3460247861687094,2.378399644033987,0.2400832249782979
2986,0.1152890453115105,0.1307129290426422,4.942378314236626,6,0.2162176207173615,5.276038210839033,2,0.0413901213290632,0.2285306558944285,2.378399644033987,0.2400832249782979
2987,0.1152890453115105,0.1307129290426422,4.942378314236626,6,0.2162176207173615,5.276038210839033,2,0.0413901213290632,0.3460247861687094,1.3253823955340025,0.2400832249782979
2988,0.1152890453115105,0.1307129290426422,4.942378314236626,6,0.2162176207173615,5.276038210839033,2,0.0413901213290632,0.3460247861687094,2.378399644033987,0.2748139866627753
2989,0.3086455212906003,0.2977144130702807,5.692871647403396,5,0.2223137174267321,7.74750686250627,3,0.043456054497795,0.2285306558944285,1.3253823955340025,0.2748139866627753
2990,0.1583922067657113,0.0701618421946514,10.087859922553124,14,0.243753661122173,7.674553168937564,1,0.0739637238156608,0.4600946449674666,1.550570007343458,0.1557727122679352
2991,0.5335148775950074,0.0701618421946514,10.087859922553124,14,0.243753661122173,7.674553168937564,1,0.0739637238156608,0.4600946449674666,1.550570007343458,0.1557727122679352
2992,0.1583922067657113,0.0818118346216659,10.087859922553124,14,0.243753661122173,7.674553168937564,1,0.0739637238156608,0.4600946449674666,1.550570007343458,0.1557727122679352
2993,0.1583922067657113,0.0701618421946514,21.989949382056317,14,0.243753661122173,7.674553168937564,1,0.0739637238156608,0.4600946449674666,1.550570007343458,0.1557727122679352
2994,0.1583922067657113,0.0701618421946514,10.087859922553124,8,0.243753661122173,7.674553168937564,1,0.0739637238156608,0.4600946449674666,1.550570007343458,0.1557727122679352
2995,0.1583922067657113,0.0701618421946514,10.087859922553124,14,0.0961594213265925,7.674553168937564,1,0.0739637238156608,0.4600946449674666,1.550570007343458,0.1557727122679352
2996,0.1583922067657113,0.0701618421946514,10.087859922553124,14,0.243753661122173,6.397772761061788,1,0.0739637238156608,0.4600946449674666,1.550570007343458,0.1557727122679352
2997,0.1583922067657113,0.0701618421946514,10.087859922553124,14,0.243753661122173,7.674553168937564,1,0.0739637238156608,0.4600946449674666,1.550570007343458,0.1557727122679352
2998,0.1583922067657113,0.0701618421946514,10.087859922553124,14,0.243753661122173,7.674553168937564,1,0.0555297676942191,0.4600946449674666,1.550570007343458,0.1557727122679352
2999,0.1583922067657113,0.0701618421946514,10.087859922553124,14,0.243753661122173,7.674553168937564,1,0.0739637238156608,0.3538962021004408,1.550570007343458,0.1557727122679352
3000,0.1583922067657113,0.0701618421946514,10.087859922553124,14,0.243753661122173,7.674553168937564,1,0.0739637238156608,0.4600946449674666,5.049402298073425,0.1557727122679352
3001,0.1583922067657113,0.0701618421946514,10.087859922553124,14,0.243753661122173,7.674553168937564,1,0.0739637238156608,0.4600946449674666,1.550570007343458,0.2212076612748205
3002,0.5335148775950074,0.0818118346216659,21.989949382056317,8,0.0961594213265925,6.397772761061788,1,0.0555297676942191,0.3538962021004408,5.049402298073425,0.2212076612748205
3003,0.5107017919421196,0.2605092976573047,6.357951752195869,8,0.1163883828092366,4.2645875960588455,3,0.1489866584603555,0.0999935525935143,4.474549298331938,0.3069768229499459
3004,0.2057880610227584,0.2605092976573047,6.357951752195869,8,0.1163883828092366,4.2645875960588455,3,0.1489866584603555,0.0999935525935143,4.474549298331938,0.3069768229499459
3005,0.5107017919421196,0.1576761872091158,6.357951752195869,8,0.1163883828092366,4.2645875960588455,3,0.1489866584603555,0.0999935525935143,4.474549298331938,0.3069768229499459
3006,0.5107017919421196,0.2605092976573047,6.8911680962953445,8,0.1163883828092366,4.2645875960588455,3,0.1489866584603555,0.0999935525935143,4.474549298331938,0.3069768229499459
3007,0.5107017919421196,0.2605092976573047,6.357951752195869,16,0.1163883828092366,4.2645875960588455,3,0.1489866584603555,0.0999935525935143,4.474549298331938,0.3069768229499459
3008,0.5107017919421196,0.2605092976573047,6.357951752195869,8,0.2403492184355855,4.2645875960588455,3,0.1489866584603555,0.0999935525935143,4.474549298331938,0.3069768229499459
3009,0.5107017919421196,0.2605092976573047,6.357951752195869,8,0.1163883828092366,2.061260027810931,3,0.1489866584603555,0.0999935525935143,4.474549298331938,0.3069768229499459
3010,0.5107017919421196,0.2605092976573047,6.357951752195869,8,0.1163883828092366,4.2645875960588455,2,0.1489866584603555,0.0999935525935143,4.474549298331938,0.3069768229499459
3011,0.5107017919421196,0.2605092976573047,6.357951752195869,8,0.1163883828092366,4.2645875960588455,3,0.2188133076369045,0.0999935525935143,4.474549298331938,0.3069768229499459
3012,0.5107017919421196,0.2605092976573047,6.357951752195869,8,0.1163883828092366,4.2645875960588455,3,0.1489866584603555,0.0791587640065699,4.474549298331938,0.3069768229499459
3013,0.5107017919421196,0.2605092976573047,6.357951752195869,8,0.1163883828092366,4.2645875960588455,3,0.1489866584603555,0.0999935525935143,2.420816844129112,0.3069768229499459
3014,0.5107017919421196,0.2605092976573047,6.357951752195869,8,0.1163883828092366,4.2645875960588455,3,0.1489866584603555,0.0999935525935143,4.474549298331938,0.3340587523765862
3015,0.2057880610227584,0.1576761872091158,6.8911680962953445,16,0.2403492184355855,2.061260027810931,2,0.2188133076369045,0.0791587640065699,2.420816844129112,0.3340587523765862
3016,0.4727584926411509,0.0457470782986027,12.191413063602871,7,0.2910227612126618,4.104781286790967,2,0.2372507489586317,0.1731921933125704,1.0833030320571178,0.3236754264682531
3017,0.2603574257344007,0.0457470782986027,12.191413063602871,7,0.2910227612126618,4.104781286790967,2,0.2372507489586317,0.1731921933125704,1.0833030320571178,0.3236754264682531
3018,0.4727584926411509,0.2500282727111676,12.191413063602871,7,0.2910227612126618,4.104781286790967,2,0.2372507489586317,0.1731921933125704,1.0833030320571178,0.3236754264682531
3019,0.4727584926411509,0.0457470782986027,19.743989446146102,7,0.2910227612126618,4.104781286790967,2,0.2372507489586317,0.1731921933125704,1.0833030320571178,0.3236754264682531
3020,0.4727584926411509,0.0457470782986027,12.191413063602871,6,0.2910227612126618,4.104781286790967,2,0.2372507489586317,0.1731921933125704,1.0833030320571178,0.3236754264682531
3021,0.4727584926411509,0.0457470782986027,12.191413063602871,7,0.1232531605754047,4.104781286790967,2,0.2372507489586317,0.1731921933125704,1.0833030320571178,0.3236754264682531
3022,0.4727584926411509,0.0457470782986027,12.191413063602871,7,0.2910227612126618,6.987957930192351,2,0.2372507489586317,0.1731921933125704,1.0833030320571178,0.3236754264682531
3023,0.4727584926411509,0.0457470782986027,12.191413063602871,7,0.2910227612126618,4.104781286790967,2,0.2372507489586317,0.1731921933125704,1.0833030320571178,0.3236754264682531
3024,0.4727584926411509,0.0457470782986027,12.191413063602871,7,0.2910227612126618,4.104781286790967,2,0.1300719713387046,0.1731921933125704,1.0833030320571178,0.3236754264682531
3025,0.4727584926411509,0.0457470782986027,12.191413063602871,7,0.2910227612126618,4.104781286790967,2,0.2372507489586317,0.2856436763424426,1.0833030320571178,0.3236754264682531
3026,0.4727584926411509,0.0457470782986027,12.191413063602871,7,0.2910227612126618,4.104781286790967,2,0.2372507489586317,0.1731921933125704,3.25536498080597,0.3236754264682531
3027,0.4727584926411509,0.0457470782986027,12.191413063602871,7,0.2910227612126618,4.104781286790967,2,0.2372507489586317,0.1731921933125704,1.0833030320571178,0.2977279088459909
3028,0.2603574257344007,0.2500282727111676,19.743989446146102,6,0.1232531605754047,6.987957930192351,2,0.1300719713387046,0.2856436763424426,3.25536498080597,0.2977279088459909
3029,0.1963549967855215,0.0955751490639023,7.465053501448478,13,0.1626199862919747,6.765116099268198,2,0.0477110703551378,0.3649343584664166,2.929404258925938,0.1748060088604688
3030,0.514402742497623,0.0955751490639023,7.465053501448478,13,0.1626199862919747,6.765116099268198,2,0.0477110703551378,0.3649343584664166,2.929404258925938,0.1748060088604688
3031,0.1963549967855215,0.0515941846862033,7.465053501448478,13,0.1626199862919747,6.765116099268198,2,0.0477110703551378,0.3649343584664166,2.929404258925938,0.1748060088604688
3032,0.1963549967855215,0.0955751490639023,7.518658008291775,13,0.1626199862919747,6.765116099268198,2,0.0477110703551378,0.3649343584664166,2.929404258925938,0.1748060088604688
3033,0.1963549967855215,0.0955751490639023,7.465053501448478,10,0.1626199862919747,6.765116099268198,2,0.0477110703551378,0.3649343584664166,2.929404258925938,0.1748060088604688
3034,0.1963549967855215,0.0955751490639023,7.465053501448478,13,0.2127671401947736,6.765116099268198,2,0.0477110703551378,0.3649343584664166,2.929404258925938,0.1748060088604688
3035,0.1963549967855215,0.0955751490639023,7.465053501448478,13,0.1626199862919747,4.576633641496301,2,0.0477110703551378,0.3649343584664166,2.929404258925938,0.1748060088604688
3036,0.1963549967855215,0.0955751490639023,7.465053501448478,13,0.1626199862919747,6.765116099268198,3,0.0477110703551378,0.3649343584664166,2.929404258925938,0.1748060088604688
3037,0.1963549967855215,0.0955751490639023,7.465053501448478,13,0.1626199862919747,6.765116099268198,2,0.051247197016073,0.3649343584664166,2.929404258925938,0.1748060088604688
3038,0.1963549967855215,0.0955751490639023,7.465053501448478,13,0.1626199862919747,6.765116099268198,2,0.0477110703551378,0.1527943491470068,2.929404258925938,0.1748060088604688
3039,0.1963549967855215,0.0955751490639023,7.465053501448478,13,0.1626199862919747,6.765116099268198,2,0.0477110703551378,0.3649343584664166,1.6115857163303076,0.1748060088604688
3040,0.1963549967855215,0.0955751490639023,7.465053501448478,13,0.1626199862919747,6.765116099268198,2,0.0477110703551378,0.3649343584664166,2.929404258925938,0.4123355808667839
3041,0.514402742497623,0.0515941846862033,7.518658008291775,10,0.2127671401947736,4.576633641496301,3,0.051247197016073,0.1527943491470068,1.6115857163303076,0.4123355808667839
3042,0.0782521214336156,0.092356864435043,15.683235346653486,7,0.0802773856092244,6.185569336637855,1,0.0852052191341758,0.4754061973188072,5.924122005358931,0.2590993699617684
3043,0.4392345523461699,0.092356864435043,15.683235346653486,7,0.0802773856092244,6.185569336637855,1,0.0852052191341758,0.4754061973188072,5.924122005358931,0.2590993699617684
3044,0.0782521214336156,0.1420787005434072,15.683235346653486,7,0.0802773856092244,6.185569336637855,1,0.0852052191341758,0.4754061973188072,5.924122005358931,0.2590993699617684
3045,0.0782521214336156,0.092356864435043,11.900655307183142,7,0.0802773856092244,6.185569336637855,1,0.0852052191341758,0.4754061973188072,5.924122005358931,0.2590993699617684
3046,0.0782521214336156,0.092356864435043,15.683235346653486,14,0.0802773856092244,6.185569336637855,1,0.0852052191341758,0.4754061973188072,5.924122005358931,0.2590993699617684
3047,0.0782521214336156,0.092356864435043,15.683235346653486,7,0.1062554355710744,6.185569336637855,1,0.0852052191341758,0.4754061973188072,5.924122005358931,0.2590993699617684
3048,0.0782521214336156,0.092356864435043,15.683235346653486,7,0.0802773856092244,2.8311873208731413,1,0.0852052191341758,0.4754061973188072,5.924122005358931,0.2590993699617684
3049,0.0782521214336156,0.092356864435043,15.683235346653486,7,0.0802773856092244,6.185569336637855,1,0.0852052191341758,0.4754061973188072,5.924122005358931,0.2590993699617684
3050,0.0782521214336156,0.092356864435043,15.683235346653486,7,0.0802773856092244,6.185569336637855,1,0.0654948695707432,0.4754061973188072,5.924122005358931,0.2590993699617684
3051,0.0782521214336156,0.092356864435043,15.683235346653486,7,0.0802773856092244,6.185569336637855,1,0.0852052191341758,0.4772101760841906,5.924122005358931,0.2590993699617684
3052,0.0782521214336156,0.092356864435043,15.683235346653486,7,0.0802773856092244,6.185569336637855,1,0.0852052191341758,0.4754061973188072,6.1296386086084205,0.2590993699617684
3053,0.0782521214336156,0.092356864435043,15.683235346653486,7,0.0802773856092244,6.185569336637855,1,0.0852052191341758,0.4754061973188072,5.924122005358931,0.3112681391648948
3054,0.4392345523461699,0.1420787005434072,11.900655307183142,14,0.1062554355710744,2.8311873208731413,1,0.0654948695707432,0.4772101760841906,6.1296386086084205,0.3112681391648948
3055,0.4384443936869502,0.2005929252235838,4.147137314919421,13,0.2009895934723317,2.7521520033478737,3,0.1293304083225901,0.0627359498292207,2.019814791905464,0.4078128528781235
3056,0.0352262813597917,0.2005929252235838,4.147137314919421,13,0.2009895934723317,2.7521520033478737,3,0.1293304083225901,0.0627359498292207,2.019814791905464,0.4078128528781235
3057,0.4384443936869502,0.090754069890747,4.147137314919421,13,0.2009895934723317,2.7521520033478737,3,0.1293304083225901,0.0627359498292207,2.019814791905464,0.4078128528781235
3058,0.4384443936869502,0.2005929252235838,5.216482279521988,13,0.2009895934723317,2.7521520033478737,3,0.1293304083225901,0.0627359498292207,2.019814791905464,0.4078128528781235
3059,0.4384443936869502,0.2005929252235838,4.147137314919421,9,0.2009895934723317,2.7521520033478737,3,0.1293304083225901,0.0627359498292207,2.019814791905464,0.4078128528781235
3060,0.4384443936869502,0.2005929252235838,4.147137314919421,13,0.2572355134878307,2.7521520033478737,3,0.1293304083225901,0.0627359498292207,2.019814791905464,0.4078128528781235
3061,0.4384443936869502,0.2005929252235838,4.147137314919421,13,0.2009895934723317,5.616029979661107,3,0.1293304083225901,0.0627359498292207,2.019814791905464,0.4078128528781235
3062,0.4384443936869502,0.2005929252235838,4.147137314919421,13,0.2009895934723317,2.7521520033478737,2,0.1293304083225901,0.0627359498292207,2.019814791905464,0.4078128528781235
3063,0.4384443936869502,0.2005929252235838,4.147137314919421,13,0.2009895934723317,2.7521520033478737,3,0.1918833475883732,0.0627359498292207,2.019814791905464,0.4078128528781235
3064,0.4384443936869502,0.2005929252235838,4.147137314919421,13,0.2009895934723317,2.7521520033478737,3,0.1293304083225901,0.1897214123979211,2.019814791905464,0.4078128528781235
3065,0.4384443936869502,0.2005929252235838,4.147137314919421,13,0.2009895934723317,2.7521520033478737,3,0.1293304083225901,0.0627359498292207,2.580901065747527,0.4078128528781235
3066,0.4384443936869502,0.2005929252235838,4.147137314919421,13,0.2009895934723317,2.7521520033478737,3,0.1293304083225901,0.0627359498292207,2.019814791905464,0.1972326717339456
3067,0.0352262813597917,0.090754069890747,5.216482279521988,9,0.2572355134878307,5.616029979661107,2,0.1918833475883732,0.1897214123979211,2.580901065747527,0.1972326717339456
3068,0.3269663393497466,0.0607070290435473,7.878365545216827,16,0.2356852881610393,4.745043326169252,1,0.0624541446168289,0.4293116013985127,3.803033030512227,0.2750526644289494
3069,0.1015296785160899,0.0607070290435473,7.878365545216827,16,0.2356852881610393,4.745043326169252,1,0.0624541446168289,0.4293116013985127,3.803033030512227,0.2750526644289494
3070,0.3269663393497466,0.0990047147598874,7.878365545216827,16,0.2356852881610393,4.745043326169252,1,0.0624541446168289,0.4293116013985127,3.803033030512227,0.2750526644289494
3071,0.3269663393497466,0.0607070290435473,7.961629323042286,16,0.2356852881610393,4.745043326169252,1,0.0624541446168289,0.4293116013985127,3.803033030512227,0.2750526644289494
3072,0.3269663393497466,0.0607070290435473,7.878365545216827,8,0.2356852881610393,4.745043326169252,1,0.0624541446168289,0.4293116013985127,3.803033030512227,0.2750526644289494
3073,0.3269663393497466,0.0607070290435473,7.878365545216827,16,0.2866640937980264,4.745043326169252,1,0.0624541446168289,0.4293116013985127,3.803033030512227,0.2750526644289494
3074,0.3269663393497466,0.0607070290435473,7.878365545216827,16,0.2356852881610393,6.083352971822023,1,0.0624541446168289,0.4293116013985127,3.803033030512227,0.2750526644289494
3075,0.3269663393497466,0.0607070290435473,7.878365545216827,16,0.2356852881610393,4.745043326169252,2,0.0624541446168289,0.4293116013985127,3.803033030512227,0.2750526644289494
3076,0.3269663393497466,0.0607070290435473,7.878365545216827,16,0.2356852881610393,4.745043326169252,1,0.0802791940512282,0.4293116013985127,3.803033030512227,0.2750526644289494
3077,0.3269663393497466,0.0607070290435473,7.878365545216827,16,0.2356852881610393,4.745043326169252,1,0.0624541446168289,0.3748119452036917,3.803033030512227,0.2750526644289494
3078,0.3269663393497466,0.0607070290435473,7.878365545216827,16,0.2356852881610393,4.745043326169252,1,0.0624541446168289,0.4293116013985127,4.220832166507155,0.2750526644289494
3079,0.3269663393497466,0.0607070290435473,7.878365545216827,16,0.2356852881610393,4.745043326169252,1,0.0624541446168289,0.4293116013985127,3.803033030512227,0.2611063138581813
3080,0.1015296785160899,0.0990047147598874,7.961629323042286,8,0.2866640937980264,6.083352971822023,2,0.0802791940512282,0.3748119452036917,4.220832166507155,0.2611063138581813
3081,0.0420739078894257,0.2257762583474069,12.85304442042944,10,0.1083201076369732,7.428449215367436,3,0.1019208624491267,0.1114533589221537,1.4063737145821475,0.4261924020946026
3082,0.3732259478420019,0.2257762583474069,12.85304442042944,10,0.1083201076369732,7.428449215367436,3,0.1019208624491267,0.1114533589221537,1.4063737145821475,0.4261924020946026
3083,0.0420739078894257,0.0634581494906424,12.85304442042944,10,0.1083201076369732,7.428449215367436,3,0.1019208624491267,0.1114533589221537,1.4063737145821475,0.4261924020946026
3084,0.0420739078894257,0.2257762583474069,18.71164044937699,10,0.1083201076369732,7.428449215367436,3,0.1019208624491267,0.1114533589221537,1.4063737145821475,0.4261924020946026
3085,0.0420739078894257,0.2257762583474069,12.85304442042944,15,0.1083201076369732,7.428449215367436,3,0.1019208624491267,0.1114533589221537,1.4063737145821475,0.4261924020946026
3086,0.0420739078894257,0.2257762583474069,12.85304442042944,10,0.0812142367474734,7.428449215367436,3,0.1019208624491267,0.1114533589221537,1.4063737145821475,0.4261924020946026
3087,0.0420739078894257,0.2257762583474069,12.85304442042944,10,0.1083201076369732,2.539738729596138,3,0.1019208624491267,0.1114533589221537,1.4063737145821475,0.4261924020946026
3088,0.0420739078894257,0.2257762583474069,12.85304442042944,10,0.1083201076369732,7.428449215367436,1,0.1019208624491267,0.1114533589221537,1.4063737145821475,0.4261924020946026
3089,0.0420739078894257,0.2257762583474069,12.85304442042944,10,0.1083201076369732,7.428449215367436,3,0.2740562656179828,0.1114533589221537,1.4063737145821475,0.4261924020946026
3090,0.0420739078894257,0.2257762583474069,12.85304442042944,10,0.1083201076369732,7.428449215367436,3,0.1019208624491267,0.0583268927410245,1.4063737145821475,0.4261924020946026
3091,0.0420739078894257,0.2257762583474069,12.85304442042944,10,0.1083201076369732,7.428449215367436,3,0.1019208624491267,0.1114533589221537,1.2429735288282775,0.4261924020946026
3092,0.0420739078894257,0.2257762583474069,12.85304442042944,10,0.1083201076369732,7.428449215367436,3,0.1019208624491267,0.1114533589221537,1.4063737145821475,0.4489573200233281
3093,0.3732259478420019,0.0634581494906424,18.71164044937699,15,0.0812142367474734,2.539738729596138,1,0.2740562656179828,0.0583268927410245,1.2429735288282775,0.4489573200233281
3094,0.232833051122725,0.0391836043274737,6.122932595080426,10,0.135860900580883,5.709667555987835,2,0.1692953950843788,0.2255489761475473,2.6222609156401497,0.3417333983816206
3095,0.5980627510696649,0.0391836043274737,6.122932595080426,10,0.135860900580883,5.709667555987835,2,0.1692953950843788,0.2255489761475473,2.6222609156401497,0.3417333983816206
3096,0.232833051122725,0.1747156194595996,6.122932595080426,10,0.135860900580883,5.709667555987835,2,0.1692953950843788,0.2255489761475473,2.6222609156401497,0.3417333983816206
3097,0.232833051122725,0.0391836043274737,4.917859939623048,10,0.135860900580883,5.709667555987835,2,0.1692953950843788,0.2255489761475473,2.6222609156401497,0.3417333983816206
3098,0.232833051122725,0.0391836043274737,6.122932595080426,13,0.135860900580883,5.709667555987835,2,0.1692953950843788,0.2255489761475473,2.6222609156401497,0.3417333983816206
3099,0.232833051122725,0.0391836043274737,6.122932595080426,10,0.1757398794405162,5.709667555987835,2,0.1692953950843788,0.2255489761475473,2.6222609156401497,0.3417333983816206
3100,0.232833051122725,0.0391836043274737,6.122932595080426,10,0.135860900580883,4.100413929671049,2,0.1692953950843788,0.2255489761475473,2.6222609156401497,0.3417333983816206
3101,0.232833051122725,0.0391836043274737,6.122932595080426,10,0.135860900580883,5.709667555987835,3,0.1692953950843788,0.2255489761475473,2.6222609156401497,0.3417333983816206
3102,0.232833051122725,0.0391836043274737,6.122932595080426,10,0.135860900580883,5.709667555987835,2,0.1184876755341214,0.2255489761475473,2.6222609156401497,0.3417333983816206
3103,0.232833051122725,0.0391836043274737,6.122932595080426,10,0.135860900580883,5.709667555987835,2,0.1692953950843788,0.4117716249544173,2.6222609156401497,0.3417333983816206
3104,0.232833051122725,0.0391836043274737,6.122932595080426,10,0.135860900580883,5.709667555987835,2,0.1692953950843788,0.2255489761475473,7.947865363751442,0.3417333983816206
3105,0.232833051122725,0.0391836043274737,6.122932595080426,10,0.135860900580883,5.709667555987835,2,0.1692953950843788,0.2255489761475473,2.6222609156401497,0.3484759588725865
3106,0.5980627510696649,0.1747156194595996,4.917859939623048,13,0.1757398794405162,4.100413929671049,3,0.1184876755341214,0.4117716249544173,7.947865363751442,0.3484759588725865
3107,0.5839367061853409,0.1508187345616722,23.14118281237686,4,0.2555355224292725,2.299321299418807,2,0.036603625400141,0.315228146314621,7.691097924282047,0.1904560365714132
3108,0.1764026960358023,0.1508187345616722,23.14118281237686,4,0.2555355224292725,2.299321299418807,2,0.036603625400141,0.315228146314621,7.691097924282047,0.1904560365714132
3109,0.5839367061853409,0.0359343628210486,23.14118281237686,4,0.2555355224292725,2.299321299418807,2,0.036603625400141,0.315228146314621,7.691097924282047,0.1904560365714132
3110,0.5839367061853409,0.1508187345616722,12.5797209911605,4,0.2555355224292725,2.299321299418807,2,0.036603625400141,0.315228146314621,7.691097924282047,0.1904560365714132
3111,0.5839367061853409,0.1508187345616722,23.14118281237686,4,0.2555355224292725,2.299321299418807,2,0.036603625400141,0.315228146314621,7.691097924282047,0.1904560365714132
3112,0.5839367061853409,0.1508187345616722,23.14118281237686,4,0.1568705616053193,2.299321299418807,2,0.036603625400141,0.315228146314621,7.691097924282047,0.1904560365714132
3113,0.5839367061853409,0.1508187345616722,23.14118281237686,4,0.2555355224292725,7.264685474336147,2,0.036603625400141,0.315228146314621,7.691097924282047,0.1904560365714132
3114,0.5839367061853409,0.1508187345616722,23.14118281237686,4,0.2555355224292725,2.299321299418807,2,0.036603625400141,0.315228146314621,7.691097924282047,0.1904560365714132
3115,0.5839367061853409,0.1508187345616722,23.14118281237686,4,0.2555355224292725,2.299321299418807,2,0.030043726559479,0.315228146314621,7.691097924282047,0.1904560365714132
3116,0.5839367061853409,0.1508187345616722,23.14118281237686,4,0.2555355224292725,2.299321299418807,2,0.036603625400141,0.2499122760724276,7.691097924282047,0.1904560365714132
3117,0.5839367061853409,0.1508187345616722,23.14118281237686,4,0.2555355224292725,2.299321299418807,2,0.036603625400141,0.315228146314621,1.9905020953004933,0.1904560365714132
3118,0.5839367061853409,0.1508187345616722,23.14118281237686,4,0.2555355224292725,2.299321299418807,2,0.036603625400141,0.315228146314621,7.691097924282047,0.1600252822972834
3119,0.1764026960358023,0.0359343628210486,12.5797209911605,4,0.1568705616053193,7.264685474336147,2,0.030043726559479,0.2499122760724276,1.9905020953004933,0.1600252822972834
3120,0.5755518285557627,0.0351256636695155,7.3980187697471855,14,0.0543019491713494,7.545953663066029,3,0.1915560901226271,0.3776261884719133,2.3172977273342603,0.2012412096373736
3121,0.1479628007858991,0.0351256636695155,7.3980187697471855,14,0.0543019491713494,7.545953663066029,3,0.1915560901226271,0.3776261884719133,2.3172977273342603,0.2012412096373736
3122,0.5755518285557627,0.146499512638159,7.3980187697471855,14,0.0543019491713494,7.545953663066029,3,0.1915560901226271,0.3776261884719133,2.3172977273342603,0.2012412096373736
3123,0.5755518285557627,0.0351256636695155,10.33894472009938,14,0.0543019491713494,7.545953663066029,3,0.1915560901226271,0.3776261884719133,2.3172977273342603,0.2012412096373736
3124,0.5755518285557627,0.0351256636695155,7.3980187697471855,10,0.0543019491713494,7.545953663066029,3,0.1915560901226271,0.3776261884719133,2.3172977273342603,0.2012412096373736
3125,0.5755518285557627,0.0351256636695155,7.3980187697471855,14,0.2774272046051919,7.545953663066029,3,0.1915560901226271,0.3776261884719133,2.3172977273342603,0.2012412096373736
3126,0.5755518285557627,0.0351256636695155,7.3980187697471855,14,0.0543019491713494,6.8284619357436895,3,0.1915560901226271,0.3776261884719133,2.3172977273342603,0.2012412096373736
3127,0.5755518285557627,0.0351256636695155,7.3980187697471855,14,0.0543019491713494,7.545953663066029,1,0.1915560901226271,0.3776261884719133,2.3172977273342603,0.2012412096373736
3128,0.5755518285557627,0.0351256636695155,7.3980187697471855,14,0.0543019491713494,7.545953663066029,3,0.1003672072926445,0.3776261884719133,2.3172977273342603,0.2012412096373736
3129,0.5755518285557627,0.0351256636695155,7.3980187697471855,14,0.0543019491713494,7.545953663066029,3,0.1915560901226271,0.4675931181758642,2.3172977273342603,0.2012412096373736
3130,0.5755518285557627,0.0351256636695155,7.3980187697471855,14,0.0543019491713494,7.545953663066029,3,0.1915560901226271,0.3776261884719133,1.4986828451428396,0.2012412096373736
3131,0.5755518285557627,0.0351256636695155,7.3980187697471855,14,0.0543019491713494,7.545953663066029,3,0.1915560901226271,0.3776261884719133,2.3172977273342603,0.2081365319900214
3132,0.1479628007858991,0.146499512638159,10.33894472009938,10,0.2774272046051919,6.8284619357436895,1,0.1003672072926445,0.4675931181758642,1.4986828451428396,0.2081365319900214
3133,0.2622389908879995,0.1682458555714076,11.095279125927885,8,0.1769367635250091,4.956289011985064,1,0.0373569456998707,0.1895164853427559,6.745077948589251,0.3499551306478679
3134,0.3265044344589114,0.1682458555714076,11.095279125927885,8,0.1769367635250091,4.956289011985064,1,0.0373569456998707,0.1895164853427559,6.745077948589251,0.3499551306478679
3135,0.2622389908879995,0.0762611380476106,11.095279125927885,8,0.1769367635250091,4.956289011985064,1,0.0373569456998707,0.1895164853427559,6.745077948589251,0.3499551306478679
3136,0.2622389908879995,0.1682458555714076,5.986254967619277,8,0.1769367635250091,4.956289011985064,1,0.0373569456998707,0.1895164853427559,6.745077948589251,0.3499551306478679
3137,0.2622389908879995,0.1682458555714076,11.095279125927885,7,0.1769367635250091,4.956289011985064,1,0.0373569456998707,0.1895164853427559,6.745077948589251,0.3499551306478679
3138,0.2622389908879995,0.1682458555714076,11.095279125927885,8,0.0551732191350311,4.956289011985064,1,0.0373569456998707,0.1895164853427559,6.745077948589251,0.3499551306478679
3139,0.2622389908879995,0.1682458555714076,11.095279125927885,8,0.1769367635250091,4.794724011793733,1,0.0373569456998707,0.1895164853427559,6.745077948589251,0.3499551306478679
3140,0.2622389908879995,0.1682458555714076,11.095279125927885,8,0.1769367635250091,4.956289011985064,2,0.0373569456998707,0.1895164853427559,6.745077948589251,0.3499551306478679
3141,0.2622389908879995,0.1682458555714076,11.095279125927885,8,0.1769367635250091,4.956289011985064,1,0.0395992264847603,0.1895164853427559,6.745077948589251,0.3499551306478679
3142,0.2622389908879995,0.1682458555714076,11.095279125927885,8,0.1769367635250091,4.956289011985064,1,0.0373569456998707,0.19395517623052,6.745077948589251,0.3499551306478679
3143,0.2622389908879995,0.1682458555714076,11.095279125927885,8,0.1769367635250091,4.956289011985064,1,0.0373569456998707,0.1895164853427559,3.500828967643819,0.3499551306478679
3144,0.2622389908879995,0.1682458555714076,11.095279125927885,8,0.1769367635250091,4.956289011985064,1,0.0373569456998707,0.1895164853427559,6.745077948589251,0.3191147259436548
3145,0.3265044344589114,0.0762611380476106,5.986254967619277,7,0.0551732191350311,4.794724011793733,2,0.0395992264847603,0.19395517623052,3.500828967643819,0.3191147259436548
3146,0.0686231341212987,0.0545113093785278,4.345632716552072,12,0.2820865641813725,2.186846708878875,2,0.0711248924610599,0.0754155640490353,4.3740044893468255,0.4155176466330886
3147,0.5516293561086059,0.0545113093785278,4.345632716552072,12,0.2820865641813725,2.186846708878875,2,0.0711248924610599,0.0754155640490353,4.3740044893468255,0.4155176466330886
3148,0.0686231341212987,0.2768847908816352,4.345632716552072,12,0.2820865641813725,2.186846708878875,2,0.0711248924610599,0.0754155640490353,4.3740044893468255,0.4155176466330886
3149,0.0686231341212987,0.0545113093785278,22.766890867067605,12,0.2820865641813725,2.186846708878875,2,0.0711248924610599,0.0754155640490353,4.3740044893468255,0.4155176466330886
3150,0.0686231341212987,0.0545113093785278,4.345632716552072,9,0.2820865641813725,2.186846708878875,2,0.0711248924610599,0.0754155640490353,4.3740044893468255,0.4155176466330886
3151,0.0686231341212987,0.0545113093785278,4.345632716552072,12,0.2008609557058662,2.186846708878875,2,0.0711248924610599,0.0754155640490353,4.3740044893468255,0.4155176466330886
3152,0.0686231341212987,0.0545113093785278,4.345632716552072,12,0.2820865641813725,3.351013420149684,2,0.0711248924610599,0.0754155640490353,4.3740044893468255,0.4155176466330886
3153,0.0686231341212987,0.0545113093785278,4.345632716552072,12,0.2820865641813725,2.186846708878875,2,0.0711248924610599,0.0754155640490353,4.3740044893468255,0.4155176466330886
3154,0.0686231341212987,0.0545113093785278,4.345632716552072,12,0.2820865641813725,2.186846708878875,2,0.0848615893531163,0.0754155640490353,4.3740044893468255,0.4155176466330886
3155,0.0686231341212987,0.0545113093785278,4.345632716552072,12,0.2820865641813725,2.186846708878875,2,0.0711248924610599,0.318220986565575,4.3740044893468255,0.4155176466330886
3156,0.0686231341212987,0.0545113093785278,4.345632716552072,12,0.2820865641813725,2.186846708878875,2,0.0711248924610599,0.0754155640490353,2.821857170646947,0.4155176466330886
3157,0.0686231341212987,0.0545113093785278,4.345632716552072,12,0.2820865641813725,2.186846708878875,2,0.0711248924610599,0.0754155640490353,4.3740044893468255,0.3820960870943963
3158,0.5516293561086059,0.2768847908816352,22.766890867067605,9,0.2008609557058662,3.351013420149684,2,0.0848615893531163,0.318220986565575,2.821857170646947,0.3820960870943963
3159,0.3168971953913569,0.2514418772940625,16.88754302130005,6,0.1517611809074878,5.503428481519222,2,0.1033486133617852,0.4917182735633105,1.577779055575553,0.2666483810171485
3160,0.2231244821101427,0.2514418772940625,16.88754302130005,6,0.1517611809074878,5.503428481519222,2,0.1033486133617852,0.4917182735633105,1.577779055575553,0.2666483810171485
3161,0.3168971953913569,0.0403224016153351,16.88754302130005,6,0.1517611809074878,5.503428481519222,2,0.1033486133617852,0.4917182735633105,1.577779055575553,0.2666483810171485
3162,0.3168971953913569,0.2514418772940625,6.540546368184876,6,0.1517611809074878,5.503428481519222,2,0.1033486133617852,0.4917182735633105,1.577779055575553,0.2666483810171485
3163,0.3168971953913569,0.2514418772940625,16.88754302130005,14,0.1517611809074878,5.503428481519222,2,0.1033486133617852,0.4917182735633105,1.577779055575553,0.2666483810171485
3164,0.3168971953913569,0.2514418772940625,16.88754302130005,6,0.1670264310203492,5.503428481519222,2,0.1033486133617852,0.4917182735633105,1.577779055575553,0.2666483810171485
3165,0.3168971953913569,0.2514418772940625,16.88754302130005,6,0.1517611809074878,5.014174865558744,2,0.1033486133617852,0.4917182735633105,1.577779055575553,0.2666483810171485
3166,0.3168971953913569,0.2514418772940625,16.88754302130005,6,0.1517611809074878,5.503428481519222,3,0.1033486133617852,0.4917182735633105,1.577779055575553,0.2666483810171485
3167,0.3168971953913569,0.2514418772940625,16.88754302130005,6,0.1517611809074878,5.503428481519222,2,0.2484144705442434,0.4917182735633105,1.577779055575553,0.2666483810171485
3168,0.3168971953913569,0.2514418772940625,16.88754302130005,6,0.1517611809074878,5.503428481519222,2,0.1033486133617852,0.114833744848147,1.577779055575553,0.2666483810171485
3169,0.3168971953913569,0.2514418772940625,16.88754302130005,6,0.1517611809074878,5.503428481519222,2,0.1033486133617852,0.4917182735633105,5.605878307848565,0.2666483810171485
3170,0.3168971953913569,0.2514418772940625,16.88754302130005,6,0.1517611809074878,5.503428481519222,2,0.1033486133617852,0.4917182735633105,1.577779055575553,0.2717175635509193
3171,0.2231244821101427,0.0403224016153351,6.540546368184876,14,0.1670264310203492,5.014174865558744,3,0.2484144705442434,0.114833744848147,5.605878307848565,0.2717175635509193
3172,0.4304191410541534,0.0830701533248589,12.983744925171772,5,0.1247579573653638,6.510479960590601,2,0.0902461451611113,0.12689348757267,5.195610846148206,0.3998840703628957
3173,0.289208116941154,0.0830701533248589,12.983744925171772,5,0.1247579573653638,6.510479960590601,2,0.0902461451611113,0.12689348757267,5.195610846148206,0.3998840703628957
3174,0.4304191410541534,0.2235563603585253,12.983744925171772,5,0.1247579573653638,6.510479960590601,2,0.0902461451611113,0.12689348757267,5.195610846148206,0.3998840703628957
3175,0.4304191410541534,0.0830701533248589,4.053885490765882,5,0.1247579573653638,6.510479960590601,2,0.0902461451611113,0.12689348757267,5.195610846148206,0.3998840703628957
3176,0.4304191410541534,0.0830701533248589,12.983744925171772,15,0.1247579573653638,6.510479960590601,2,0.0902461451611113,0.12689348757267,5.195610846148206,0.3998840703628957
3177,0.4304191410541534,0.0830701533248589,12.983744925171772,5,0.1298048861324787,6.510479960590601,2,0.0902461451611113,0.12689348757267,5.195610846148206,0.3998840703628957
3178,0.4304191410541534,0.0830701533248589,12.983744925171772,5,0.1247579573653638,6.240308199077845,2,0.0902461451611113,0.12689348757267,5.195610846148206,0.3998840703628957
3179,0.4304191410541534,0.0830701533248589,12.983744925171772,5,0.1247579573653638,6.510479960590601,3,0.0902461451611113,0.12689348757267,5.195610846148206,0.3998840703628957
3180,0.4304191410541534,0.0830701533248589,12.983744925171772,5,0.1247579573653638,6.510479960590601,2,0.0574460636071425,0.12689348757267,5.195610846148206,0.3998840703628957
3181,0.4304191410541534,0.0830701533248589,12.983744925171772,5,0.1247579573653638,6.510479960590601,2,0.0902461451611113,0.4214912572409958,5.195610846148206,0.3998840703628957
3182,0.4304191410541534,0.0830701533248589,12.983744925171772,5,0.1247579573653638,6.510479960590601,2,0.0902461451611113,0.12689348757267,1.1554545644144358,0.3998840703628957
3183,0.4304191410541534,0.0830701533248589,12.983744925171772,5,0.1247579573653638,6.510479960590601,2,0.0902461451611113,0.12689348757267,5.195610846148206,0.1703439225442707
3184,0.289208116941154,0.2235563603585253,4.053885490765882,15,0.1298048861324787,6.240308199077845,3,0.0574460636071425,0.4214912572409958,1.1554545644144358,0.1703439225442707
3185,0.1074449205771088,0.223013124134006,8.64725844474789,11,0.2463551857043057,3.9438867438584566,2,0.1410068167692585,0.4411332155112177,1.784972313765989,0.2486071466468274
3186,0.4852545049041509,0.223013124134006,8.64725844474789,11,0.2463551857043057,3.9438867438584566,2,0.1410068167692585,0.4411332155112177,1.784972313765989,0.2486071466468274
3187,0.1074449205771088,0.0324488287720565,8.64725844474789,11,0.2463551857043057,3.9438867438584566,2,0.1410068167692585,0.4411332155112177,1.784972313765989,0.2486071466468274
3188,0.1074449205771088,0.223013124134006,15.320499338114091,11,0.2463551857043057,3.9438867438584566,2,0.1410068167692585,0.4411332155112177,1.784972313765989,0.2486071466468274
3189,0.1074449205771088,0.223013124134006,8.64725844474789,8,0.2463551857043057,3.9438867438584566,2,0.1410068167692585,0.4411332155112177,1.784972313765989,0.2486071466468274
3190,0.1074449205771088,0.223013124134006,8.64725844474789,11,0.2336808139923959,3.9438867438584566,2,0.1410068167692585,0.4411332155112177,1.784972313765989,0.2486071466468274
3191,0.1074449205771088,0.223013124134006,8.64725844474789,11,0.2463551857043057,2.324188768863678,2,0.1410068167692585,0.4411332155112177,1.784972313765989,0.2486071466468274
3192,0.1074449205771088,0.223013124134006,8.64725844474789,11,0.2463551857043057,3.9438867438584566,2,0.1410068167692585,0.4411332155112177,1.784972313765989,0.2486071466468274
3193,0.1074449205771088,0.223013124134006,8.64725844474789,11,0.2463551857043057,3.9438867438584566,2,0.1959443435257198,0.4411332155112177,1.784972313765989,0.2486071466468274
3194,0.1074449205771088,0.223013124134006,8.64725844474789,11,0.2463551857043057,3.9438867438584566,2,0.1410068167692585,0.2453562247101217,1.784972313765989,0.2486071466468274
3195,0.1074449205771088,0.223013124134006,8.64725844474789,11,0.2463551857043057,3.9438867438584566,2,0.1410068167692585,0.4411332155112177,4.540824090207409,0.2486071466468274
3196,0.1074449205771088,0.223013124134006,8.64725844474789,11,0.2463551857043057,3.9438867438584566,2,0.1410068167692585,0.4411332155112177,1.784972313765989,0.3569069073535502
3197,0.4852545049041509,0.0324488287720565,15.320499338114091,8,0.2336808139923959,2.324188768863678,2,0.1959443435257198,0.2453562247101217,4.540824090207409,0.3569069073535502
3198,0.223717045225203,0.0410313611942093,22.09873175518666,9,0.2113883203826844,3.0116803124547005,3,0.2496666391645044,0.3306526259519159,1.2152965464698935,0.1829173067584633
3199,0.4103841338306665,0.0410313611942093,22.09873175518666,9,0.2113883203826844,3.0116803124547005,3,0.2496666391645044,0.3306526259519159,1.2152965464698935,0.1829173067584633
3200,0.223717045225203,0.1178196593129193,22.09873175518666,9,0.2113883203826844,3.0116803124547005,3,0.2496666391645044,0.3306526259519159,1.2152965464698935,0.1829173067584633
3201,0.223717045225203,0.0410313611942093,9.675102029261312,9,0.2113883203826844,3.0116803124547005,3,0.2496666391645044,0.3306526259519159,1.2152965464698935,0.1829173067584633
3202,0.223717045225203,0.0410313611942093,22.09873175518666,4,0.2113883203826844,3.0116803124547005,3,0.2496666391645044,0.3306526259519159,1.2152965464698935,0.1829173067584633
3203,0.223717045225203,0.0410313611942093,22.09873175518666,9,0.0843083331827074,3.0116803124547005,3,0.2496666391645044,0.3306526259519159,1.2152965464698935,0.1829173067584633
3204,0.223717045225203,0.0410313611942093,22.09873175518666,9,0.2113883203826844,3.5773149989545345,3,0.2496666391645044,0.3306526259519159,1.2152965464698935,0.1829173067584633
3205,0.223717045225203,0.0410313611942093,22.09873175518666,9,0.2113883203826844,3.0116803124547005,2,0.2496666391645044,0.3306526259519159,1.2152965464698935,0.1829173067584633
3206,0.223717045225203,0.0410313611942093,22.09873175518666,9,0.2113883203826844,3.0116803124547005,3,0.1655235219323809,0.3306526259519159,1.2152965464698935,0.1829173067584633
3207,0.223717045225203,0.0410313611942093,22.09873175518666,9,0.2113883203826844,3.0116803124547005,3,0.2496666391645044,0.3423509422689676,1.2152965464698935,0.1829173067584633
3208,0.223717045225203,0.0410313611942093,22.09873175518666,9,0.2113883203826844,3.0116803124547005,3,0.2496666391645044,0.3306526259519159,2.1755091913503457,0.1829173067584633
3209,0.223717045225203,0.0410313611942093,22.09873175518666,9,0.2113883203826844,3.0116803124547005,3,0.2496666391645044,0.3306526259519159,1.2152965464698935,0.4204743490554392
3210,0.4103841338306665,0.1178196593129193,9.675102029261312,4,0.0843083331827074,3.5773149989545345,2,0.1655235219323809,0.3423509422689676,2.1755091913503457,0.4204743490554392
3211,0.4617300420999526,0.1065578789617435,5.682575814534724,15,0.0821005315054208,6.35133351944387,1,0.0523557414534944,0.2373549412470311,3.369110911771158,0.3340571964159608
3212,0.0643742462620139,0.1065578789617435,5.682575814534724,15,0.0821005315054208,6.35133351944387,1,0.0523557414534944,0.2373549412470311,3.369110911771158,0.3340571964159608
3213,0.4617300420999526,0.0615433503360122,5.682575814534724,15,0.0821005315054208,6.35133351944387,1,0.0523557414534944,0.2373549412470311,3.369110911771158,0.3340571964159608
3214,0.4617300420999526,0.1065578789617435,15.336840201788345,15,0.0821005315054208,6.35133351944387,1,0.0523557414534944,0.2373549412470311,3.369110911771158,0.3340571964159608
3215,0.4617300420999526,0.1065578789617435,5.682575814534724,12,0.0821005315054208,6.35133351944387,1,0.0523557414534944,0.2373549412470311,3.369110911771158,0.3340571964159608
3216,0.4617300420999526,0.1065578789617435,5.682575814534724,15,0.2517181627452373,6.35133351944387,1,0.0523557414534944,0.2373549412470311,3.369110911771158,0.3340571964159608
3217,0.4617300420999526,0.1065578789617435,5.682575814534724,15,0.0821005315054208,7.869813777506351,1,0.0523557414534944,0.2373549412470311,3.369110911771158,0.3340571964159608
3218,0.4617300420999526,0.1065578789617435,5.682575814534724,15,0.0821005315054208,6.35133351944387,1,0.0523557414534944,0.2373549412470311,3.369110911771158,0.3340571964159608
3219,0.4617300420999526,0.1065578789617435,5.682575814534724,15,0.0821005315054208,6.35133351944387,1,0.0420289758979463,0.2373549412470311,3.369110911771158,0.3340571964159608
3220,0.4617300420999526,0.1065578789617435,5.682575814534724,15,0.0821005315054208,6.35133351944387,1,0.0523557414534944,0.0959514766000211,3.369110911771158,0.3340571964159608
3221,0.4617300420999526,0.1065578789617435,5.682575814534724,15,0.0821005315054208,6.35133351944387,1,0.0523557414534944,0.2373549412470311,7.271510425747766,0.3340571964159608
3222,0.4617300420999526,0.1065578789617435,5.682575814534724,15,0.0821005315054208,6.35133351944387,1,0.0523557414534944,0.2373549412470311,3.369110911771158,0.233339159656316
3223,0.0643742462620139,0.0615433503360122,15.336840201788345,12,0.2517181627452373,7.869813777506351,1,0.0420289758979463,0.0959514766000211,7.271510425747766,0.233339159656316
3224,0.4999757571145892,0.0628940176283867,21.329694127447308,10,0.196404466824606,5.022949885576963,2,0.0779661376862705,0.1360260903369635,1.341335240810207,0.3149782698601484
3225,0.083634010143578,0.0628940176283867,21.329694127447308,10,0.196404466824606,5.022949885576963,2,0.0779661376862705,0.1360260903369635,1.341335240810207,0.3149782698601484
3226,0.4999757571145892,0.0386393598793093,21.329694127447308,10,0.196404466824606,5.022949885576963,2,0.0779661376862705,0.1360260903369635,1.341335240810207,0.3149782698601484
3227,0.4999757571145892,0.0628940176283867,8.381091911905806,10,0.196404466824606,5.022949885576963,2,0.0779661376862705,0.1360260903369635,1.341335240810207,0.3149782698601484
3228,0.4999757571145892,0.0628940176283867,21.329694127447308,10,0.196404466824606,5.022949885576963,2,0.0779661376862705,0.1360260903369635,1.341335240810207,0.3149782698601484
3229,0.4999757571145892,0.0628940176283867,21.329694127447308,10,0.1197296180296689,5.022949885576963,2,0.0779661376862705,0.1360260903369635,1.341335240810207,0.3149782698601484
3230,0.4999757571145892,0.0628940176283867,21.329694127447308,10,0.196404466824606,3.037003070116043,2,0.0779661376862705,0.1360260903369635,1.341335240810207,0.3149782698601484
3231,0.4999757571145892,0.0628940176283867,21.329694127447308,10,0.196404466824606,5.022949885576963,3,0.0779661376862705,0.1360260903369635,1.341335240810207,0.3149782698601484
3232,0.4999757571145892,0.0628940176283867,21.329694127447308,10,0.196404466824606,5.022949885576963,2,0.0677091887562471,0.1360260903369635,1.341335240810207,0.3149782698601484
3233,0.4999757571145892,0.0628940176283867,21.329694127447308,10,0.196404466824606,5.022949885576963,2,0.0779661376862705,0.2973897858522832,1.341335240810207,0.3149782698601484
3234,0.4999757571145892,0.0628940176283867,21.329694127447308,10,0.196404466824606,5.022949885576963,2,0.0779661376862705,0.1360260903369635,1.081589044346646,0.3149782698601484
3235,0.4999757571145892,0.0628940176283867,21.329694127447308,10,0.196404466824606,5.022949885576963,2,0.0779661376862705,0.1360260903369635,1.341335240810207,0.3421975060366094
3236,0.083634010143578,0.0386393598793093,8.381091911905806,10,0.1197296180296689,3.037003070116043,3,0.0677091887562471,0.2973897858522832,1.081589044346646,0.3421975060366094
3237,0.1854518394917249,0.29060822357279,5.33807406960008,5,0.066078972723335,2.4329277966171503,2,0.1632157330434822,0.397696663159877,3.9682472034077896,0.1661911156028509
3238,0.3556694291532039,0.29060822357279,5.33807406960008,5,0.066078972723335,2.4329277966171503,2,0.1632157330434822,0.397696663159877,3.9682472034077896,0.1661911156028509
3239,0.1854518394917249,0.1876621154318586,5.33807406960008,5,0.066078972723335,2.4329277966171503,2,0.1632157330434822,0.397696663159877,3.9682472034077896,0.1661911156028509
3240,0.1854518394917249,0.29060822357279,18.08890017177157,5,0.066078972723335,2.4329277966171503,2,0.1632157330434822,0.397696663159877,3.9682472034077896,0.1661911156028509
3241,0.1854518394917249,0.29060822357279,5.33807406960008,14,0.066078972723335,2.4329277966171503,2,0.1632157330434822,0.397696663159877,3.9682472034077896,0.1661911156028509
3242,0.1854518394917249,0.29060822357279,5.33807406960008,5,0.216785224340856,2.4329277966171503,2,0.1632157330434822,0.397696663159877,3.9682472034077896,0.1661911156028509
3243,0.1854518394917249,0.29060822357279,5.33807406960008,5,0.066078972723335,5.492249850183725,2,0.1632157330434822,0.397696663159877,3.9682472034077896,0.1661911156028509
3244,0.1854518394917249,0.29060822357279,5.33807406960008,5,0.066078972723335,2.4329277966171503,2,0.1632157330434822,0.397696663159877,3.9682472034077896,0.1661911156028509
3245,0.1854518394917249,0.29060822357279,5.33807406960008,5,0.066078972723335,2.4329277966171503,2,0.1719480637728808,0.397696663159877,3.9682472034077896,0.1661911156028509
3246,0.1854518394917249,0.29060822357279,5.33807406960008,5,0.066078972723335,2.4329277966171503,2,0.1632157330434822,0.1357493001967668,3.9682472034077896,0.1661911156028509
3247,0.1854518394917249,0.29060822357279,5.33807406960008,5,0.066078972723335,2.4329277966171503,2,0.1632157330434822,0.397696663159877,3.732992367498965,0.1661911156028509
3248,0.1854518394917249,0.29060822357279,5.33807406960008,5,0.066078972723335,2.4329277966171503,2,0.1632157330434822,0.397696663159877,3.9682472034077896,0.1568189243786037
3249,0.3556694291532039,0.1876621154318586,18.08890017177157,14,0.216785224340856,5.492249850183725,2,0.1719480637728808,0.1357493001967668,3.732992367498965,0.1568189243786037
3250,0.1441800009459257,0.0304434461739949,14.016894292174973,15,0.1712336749304085,4.522728309035301,3,0.2888475572896748,0.2836180536542088,7.43477638462725,0.231898118276149
3251,0.58083605915308,0.0304434461739949,14.016894292174973,15,0.1712336749304085,4.522728309035301,3,0.2888475572896748,0.2836180536542088,7.43477638462725,0.231898118276149
3252,0.1441800009459257,0.0683012872946931,14.016894292174973,15,0.1712336749304085,4.522728309035301,3,0.2888475572896748,0.2836180536542088,7.43477638462725,0.231898118276149
3253,0.1441800009459257,0.0304434461739949,4.680933841989957,15,0.1712336749304085,4.522728309035301,3,0.2888475572896748,0.2836180536542088,7.43477638462725,0.231898118276149
3254,0.1441800009459257,0.0304434461739949,14.016894292174973,11,0.1712336749304085,4.522728309035301,3,0.2888475572896748,0.2836180536542088,7.43477638462725,0.231898118276149
3255,0.1441800009459257,0.0304434461739949,14.016894292174973,15,0.102729926072061,4.522728309035301,3,0.2888475572896748,0.2836180536542088,7.43477638462725,0.231898118276149
3256,0.1441800009459257,0.0304434461739949,14.016894292174973,15,0.1712336749304085,7.14689577370882,3,0.2888475572896748,0.2836180536542088,7.43477638462725,0.231898118276149
3257,0.1441800009459257,0.0304434461739949,14.016894292174973,15,0.1712336749304085,4.522728309035301,2,0.2888475572896748,0.2836180536542088,7.43477638462725,0.231898118276149
3258,0.1441800009459257,0.0304434461739949,14.016894292174973,15,0.1712336749304085,4.522728309035301,3,0.1452324983938875,0.2836180536542088,7.43477638462725,0.231898118276149
3259,0.1441800009459257,0.0304434461739949,14.016894292174973,15,0.1712336749304085,4.522728309035301,3,0.2888475572896748,0.4889749261084944,7.43477638462725,0.231898118276149
3260,0.1441800009459257,0.0304434461739949,14.016894292174973,15,0.1712336749304085,4.522728309035301,3,0.2888475572896748,0.2836180536542088,1.79279812701259,0.231898118276149
3261,0.1441800009459257,0.0304434461739949,14.016894292174973,15,0.1712336749304085,4.522728309035301,3,0.2888475572896748,0.2836180536542088,7.43477638462725,0.2479252497665584
3262,0.58083605915308,0.0683012872946931,4.680933841989957,11,0.102729926072061,7.14689577370882,2,0.1452324983938875,0.4889749261084944,1.79279812701259,0.2479252497665584
3263,0.393664569966495,0.1455679766335289,9.085573416581012,10,0.2938683933578431,7.8389583658427,1,0.045253789774338,0.2501404922455549,2.7257819817364486,0.3808406350202858
3264,0.1587644258514046,0.1455679766335289,9.085573416581012,10,0.2938683933578431,7.8389583658427,1,0.045253789774338,0.2501404922455549,2.7257819817364486,0.3808406350202858
3265,0.393664569966495,0.1062061195759653,9.085573416581012,10,0.2938683933578431,7.8389583658427,1,0.045253789774338,0.2501404922455549,2.7257819817364486,0.3808406350202858
3266,0.393664569966495,0.1455679766335289,12.987205541701549,10,0.2938683933578431,7.8389583658427,1,0.045253789774338,0.2501404922455549,2.7257819817364486,0.3808406350202858
3267,0.393664569966495,0.1455679766335289,9.085573416581012,6,0.2938683933578431,7.8389583658427,1,0.045253789774338,0.2501404922455549,2.7257819817364486,0.3808406350202858
3268,0.393664569966495,0.1455679766335289,9.085573416581012,10,0.2612440012861043,7.8389583658427,1,0.045253789774338,0.2501404922455549,2.7257819817364486,0.3808406350202858
3269,0.393664569966495,0.1455679766335289,9.085573416581012,10,0.2938683933578431,4.312225516885519,1,0.045253789774338,0.2501404922455549,2.7257819817364486,0.3808406350202858
3270,0.393664569966495,0.1455679766335289,9.085573416581012,10,0.2938683933578431,7.8389583658427,1,0.045253789774338,0.2501404922455549,2.7257819817364486,0.3808406350202858
3271,0.393664569966495,0.1455679766335289,9.085573416581012,10,0.2938683933578431,7.8389583658427,1,0.0495446598222698,0.2501404922455549,2.7257819817364486,0.3808406350202858
3272,0.393664569966495,0.1455679766335289,9.085573416581012,10,0.2938683933578431,7.8389583658427,1,0.045253789774338,0.1727087402250617,2.7257819817364486,0.3808406350202858
3273,0.393664569966495,0.1455679766335289,9.085573416581012,10,0.2938683933578431,7.8389583658427,1,0.045253789774338,0.2501404922455549,6.817887791584041,0.3808406350202858
3274,0.393664569966495,0.1455679766335289,9.085573416581012,10,0.2938683933578431,7.8389583658427,1,0.045253789774338,0.2501404922455549,2.7257819817364486,0.4339035018347204
3275,0.1587644258514046,0.1062061195759653,12.987205541701549,6,0.2612440012861043,4.312225516885519,1,0.0495446598222698,0.1727087402250617,6.817887791584041,0.4339035018347204
3276,0.3548404946923256,0.0474484476104484,4.498499363221867,8,0.2658276736736297,6.034940356388688,3,0.2214773186507527,0.3333107340615243,3.0566671675437003,0.2839502267539501
3277,0.2435608394443988,0.0474484476104484,4.498499363221867,8,0.2658276736736297,6.034940356388688,3,0.2214773186507527,0.3333107340615243,3.0566671675437003,0.2839502267539501
3278,0.3548404946923256,0.0844994013079939,4.498499363221867,8,0.2658276736736297,6.034940356388688,3,0.2214773186507527,0.3333107340615243,3.0566671675437003,0.2839502267539501
3279,0.3548404946923256,0.0474484476104484,21.444562706023767,8,0.2658276736736297,6.034940356388688,3,0.2214773186507527,0.3333107340615243,3.0566671675437003,0.2839502267539501
3280,0.3548404946923256,0.0474484476104484,4.498499363221867,5,0.2658276736736297,6.034940356388688,3,0.2214773186507527,0.3333107340615243,3.0566671675437003,0.2839502267539501
3281,0.3548404946923256,0.0474484476104484,4.498499363221867,8,0.2982824537437409,6.034940356388688,3,0.2214773186507527,0.3333107340615243,3.0566671675437003,0.2839502267539501
3282,0.3548404946923256,0.0474484476104484,4.498499363221867,8,0.2658276736736297,4.035217994824052,3,0.2214773186507527,0.3333107340615243,3.0566671675437003,0.2839502267539501
3283,0.3548404946923256,0.0474484476104484,4.498499363221867,8,0.2658276736736297,6.034940356388688,1,0.2214773186507527,0.3333107340615243,3.0566671675437003,0.2839502267539501
3284,0.3548404946923256,0.0474484476104484,4.498499363221867,8,0.2658276736736297,6.034940356388688,3,0.1145644012010842,0.3333107340615243,3.0566671675437003,0.2839502267539501
3285,0.3548404946923256,0.0474484476104484,4.498499363221867,8,0.2658276736736297,6.034940356388688,3,0.2214773186507527,0.3637321332935244,3.0566671675437003,0.2839502267539501
3286,0.3548404946923256,0.0474484476104484,4.498499363221867,8,0.2658276736736297,6.034940356388688,3,0.2214773186507527,0.3333107340615243,1.4023526165198763,0.2839502267539501
3287,0.3548404946923256,0.0474484476104484,4.498499363221867,8,0.2658276736736297,6.034940356388688,3,0.2214773186507527,0.3333107340615243,3.0566671675437003,0.3055756249465048
3288,0.2435608394443988,0.0844994013079939,21.444562706023767,5,0.2982824537437409,4.035217994824052,1,0.1145644012010842,0.3637321332935244,1.4023526165198763,0.3055756249465048
3289,0.0306603441014885,0.1228814483974515,17.993636213814135,14,0.1365397888701409,3.468721743673086,1,0.0323099593963196,0.1977701776660979,1.033205623936736,0.4351539172232151
3290,0.4957472132518887,0.1228814483974515,17.993636213814135,14,0.1365397888701409,3.468721743673086,1,0.0323099593963196,0.1977701776660979,1.033205623936736,0.4351539172232151
3291,0.0306603441014885,0.1321247669275164,17.993636213814135,14,0.1365397888701409,3.468721743673086,1,0.0323099593963196,0.1977701776660979,1.033205623936736,0.4351539172232151
3292,0.0306603441014885,0.1228814483974515,7.094095307600712,14,0.1365397888701409,3.468721743673086,1,0.0323099593963196,0.1977701776660979,1.033205623936736,0.4351539172232151
3293,0.0306603441014885,0.1228814483974515,17.993636213814135,12,0.1365397888701409,3.468721743673086,1,0.0323099593963196,0.1977701776660979,1.033205623936736,0.4351539172232151
3294,0.0306603441014885,0.1228814483974515,17.993636213814135,14,0.0691165939904749,3.468721743673086,1,0.0323099593963196,0.1977701776660979,1.033205623936736,0.4351539172232151
3295,0.0306603441014885,0.1228814483974515,17.993636213814135,14,0.1365397888701409,7.622846147045493,1,0.0323099593963196,0.1977701776660979,1.033205623936736,0.4351539172232151
3296,0.0306603441014885,0.1228814483974515,17.993636213814135,14,0.1365397888701409,3.468721743673086,2,0.0323099593963196,0.1977701776660979,1.033205623936736,0.4351539172232151
3297,0.0306603441014885,0.1228814483974515,17.993636213814135,14,0.1365397888701409,3.468721743673086,1,0.0335410735311635,0.1977701776660979,1.033205623936736,0.4351539172232151
3298,0.0306603441014885,0.1228814483974515,17.993636213814135,14,0.1365397888701409,3.468721743673086,1,0.0323099593963196,0.074706140300259,1.033205623936736,0.4351539172232151
3299,0.0306603441014885,0.1228814483974515,17.993636213814135,14,0.1365397888701409,3.468721743673086,1,0.0323099593963196,0.1977701776660979,2.8790899848325475,0.4351539172232151
3300,0.0306603441014885,0.1228814483974515,17.993636213814135,14,0.1365397888701409,3.468721743673086,1,0.0323099593963196,0.1977701776660979,1.033205623936736,0.1934403774328529
3301,0.4957472132518887,0.1321247669275164,7.094095307600712,12,0.0691165939904749,7.622846147045493,2,0.0335410735311635,0.074706140300259,2.8790899848325475,0.1934403774328529
3302,0.2992759147658944,0.0718367871976872,6.846924332380093,6,0.1015682287514209,3.6743199210613966,2,0.0614079435718787,0.0873222129885107,2.099551607981512,0.3696131327189506
3303,0.4209096813574433,0.0718367871976872,6.846924332380093,6,0.1015682287514209,3.6743199210613966,2,0.0614079435718787,0.0873222129885107,2.099551607981512,0.3696131327189506
3304,0.2992759147658944,0.0480989579866379,6.846924332380093,6,0.1015682287514209,3.6743199210613966,2,0.0614079435718787,0.0873222129885107,2.099551607981512,0.3696131327189506
3305,0.2992759147658944,0.0718367871976872,10.97371324617228,6,0.1015682287514209,3.6743199210613966,2,0.0614079435718787,0.0873222129885107,2.099551607981512,0.3696131327189506
3306,0.2992759147658944,0.0718367871976872,6.846924332380093,15,0.1015682287514209,3.6743199210613966,2,0.0614079435718787,0.0873222129885107,2.099551607981512,0.3696131327189506
3307,0.2992759147658944,0.0718367871976872,6.846924332380093,6,0.1873449475504457,3.6743199210613966,2,0.0614079435718787,0.0873222129885107,2.099551607981512,0.3696131327189506
3308,0.2992759147658944,0.0718367871976872,6.846924332380093,6,0.1015682287514209,5.78378458507359,2,0.0614079435718787,0.0873222129885107,2.099551607981512,0.3696131327189506
3309,0.2992759147658944,0.0718367871976872,6.846924332380093,6,0.1015682287514209,3.6743199210613966,2,0.0614079435718787,0.0873222129885107,2.099551607981512,0.3696131327189506
3310,0.2992759147658944,0.0718367871976872,6.846924332380093,6,0.1015682287514209,3.6743199210613966,2,0.0718686945682058,0.0873222129885107,2.099551607981512,0.3696131327189506
3311,0.2992759147658944,0.0718367871976872,6.846924332380093,6,0.1015682287514209,3.6743199210613966,2,0.0614079435718787,0.4006589568220079,2.099551607981512,0.3696131327189506
3312,0.2992759147658944,0.0718367871976872,6.846924332380093,6,0.1015682287514209,3.6743199210613966,2,0.0614079435718787,0.0873222129885107,2.324538184136073,0.3696131327189506
3313,0.2992759147658944,0.0718367871976872,6.846924332380093,6,0.1015682287514209,3.6743199210613966,2,0.0614079435718787,0.0873222129885107,2.099551607981512,0.2851327833719551
3314,0.4209096813574433,0.0480989579866379,10.97371324617228,15,0.1873449475504457,5.78378458507359,2,0.0718686945682058,0.4006589568220079,2.324538184136073,0.2851327833719551
3315,0.5384954139590263,0.1933917207873836,10.56954163637799,12,0.2231653462629765,7.014353454113007,2,0.119702016786474,0.4438047908246517,5.726685617586063,0.2185464941896498
3316,0.0186862617731094,0.1933917207873836,10.56954163637799,12,0.2231653462629765,7.014353454113007,2,0.119702016786474,0.4438047908246517,5.726685617586063,0.2185464941896498
3317,0.5384954139590263,0.2322797912573871,10.56954163637799,12,0.2231653462629765,7.014353454113007,2,0.119702016786474,0.4438047908246517,5.726685617586063,0.2185464941896498
3318,0.5384954139590263,0.1933917207873836,5.520215512583027,12,0.2231653462629765,7.014353454113007,2,0.119702016786474,0.4438047908246517,5.726685617586063,0.2185464941896498
3319,0.5384954139590263,0.1933917207873836,10.56954163637799,7,0.2231653462629765,7.014353454113007,2,0.119702016786474,0.4438047908246517,5.726685617586063,0.2185464941896498
3320,0.5384954139590263,0.1933917207873836,10.56954163637799,12,0.1447672564070671,7.014353454113007,2,0.119702016786474,0.4438047908246517,5.726685617586063,0.2185464941896498
3321,0.5384954139590263,0.1933917207873836,10.56954163637799,12,0.2231653462629765,2.569777039811015,2,0.119702016786474,0.4438047908246517,5.726685617586063,0.2185464941896498
3322,0.5384954139590263,0.1933917207873836,10.56954163637799,12,0.2231653462629765,7.014353454113007,3,0.119702016786474,0.4438047908246517,5.726685617586063,0.2185464941896498
3323,0.5384954139590263,0.1933917207873836,10.56954163637799,12,0.2231653462629765,7.014353454113007,2,0.283593428188146,0.4438047908246517,5.726685617586063,0.2185464941896498
3324,0.5384954139590263,0.1933917207873836,10.56954163637799,12,0.2231653462629765,7.014353454113007,2,0.119702016786474,0.266272396966815,5.726685617586063,0.2185464941896498
3325,0.5384954139590263,0.1933917207873836,10.56954163637799,12,0.2231653462629765,7.014353454113007,2,0.119702016786474,0.4438047908246517,5.2582071108684,0.2185464941896498
3326,0.5384954139590263,0.1933917207873836,10.56954163637799,12,0.2231653462629765,7.014353454113007,2,0.119702016786474,0.4438047908246517,5.726685617586063,0.3966958262957633
3327,0.0186862617731094,0.2322797912573871,5.520215512583027,7,0.1447672564070671,2.569777039811015,3,0.283593428188146,0.266272396966815,5.2582071108684,0.3966958262957633
