success,t_found,N_max,n_M,n_F,s_mean,s_med,s_max,frac_s0,age_med,age_min,age_max,n_desc,n_desc_ad,s_desc_ad,s_desc_all,s_desc_mat,rep,phase,t_snap,t_pk,t_pk_arg,early_D,S_snap
1.0,20.0,87.0,4,4,1.0,1.0,1.0,0.0,11.0,11.0,11.0,,,,,,0,B,7.0,54.0,76.0,False,0.5536747325721961
1.0,120.0,84.0,4,4,1.0,1.0,1.0,0.0,11.0,11.0,11.0,,,,,,1,B,7.0,46.0,74.0,False,0.5757011425586334
1.0,27.0,90.0,4,4,1.0,1.0,1.0,0.0,10.0,10.0,10.0,,,,,,2,B,6.0,50.0,72.0,False,0.6359695743272629
1.0,18.0,89.0,4,4,1.0,1.0,1.0,0.0,10.0,10.0,10.0,,,,,,3,B,6.0,48.0,63.0,False,0.5874186626768445
1.0,72.0,89.0,4,4,1.0,1.0,1.0,0.0,10.0,10.0,10.0,,,,,,4,B,6.0,44.0,75.0,False,0.5740545787487207
1.0,30.0,84.0,4,4,0.9894275104968334,1.0,1.0,0.0,11.0,11.0,11.0,,,,,,5,B,7.0,54.0,74.0,False,0.5714551771459118
1.0,37.0,93.0,4,4,1.0,1.0,1.0,0.0,10.0,10.0,10.0,,,,,,6,B,6.0,56.0,73.0,False,0.6211901749672754
1.0,31.0,83.0,4,4,0.9359463416499798,1.0,1.0,0.0,12.0,6.0,12.0,,,,,,7,B,8.0,59.0,69.0,False,0.5896389191683892
1.0,36.0,85.0,4,4,1.0,1.0,1.0,0.0,11.0,11.0,11.0,,,,,,8,B,7.0,49.0,69.0,False,0.560442555798737
1.0,61.0,83.0,4,4,0.8368421052631578,1.0,1.0,0.0,11.0,11.0,11.0,,,,,,9,B,7.0,42.0,52.0,False,0.5329867892101968
1.0,33.0,82.0,4,4,1.0,1.0,1.0,0.0,10.0,10.0,10.0,,,,,,10,B,6.0,45.0,76.0,False,0.5921519549352923
1.0,30.0,88.0,4,4,0.875,1.0,1.0,0.125,10.0,10.0,10.0,,,,,,11,B,6.0,53.0,71.0,False,0.5710271469993068
1.0,20.0,84.0,4,4,1.0,1.0,1.0,0.0,11.0,11.0,11.0,,,,,,12,B,7.0,54.0,67.0,False,0.5837640891460373
1.0,26.0,81.0,4,4,1.0,1.0,1.0,0.0,10.0,10.0,10.0,,,,,,13,B,6.0,44.0,69.0,False,0.585410585804241
1.0,15.0,88.0,4,4,0.9393726493495516,1.0,1.0,0.0,12.0,6.0,12.0,,,,,,14,B,8.0,54.0,79.0,False,0.5370823129128631
1.0,26.0,81.0,4,4,0.9726773383515166,1.0,1.0,0.0,10.0,10.0,10.0,,,,,,15,B,6.0,60.0,76.0,False,0.5903488502270577
1.0,37.0,88.0,4,4,1.0,1.0,1.0,0.0,11.0,11.0,11.0,,,,,,16,B,7.0,41.0,68.0,False,0.5714899851744886
1.0,28.0,81.0,4,4,1.0,1.0,1.0,0.0,10.0,10.0,10.0,,,,,,17,B,6.0,53.0,69.0,False,0.592222156824038
1.0,62.0,80.0,4,4,0.9683570081436299,1.0,1.0,0.0,10.0,10.0,10.0,,,,,,18,B,6.0,40.0,66.0,False,0.5912859377686834
1.0,33.0,83.0,4,4,1.0,1.0,1.0,0.0,10.0,10.0,10.0,,,,,,19,B,6.0,54.0,72.0,False,0.609056984149888
1.0,19.0,82.0,4,4,0.9076514728222598,1.0,1.0,0.0,11.0,11.0,11.0,,,,,,20,B,7.0,47.0,79.0,False,0.5604525413714999
1.0,28.0,83.0,4,4,1.0,1.0,1.0,0.0,11.0,11.0,11.0,,,,,,21,B,7.0,51.0,77.0,False,0.6048930357158903
1.0,20.0,86.0,4,4,1.0,1.0,1.0,0.0,11.0,11.0,11.0,,,,,,22,B,7.0,51.0,83.0,False,0.5961562458824249
1.0,34.0,95.0,4,4,0.9286476127213252,1.0,1.0,0.0,11.0,11.0,11.0,,,,,,23,B,7.0,47.0,75.0,False,0.6013414780449964
1.0,89.0,90.0,4,4,1.0,1.0,1.0,0.0,11.0,11.0,11.0,,,,,,24,B,7.0,44.0,64.0,False,0.5568291625631582
1.0,32.0,82.0,4,4,1.0,1.0,1.0,0.0,11.0,11.0,11.0,,,,,,25,B,7.0,48.0,77.0,False,0.6229362622164851
1.0,26.0,92.0,4,4,1.0,1.0,1.0,0.0,10.0,10.0,10.0,,,,,,26,B,6.0,42.0,67.0,False,0.5884118821602852
1.0,20.0,93.0,4,4,1.0,1.0,1.0,0.0,11.0,11.0,11.0,,,,,,27,B,7.0,47.0,69.0,False,0.6178954047719586
1.0,45.0,91.0,4,4,0.9511771412335577,1.0,1.0,0.0,11.0,11.0,11.0,,,,,,28,B,7.0,49.0,75.0,False,0.5654395523639817
1.0,28.0,92.0,4,4,0.9285570725067327,1.0,1.0,0.0,11.0,11.0,11.0,,,,,,29,B,7.0,46.0,68.0,False,0.5960103213785591
1.0,89.0,83.0,4,4,1.0,1.0,1.0,0.0,10.0,10.0,10.0,,,,,,30,B,6.0,45.0,73.0,False,0.6037495113728728
1.0,23.0,86.0,4,4,1.0,1.0,1.0,0.0,10.0,10.0,10.0,,,,,,31,B,6.0,47.0,73.0,False,0.6220443728386109
1.0,36.0,80.0,4,4,0.9617329862526851,1.0,1.0,0.0,11.0,11.0,11.0,,,,,,32,B,7.0,43.0,74.0,False,0.5910522967253075
1.0,32.0,81.0,4,4,0.9745230403578529,1.0,1.0,0.0,11.0,11.0,11.0,,,,,,33,B,7.0,52.0,78.0,False,0.6037324544902181
1.0,26.0,81.0,4,4,1.0,1.0,1.0,0.0,10.0,10.0,10.0,,,,,,34,B,6.0,50.0,75.0,False,0.6092106948508368
1.0,44.0,82.0,4,4,1.0,1.0,1.0,0.0,10.0,10.0,10.0,,,,,,35,B,6.0,45.0,63.0,False,0.5484270930753833
1.0,68.0,86.0,4,4,0.9210549247071409,1.0,1.0,0.0,11.0,11.0,11.0,,,,,,36,B,7.0,50.0,78.0,False,0.6049268965802345
1.0,24.0,87.0,4,4,0.9702286803787459,1.0,1.0,0.0,11.0,11.0,11.0,,,,,,37,B,7.0,50.0,74.0,False,0.5625755969218552
1.0,31.0,83.0,4,4,0.9153442150937527,1.0,1.0,0.0,11.0,11.0,11.0,,,,,,38,B,7.0,45.0,65.0,False,0.6118967074059771
1.0,40.0,80.0,4,4,0.9605122308380957,1.0,1.0,0.0,11.0,11.0,11.0,,,,,,39,B,7.0,46.0,66.0,False,0.6010683299530194
1.0,20.0,81.0,4,4,0.8144281332474139,1.0,1.0,0.0,12.0,6.0,12.0,,,,,,40,B,8.0,61.0,78.0,False,0.5706538710562542
1.0,32.0,83.0,4,4,1.0,1.0,1.0,0.0,10.0,10.0,10.0,,,,,,41,B,6.0,42.0,70.0,False,0.5786056344291935
1.0,43.0,87.0,4,4,1.0,1.0,1.0,0.0,10.0,10.0,10.0,,,,,,42,B,6.0,43.0,74.0,False,0.5955254743156584
1.0,27.0,80.0,4,4,1.0,1.0,1.0,0.0,10.0,10.0,10.0,,,,,,43,B,6.0,51.0,69.0,False,0.6243602781493564
1.0,21.0,83.0,4,4,1.0,1.0,1.0,0.0,11.0,11.0,11.0,,,,,,44,B,7.0,55.0,72.0,False,0.5911899097817803
1.0,32.0,90.0,4,4,1.0,1.0,1.0,0.0,11.0,11.0,11.0,,,,,,45,B,7.0,44.0,73.0,False,0.6160124798710898
1.0,42.0,83.0,4,4,0.9805954294918346,1.0,1.0,0.0,11.0,11.0,11.0,,,,,,46,B,7.0,56.0,62.0,False,0.6069525982697548
1.0,46.0,81.0,4,4,0.9542458096182367,1.0,1.0,0.0,10.0,10.0,10.0,,,,,,47,B,6.0,42.0,65.0,False,0.5984713739232077
1.0,50.0,84.0,4,4,1.0,1.0,1.0,0.0,11.0,11.0,11.0,,,,,,48,B,7.0,52.0,68.0,False,0.589770347909334
1.0,32.0,87.0,4,4,0.9821666666666666,1.0,1.0,0.0,10.0,10.0,10.0,,,,,,49,B,6.0,50.0,72.0,False,0.6150340790977855
1.0,27.0,84.0,4,4,0.9797594547705599,1.0,1.0,0.0,10.0,10.0,10.0,,,,,,50,B,6.0,44.0,76.0,False,0.5862252333262938
1.0,26.0,99.0,4,4,1.0,1.0,1.0,0.0,11.0,11.0,11.0,,,,,,51,B,7.0,55.0,70.0,False,0.5692801162333322
1.0,24.0,83.0,4,4,1.0,1.0,1.0,0.0,10.0,10.0,10.0,,,,,,52,B,6.0,47.0,72.0,False,0.6128937188114616
1.0,41.0,83.0,4,4,0.8940064491445198,1.0,1.0,0.0,11.0,11.0,11.0,,,,,,53,B,7.0,56.0,67.0,False,0.5990191439923126
0.0,,8.0,4,4,0.9817703713804714,1.0,1.0,0.0,10.0,10.0,10.0,,,,,,54,B,6.0,52.0,76.0,False,0.5815122568165533
0.0,,8.0,4,4,1.0,1.0,1.0,0.0,10.0,10.0,10.0,,,,,,55,B,6.0,49.0,66.0,False,0.6173448468958732
1.0,34.0,87.0,4,4,0.9889971817112204,1.0,1.0,0.0,11.0,11.0,11.0,,,,,,56,B,7.0,51.0,73.0,False,0.5746318251242302
1.0,41.0,86.0,4,4,1.0,1.0,1.0,0.0,10.0,10.0,10.0,,,,,,57,B,6.0,44.0,66.0,False,0.6188771261531568
1.0,20.0,92.0,4,4,1.0,1.0,1.0,0.0,11.0,11.0,11.0,,,,,,58,B,7.0,44.0,70.0,False,0.5740473586569289
1.0,33.0,89.0,4,4,1.0,1.0,1.0,0.0,11.0,11.0,11.0,,,,,,59,B,7.0,49.0,75.0,False,0.6283561348059029
0.0,,8.0,4,4,0.35450356255840604,0.34852127150351625,0.4670917531843074,0.0,14.0,14.0,14.0,,,,,,0,BAND,10.0,54.0,76.0,False,0.4599977590044176
1.0,45.0,278.0,4,4,0.3567638290790012,0.34524759597265353,0.46107462569232743,0.0,13.0,13.0,13.0,271.0,175.0,0.28785938670252065,0.24006107796028364,0.018228942574040667,1,BAND,9.0,46.0,74.0,False,0.4913887220182187
1.0,44.0,381.0,4,4,0.4240178269691749,0.4533838540071796,0.45598265912192276,0.0,13.0,13.0,13.0,373.0,267.0,0.23105892269575615,0.20629491625181764,0.10535131719861564,2,BAND,9.0,50.0,72.0,False,0.4781375163526436
1.0,62.0,415.0,4,4,0.3326045721816206,0.36560716472228744,0.4303944062175069,0.0,12.0,12.0,12.0,412.0,260.0,0.39407298132532637,0.34706246959400905,0.2702004324897629,3,BAND,8.0,48.0,63.0,False,0.5111369012794375
1.0,42.0,422.0,4,4,0.4326033507445004,0.4418544833928706,0.4481733912184974,0.0,13.0,13.0,13.0,414.0,201.0,0.4513353480380547,0.3325354071554059,0.15764990934038348,4,BAND,9.0,44.0,75.0,False,0.49288880479609765
1.0,47.0,402.0,4,4,0.3500130716409353,0.35203190950776453,0.4390092956276811,0.0,13.0,13.0,13.0,397.0,310.0,0.34449500421422435,0.3138671988254356,0.3971184937493969,5,BAND,9.0,54.0,74.0,False,0.5003579889364271
1.0,39.0,416.0,4,4,0.41157867509546914,0.39609778627537107,0.48640192600049803,0.0,14.0,14.0,14.0,408.0,233.0,0.3720605588687066,0.3219346366355915,,6,BAND,10.0,56.0,73.0,False,0.43758641346514426
1.0,44.0,403.0,4,4,0.3908031201553851,0.39611304072670883,0.470460623908809,0.0,13.0,13.0,13.0,395.0,198.0,0.3798501191031176,0.29227775112193666,0.23554808687013332,7,BAND,9.0,59.0,69.0,False,0.5483949964058319
0.0,,8.0,4,4,0.3738120035406425,0.4344530608963446,0.49457839249343105,0.0,12.0,12.0,12.0,,,,,,8,BAND,8.0,49.0,69.0,False,0.49629450543717535
1.0,41.0,407.0,4,4,0.38077995967592976,0.36205151772290284,0.4600428508245403,0.0,12.0,12.0,12.0,399.0,285.0,0.306110243283257,0.2898268022241583,,9,BAND,8.0,42.0,52.0,False,0.4954067004316395
0.0,,8.0,4,4,0.327845226705173,0.3106322356503396,0.47801009566698693,0.0,13.0,13.0,13.0,,,,,,10,BAND,9.0,45.0,76.0,False,0.4613799527540049
0.0,,13.0,4,4,0.2912099724328215,0.2902369576689601,0.35472647480507696,0.0,12.0,12.0,12.0,,,,,,11,BAND,8.0,53.0,71.0,False,0.5302880930328724
1.0,37.0,406.0,4,4,0.2990073933084556,0.284909120118101,0.4503279289258649,0.0,13.0,13.0,13.0,398.0,211.0,0.2966337361753488,0.25500527090482383,0.13313813410767558,12,BAND,9.0,54.0,67.0,False,0.5322013066478228
0.0,,8.0,4,4,0.3909012845617211,0.42808991907768246,0.4917417128147402,0.0,12.0,12.0,12.0,,,,,,13,BAND,8.0,44.0,69.0,False,0.502603570487923
1.0,37.0,287.0,4,4,0.39197102242773163,0.4319191039367155,0.44047332537225403,0.0,12.0,12.0,12.0,279.0,204.0,0.3223677675501101,0.3088091890111603,,14,BAND,8.0,54.0,79.0,False,0.5370823129128631
0.0,,17.0,4,4,0.3870375448950826,0.42177014738034974,0.4994233041261939,0.0,13.0,13.0,13.0,,,,,,15,BAND,9.0,60.0,76.0,False,0.4683047968547598
1.0,98.0,402.0,4,4,0.3782201393189299,0.39133039711497913,0.4862616568511027,0.0,16.0,16.0,16.0,402.0,194.0,0.4759409174383224,0.3644327226260229,0.33276708703162816,16,BAND,12.0,41.0,68.0,False,0.42328723989369244
1.0,38.0,406.0,4,4,0.4122494822042928,0.44800755074752785,0.49350004417451965,0.0,12.0,12.0,12.0,399.0,197.0,0.5747259563059366,0.4198337254111663,0.26250447685824957,17,BAND,8.0,53.0,69.0,False,0.4678637469008264
1.0,65.0,338.0,4,4,0.37755464842645153,0.3885500319723848,0.48602692181183715,0.0,12.0,12.0,12.0,338.0,277.0,0.27274117424822836,0.26839894234824196,0.20197537687347267,18,BAND,8.0,40.0,66.0,False,0.4997428431830094
1.0,43.0,436.0,4,4,0.3585557018076462,0.3608352732394706,0.4823780658358928,0.0,13.0,13.0,13.0,430.0,222.0,0.444694264116498,0.37032124343329886,0.3098043262217314,19,BAND,9.0,54.0,72.0,False,0.46172657162949543
1.0,43.0,371.0,4,4,0.3306315768986653,0.3346015821296551,0.4883582234980469,0.0,12.0,12.0,12.0,366.0,240.0,0.41432946346946004,0.3253269893496342,0.15911849784095614,20,BAND,8.0,47.0,79.0,False,0.517395793063135
1.0,78.0,162.0,4,4,0.27743353188862707,0.27343961007279827,0.4781666932567124,0.0,14.0,14.0,14.0,162.0,121.0,0.4966008473233125,0.47713906681808405,,21,BAND,10.0,51.0,77.0,False,0.5116276438142361
1.0,50.0,403.0,4,4,0.2880023600438243,0.25142551977132677,0.4622500445896255,0.0,13.0,13.0,13.0,395.0,239.0,0.4291632627924145,0.3516113241436242,0.25443971456432,22,BAND,9.0,51.0,83.0,False,0.5257629579717098
1.0,36.0,412.0,4,4,0.40791220865970285,0.4161024655686094,0.49603904698194234,0.0,12.0,12.0,12.0,405.0,264.0,0.3045091811473878,0.2846394496194019,0.21249698428419486,23,BAND,8.0,47.0,75.0,False,0.5473398474153551
1.0,44.0,410.0,4,4,0.35358372416185746,0.34481021602575723,0.4471932171221555,0.0,13.0,13.0,13.0,402.0,296.0,0.28375044450359965,0.2696273185610057,0.05939028974326986,24,BAND,9.0,44.0,64.0,False,0.5074221712527387
1.0,33.0,394.0,4,4,0.3353216818234379,0.35598008065808506,0.4494860072269662,0.0,15.0,15.0,15.0,386.0,286.0,0.31691388185196157,0.30892944333541,,25,BAND,11.0,48.0,77.0,False,0.4587832592006443
1.0,31.0,409.0,4,4,0.3641101464905597,0.35690984297721584,0.4982949625957895,0.0,13.0,13.0,13.0,402.0,256.0,0.3053782679383654,0.2688046631064106,0.06166083258082896,26,BAND,9.0,42.0,67.0,False,0.483791883450362
1.0,59.0,404.0,4,4,0.33646063020387407,0.3243583655913864,0.45757344017515106,0.0,13.0,13.0,13.0,399.0,187.0,0.5985843034608863,0.4113387757573508,0.2482260674924625,27,BAND,9.0,47.0,69.0,False,0.5107402132223192
1.0,74.0,402.0,4,4,0.3253694124361104,0.3551632671374522,0.4571461850096797,0.0,12.0,12.0,12.0,402.0,245.0,0.3386940758403076,0.29830100804004467,0.29446750614069184,28,BAND,8.0,49.0,75.0,False,0.5210824199662288
1.0,67.0,410.0,4,4,0.4101481291633089,0.4397969330623431,0.48765821491117395,0.0,12.0,12.0,12.0,410.0,281.0,0.29386069601959947,0.269434089364279,,29,BAND,8.0,46.0,68.0,False,0.5495548512407835
1.0,44.0,413.0,4,4,0.3550626847311239,0.37806509356447016,0.4352356884171211,0.0,13.0,13.0,13.0,406.0,272.0,0.33220101516802836,0.2917942980696221,0.10568720479653299,30,BAND,9.0,45.0,73.0,False,0.4940347182993853
1.0,32.0,409.0,4,4,0.4063054119807008,0.435063093512866,0.4992159443550246,0.0,14.0,14.0,14.0,401.0,252.0,0.3178197139552114,0.2867139076059742,0.3095725661006222,31,BAND,10.0,47.0,73.0,False,0.5031078023320674
1.0,44.0,382.0,4,4,0.3995427023487122,0.395574443595345,0.440366130879426,0.0,14.0,14.0,14.0,375.0,209.0,0.4886255767005261,0.38865143638222877,0.18202378702689176,32,BAND,10.0,43.0,74.0,False,0.49277758246374076
1.0,46.0,386.0,4,4,0.3433823419071017,0.3518139153700206,0.44767103699001387,0.0,14.0,14.0,14.0,379.0,247.0,0.39252176640699943,0.3239229893108836,0.2171424402539112,33,BAND,10.0,52.0,78.0,False,0.5078632742225256
1.0,80.0,333.0,4,4,0.3317468502570108,0.31199961635413365,0.44571134999999995,0.0,12.0,12.0,12.0,333.0,210.0,0.44507471626205547,0.36220023069077634,0.2000021446810097,34,BAND,8.0,50.0,75.0,False,0.512603747840187
0.0,,8.0,4,4,0.43125264372757466,0.43553017134133615,0.4879923788505586,0.0,13.0,13.0,13.0,,,,,,35,BAND,9.0,45.0,63.0,False,0.47928267527432655
1.0,32.0,404.0,4,4,0.3566040104603859,0.36035852578943656,0.44984473426049143,0.0,13.0,13.0,13.0,397.0,300.0,0.286991700855475,0.2829549877543432,0.34507615419881227,36,BAND,9.0,50.0,78.0,False,0.5295648951223596
1.0,71.0,292.0,4,4,0.27557172599133484,0.25225124441492563,0.44195181444593,0.0,12.0,12.0,12.0,292.0,173.0,0.3198413208697023,0.2899405629273774,0.30199982037822853,37,BAND,8.0,50.0,74.0,False,0.5079594089998551
1.0,51.0,406.0,4,4,0.33982688627055896,0.34189770777118056,0.43928317802646577,0.0,15.0,15.0,15.0,400.0,278.0,0.32833215701575613,0.29874274196458916,0.08084770536939086,38,BAND,11.0,45.0,65.0,False,0.46050226925665827
1.0,30.0,421.0,4,4,0.3996219172057706,0.45195982618072095,0.49469272395528074,0.0,13.0,13.0,13.0,414.0,327.0,0.32403268285783077,0.30213518242134674,0.31762997284689726,39,BAND,9.0,46.0,66.0,False,0.5269848303708354
0.0,,8.0,4,4,0.39119521679872454,0.41920062458425633,0.4790690053230946,0.0,12.0,12.0,12.0,,,,,,40,BAND,8.0,61.0,78.0,False,0.5706538710562542
1.0,30.0,423.0,4,4,0.30160291041143716,0.2379580347576744,0.4765022998308694,0.0,12.0,12.0,12.0,415.0,206.0,0.3898264809553634,0.3374814618458994,0.4236010594093707,41,BAND,8.0,42.0,70.0,False,0.5065747803045283
1.0,52.0,432.0,4,4,0.3812008078753022,0.3471582664990521,0.4862363720688936,0.0,12.0,12.0,12.0,424.0,283.0,0.37818979422206433,0.3254938281131239,0.18008384795226662,42,BAND,8.0,43.0,74.0,False,0.47496873734248074
0.0,,8.0,4,4,0.2928139806080531,0.24093362009303254,0.44719047619047614,0.0,12.0,12.0,12.0,,,,,,43,BAND,8.0,51.0,69.0,False,0.5311944605035909
1.0,46.0,401.0,4,4,0.42525659791130654,0.42975438541044736,0.450041365765105,0.0,12.0,12.0,12.0,393.0,275.0,0.28673184188132,0.25647399154592193,0.18360007176309923,44,BAND,8.0,55.0,72.0,False,0.5587101344270785
1.0,56.0,417.0,4,4,0.3583752242779074,0.34538483045840873,0.47609516286093273,0.0,14.0,14.0,14.0,416.0,241.0,0.43463307741921897,0.334828060097655,0.14824314994260293,45,BAND,10.0,44.0,73.0,False,0.5037872320213923
1.0,46.0,176.0,4,4,0.2689423296854333,0.24509845779628325,0.47627292704204005,0.0,12.0,12.0,12.0,168.0,132.0,0.5152731036206828,0.4707962653857216,0.17952790999976923,46,BAND,8.0,56.0,62.0,False,0.5708474017918387
1.0,41.0,409.0,4,4,0.27625170530447307,0.25246964674167915,0.42708053341031493,0.0,12.0,12.0,12.0,401.0,268.0,0.33399507413858476,0.2892505685361965,0.4585454524200411,47,BAND,8.0,42.0,65.0,False,0.5446124408003895
0.0,,11.0,4,4,0.37169927308550665,0.40024086419548954,0.48225175022728506,0.0,15.0,15.0,15.0,,,,,,48,BAND,11.0,52.0,68.0,False,0.45572016820642275
1.0,34.0,408.0,4,4,0.3446500955564546,0.3121347516137731,0.4852800749550149,0.0,12.0,12.0,12.0,400.0,297.0,0.3390738472700993,0.3188285276412119,0.33872739528719736,49,BAND,8.0,50.0,72.0,False,0.5167211576525672
1.0,36.0,403.0,4,4,0.4154772854130623,0.48451183227522565,0.49549653467116717,0.0,12.0,12.0,12.0,395.0,307.0,0.2853719795678919,0.2717320725710122,0.17309590126053523,50,BAND,8.0,44.0,76.0,False,0.5037938465157838
1.0,82.0,409.0,4,4,0.3153803696287869,0.2832249507004668,0.47205997466279664,0.0,12.0,12.0,12.0,409.0,256.0,0.3248552324973583,0.2889588942434569,0.010206061821610431,51,BAND,8.0,55.0,70.0,False,0.5188846855765538
1.0,47.0,274.0,4,4,0.44432630194358425,0.44598743176960653,0.48017789130191846,0.0,12.0,12.0,12.0,266.0,227.0,0.284534141577578,0.27814372096854084,0.14187167105601944,52,BAND,8.0,47.0,72.0,False,0.4939097266328215
1.0,28.0,426.0,4,4,0.42382430132362925,0.4225443330201154,0.45293383319481595,0.0,13.0,13.0,13.0,418.0,275.0,0.37120704041368796,0.32173786985837594,0.31840135285208615,53,BAND,9.0,56.0,67.0,False,0.4862937242902036
1.0,34.0,425.0,4,4,0.3050417111770643,0.28335861157212516,0.4285257042048055,0.0,12.0,12.0,12.0,418.0,233.0,0.3184049834273133,0.2861028255391405,0.22787027535288473,54,BAND,8.0,52.0,76.0,False,0.5038769171304314
1.0,51.0,411.0,4,4,0.31283869801480324,0.2957549122847327,0.42882250231245955,0.0,14.0,14.0,14.0,403.0,193.0,0.33242925400834955,0.28924360199178023,0.21470715957745484,55,BAND,10.0,49.0,66.0,False,0.4652033321773589
1.0,50.0,114.0,4,4,0.4205258898134888,0.43459418076332545,0.49382819563791425,0.0,13.0,13.0,13.0,108.0,83.0,0.4157853152595499,0.4204572441036902,0.42508838598613097,56,BAND,9.0,51.0,73.0,False,0.4910262392286478
1.0,23.0,410.0,4,4,0.43166539301681833,0.4581486218687165,0.49251560721323334,0.0,12.0,12.0,12.0,402.0,218.0,0.3750037423532245,0.30285341246684416,0.1499898235052149,57,BAND,8.0,44.0,66.0,False,0.5208745356549446
1.0,33.0,404.0,4,4,0.3056471503173692,0.2992431319484342,0.40263466971764045,0.0,13.0,13.0,13.0,396.0,203.0,0.5218702299859749,0.3914046888600632,0.320165780617445,58,BAND,9.0,44.0,70.0,False,0.5060414610257294
1.0,35.0,420.0,4,4,0.39895530826557746,0.39644155413549564,0.4924533735657718,0.0,12.0,12.0,12.0,412.0,331.0,0.3370908114656418,0.30919524018177375,0.4173857391606094,59,BAND,8.0,49.0,75.0,False,0.6040934370420902
1.0,53.0,297.0,4,4,0.33026616230653316,0.3101216267099316,0.4670917531843074,0.0,14.0,14.0,14.0,293.0,196.0,0.4424113216090861,0.3807440907775088,0.4367598843851117,0,BAND_MIX_F,10.0,54.0,76.0,False,0.4599977590044176
1.0,22.0,408.0,4,4,0.3705338024613059,0.34529011411743626,0.4462648674929149,0.0,13.0,13.0,13.0,400.0,226.0,0.36174106862661065,0.3193895883003946,0.30743477436694344,1,BAND_MIX_F,9.0,46.0,74.0,False,0.4913887220182187
1.0,41.0,415.0,4,4,0.45468325656455116,0.4546832565645512,0.45598265912192276,0.0,13.0,13.0,13.0,410.0,258.0,0.34199430430446065,0.29646550399968646,0.15189029667446083,2,BAND_MIX_F,9.0,50.0,72.0,False,0.4781375163526436
1.0,54.0,416.0,4,4,0.30100066732711495,0.2980225478547456,0.37751964261176485,0.0,12.0,12.0,12.0,409.0,191.0,0.5422583537377466,0.38894097519757487,0.24077743671686727,3,BAND_MIX_F,8.0,48.0,63.0,False,0.5111369012794375
1.0,40.0,411.0,4,4,0.4179710874003756,0.4161435837288969,0.4481733912184974,0.0,13.0,13.0,13.0,403.0,262.0,0.35169001348427087,0.31124409681208426,0.1712992572982092,4,BAND_MIX_F,9.0,44.0,75.0,False,0.49288880479609765
1.0,26.0,400.0,4,4,0.35150919791110236,0.35203190950776453,0.3741979919707282,0.0,13.0,13.0,13.0,393.0,320.0,0.2699388845292184,0.2539686952346216,0.12970870762912287,5,BAND_MIX_F,9.0,54.0,74.0,False,0.5003579889364271
1.0,37.0,412.0,4,4,0.3612491584054647,0.36633709978583096,0.48640192600049803,0.0,14.0,14.0,14.0,404.0,294.0,0.289181529616247,0.2763363426614278,0.2453637289660666,6,BAND_MIX_F,10.0,56.0,73.0,False,0.43758641346514426
1.0,27.0,360.0,4,4,0.35445461397306444,0.34633469710836184,0.4458913843450558,0.0,13.0,13.0,13.0,353.0,253.0,0.3860953421293243,0.3542154884433996,,7,BAND_MIX_F,9.0,59.0,69.0,False,0.5483949964058319
1.0,43.0,405.0,4,4,0.3570874540307859,0.35074181369430135,0.4770825458143279,0.0,12.0,12.0,12.0,397.0,234.0,0.2941641189291728,0.2490182047894351,0.13206759282850272,8,BAND_MIX_F,8.0,49.0,69.0,False,0.49629450543717535
0.0,,8.0,4,4,0.3409798572768441,0.3345668725529984,0.4600428508245403,0.0,12.0,12.0,12.0,,,,,,9,BAND_MIX_F,8.0,42.0,52.0,False,0.4954067004316395
1.0,121.0,339.0,4,4,0.35862874043624304,0.37959857618494885,0.4372540888293772,0.0,13.0,13.0,13.0,339.0,204.0,0.3880678913872737,0.3136712491017053,0.16095532404202662,10,BAND_MIX_F,9.0,45.0,76.0,False,0.4613799527540049
1.0,32.0,359.0,4,4,0.2750520692209667,0.2839954154462591,0.2902369576689601,0.0,12.0,12.0,12.0,352.0,256.0,0.3612274704913511,0.37088022672860804,0.40228363852025417,11,BAND_MIX_F,8.0,53.0,71.0,False,0.5302880930328724
1.0,46.0,401.0,4,4,0.2767850586433085,0.252552123076923,0.34948386534246495,0.0,13.0,13.0,13.0,393.0,257.0,0.27671216399635334,0.2695958274848785,0.344427999595936,12,BAND_MIX_F,9.0,54.0,67.0,False,0.5322013066478228
1.0,56.0,411.0,4,4,0.3981178974759978,0.41348180846456606,0.484536872823748,0.0,12.0,12.0,12.0,405.0,275.0,0.3523863210512682,0.31322359796623134,0.27045498523149786,13,BAND_MIX_F,8.0,44.0,69.0,False,0.502603570487923
1.0,91.0,403.0,4,4,0.4191668880359253,0.44047332537225403,0.4939012571270728,0.0,12.0,12.0,12.0,403.0,324.0,0.2163083231096937,0.20484308375647306,0.18500779281345914,14,BAND_MIX_F,8.0,54.0,79.0,False,0.5370823129128631
1.0,32.0,419.0,4,4,0.393627054329327,0.41662599857671856,0.4342875337552291,0.0,13.0,13.0,13.0,411.0,164.0,0.45322797329685366,0.3150696554203951,0.3447464819607365,15,BAND_MIX_F,9.0,60.0,76.0,False,0.4683047968547598
1.0,35.0,395.0,4,4,0.39000674472497027,0.4188197036269692,0.46781458988843216,0.0,16.0,16.0,16.0,387.0,265.0,0.37318502043882623,0.3459151762967006,0.20983444262397288,16,BAND_MIX_F,12.0,41.0,68.0,False,0.42328723989369244
0.0,,8.0,4,4,0.42864376231665435,0.44800755074752785,0.49350004417451965,0.0,12.0,12.0,12.0,,,,,,17,BAND_MIX_F,8.0,53.0,69.0,False,0.4678637469008264
1.0,50.0,409.0,4,4,0.3702108158280637,0.3544757597332796,0.48602692181183715,0.0,12.0,12.0,12.0,401.0,258.0,0.30765809071125894,0.278564152709904,0.12931422953771554,18,BAND_MIX_F,8.0,40.0,66.0,False,0.4997428431830094
1.0,71.0,408.0,4,4,0.40591088589933294,0.39868095716320173,0.45892835978734087,0.0,13.0,13.0,13.0,408.0,210.0,0.3913274157062049,0.3158301387836056,0.08325012348594316,19,BAND_MIX_F,9.0,54.0,72.0,False,0.46172657162949543
1.0,37.0,410.0,4,4,0.2716995983974496,0.21777529544536914,0.4476487585149044,0.0,12.0,12.0,12.0,402.0,263.0,0.24654584866126278,0.24485331353294468,0.15827739452901834,20,BAND_MIX_F,8.0,47.0,79.0,False,0.517395793063135
1.0,47.0,434.0,4,4,0.26648374287386295,0.24056157998626482,0.37953246204699526,0.0,14.0,14.0,14.0,427.0,268.0,0.3444701025303446,0.32009050719207366,0.2841668518489687,21,BAND_MIX_F,10.0,51.0,77.0,False,0.5116276438142361
1.0,29.0,429.0,4,4,0.3296788371922592,0.3025198922040423,0.4622500445896255,0.0,13.0,13.0,13.0,421.0,278.0,0.42440520767268214,0.37593574689902687,0.3897181999778022,22,BAND_MIX_F,9.0,51.0,83.0,False,0.5257629579717098
1.0,17.0,338.0,4,4,0.373897886657831,0.38878920532774147,0.4362477069161866,0.0,12.0,12.0,12.0,330.0,212.0,0.326580853944289,0.29748418786415254,0.25577540904613894,23,BAND_MIX_F,8.0,47.0,75.0,False,0.5473398474153551
1.0,41.0,402.0,4,4,0.3342719560244573,0.34481021602575723,0.44238073512068105,0.0,13.0,13.0,13.0,394.0,197.0,0.33359591155409507,0.25861375303448736,0.1886208422254967,24,BAND_MIX_F,9.0,44.0,64.0,False,0.5074221712527387
1.0,27.0,308.0,4,4,0.2895575956773487,0.2507022398656175,0.4494860072269662,0.0,15.0,15.0,15.0,300.0,205.0,0.33873805594732026,0.3336959395084228,0.11996090155544774,25,BAND_MIX_F,11.0,48.0,77.0,False,0.4587832592006443
1.0,29.0,303.0,4,4,0.3860784504365081,0.39743924719294066,0.4982949625957895,0.0,13.0,13.0,13.0,296.0,242.0,0.28943891107499203,0.26154217232251054,0.4611243427544208,26,BAND_MIX_F,9.0,42.0,67.0,False,0.483791883450362
1.0,35.0,270.0,4,4,0.3214861724042024,0.3243583655913864,0.33777777777777773,0.0,13.0,13.0,13.0,262.0,224.0,0.2738924306015192,0.27723361553041925,0.3611596776981469,27,BAND_MIX_F,9.0,47.0,69.0,False,0.5107402132223192
1.0,56.0,311.0,4,4,0.29284526689903445,0.25524373571818804,0.4571461850096797,0.0,12.0,12.0,12.0,306.0,155.0,0.4698461321295893,0.3410725908867981,0.20099152335312032,28,BAND_MIX_F,8.0,49.0,75.0,False,0.5210824199662288
1.0,69.0,412.0,4,4,0.35104908264156454,0.37842439724776356,0.44193810343302997,0.0,12.0,12.0,12.0,412.0,279.0,0.4209848170563996,0.3681264813936781,0.34166274991931594,29,BAND_MIX_F,8.0,46.0,68.0,False,0.5495548512407835
1.0,29.0,423.0,4,4,0.36334568047875127,0.38560022236016384,0.4352356884171211,0.0,13.0,13.0,13.0,415.0,237.0,0.4181793077441879,0.3336359373040645,0.3156301097779376,30,BAND_MIX_F,9.0,45.0,73.0,False,0.4940347182993853
1.0,21.0,408.0,4,4,0.4114157889292912,0.435063093512866,0.4992159443550246,0.0,14.0,14.0,14.0,400.0,250.0,0.24194757578866763,0.23698033957018466,0.1514820133739961,31,BAND_MIX_F,10.0,47.0,73.0,False,0.5031078023320674
1.0,44.0,421.0,4,4,0.36324410290543957,0.3628347568367184,0.48376621474030834,0.0,14.0,14.0,14.0,414.0,249.0,0.4092514564118384,0.33213802338715237,0.21659890843989663,32,BAND_MIX_F,10.0,43.0,74.0,False,0.49277758246374076
1.0,30.0,353.0,4,4,0.34501647516927647,0.3518139153700206,0.4309866374534953,0.0,14.0,14.0,14.0,345.0,212.0,0.39079858359693787,0.3292018919021598,0.32484740705821924,33,BAND_MIX_F,10.0,52.0,78.0,False,0.5078632742225256
0.0,,8.0,4,4,0.27050832006219677,0.2745799431576331,0.28374065359477124,0.0,12.0,12.0,12.0,,,,,,34,BAND_MIX_F,8.0,50.0,75.0,False,0.512603747840187
1.0,29.0,421.0,4,4,0.37997460357582247,0.3903507595319939,0.4879923788505586,0.0,13.0,13.0,13.0,414.0,231.0,0.3422659734793616,0.2797983501111557,0.1911991121338795,35,BAND_MIX_F,9.0,45.0,63.0,False,0.47928267527432655
1.0,42.0,416.0,4,4,0.37489106312832987,0.3848723759932545,0.458947183208429,0.0,13.0,13.0,13.0,410.0,290.0,0.2819979214853792,0.27672050798091496,0.24684812860328353,36,BAND_MIX_F,9.0,50.0,78.0,False,0.5295648951223596
1.0,39.0,410.0,4,4,0.2878295385481128,0.25225124441492563,0.44195181444593,0.0,12.0,12.0,12.0,402.0,245.0,0.31235001628566716,0.25920600691588175,0.4683931929501037,37,BAND_MIX_F,8.0,50.0,74.0,False,0.5079594089998551
1.0,44.0,419.0,4,4,0.30672193339535464,0.285358457110192,0.43387964521124267,0.0,15.0,15.0,15.0,412.0,311.0,0.325468959731178,0.29606181337572546,0.1441474509701226,38,BAND_MIX_F,11.0,45.0,65.0,False,0.46050226925665827
0.0,,8.0,4,4,0.387054442453258,0.4189928829470375,0.46799546114049845,0.0,13.0,13.0,13.0,,,,,,39,BAND_MIX_F,9.0,46.0,66.0,False,0.5269848303708354
1.0,68.0,423.0,4,4,0.42064599500505223,0.41467713518814675,0.4790690053230946,0.0,12.0,12.0,12.0,421.0,232.0,0.3542726361092379,0.2911956382758778,0.17879352072745816,40,BAND_MIX_F,8.0,61.0,78.0,False,0.5706538710562542
1.0,31.0,406.0,4,4,0.2565135339471113,0.2379580347576744,0.3121800315154219,0.0,12.0,12.0,12.0,398.0,204.0,0.5236423422477411,0.4169596349577085,0.23550923695028972,41,BAND_MIX_F,8.0,42.0,70.0,False,0.5065747803045283
1.0,35.0,416.0,4,4,0.38264442243965996,0.35624343460155417,0.4835320407761164,0.0,12.0,12.0,12.0,408.0,269.0,0.358935048152904,0.3169114410804083,0.2289454388808893,42,BAND_MIX_F,8.0,43.0,74.0,False,0.47496873734248074
1.0,30.0,344.0,4,4,0.37225506389556046,0.4042297716492368,0.44719047619047614,0.0,12.0,12.0,12.0,336.0,240.0,0.423794612010964,0.3931899715311237,0.030112650147285553,43,BAND_MIX_F,8.0,51.0,69.0,False,0.5311944605035909
1.0,37.0,417.0,4,4,0.4207588104121657,0.42975438541044736,0.450041365765105,0.0,12.0,12.0,12.0,411.0,180.0,0.5139909746884157,0.3723065037402857,0.335084653903638,44,BAND_MIX_F,8.0,55.0,72.0,False,0.5587101344270785
1.0,56.0,415.0,4,4,0.3849738759343431,0.3909441813094879,0.47609516286093273,0.0,14.0,14.0,14.0,410.0,212.0,0.38889318159397995,0.3337167821244212,0.20764747272343995,45,BAND_MIX_F,10.0,44.0,73.0,False,0.5037872320213923
1.0,44.0,402.0,4,4,0.3028920751077224,0.24509845779628325,0.47627292704204005,0.0,12.0,12.0,12.0,394.0,308.0,0.2916244866689273,0.2846663137512616,0.20534125844045767,46,BAND_MIX_F,8.0,56.0,62.0,False,0.5708474017918387
1.0,30.0,402.0,4,4,0.2618434836615151,0.25246964674167915,0.3206461572114623,0.0,12.0,12.0,12.0,394.0,282.0,0.24717645469533783,0.23749917033563933,0.2062377323007409,47,BAND_MIX_F,8.0,42.0,65.0,False,0.5446124408003895
1.0,39.0,408.0,4,4,0.34389454582203116,0.3233288492594419,0.4395635082342989,0.0,15.0,15.0,15.0,402.0,256.0,0.3425617524369142,0.30673200559395836,0.27892006093251526,48,BAND_MIX_F,11.0,52.0,68.0,False,0.45572016820642275
1.0,35.0,426.0,4,4,0.32943975370775846,0.3121347516137731,0.41323502755672226,0.0,12.0,12.0,12.0,419.0,257.0,0.40078301418362416,0.3489731079285342,0.26286092269054595,49,BAND_MIX_F,8.0,50.0,72.0,False,0.5167211576525672
1.0,26.0,406.0,4,4,0.4899315796642866,0.4915969301117824,0.49549653467116717,0.0,12.0,12.0,12.0,398.0,267.0,0.33714246129601294,0.30049673922832054,0.3044152112663354,50,BAND_MIX_F,8.0,44.0,76.0,False,0.5037938465157838
1.0,37.0,403.0,4,4,0.2878772760968402,0.28754340641711085,0.3392783136687696,0.0,12.0,12.0,12.0,395.0,300.0,0.22908980028975223,0.2463818710467667,0.2861860582529826,51,BAND_MIX_F,8.0,55.0,70.0,False,0.5188846855765538
1.0,74.0,361.0,4,4,0.3950597394045814,0.4457073283564901,0.446267535182723,0.0,12.0,12.0,12.0,361.0,214.0,0.49005401250934283,0.3812888090777684,0.05785778210043276,52,BAND_MIX_F,8.0,47.0,72.0,False,0.4939097266328215
1.0,24.0,407.0,4,4,0.3861232368280317,0.4291454278663006,0.4518957718769263,0.0,13.0,13.0,13.0,399.0,226.0,0.32909235050936875,0.26318021280994286,0.30603333895799223,53,BAND_MIX_F,9.0,56.0,67.0,False,0.4862937242902036
1.0,67.0,403.0,4,4,0.3349042932712001,0.3213534502021047,0.44301350387070415,0.0,12.0,12.0,12.0,402.0,264.0,0.29545163462949875,0.26276947037702564,0.3257991038203215,54,BAND_MIX_F,8.0,52.0,76.0,False,0.5038769171304314
1.0,33.0,320.0,4,4,0.2935549636231237,0.27918889059340835,0.387545284857605,0.0,14.0,14.0,14.0,312.0,244.0,0.41289936241622915,0.37684782816027523,,55,BAND_MIX_F,10.0,49.0,66.0,False,0.4652033321773589
1.0,45.0,386.0,4,4,0.3789648233886156,0.38909289054457186,0.46668585289110887,0.0,13.0,13.0,13.0,379.0,254.0,0.2318095058388863,0.22647003744243882,0.23580769101785928,56,BAND_MIX_F,9.0,51.0,73.0,False,0.4910262392286478
1.0,40.0,387.0,4,4,0.47685050848385857,0.47836890242674224,0.49251560721323334,0.0,12.0,12.0,12.0,379.0,232.0,0.4120811447182161,0.33549386846159857,0.1320731560543213,57,BAND_MIX_F,8.0,44.0,66.0,False,0.5208745356549446
1.0,33.0,285.0,4,4,0.32532282735729723,0.35140252276616024,0.35140252276616024,0.0,13.0,13.0,13.0,277.0,171.0,0.4236943134246342,0.3599313043841134,0.4181729616771296,58,BAND_MIX_F,9.0,44.0,70.0,False,0.5060414610257294
1.0,29.0,419.0,4,4,0.42596367726203954,0.4456812683749283,0.4771845268809156,0.0,12.0,12.0,12.0,411.0,236.0,0.43272620079988017,0.34386994581340385,0.37005448741118224,59,BAND_MIX_F,8.0,49.0,75.0,False,0.6040934370420902
1.0,37.0,404.0,4,4,0.35122595039176735,0.34852127150351625,0.44086786248396603,0.0,14.0,14.0,14.0,396.0,282.0,0.35863109998839543,0.3253996047047354,0.37858028542796,0,BAND_MIX_M,10.0,54.0,76.0,False,0.4599977590044176
1.0,48.0,417.0,4,4,0.34738748118580665,0.3445409817700399,0.45184727448410317,0.0,13.0,13.0,13.0,410.0,318.0,0.3821936655217964,0.350030257130325,0.33166662939190317,1,BAND_MIX_M,9.0,46.0,74.0,False,0.4913887220182187
1.0,43.0,418.0,4,4,0.35314000951480734,0.33342286331408105,0.4533838540071796,0.0,13.0,13.0,13.0,410.0,205.0,0.37462529509259096,0.30086809729775926,0.13789953897978705,2,BAND_MIX_M,9.0,50.0,72.0,False,0.4781375163526436
1.0,16.0,358.0,4,4,0.36420847703612624,0.39800078546989714,0.4303944062175069,0.0,12.0,12.0,12.0,350.0,229.0,0.3668941600233426,0.32168647790608035,0.4423926183845909,3,BAND_MIX_M,8.0,48.0,63.0,False,0.5111369012794375
1.0,23.0,356.0,4,4,0.4357380293814821,0.4418544833928706,0.4481733912184974,0.0,13.0,13.0,13.0,348.0,281.0,0.2938108297052539,0.2660731181013236,0.14959104315076982,4,BAND_MIX_M,9.0,44.0,75.0,False,0.49288880479609765
1.0,32.0,290.0,4,4,0.34618926170344366,0.35203190950776453,0.35203190950776453,0.0,13.0,13.0,13.0,282.0,190.0,0.3414568267857129,0.30849166793577504,0.5356478176366084,5,BAND_MIX_M,9.0,54.0,74.0,False,0.5003579889364271
1.0,41.0,283.0,4,4,0.37693065489633315,0.39157785622176966,0.48640192600049803,0.0,14.0,14.0,14.0,276.0,177.0,0.45737934705320815,0.3862460811384879,0.26412147114969503,6,BAND_MIX_M,10.0,56.0,73.0,False,0.43758641346514426
1.0,24.0,387.0,4,4,0.4271516263377058,0.44590559216682624,0.470460623908809,0.0,13.0,13.0,13.0,379.0,279.0,0.24513664486037287,0.2252365558948526,,7,BAND_MIX_M,9.0,59.0,69.0,False,0.5483949964058319
1.0,30.0,323.0,4,4,0.3434487253431714,0.3241056615508885,0.49457839249343105,0.0,12.0,12.0,12.0,315.0,207.0,0.40999699788489585,0.37782592112258245,,8,BAND_MIX_M,8.0,49.0,69.0,False,0.49629450543717535
1.0,26.0,411.0,4,4,0.40926710261541677,0.41112699601770525,0.46188913863443676,0.0,12.0,12.0,12.0,403.0,224.0,0.4107520886906519,0.3350696037686182,0.5598393113898357,9,BAND_MIX_M,8.0,42.0,52.0,False,0.4954067004316395
1.0,35.0,419.0,4,4,0.30712299066351556,0.26344760647408616,0.47801009566698693,0.0,13.0,13.0,13.0,411.0,248.0,0.40406083387448627,0.3493964268858426,0.34280153801404667,10,BAND_MIX_M,9.0,45.0,76.0,False,0.4613799527540049
1.0,20.0,279.0,4,4,0.3384322276402653,0.3526887299230498,0.40637096239257325,0.0,12.0,12.0,12.0,271.0,202.0,0.33599225798858606,0.30854338492278555,0.2360435063989726,11,BAND_MIX_M,8.0,53.0,71.0,False,0.5302880930328724
1.0,44.0,395.0,4,4,0.2556072779907783,0.21693785542326616,0.3784259860092971,0.0,13.0,13.0,13.0,391.0,265.0,0.4513396214478244,0.4000280584408286,0.37697814825455095,12,BAND_MIX_M,9.0,54.0,67.0,False,0.5322013066478228
1.0,21.0,408.0,4,4,0.3360552374226422,0.3421173561741836,0.44397826374061666,0.0,12.0,12.0,12.0,400.0,310.0,0.24684778485787368,0.2512646556893442,0.33139279822788786,13,BAND_MIX_M,8.0,44.0,69.0,False,0.502603570487923
1.0,27.0,328.0,4,4,0.4090997873113192,0.423364882501177,0.44047332537225403,0.0,12.0,12.0,12.0,320.0,218.0,0.3313754188088238,0.28796985759239024,0.3006310610838696,14,BAND_MIX_M,8.0,54.0,79.0,False,0.5370823129128631
1.0,33.0,428.0,4,4,0.4098913413945357,0.41795290739953805,0.4342875337552291,0.0,13.0,13.0,13.0,420.0,308.0,0.3114918227380088,0.2966758325229295,0.3309770355977616,15,BAND_MIX_M,9.0,60.0,76.0,False,0.4683047968547598
1.0,32.0,322.0,4,4,0.39059744184100537,0.42964191320145273,0.44853295920360536,0.0,16.0,16.0,16.0,314.0,243.0,0.3128648978212861,0.3148470427053215,0.42441987477419,16,BAND_MIX_M,12.0,41.0,68.0,False,0.42328723989369244
0.0,,8.0,4,4,0.3958552020919313,0.40517667701157767,0.44800755074752785,0.0,12.0,12.0,12.0,,,,,,17,BAND_MIX_M,8.0,53.0,69.0,False,0.4678637469008264
1.0,50.0,277.0,4,4,0.4211898391991093,0.4347120832060901,0.45191989025031976,0.0,12.0,12.0,12.0,270.0,232.0,0.26124734437460123,0.25240758455651796,0.055629945339424995,18,BAND_MIX_M,8.0,40.0,66.0,False,0.4997428431830094
1.0,28.0,347.0,4,4,0.3165905932169986,0.3112062056851497,0.3725293809882178,0.0,13.0,13.0,13.0,339.0,209.0,0.46685699269885944,0.40280193682195264,0.40500522709690123,19,BAND_MIX_M,9.0,54.0,72.0,False,0.46172657162949543
1.0,42.0,414.0,4,4,0.44945057883194744,0.46389960784255024,0.4855321221990805,0.0,12.0,12.0,12.0,408.0,248.0,0.3959570770171605,0.32038790372575116,0.23470791605932445,20,BAND_MIX_M,8.0,47.0,79.0,False,0.517395793063135
1.0,24.0,416.0,4,4,0.3221956728667632,0.2881637267288504,0.4777683948907223,0.0,14.0,14.0,14.0,408.0,280.0,0.41846776239860717,0.3757702982937565,0.3067469808793834,21,BAND_MIX_M,10.0,51.0,77.0,False,0.5116276438142361
1.0,35.0,415.0,4,4,0.25101484480482733,0.25101484480482733,0.25142551977132677,0.0,13.0,13.0,13.0,408.0,265.0,0.3746572013045366,0.33985166877647033,0.2748010632076104,22,BAND_MIX_M,9.0,51.0,83.0,False,0.5257629579717098
1.0,21.0,403.0,4,4,0.4726307982174346,0.47753013654090565,0.49783340728400416,0.0,12.0,12.0,12.0,395.0,173.0,0.4071409343067572,0.29322593656976054,0.27188306267290907,23,BAND_MIX_M,8.0,47.0,75.0,False,0.5473398474153551
1.0,23.0,378.0,4,4,0.3123688522501271,0.28434031227317885,0.4423788530066531,0.0,13.0,13.0,13.0,370.0,304.0,0.35458790665990203,0.3369817852864448,0.4619763146699216,24,BAND_MIX_M,9.0,44.0,64.0,False,0.5074221712527387
1.0,29.0,409.0,4,4,0.26984257426259484,0.2588253751488387,0.34753273316207894,0.0,15.0,15.0,15.0,401.0,207.0,0.4176679564573639,0.3377976845630305,0.27447129547201793,25,BAND_MIX_M,11.0,48.0,77.0,False,0.4587832592006443
1.0,31.0,391.0,4,4,0.3420962822602959,0.3207947503142018,0.4952365310106704,0.0,13.0,13.0,13.0,383.0,285.0,0.23025957451536275,0.22255590703180814,0.29422446884611775,26,BAND_MIX_M,9.0,42.0,67.0,False,0.483791883450362
1.0,70.0,427.0,4,4,0.34019681591973144,0.3243583655913864,0.45757344017515106,0.0,13.0,13.0,13.0,427.0,239.0,0.39974900511654504,0.3227720460153002,0.3482054426569284,27,BAND_MIX_M,9.0,47.0,69.0,False,0.5107402132223192
1.0,39.0,412.0,4,4,0.3312779615479353,0.3551632671374522,0.4142692699465157,0.0,12.0,12.0,12.0,404.0,178.0,0.4949516928452322,0.3673136550658935,0.2219816496736085,28,BAND_MIX_M,8.0,49.0,75.0,False,0.5210824199662288
1.0,27.0,404.0,4,4,0.4238793524748557,0.4376557626916562,0.44193810343302997,0.0,12.0,12.0,12.0,396.0,265.0,0.26642515655623894,0.23938661684116033,,29,BAND_MIX_M,8.0,46.0,68.0,False,0.5495548512407835
0.0,,17.0,4,4,0.3467796889834965,0.37806509356447016,0.3840419800274895,0.0,13.0,13.0,13.0,,,,,,30,BAND_MIX_M,9.0,45.0,73.0,False,0.4940347182993853
1.0,32.0,283.0,4,4,0.4391834290032496,0.49263194298681234,0.49423473927115713,0.0,14.0,14.0,14.0,275.0,191.0,0.34474656070397225,0.3025401369176373,0.2224992461814363,31,BAND_MIX_M,10.0,47.0,73.0,False,0.5031078023320674
1.0,72.0,416.0,4,4,0.4055865510345228,0.4069737223406247,0.429514549429434,0.0,14.0,14.0,14.0,416.0,204.0,0.4476746466422354,0.3268062495700714,0.19185953593102262,32,BAND_MIX_M,10.0,43.0,74.0,False,0.49277758246374076
1.0,76.0,403.0,4,4,0.3375771087607973,0.3518139153700206,0.4012291718195783,0.0,14.0,14.0,14.0,403.0,305.0,0.3274293957462068,0.2966136072319554,0.16293507329603135,33,BAND_MIX_M,10.0,52.0,78.0,False,0.5078632742225256
1.0,37.0,248.0,4,4,0.36011043982417607,0.37279883447897744,0.44571134999999995,0.0,12.0,12.0,12.0,241.0,151.0,0.3999816134802821,0.3198324002060922,0.3701885313509904,34,BAND_MIX_M,8.0,50.0,75.0,False,0.512603747840187
1.0,38.0,404.0,4,4,0.43797773219628233,0.44446047947071576,0.4645583939471792,0.0,13.0,13.0,13.0,397.0,246.0,0.44288018986151034,0.36267797930534773,0.272616308696534,35,BAND_MIX_M,9.0,45.0,63.0,False,0.47928267527432655
1.0,83.0,422.0,4,4,0.345340464473234,0.345340464473234,0.44984473426049143,0.0,13.0,13.0,13.0,422.0,274.0,0.3541670240621988,0.31410839308338534,0.42611829872785556,36,BAND_MIX_M,9.0,50.0,78.0,False,0.5295648951223596
1.0,67.0,405.0,4,4,0.2759826901735488,0.22855754766579772,0.44195181444593,0.0,12.0,12.0,12.0,402.0,261.0,0.3947141033829152,0.3451278167261316,0.18928650381024903,37,BAND_MIX_M,8.0,50.0,74.0,False,0.5079594089998551
1.0,26.0,420.0,4,4,0.33931676533890626,0.3426128660165949,0.43928317802646577,0.0,15.0,15.0,15.0,412.0,316.0,0.3175529894593487,0.2914967020065532,0.27791081421309305,38,BAND_MIX_M,11.0,45.0,65.0,False,0.46050226925665827
1.0,27.0,410.0,4,4,0.363767479847662,0.35907032632845437,0.49469272395528074,0.0,13.0,13.0,13.0,402.0,277.0,0.3886248186788386,0.3613905834741535,0.13313577760126333,39,BAND_MIX_M,9.0,46.0,66.0,False,0.5269848303708354
1.0,28.0,388.0,4,4,0.34863721970801037,0.36662211759431335,0.43830270145301975,0.0,12.0,12.0,12.0,380.0,203.0,0.34639263849419816,0.3047920423081339,0.17559871591089782,40,BAND_MIX_M,8.0,61.0,78.0,False,0.5706538710562542
1.0,36.0,318.0,4,4,0.3132899756879244,0.2826524078179535,0.4765022998308694,0.0,12.0,12.0,12.0,310.0,193.0,0.40426485832574605,0.3520869880430198,0.3730306028981708,41,BAND_MIX_M,8.0,42.0,70.0,False,0.5065747803045283
1.0,36.0,402.0,4,4,0.41041233747819866,0.4136055890889242,0.48374033946374073,0.0,12.0,12.0,12.0,394.0,291.0,0.3338939639069957,0.30030499415529494,0.3714639729492087,42,BAND_MIX_M,8.0,43.0,74.0,False,0.47496873734248074
1.0,37.0,404.0,4,4,0.2950209730986478,0.2674602503261609,0.4042297716492368,0.0,12.0,12.0,12.0,396.0,188.0,0.41608471200724256,0.33484172235334964,0.21584377662244472,43,BAND_MIX_M,8.0,51.0,69.0,False,0.5311944605035909
1.0,39.0,403.0,4,4,0.39501272291221456,0.4094674050557897,0.450041365765105,0.0,12.0,12.0,12.0,395.0,262.0,0.30493303480447903,0.2614628181820739,0.16972105073059415,44,BAND_MIX_M,8.0,55.0,72.0,False,0.5587101344270785
1.0,55.0,408.0,4,4,0.28299588863582226,0.29025628277257126,0.3461966310373038,0.0,14.0,14.0,14.0,402.0,202.0,0.5693818837920765,0.4101198313676219,0.2578610254947103,45,BAND_MIX_M,10.0,44.0,73.0,False,0.5037872320213923
1.0,35.0,423.0,4,4,0.23499258426314412,0.23499258426314412,0.24509845779628325,0.0,12.0,12.0,12.0,415.0,220.0,0.5057025387837261,0.4138506509856994,0.46547609144724106,46,BAND_MIX_M,8.0,56.0,62.0,False,0.5708474017918387
1.0,18.0,431.0,4,4,0.34678870972388764,0.3477930387384675,0.4647110682276306,0.0,12.0,12.0,12.0,423.0,206.0,0.5060431265974207,0.38598757123165983,0.3625214076132807,47,BAND_MIX_M,8.0,42.0,65.0,False,0.5446124408003895
1.0,23.0,321.0,4,4,0.3347021781669249,0.3331127339530468,0.4395635082342989,0.0,15.0,15.0,15.0,313.0,206.0,0.36791338326489914,0.34707695826522694,0.4301274292929565,48,BAND_MIX_M,11.0,52.0,68.0,False,0.45572016820642275
1.0,53.0,427.0,4,4,0.38449734156444976,0.3744554215179998,0.4852800749550149,0.0,12.0,12.0,12.0,423.0,271.0,0.35137975257894083,0.2891139855706452,0.3795058462443797,49,BAND_MIX_M,8.0,50.0,72.0,False,0.5167211576525672
1.0,32.0,405.0,4,4,0.4293608645961813,0.4882662292167907,0.49549653467116717,0.0,12.0,12.0,12.0,397.0,258.0,0.2970067870844285,0.28726623774524135,0.34243825263551864,50,BAND_MIX_M,8.0,44.0,76.0,False,0.5037938465157838
1.0,42.0,283.0,4,4,0.3833670984609121,0.3893772578419029,0.47205997466279664,0.0,12.0,12.0,12.0,275.0,167.0,0.37248659612656226,0.3171608715645771,0.22194787184718004,51,BAND_MIX_M,8.0,55.0,70.0,False,0.5188846855765538
1.0,30.0,373.0,4,4,0.34441215045267265,0.34441215045267265,0.446267535182723,0.0,12.0,12.0,12.0,366.0,264.0,0.3319261241395334,0.3374261070381295,0.3665767915504255,52,BAND_MIX_M,8.0,47.0,72.0,False,0.4939097266328215
1.0,49.0,417.0,4,4,0.38043290606175373,0.4211372923972949,0.45293383319481595,0.0,13.0,13.0,13.0,409.0,320.0,0.26354152483370774,0.25949650075351594,0.3002715842943774,53,BAND_MIX_M,9.0,56.0,67.0,False,0.4862937242902036
0.0,,31.0,4,4,0.256016556788788,0.23649298157868762,0.336905965320148,0.0,12.0,12.0,12.0,31.0,16.0,0.9044974408346258,0.6580708855039651,,54,BAND_MIX_M,8.0,52.0,76.0,False,0.5038769171304314
1.0,17.0,331.0,4,4,0.337618300627882,0.3402408225690404,0.42882250231245955,0.0,14.0,14.0,14.0,323.0,197.0,0.4294647608875086,0.36251866212460926,0.2634232396924959,55,BAND_MIX_M,10.0,49.0,66.0,False,0.4652033321773589
1.0,36.0,402.0,4,4,0.34580106950662537,0.3367450841048758,0.49382819563791425,0.0,13.0,13.0,13.0,394.0,264.0,0.3453045252510686,0.3059116316065061,0.36945583985675867,56,BAND_MIX_M,9.0,51.0,73.0,False,0.4910262392286478
1.0,31.0,408.0,4,4,0.3864802775497781,0.4347160939086304,0.4581486218687165,0.0,12.0,12.0,12.0,400.0,270.0,0.3635345417211531,0.312956704093574,0.2987925750833104,57,BAND_MIX_M,8.0,44.0,66.0,False,0.5208745356549446
1.0,45.0,327.0,4,4,0.2992431319484342,0.2992431319484342,0.35140252276616024,0.0,13.0,13.0,13.0,319.0,270.0,0.2965758761004759,0.27983089696015345,0.3872659569957538,58,BAND_MIX_M,9.0,44.0,70.0,False,0.5060414610257294
1.0,29.0,396.0,4,4,0.3965667963888316,0.4008342830310022,0.4924533735657718,0.0,12.0,12.0,12.0,388.0,217.0,0.43036635514973026,0.32750341236211433,0.24295277439699148,59,BAND_MIX_M,8.0,49.0,75.0,False,0.6040934370420902
0.0,,8.0,4,4,0.0019264718133007812,0.0005134268342178189,0.008004029572833972,0.625,75.5,48.0,78.0,,,,,,0,D,94.0,54.0,76.0,False,0.022166985688144913
0.0,,8.0,4,4,0.022159375949459353,0.0022880676449653576,0.08311978225896294,0.25,71.0,50.0,77.0,,,,,,1,D,80.0,46.0,74.0,False,0.02098663361762123
0.0,,8.0,4,4,0.005336333074222838,0.004403413966694554,0.014643079049339322,0.125,73.5,57.0,80.0,,,,,,2,D,88.0,50.0,72.0,False,0.026958987794284697
0.0,,8.0,4,4,0.0015007196639349142,0.0007341372067135611,0.004660428529520735,0.625,67.0,52.0,78.0,,,,,,3,D,84.0,48.0,63.0,False,0.014351626762490627
0.0,,8.0,4,4,0.004274444137499792,0.0010646572754755856,0.022237132435484364,0.5,66.0,61.0,73.0,,,,,,4,D,77.0,44.0,75.0,False,0.02956643469866625
0.0,,8.0,4,4,0.025490406433778614,0.02203516640335623,0.0680544804915629,0.25,70.0,43.0,77.0,,,,,,5,D,94.0,54.0,74.0,False,0.020923210167169155
0.0,,8.0,4,4,0.023482675034985263,0.00319365569319182,0.13169245771291457,0.375,74.5,57.0,79.0,,,,,,6,D,98.0,56.0,73.0,False,0.021490768404681854
0.0,,8.0,4,4,0.008342397547826369,0.0036942750825146205,0.02431891451221932,0.25,70.0,38.0,80.0,,,,,,7,D,103.0,59.0,69.0,False,0.016725431216217435
0.0,,8.0,4,4,0.04790331349830788,0.0018506183780383476,0.3578958191060518,0.375,67.0,62.0,76.0,,,,,,8,D,86.0,49.0,69.0,False,0.020534610248689286
0.0,,8.0,4,4,0.03387260306784747,0.025855876974890984,0.08907893588897112,0.0,60.0,46.0,70.0,,,,,,9,D,74.0,42.0,52.0,False,0.017329573759635005
0.0,,8.0,4,4,0.022807578968893776,0.007806692993071203,0.13338621556983182,0.25,67.5,57.0,72.0,,,,,,10,D,79.0,45.0,76.0,False,0.03198033814074005
0.0,,8.0,4,4,0.021966789255382035,0.0031024557052249926,0.08018362817275966,0.125,74.5,65.0,80.0,,,,,,11,D,93.0,53.0,71.0,False,0.03203466029460698
0.0,,8.0,4,4,0.01692625223098471,0.013595721796784341,0.0514236802628729,0.125,72.0,30.0,75.0,,,,,,12,D,94.0,54.0,67.0,False,0.02082447663593225
0.0,,8.0,4,4,0.0239665622776653,0.005820690861769255,0.13040325991915336,0.375,63.5,43.0,75.0,,,,,,13,D,77.0,44.0,69.0,False,0.022407204050069046
0.0,,8.0,4,4,0.012568798737498148,0.002417180716609304,0.046651136672733094,0.25,75.5,68.0,80.0,,,,,,14,D,94.0,54.0,79.0,False,0.01954513013856305
0.0,,8.0,4,4,0.019060929744277783,0.01008551070516429,0.08165375834165262,0.125,62.0,36.0,76.0,,,,,,15,D,105.0,60.0,76.0,False,0.02613122338536371
0.0,,8.0,4,4,0.049891780037105364,0.0015837007011372474,0.33048710035477413,0.25,56.5,32.0,68.0,,,,,,16,D,72.0,41.0,68.0,False,0.027292048794182285
0.0,,8.0,4,4,0.0064072165121514466,0.0021772872637323016,0.023662845070281113,0.375,64.0,33.0,79.0,,,,,,17,D,93.0,53.0,69.0,False,0.01910661026003392
0.0,,8.0,4,4,0.010742802919252347,0.004695429631064766,0.04809459595356265,0.375,60.0,40.0,67.0,,,,,,18,D,70.0,40.0,66.0,False,0.03249325556980701
0.0,,8.0,4,4,0.017934054311670257,0.012354898084187743,0.04906868208994766,0.125,72.5,59.0,78.0,,,,,,19,D,94.0,54.0,72.0,False,0.02227221874926394
0.0,,8.0,4,4,0.021591625403634143,0.013758604615891814,0.07905416537105159,0.125,66.5,59.0,79.0,,,,,,20,D,82.0,47.0,79.0,False,0.024800137322765963
0.0,,8.0,4,4,0.026051874147403984,0.0022840514308679703,0.16498085014981195,0.25,66.5,45.0,76.0,,,,,,21,D,89.0,51.0,77.0,False,0.016140618358238358
0.0,,8.0,4,4,0.02107246356271593,0.00068762399770498,0.14256481019740103,0.625,73.0,56.0,78.0,,,,,,22,D,89.0,51.0,83.0,False,0.020523820403382187
0.0,,8.0,4,4,0.029413712723324142,0.006622607884285407,0.0910399482943242,0.25,63.0,49.0,77.0,,,,,,23,D,82.0,47.0,75.0,False,0.0299800537661825
0.0,,8.0,4,4,0.007098700081916355,0.0019218951555186358,0.029914518333026077,0.375,67.5,51.0,73.0,,,,,,24,D,77.0,44.0,64.0,False,0.013109800076683172
0.0,,8.0,4,4,0.004288825275619232,0.00455307715228226,0.009700928687712504,0.375,71.5,64.0,75.0,,,,,,25,D,84.0,48.0,77.0,False,0.03398970896508718
0.0,,8.0,4,4,0.015017656317814506,0.0012035629541435559,0.10220297306972068,0.5,56.0,24.0,62.0,,,,,,26,D,74.0,42.0,67.0,False,0.022569464895644743
0.0,,8.0,4,4,0.02129284063744269,0.002259214936071731,0.1323521100192777,0.375,69.0,24.0,80.0,,,,,,27,D,82.0,47.0,69.0,False,0.02361741810288697
0.0,,8.0,4,4,0.05220224521407574,0.0030589426160375554,0.3660183092559944,0.375,66.0,12.0,77.0,,,,,,28,D,86.0,49.0,75.0,False,0.027538480802751397
0.0,,8.0,4,4,0.014356979470733491,0.002208315880298242,0.06407812940798539,0.375,64.5,50.0,74.0,,,,,,29,D,80.0,46.0,68.0,False,0.02390641479619326
0.0,,8.0,4,4,0.01278097492294688,0.0006945210926138467,0.06400960377252571,0.625,59.5,41.0,72.0,,,,,,30,D,79.0,45.0,73.0,False,0.017312320069420396
0.0,,8.0,4,4,0.003104734617860868,0.0020649460488417386,0.01203209479127001,0.375,71.5,65.0,74.0,,,,,,31,D,82.0,47.0,73.0,False,0.02077209263367154
0.0,,8.0,4,4,0.018949169706487086,0.010118654414327988,0.07503895908784218,0.375,66.0,60.0,79.0,,,,,,32,D,75.0,43.0,74.0,False,0.021406724687813985
0.0,,8.0,4,4,0.020086558173906848,0.004992085992511117,0.13156247128180418,0.25,77.5,21.0,80.0,,,,,,33,D,91.0,52.0,78.0,False,0.017493730537406858
0.0,,8.0,4,4,0.00912911980759397,0.0008320336240743081,0.04925882593707511,0.625,69.5,23.0,80.0,,,,,,34,D,88.0,50.0,75.0,False,0.02643868801337292
0.0,,8.0,4,4,0.039365241874897025,0.016439710894296914,0.19389244648602338,0.25,71.0,53.0,76.0,,,,,,35,D,79.0,45.0,63.0,False,0.02673739118796216
0.0,,8.0,4,4,0.04415381187533154,0.0016263446842778252,0.31253463153981836,0.5,74.5,47.0,80.0,,,,,,36,D,88.0,50.0,78.0,False,0.027939831575159602
0.0,,8.0,4,4,0.009118638192044295,0.0029596381474500787,0.05673129064394014,0.375,70.0,42.0,79.0,,,,,,37,D,88.0,50.0,74.0,False,0.032850159601853085
0.0,,8.0,4,4,0.008631405881807847,0.005420930087412493,0.035439089847881744,0.125,64.0,48.0,76.0,,,,,,38,D,79.0,45.0,65.0,False,0.026502934624428744
0.0,,8.0,4,4,0.0362034553203922,0.010024853081048984,0.18363415619431508,0.125,62.5,34.0,77.0,,,,,,39,D,80.0,46.0,66.0,False,0.031573650787764536
0.0,,8.0,4,4,0.008936449810367581,0.003618089599952287,0.02688739337041602,0.375,56.0,30.0,80.0,,,,,,40,D,107.0,61.0,78.0,False,0.02353178940408201
0.0,,8.0,4,4,0.009485133413020909,0.0018064658266210806,0.04035947657328325,0.25,51.5,16.0,78.0,,,,,,41,D,74.0,42.0,70.0,False,0.030979797066048972
0.0,,8.0,4,4,0.015559586350000267,0.0016674732123234805,0.09982998410299329,0.375,61.0,11.0,79.0,,,,,,42,D,75.0,43.0,74.0,False,0.024125261641550426
0.0,,8.0,4,4,0.0301945065015534,0.005078655945179655,0.19482892877370278,0.375,63.0,7.0,77.0,,,,,,43,D,89.0,51.0,69.0,False,0.027097372061570556
0.0,,8.0,4,4,0.017085617438380777,0.008581898059657894,0.07005630060975515,0.125,57.5,40.0,79.0,,,,,,44,D,96.0,55.0,72.0,False,0.024367994216398625
0.0,,8.0,4,4,0.0019056649847331336,0.0006294256466628616,0.010851859030116867,0.625,66.0,37.0,74.0,,,,,,45,D,77.0,44.0,73.0,False,0.026431981195623806
0.0,,8.0,4,4,0.028819166670994593,0.021647044196010806,0.09615133452911132,0.5,66.5,38.0,80.0,,,,,,46,D,98.0,56.0,62.0,False,0.0341158699416227
0.0,,8.0,4,4,0.05973426516585004,0.008183521837647137,0.24070852172533092,0.375,59.5,36.0,78.0,,,,,,47,D,74.0,42.0,65.0,False,0.027714167983807967
0.0,,8.0,4,4,0.012048565055111034,0.0023142985386719714,0.06799622362050527,0.375,71.5,41.0,80.0,,,,,,48,D,91.0,52.0,68.0,False,0.016453386937357276
0.0,,8.0,4,4,0.016688492698683336,0.006190798583774687,0.09911148148958226,0.25,72.5,55.0,79.0,,,,,,49,D,88.0,50.0,72.0,False,0.02715893662182875
0.0,,8.0,4,4,0.003921070117430183,0.0012257926080599666,0.01484636927909499,0.375,67.0,30.0,75.0,,,,,,50,D,77.0,44.0,76.0,False,0.03245589967642569
0.0,,8.0,4,4,0.040723481640886086,0.0025328323178910703,0.14328880906587474,0.5,67.0,51.0,80.0,,,,,,51,D,96.0,55.0,70.0,False,0.01808780289659891
0.0,,8.0,4,4,0.010096838612253254,0.0018248985093705526,0.04856586500607258,0.375,69.0,50.0,78.0,,,,,,52,D,82.0,47.0,72.0,False,0.0201488768025108
0.0,,8.0,4,4,0.02605348404037895,0.018846793979374065,0.06408064625156568,0.125,73.0,46.0,80.0,,,,,,53,D,98.0,56.0,67.0,False,0.03622004943368041
0.0,,8.0,4,4,0.026416915751783315,0.005369845394659835,0.1448673092603022,0.25,65.0,39.0,78.0,,,,,,54,D,91.0,52.0,76.0,False,0.02221243383497821
0.0,,8.0,4,4,0.03583534422253848,0.003997997811853209,0.2541019331361132,0.5,67.0,9.0,79.0,,,,,,55,D,86.0,49.0,66.0,False,0.03850689120556754
0.0,,8.0,4,4,0.009688269846191675,0.009456656538545868,0.02020660920636897,0.125,69.0,57.0,80.0,,,,,,56,D,89.0,51.0,73.0,False,0.029104855642568764
0.0,,8.0,4,4,0.008212895196984532,0.0021368001984810956,0.03988183176852427,0.5,64.0,55.0,75.0,,,,,,57,D,77.0,44.0,66.0,False,0.018702362043018596
0.0,,8.0,4,4,0.01667713188047271,0.0069482556735288945,0.05333809575926981,0.25,68.5,33.0,75.0,,,,,,58,D,77.0,44.0,70.0,False,0.026369623843358166
0.0,,8.0,4,4,0.029949606762046086,0.011295921109274954,0.14549325149827402,0.25,70.0,50.0,79.0,,,,,,59,D,86.0,49.0,75.0,False,0.03241265344530092
0.0,,8.0,4,4,0.19907858495096487,0.18799410558035903,0.39899502244330687,0.0,70.0,58.0,80.0,,,,,,0,Darg,133.0,54.0,76.0,False,0.21581048692775548
0.0,,8.0,4,4,0.19535317004484257,0.1139463352193176,0.5269863113240545,0.0,70.0,61.0,79.0,,,,,,1,Darg,130.0,46.0,74.0,False,0.11878774181468998
0.0,,8.0,4,4,0.37689263346043045,0.35086087700125634,0.7745853301753097,0.0,69.5,65.0,77.0,,,,,,2,Darg,126.0,50.0,72.0,False,0.14328653520994142
0.0,,8.0,4,4,0.057218930115563574,0.007242359608606445,0.32929270644305075,0.125,67.0,48.0,79.0,,,,,,3,Darg,110.0,48.0,63.0,False,0.021189135146319878
1.0,53.0,84.0,4,4,0.5235714056900932,0.47199513363785645,1.0,0.0,58.0,22.0,80.0,,,,,,4,Darg,131.0,44.0,75.0,False,0.2901573421471998
0.0,,8.0,4,4,0.12128431775150758,0.05608759632484568,0.4851228592178047,0.0,70.0,47.0,79.0,,,,,,5,Darg,130.0,54.0,74.0,False,0.12732231142368097
0.0,,8.0,4,4,0.09721648544974426,0.07561716786851981,0.24141017929947728,0.0,72.5,63.0,78.0,,,,,,6,Darg,128.0,56.0,73.0,False,0.10605804590340183
0.0,,8.0,4,4,0.012277322252374405,0.007948184023805017,0.03223635485863512,0.0,68.0,52.0,76.0,,,,,,7,Darg,121.0,59.0,69.0,False,0.03892028073873557
0.0,,8.0,4,4,0.20104334890347855,0.14296827764225206,0.5274829094322234,0.0,65.0,16.0,73.0,,,,,,8,Darg,121.0,49.0,69.0,False,0.06410165800310284
0.0,,8.0,4,4,0.023640808346878067,0.002836112895867097,0.08858087100356316,0.375,73.0,51.0,77.0,,,,,,9,Darg,91.0,42.0,52.0,False,0.015156713573568452
1.0,38.0,80.0,4,4,0.31548881457684674,0.19981637683765482,0.8055950717307263,0.0,61.0,7.0,76.0,,,,,,10,Darg,133.0,45.0,76.0,False,0.33432560033823555
0.0,,10.0,4,4,0.1526032944051605,0.06519593852146047,0.4676821174807817,0.125,68.0,48.0,79.0,,,,,,11,Darg,124.0,53.0,71.0,False,0.15171667585781595
0.0,,8.0,4,4,0.049780301728417214,0.00958151183825989,0.3048510138854563,0.375,68.5,56.0,76.0,,,,,,12,Darg,117.0,54.0,67.0,False,0.04588417725909333
0.0,,8.0,4,4,0.08006336158072719,0.05253333182597562,0.22563097245010322,0.125,70.0,12.0,80.0,,,,,,13,Darg,121.0,44.0,69.0,False,0.06278692467367016
1.0,54.0,84.0,4,4,0.2595799697551118,0.036086604029121006,1.0,0.5,41.0,8.0,78.0,,,,,,14,Darg,138.0,54.0,79.0,False,0.2774928740793542
0.0,,8.0,4,4,0.30448412064207075,0.2715529295982967,0.6553003738307265,0.0,66.0,46.0,78.0,,,,,,15,Darg,133.0,60.0,76.0,False,0.16039860317536028
0.0,,8.0,4,4,0.08146108890628072,0.10193410581298373,0.13434449095879902,0.0,61.0,29.0,80.0,,,,,,16,Darg,119.0,41.0,68.0,False,0.05965382880703122
0.0,,8.0,4,4,0.07002542549675772,0.02470216822325042,0.40567761561847815,0.0,75.5,53.0,80.0,,,,,,17,Darg,121.0,53.0,69.0,False,0.06149592408453913
0.0,,8.0,4,4,0.07745494596370534,0.04229639456680122,0.21617704190443063,0.125,50.5,14.0,80.0,,,,,,18,Darg,116.0,40.0,66.0,False,0.04615225062100833
0.0,,8.0,4,4,0.061054604138911235,0.06353676021877026,0.1118404330989292,0.0,71.5,55.0,79.0,,,,,,19,Darg,126.0,54.0,72.0,False,0.09856039474138172
1.0,59.0,94.0,4,4,0.3440842186143407,0.4005346693299583,0.6153035964015128,0.0,50.0,7.0,80.0,,,,,,20,Darg,138.0,47.0,79.0,False,0.3687349955501848
1.0,68.0,80.0,4,4,0.49798869016121755,0.41499724319858483,0.9085655384337011,0.0,70.5,46.0,79.0,,,,,,21,Darg,135.0,51.0,77.0,False,0.18584162755532654
1.0,84.0,82.0,4,4,0.8049027608323903,0.8419407330363873,1.0,0.0,72.0,63.0,78.0,,,,,,22,Darg,145.0,51.0,83.0,False,0.5868171489456052
0.0,,8.0,4,4,0.15065602426962416,0.11547222845223222,0.3849078417976672,0.0,71.5,57.0,80.0,,,,,,23,Darg,131.0,47.0,75.0,False,0.19939095491450534
0.0,,8.0,4,4,0.0249679309692846,0.01038836368882352,0.08179882662901991,0.125,70.0,62.0,76.0,,,,,,24,Darg,112.0,44.0,64.0,False,0.013388139260121066
0.0,,8.0,4,4,0.3536318443621792,0.35965901729316363,0.6651375189885337,0.0,61.0,45.0,77.0,,,,,,25,Darg,135.0,48.0,77.0,False,0.25358967199506066
0.0,,8.0,4,4,0.02026997064540033,0.005318201293714081,0.12500802106770847,0.375,76.5,57.0,80.0,,,,,,26,Darg,117.0,42.0,67.0,False,0.04349705012904586
0.0,,8.0,4,4,0.14074770917819235,0.060711969541166144,0.6052478143761004,0.0,68.5,20.0,80.0,,,,,,27,Darg,121.0,47.0,69.0,False,0.06438653741981717
1.0,37.0,88.0,4,4,0.26942532608689324,0.28270380705441334,0.5092566182422736,0.125,50.0,6.0,71.0,,,,,,28,Darg,131.0,49.0,75.0,False,0.20873744527599125
0.0,,8.0,4,4,0.08067115215559739,0.06410745151184633,0.21946409583896578,0.0,73.0,62.0,80.0,,,,,,29,Darg,119.0,46.0,68.0,False,0.06207075522668649
0.0,,9.0,4,4,0.09804044733340431,0.06218772903493715,0.28084501500930503,0.0,73.0,40.0,79.0,,,,,,30,Darg,128.0,45.0,73.0,False,0.08694703323202718
0.0,,8.0,4,4,0.1318552432583987,0.08787037908506498,0.37534226623825556,0.0,70.0,57.0,80.0,,,,,,31,Darg,128.0,47.0,73.0,False,0.08908600841479407
0.0,,8.0,4,4,0.1955348557431765,0.13571300047790857,0.4166035464693232,0.0,68.0,60.0,75.0,,,,,,32,Darg,130.0,43.0,74.0,False,0.12960246785752394
0.0,,8.0,4,4,0.29968635379898195,0.19849370153821327,1.0,0.0,69.0,55.0,79.0,,,,,,33,Darg,136.0,52.0,78.0,False,0.22313032185400758
0.0,,8.0,4,4,0.18892217276520018,0.19060891582850342,0.33671783100547725,0.0,71.5,55.0,77.0,,,,,,34,Darg,131.0,50.0,75.0,False,0.23127782439096106
0.0,,8.0,4,4,0.029134731986830406,0.0062708309078424295,0.11924514617895289,0.25,75.0,64.0,80.0,,,,,,35,Darg,110.0,45.0,63.0,False,0.04478458596848819
0.0,,8.0,4,4,0.35223098415692045,0.34657777470403833,0.5152916441389855,0.0,65.5,28.0,78.0,,,,,,36,Darg,136.0,50.0,78.0,False,0.25846599707531814
1.0,57.0,87.0,4,4,0.6322081551548515,0.6620940279598221,1.0,0.0,60.0,16.0,79.0,,,,,,37,Darg,130.0,50.0,74.0,False,0.27669687829308637
0.0,,8.0,4,4,0.015480617620353746,0.014013046986006236,0.05048430961949493,0.125,60.5,31.0,79.0,,,,,,38,Darg,114.0,45.0,65.0,False,0.04830277259403783
0.0,,8.0,4,4,0.07946690680695129,0.060349289453350774,0.3028067682896528,0.125,70.5,19.0,77.0,,,,,,39,Darg,116.0,46.0,66.0,False,0.0655384834247046
0.0,,8.0,4,4,0.11922892105904569,0.0841736484401228,0.36211032629750683,0.25,71.5,65.0,80.0,,,,,,40,Darg,136.0,61.0,78.0,False,0.19387524905972278
0.0,,8.0,4,4,0.07319422016671076,0.06577657414379734,0.13206195512546853,0.0,62.5,30.0,80.0,,,,,,41,Darg,122.0,42.0,70.0,False,0.10146381681950914
0.0,,8.0,4,4,0.3453577652867111,0.15400788274018629,1.0,0.0,70.5,54.0,76.0,,,,,,42,Darg,130.0,43.0,74.0,False,0.17352713405820902
0.0,,13.0,4,4,0.13236591419901805,0.06092391717643453,0.5499322618843878,0.0,57.5,39.0,79.0,,,,,,43,Darg,121.0,51.0,69.0,False,0.0773478639080671
0.0,,8.0,4,4,0.0798944765904964,0.04032168824202405,0.25517584148732825,0.0,70.0,50.0,78.0,,,,,,44,Darg,126.0,55.0,72.0,False,0.1133818531163538
0.0,,8.0,4,4,0.24396778165020216,0.2556576858296943,0.37445282427814763,0.0,65.5,40.0,78.0,,,,,,45,Darg,128.0,44.0,73.0,False,0.16412913781558328
1.0,109.0,83.0,4,4,0.13910160336251398,0.11306540966688985,0.4360493852576927,0.0,60.5,30.0,75.0,,,,,,46,Darg,108.0,56.0,62.0,False,0.044916207693901776
0.0,,8.0,4,4,0.029052021190932902,0.019061713529675943,0.094280822192342,0.25,72.0,34.0,79.0,,,,,,47,Darg,114.0,42.0,65.0,False,0.049623509625590666
0.0,,8.0,4,4,0.10673678285408322,0.09566429366778906,0.25183046324960806,0.125,70.5,57.0,76.0,,,,,,48,Darg,119.0,52.0,68.0,False,0.04166487284100135
0.0,,8.0,4,4,0.08376268442395816,0.047312409414281414,0.26188727277390905,0.0,68.0,37.0,77.0,,,,,,49,Darg,126.0,50.0,72.0,False,0.11130424013865368
1.0,68.0,82.0,4,4,0.34159989868429386,0.21699253612301866,1.0,0.0,47.5,32.0,58.0,,,,,,50,Darg,133.0,44.0,76.0,False,0.31143814225117206
0.0,,8.0,4,4,0.0331459584100937,0.023993550096818004,0.08866461116922487,0.0,75.0,65.0,79.0,,,,,,51,Darg,122.0,55.0,70.0,False,0.0654639663593079
0.0,,8.0,4,4,0.13626005226305402,0.12017690864260208,0.34140977353597707,0.0,71.0,57.0,79.0,,,,,,52,Darg,126.0,47.0,72.0,False,0.08057915190664194
0.0,,8.0,4,4,0.17234124794363154,0.04410886744770015,0.47790646476829324,0.0,74.0,53.0,80.0,,,,,,53,Darg,117.0,56.0,67.0,False,0.08844192139149716
0.0,,8.0,4,4,0.165587836491662,0.08069086824584282,0.6843324290113777,0.0,63.5,52.0,68.0,,,,,,54,Darg,133.0,52.0,76.0,False,0.158771798230677
0.0,,8.0,4,4,0.13882283793559919,0.11870883322846917,0.34573417649900756,0.0,74.0,41.0,79.0,,,,,,55,Darg,116.0,49.0,66.0,False,0.05489809649559904
0.0,,8.0,4,4,0.1425378623089567,0.08185689825143642,0.340100717713324,0.0,58.0,23.0,79.0,,,,,,56,Darg,128.0,51.0,73.0,False,0.13665586521889822
0.0,,8.0,4,4,0.014555454462839339,0.010344681397794639,0.04158367023651387,0.125,73.5,51.0,80.0,,,,,,57,Darg,116.0,44.0,66.0,False,0.03848645955595962
0.0,,8.0,4,4,0.17251315784744148,0.12981363896348808,0.43445626770986506,0.0,70.5,53.0,79.0,,,,,,58,Darg,122.0,44.0,70.0,False,0.09513906961986829
0.0,,8.0,4,4,0.05192670861059413,0.05075202148289529,0.09088360825692136,0.0,63.0,7.0,80.0,,,,,,59,Darg,131.0,49.0,75.0,False,0.16559499605924077
0.0,,8.0,4,4,0.008110443274336632,0.002081494375355955,0.03361318696379104,0.25,76.0,52.0,80.0,,,,,,0,Dfix,95.0,54.0,76.0,False,0.021853564588992826
0.0,,8.0,4,4,0.020932595969817225,0.0024005448731412938,0.15132456808700415,0.25,65.5,56.0,77.0,,,,,,1,Dfix,95.0,46.0,74.0,False,0.0205914212525478
0.0,,8.0,4,4,0.028543744161848413,0.0034354414087520257,0.15143186628224384,0.25,75.0,60.0,79.0,,,,,,2,Dfix,95.0,50.0,72.0,False,0.026881946850514832
0.0,,8.0,4,4,0.002546405398143101,0.002503089558576237,0.00522637990222443,0.25,73.5,50.0,80.0,,,,,,3,Dfix,95.0,48.0,63.0,False,0.015633822699723243
0.0,,8.0,4,4,0.018734591661458848,0.015982018950774342,0.0441719774185738,0.0,76.0,58.0,80.0,,,,,,4,Dfix,95.0,44.0,75.0,False,0.023855710063276143
0.0,,8.0,4,4,0.011028634180955827,0.006769467482769818,0.044783785349770774,0.375,74.5,28.0,76.0,,,,,,5,Dfix,95.0,54.0,74.0,False,0.02156817311383829
0.0,,8.0,4,4,0.008108739108737216,0.0033615314695983546,0.03673489390165353,0.5,69.5,25.0,80.0,,,,,,6,Dfix,95.0,56.0,73.0,False,0.02191332404460866
0.0,,8.0,4,4,0.006265553429162907,0.0012885481532599412,0.02974143910283254,0.375,74.5,69.0,80.0,,,,,,7,Dfix,95.0,59.0,69.0,False,0.015261302864039048
0.0,,8.0,4,4,0.052078749771415876,0.029970491109342665,0.1275894329637397,0.125,72.0,42.0,80.0,,,,,,8,Dfix,95.0,49.0,69.0,False,0.018101900332035455
0.0,,8.0,4,4,0.005591843280919276,0.006181118902197094,0.015623942057907934,0.375,61.0,44.0,80.0,,,,,,9,Dfix,95.0,42.0,52.0,False,0.014486148167314257
0.0,,8.0,4,4,0.012310635021339188,0.009355092586787999,0.03492183107729259,0.25,76.5,58.0,80.0,,,,,,10,Dfix,95.0,45.0,76.0,False,0.02819295950167407
0.0,,8.0,4,4,0.002736255480401941,0.0027228215964228823,0.007022157062966029,0.375,73.0,61.0,80.0,,,,,,11,Dfix,95.0,53.0,71.0,False,0.03201131925361744
0.0,,8.0,4,4,0.009227191095859741,0.004335375394545547,0.031100016049548748,0.375,70.5,58.0,80.0,,,,,,12,Dfix,95.0,54.0,67.0,False,0.020836556715209648
0.0,,8.0,4,4,0.04889241281515273,0.02486897255054774,0.20803107847473704,0.125,70.0,47.0,78.0,,,,,,13,Dfix,95.0,44.0,69.0,False,0.023567118454395766
0.0,,8.0,4,4,0.0036419680345160985,0.001046390024289958,0.010484864371592167,0.375,67.0,17.0,80.0,,,,,,14,Dfix,95.0,54.0,79.0,False,0.020164769285013852
0.0,,8.0,4,4,0.01686869338736734,0.011810431324135891,0.04788292684853781,0.0,70.0,27.0,78.0,,,,,,15,Dfix,95.0,60.0,76.0,False,0.022158354013018328
0.0,,8.0,4,4,0.009777302230137296,0.004831912668407869,0.03334501970397674,0.5,78.0,72.0,80.0,,,,,,16,Dfix,95.0,41.0,68.0,False,0.021985596897051943
0.0,,8.0,4,4,0.01935512827640111,0.003485808680596593,0.07647418100544909,0.25,70.5,41.0,75.0,,,,,,17,Dfix,95.0,53.0,69.0,False,0.018694905480233365
0.0,,8.0,4,4,0.015087413385622807,0.0005145984413545463,0.1068094297948721,0.625,75.0,66.0,79.0,,,,,,18,Dfix,95.0,40.0,66.0,False,0.02166296993676896
0.0,,8.0,4,4,0.008747264229614388,0.003165613339033758,0.04245296908116317,0.375,66.0,58.0,79.0,,,,,,19,Dfix,95.0,54.0,72.0,False,0.022122611322082333
0.0,,8.0,4,4,0.026216281850536177,0.00762382474942693,0.1190359487894182,0.125,69.0,65.0,76.0,,,,,,20,Dfix,95.0,47.0,79.0,False,0.021247264887376147
0.0,,8.0,4,4,0.005278165424099868,0.00035721597303057357,0.02426372486951363,0.625,74.5,38.0,80.0,,,,,,21,Dfix,95.0,51.0,77.0,False,0.014495643921807662
0.0,,8.0,4,4,0.033590683131099974,0.021383232591063273,0.10898951445241607,0.5,72.5,26.0,79.0,,,,,,22,Dfix,95.0,51.0,83.0,False,0.020422314199079247
0.0,,8.0,4,4,0.039084640005659366,0.0059961585462841365,0.14074950831924335,0.125,70.0,50.0,80.0,,,,,,23,Dfix,95.0,47.0,75.0,False,0.02719239943606568
0.0,,8.0,4,4,0.007111810495538456,0.0005529495589752017,0.045992743314030034,0.625,70.5,61.0,79.0,,,,,,24,Dfix,95.0,44.0,64.0,False,0.009423831313767972
0.0,,8.0,4,4,0.04155691009103421,0.007455374372592788,0.21351528657517005,0.0,70.5,59.0,78.0,,,,,,25,Dfix,95.0,48.0,77.0,False,0.030855048471215927
0.0,,8.0,4,4,0.006058690127668424,0.0018303950948916534,0.02778351912476564,0.375,73.0,57.0,79.0,,,,,,26,Dfix,95.0,42.0,67.0,False,0.020423436161371735
0.0,,8.0,4,4,0.030261064293440023,0.0022359979152440554,0.2150279721437373,0.5,76.0,51.0,80.0,,,,,,27,Dfix,95.0,47.0,69.0,False,0.021342021398221712
0.0,,8.0,4,4,0.013629616790216058,0.006990418649577283,0.03903485586933045,0.25,73.5,62.0,80.0,,,,,,28,Dfix,95.0,49.0,75.0,False,0.025841385294605192
0.0,,8.0,4,4,0.003131795436101219,0.0008591452153632034,0.019541166464604267,0.5,76.5,48.0,80.0,,,,,,29,Dfix,95.0,46.0,68.0,False,0.02412259614076728
0.0,,8.0,4,4,0.005358958631104277,0.003287348844551936,0.022276863493494118,0.25,74.5,65.0,78.0,,,,,,30,Dfix,95.0,45.0,73.0,False,0.01912121408204778
0.0,,8.0,4,4,0.030262845776954126,0.006562295721464424,0.16349789342327592,0.125,77.5,61.0,80.0,,,,,,31,Dfix,95.0,47.0,73.0,False,0.018317718335386545
0.0,,8.0,4,4,0.002997068660714802,0.0018088013202402038,0.00893766638073727,0.375,73.5,66.0,80.0,,,,,,32,Dfix,95.0,43.0,74.0,False,0.017115819203728087
0.0,,8.0,4,4,0.020716776544133342,0.00501128859765027,0.12844805751367613,0.125,72.5,28.0,80.0,,,,,,33,Dfix,95.0,52.0,78.0,False,0.017269206505568797
0.0,,8.0,4,4,0.041669240880140575,0.004802478322863525,0.25693922556002124,0.25,71.5,45.0,78.0,,,,,,34,Dfix,95.0,50.0,75.0,False,0.0229811333215326
0.0,,8.0,4,4,0.03712304454318195,0.008490731292962357,0.09473231612141893,0.125,72.5,34.0,80.0,,,,,,35,Dfix,95.0,45.0,63.0,False,0.02739252379374048
0.0,,8.0,4,4,0.03593963663165469,0.0242023627604097,0.1403112652068452,0.0,70.5,49.0,80.0,,,,,,36,Dfix,95.0,50.0,78.0,False,0.02790236971563577
0.0,,8.0,4,4,0.007565836477612914,0.0012147016782528847,0.02879431327756321,0.375,72.0,57.0,79.0,,,,,,37,Dfix,95.0,50.0,74.0,False,0.03741144410587318
0.0,,8.0,4,4,0.07518008284454633,0.0024667733735746636,0.31873127418113223,0.25,70.0,31.0,74.0,,,,,,38,Dfix,95.0,45.0,65.0,False,0.025321476875553955
0.0,,8.0,4,4,0.0365017964547606,0.009056762273173029,0.19270406020519434,0.375,76.0,49.0,78.0,,,,,,39,Dfix,95.0,46.0,66.0,False,0.0323277755349141
0.0,,8.0,4,4,0.026151608636662577,0.00234001854918544,0.11413170872858402,0.5,76.5,66.0,79.0,,,,,,40,Dfix,95.0,61.0,78.0,False,0.017970653353435624
0.0,,8.0,4,4,0.012579860787901086,0.00012531318120938116,0.05919905033682486,0.625,75.0,60.0,79.0,,,,,,41,Dfix,95.0,42.0,70.0,False,0.024214952505936697
0.0,,8.0,4,4,0.013608483823248207,0.004286857701233367,0.08555954401903161,0.375,76.5,63.0,80.0,,,,,,42,Dfix,95.0,43.0,74.0,False,0.024585284081502002
0.0,,8.0,4,4,0.009809234566244532,0.0028516024021450204,0.05960640706265387,0.5,78.5,69.0,80.0,,,,,,43,Dfix,95.0,51.0,69.0,False,0.025880560254399127
0.0,,8.0,4,4,0.013600413876543066,0.006652519902351128,0.04058384884342325,0.5,69.0,56.0,77.0,,,,,,44,Dfix,95.0,55.0,72.0,False,0.024065402327102317
0.0,,8.0,4,4,0.004924906872670146,0.0042209321890996476,0.012865952964366358,0.25,72.5,52.0,79.0,,,,,,45,Dfix,95.0,44.0,73.0,False,0.02351431747580385
0.0,,8.0,4,4,0.03283425143009215,0.014737530888117835,0.1465788448128782,0.0,66.0,58.0,80.0,,,,,,46,Dfix,95.0,56.0,62.0,False,0.0322466249161978
0.0,,8.0,4,4,0.03215421222969746,0.00433397246657077,0.13308076632944166,0.375,76.5,57.0,79.0,,,,,,47,Dfix,95.0,42.0,65.0,False,0.022762563959052646
0.0,,8.0,4,4,0.04276854808222067,0.0066666660287178405,0.17239147736209995,0.125,72.5,58.0,80.0,,,,,,48,Dfix,95.0,52.0,68.0,False,0.017460331578273647
0.0,,8.0,4,4,0.02354198958799877,0.01615868664256454,0.08117741013345489,0.125,77.0,71.0,80.0,,,,,,49,Dfix,95.0,50.0,72.0,False,0.02570499680435671
0.0,,8.0,4,4,0.10361954533041604,0.017416407974814568,0.4581305685002271,0.125,76.5,52.0,79.0,,,,,,50,Dfix,95.0,44.0,76.0,False,0.03484853917995461
0.0,,8.0,4,4,0.015295729864447457,0.003326343764822026,0.085448622739348,0.25,72.0,49.0,80.0,,,,,,51,Dfix,95.0,55.0,70.0,False,0.01827964199553223
0.0,,8.0,4,4,0.019304078439177905,0.003274924966495424,0.06758696359183716,0.375,75.0,62.0,78.0,,,,,,52,Dfix,95.0,47.0,72.0,False,0.017622894049029263
0.0,,8.0,4,4,0.08770902852597377,0.05479853056835426,0.21323692005804365,0.125,72.5,55.0,78.0,,,,,,53,Dfix,95.0,56.0,67.0,False,0.03660347381712643
0.0,,8.0,4,4,0.021543750050793016,0.00948855867158262,0.06881114877130194,0.125,76.0,74.0,80.0,,,,,,54,Dfix,95.0,52.0,76.0,False,0.020657173381782978
0.0,,8.0,4,4,0.024178271542619225,0.001066863719289536,0.0852872080803853,0.5,65.5,55.0,77.0,,,,,,55,Dfix,95.0,49.0,66.0,False,0.029158648857914332
0.0,,8.0,4,4,0.006953592290634568,0.0018474076439266981,0.03525381344322051,0.5,77.0,49.0,79.0,,,,,,56,Dfix,95.0,51.0,73.0,False,0.029470204804183248
0.0,,8.0,4,4,0.012276051387461212,0.0071038220954015435,0.05716078256737687,0.25,71.5,58.0,80.0,,,,,,57,Dfix,95.0,44.0,66.0,False,0.016953491528133715
0.0,,8.0,4,4,0.02087647723732422,0.0029069613596338834,0.09706214536664327,0.375,74.0,43.0,78.0,,,,,,58,Dfix,95.0,44.0,70.0,False,0.024301548614854847
0.0,,8.0,4,4,0.01985799399891961,0.004251812407361576,0.1231541644685859,0.375,76.0,57.0,80.0,,,,,,59,Dfix,95.0,49.0,75.0,False,0.027218202463617624
0.0,,8.0,4,4,0.0007307327008443994,0.0,0.0029229308033775978,0.75,74.0,70.0,78.0,,,,,,0,MIX_F,94.0,54.0,76.0,False,0.022166985688144913
1.0,36.0,80.0,4,4,0.042729279349056896,0.025558145014453533,0.11714594291778281,0.0,56.5,52.0,64.0,,,,,,1,MIX_F,80.0,46.0,74.0,False,0.02098663361762123
0.0,,8.0,4,4,0.03704102216416992,0.030163189932624686,0.08783770879143032,0.25,76.0,41.0,79.0,,,,,,2,MIX_F,88.0,50.0,72.0,False,0.026958987794284697
0.0,,8.0,4,4,0.03479919560052901,0.008453753272909868,0.12148319560113775,0.25,64.5,56.0,80.0,,,,,,3,MIX_F,84.0,48.0,63.0,False,0.014351626762490627
0.0,,8.0,4,4,0.0031838833289828485,0.00366872074194011,0.005398091832051174,0.25,65.0,63.0,69.0,,,,,,4,MIX_F,77.0,44.0,75.0,False,0.02956643469866625
0.0,,8.0,4,4,0.014573369916116585,0.014919403784732088,0.023635398490558398,0.0,75.0,69.0,78.0,,,,,,5,MIX_F,94.0,54.0,74.0,False,0.020923210167169155
0.0,,8.0,4,4,0.009630060237776919,0.004663871178903381,0.029192498593300916,0.25,67.0,58.0,80.0,,,,,,6,MIX_F,98.0,56.0,73.0,False,0.021490768404681854
0.0,,8.0,4,4,0.013959180563060072,0.014128765184841697,0.02757919188255689,0.25,70.5,39.0,74.0,,,,,,7,MIX_F,103.0,59.0,69.0,False,0.016725431216217435
0.0,,8.0,4,4,0.014383737956500879,0.008868963722972485,0.03979702438005855,0.25,63.5,58.0,69.0,,,,,,8,MIX_F,86.0,49.0,69.0,False,0.020534610248689286
1.0,41.0,89.0,4,4,0.017601968533674465,0.00171387780314322,0.06698011852841142,0.5,59.5,34.0,68.0,,,,,,9,MIX_F,74.0,42.0,52.0,False,0.017329573759635005
0.0,,8.0,4,4,0.052887089934828574,0.010895461421522264,0.18975743689626975,0.25,48.0,36.0,66.0,,,,,,10,MIX_F,79.0,45.0,76.0,False,0.03198033814074005
1.0,53.0,85.0,4,4,0.003800610707886349,0.0035864265049417063,0.008029589821661983,0.25,74.0,55.0,79.0,,,,,,11,MIX_F,93.0,53.0,71.0,False,0.03203466029460698
0.0,,8.0,4,4,0.020182037432039196,0.016436970627516728,0.045930876675847596,0.0,73.5,70.0,80.0,,,,,,12,MIX_F,94.0,54.0,67.0,False,0.02082447663593225
0.0,,8.0,4,4,0.003337466158047005,0.000798016899667571,0.011753830832852879,0.5,65.5,61.0,75.0,,,,,,13,MIX_F,77.0,44.0,69.0,False,0.022407204050069046
0.0,,10.0,4,4,0.003911477953594592,0.004021939236263345,0.0076020333418516765,0.5,75.5,73.0,80.0,,,,,,14,MIX_F,94.0,54.0,79.0,False,0.01954513013856305
0.0,,8.0,4,4,0.027205130474655927,0.014175479932527504,0.08036375851996352,0.25,74.0,59.0,76.0,,,,,,15,MIX_F,105.0,60.0,76.0,False,0.02613122338536371
1.0,81.0,86.0,4,4,0.001883973030551317,0.0004539408673674101,0.006628010387470448,0.75,46.0,42.0,58.0,,,,,,16,MIX_F,72.0,41.0,68.0,False,0.027292048794182285
0.0,,8.0,4,4,0.03030048435009361,0.0037277142505021395,0.11374650889937016,0.25,73.5,56.0,79.0,,,,,,17,MIX_F,93.0,53.0,69.0,False,0.01910661026003392
0.0,,8.0,4,4,0.0031329764062554685,0.0021020053381821916,0.008327894948657492,0.5,45.0,33.0,60.0,,,,,,18,MIX_F,70.0,40.0,66.0,False,0.03249325556980701
0.0,,12.0,4,4,0.01436215373513593,0.010287784075139668,0.03687304679026439,0.25,66.0,59.0,75.0,,,,,,19,MIX_F,94.0,54.0,72.0,False,0.02227221874926394
0.0,,8.0,4,4,0.003670343724003721,0.0038375137535990147,0.007006347388816855,0.25,65.0,64.0,71.0,,,,,,20,MIX_F,82.0,47.0,79.0,False,0.024800137322765963
0.0,,8.0,4,4,0.0013408580412071916,0.0010791681989481946,0.0032050957669323777,0.5,67.0,53.0,74.0,,,,,,21,MIX_F,89.0,51.0,77.0,False,0.016140618358238358
1.0,70.0,82.0,4,4,0.04404174462509934,0.0014526436055874252,0.1732616912892225,0.5,70.5,49.0,79.0,,,,,,22,MIX_F,89.0,51.0,83.0,False,0.020523820403382187
0.0,,8.0,4,4,0.036539870907269165,0.0032997316123843977,0.13956002040430784,0.25,72.0,66.0,79.0,,,,,,23,MIX_F,82.0,47.0,75.0,False,0.0299800537661825
0.0,,8.0,4,4,0.009919949812632752,0.0023891480521129795,0.034901503146305045,0.25,62.5,56.0,71.0,,,,,,24,MIX_F,77.0,44.0,64.0,False,0.013109800076683172
0.0,,8.0,4,4,0.01842752780061218,0.010767551931338602,0.05096933872735589,0.0,74.0,61.0,77.0,,,,,,25,MIX_F,84.0,48.0,77.0,False,0.03398970896508718
1.0,49.0,82.0,4,4,0.03129943606887437,0.0046908728449291046,0.11568803221660819,0.25,58.5,48.0,78.0,,,,,,26,MIX_F,74.0,42.0,67.0,False,0.022569464895644743
0.0,,8.0,4,4,0.007266535955576856,0.006829203057826553,0.015006142238570164,0.25,63.5,54.0,79.0,,,,,,27,MIX_F,82.0,47.0,69.0,False,0.02361741810288697
0.0,,8.0,4,4,0.004770936555175928,0.0004054074781738474,0.018272931264356015,0.75,71.5,52.0,76.0,,,,,,28,MIX_F,86.0,49.0,75.0,False,0.027538480802751397
1.0,41.0,85.0,4,4,0.005279554576373203,0.003184765932901303,0.012819213472426072,0.0,72.0,67.0,78.0,,,,,,29,MIX_F,80.0,46.0,68.0,False,0.02390641479619326
0.0,,8.0,4,4,0.025527796067544465,0.009579543218094596,0.08295209783398867,0.5,61.0,53.0,72.0,,,,,,30,MIX_F,79.0,45.0,73.0,False,0.017312320069420396
1.0,36.0,82.0,4,4,0.0021278025400933444,0.0023454617985903584,0.0038202865631926605,0.25,62.0,26.0,73.0,,,,,,31,MIX_F,82.0,47.0,73.0,False,0.02077209263367154
1.0,47.0,81.0,4,4,0.07646831081425272,0.012774295626040509,0.2795159285677102,0.25,63.0,53.0,70.0,,,,,,32,MIX_F,75.0,43.0,74.0,False,0.021406724687813985
0.0,,8.0,4,4,0.03412536025185161,0.021395632195931467,0.09371017661554351,0.5,72.5,56.0,78.0,,,,,,33,MIX_F,91.0,52.0,78.0,False,0.017493730537406858
1.0,72.0,84.0,4,4,0.010050158989658603,0.004053673685615211,0.031730993423579344,0.25,70.5,64.0,75.0,,,,,,34,MIX_F,88.0,50.0,75.0,False,0.02643868801337292
1.0,88.0,83.0,4,4,0.03691746140405652,0.0393194875091567,0.06871639000856823,0.25,59.0,47.0,75.0,,,,,,35,MIX_F,79.0,45.0,63.0,False,0.02673739118796216
1.0,70.0,80.0,4,4,0.014178487144395109,0.009135299030782303,0.03816974769746449,0.25,71.0,56.0,79.0,,,,,,36,MIX_F,88.0,50.0,78.0,False,0.027939831575159602
1.0,67.0,86.0,4,4,0.008589726021453073,0.009403344290052903,0.015552215505706483,0.25,65.0,42.0,80.0,,,,,,37,MIX_F,88.0,50.0,74.0,False,0.032850159601853085
1.0,58.0,93.0,4,4,0.015570327073540363,0.004403614586897947,0.051876631211627305,0.0,67.5,65.0,77.0,,,,,,38,MIX_F,79.0,45.0,65.0,False,0.026502934624428744
0.0,,8.0,4,4,0.1308413952744024,0.022997695702832492,0.4730298353488253,0.0,71.0,60.0,76.0,,,,,,39,MIX_F,80.0,46.0,66.0,False,0.031573650787764536
1.0,52.0,83.0,4,4,0.045733300292941544,0.013973557679110927,0.15498608581354434,0.25,76.0,45.0,80.0,,,,,,40,MIX_F,107.0,61.0,78.0,False,0.02353178940408201
0.0,,8.0,4,4,0.0,0.0,0.0,1.0,65.0,60.0,78.0,,,,,,41,MIX_F,74.0,42.0,70.0,False,0.030979797066048972
1.0,46.0,82.0,4,4,0.0031414777461702317,0.002640206450306065,0.0072854980840687976,0.25,69.5,62.0,72.0,,,,,,42,MIX_F,75.0,43.0,74.0,False,0.024125261641550426
0.0,,8.0,4,4,0.07496765837922184,0.05667862785563629,0.182951457574966,0.0,73.5,70.0,80.0,,,,,,43,MIX_F,89.0,51.0,69.0,False,0.027097372061570556
1.0,59.0,88.0,4,4,0.019888083529382778,0.00437085561688446,0.07081062288376219,0.25,65.0,53.0,76.0,,,,,,44,MIX_F,96.0,55.0,72.0,False,0.024367994216398625
0.0,,8.0,4,4,0.02325433940408767,0.028901813246803746,0.03499932967442285,0.25,66.0,57.0,68.0,,,,,,45,MIX_F,77.0,44.0,73.0,False,0.026431981195623806
0.0,,8.0,4,4,0.01894460120617831,0.0051934391476732115,0.0653915265293668,0.25,78.5,46.0,80.0,,,,,,46,MIX_F,98.0,56.0,62.0,False,0.0341158699416227
1.0,75.0,98.0,4,4,0.010542759469238612,0.0055515877759124725,0.031067862325129505,0.5,60.0,49.0,72.0,,,,,,47,MIX_F,74.0,42.0,65.0,False,0.027714167983807967
0.0,,8.0,4,4,0.003359031444056599,0.0016559343457548598,0.010124257084716676,0.25,74.5,70.0,75.0,,,,,,48,MIX_F,91.0,52.0,68.0,False,0.016453386937357276
0.0,,8.0,4,4,0.0007385604970436717,0.0003848700906145262,0.0021845018069456346,0.75,73.5,69.0,80.0,,,,,,49,MIX_F,88.0,50.0,72.0,False,0.02715893662182875
0.0,,8.0,4,4,0.061475395307817864,0.003981968256270868,0.23793764471872972,0.5,67.0,62.0,72.0,,,,,,50,MIX_F,77.0,44.0,76.0,False,0.03245589967642569
0.0,,8.0,4,4,0.00485260944721929,0.00453565095184417,0.01033913588518882,0.25,70.5,49.0,80.0,,,,,,51,MIX_F,96.0,55.0,70.0,False,0.01808780289659891
0.0,,8.0,4,4,0.032046577694742735,0.019439805905995325,0.08800607812463351,0.0,72.0,60.0,78.0,,,,,,52,MIX_F,82.0,47.0,72.0,False,0.0201488768025108
0.0,,8.0,4,4,0.009039525051194394,0.0030839490870168207,0.027160463150876175,0.0,64.0,49.0,79.0,,,,,,53,MIX_F,98.0,56.0,67.0,False,0.03622004943368041
1.0,54.0,84.0,4,4,0.012815512085338375,0.007929518878733503,0.03540301058388649,0.5,71.0,50.0,80.0,,,,,,54,MIX_F,91.0,52.0,76.0,False,0.02221243383497821
1.0,55.0,83.0,4,4,0.03852583900477476,0.007736782408334042,0.13862979120243096,0.5,50.5,23.0,77.0,,,,,,55,MIX_F,86.0,49.0,66.0,False,0.03850689120556754
0.0,,8.0,4,4,0.004731297424327629,0.0034240803766537225,0.01207702894400307,0.25,72.5,60.0,76.0,,,,,,56,MIX_F,89.0,51.0,73.0,False,0.029104855642568764
0.0,,8.0,4,4,0.006192695641002477,0.0001937803556903399,0.024383221852629228,0.75,61.0,47.0,63.0,,,,,,57,MIX_F,77.0,44.0,66.0,False,0.018702362043018596
1.0,54.0,94.0,4,4,0.056762521296838966,0.01003369406955057,0.20698269704825473,0.25,52.5,35.0,55.0,,,,,,58,MIX_F,77.0,44.0,70.0,False,0.026369623843358166
0.0,,8.0,4,4,0.03250139256991828,0.013400218476286705,0.10320513332709971,0.5,73.5,70.0,77.0,,,,,,59,MIX_F,86.0,49.0,75.0,False,0.03241265344530092
1.0,37.0,81.0,4,4,0.049725370873215685,0.024804247621097137,0.1467794831210641,0.0,58.0,38.0,75.0,,,,,,0,MIX_M,94.0,54.0,76.0,False,0.022166985688144913
1.0,58.0,81.0,4,4,0.03496458386887996,0.010888241574941906,0.11709908991108886,0.25,67.0,44.0,72.0,,,,,,1,MIX_M,80.0,46.0,74.0,False,0.02098663361762123
0.0,,8.0,4,4,0.0028475194521847247,0.0017602950745285327,0.007738284524869771,0.5,73.0,57.0,77.0,,,,,,2,MIX_M,88.0,50.0,72.0,False,0.026958987794284697
1.0,45.0,87.0,4,4,0.06261527503003404,0.013062952839665024,0.2243351944408061,0.25,70.5,39.0,80.0,,,,,,3,MIX_M,84.0,48.0,63.0,False,0.014351626762490627
1.0,42.0,84.0,4,4,0.07810533838698488,0.04324307520409169,0.22473253231212575,0.0,62.0,55.0,71.0,,,,,,4,MIX_M,77.0,44.0,75.0,False,0.02956643469866625
1.0,32.0,81.0,4,4,0.005798934781507774,0.004477187057090916,0.012789200711407224,0.0,73.0,73.0,74.0,,,,,,5,MIX_M,94.0,54.0,74.0,False,0.020923210167169155
0.0,,8.0,4,4,0.0030213209132938616,0.0027361657180934662,0.006612952216988514,0.25,70.0,70.0,71.0,,,,,,6,MIX_M,98.0,56.0,73.0,False,0.021490768404681854
0.0,,8.0,4,4,0.0050418231614133835,0.004878612556561223,0.010410067532531087,0.5,75.5,63.0,78.0,,,,,,7,MIX_M,103.0,59.0,69.0,False,0.016725431216217435
0.0,,8.0,4,4,0.1373490267892283,0.052281066170011964,0.4448339748168893,0.5,65.5,39.0,78.0,,,,,,8,MIX_M,86.0,49.0,69.0,False,0.020534610248689286
1.0,47.0,80.0,4,4,0.017281013715066088,0.008531215659346227,0.05206162354157189,0.5,69.0,55.0,78.0,,,,,,9,MIX_M,74.0,42.0,52.0,False,0.017329573759635005
1.0,36.0,88.0,4,4,0.031107904294174864,0.03210312836024451,0.05179355239606142,0.0,70.0,61.0,76.0,,,,,,10,MIX_M,79.0,45.0,76.0,False,0.03198033814074005
0.0,,8.0,4,4,0.07591611349820665,0.03348176714684474,0.23670091969913712,0.5,77.0,73.0,78.0,,,,,,11,MIX_M,93.0,53.0,71.0,False,0.03203466029460698
0.0,,8.0,4,4,0.028341502003585147,0.02721057023663342,0.05635566794516147,0.0,71.0,59.0,75.0,,,,,,12,MIX_M,94.0,54.0,67.0,False,0.02082447663593225
0.0,,8.0,4,4,0.01127529527143056,0.012471714320303653,0.016939583699804334,0.0,61.5,47.0,75.0,,,,,,13,MIX_M,77.0,44.0,69.0,False,0.022407204050069046
1.0,90.0,88.0,4,4,0.01689824650579272,0.008110343835894632,0.0513722983513816,0.25,75.5,26.0,80.0,,,,,,14,MIX_M,94.0,54.0,79.0,False,0.01954513013856305
0.0,,8.0,4,4,0.004072226214734815,0.0031677520509507708,0.009460196666064527,0.25,71.5,70.0,77.0,,,,,,15,MIX_M,105.0,60.0,76.0,False,0.02613122338536371
1.0,72.0,85.0,4,4,0.017433604276153352,0.008823751476055007,0.0520869141525034,0.5,61.0,53.0,70.0,,,,,,16,MIX_M,72.0,41.0,68.0,False,0.027292048794182285
0.0,,8.0,4,4,0.010726219813484844,0.0042676345722506915,0.03232127834686984,0.0,67.5,27.0,80.0,,,,,,17,MIX_M,93.0,53.0,69.0,False,0.01910661026003392
1.0,61.0,92.0,4,4,0.03341737259003888,0.014290493289960304,0.10271358243884612,0.0,61.5,52.0,66.0,,,,,,18,MIX_M,70.0,40.0,66.0,False,0.03249325556980701
0.0,,8.0,4,4,0.0026971611363755983,0.002393130071242177,0.00600238440301804,0.5,64.0,53.0,69.0,,,,,,19,MIX_M,94.0,54.0,72.0,False,0.02227221874926394
0.0,,8.0,4,4,0.1441832771298011,0.14217670998831652,0.2923796885425714,0.25,71.5,63.0,80.0,,,,,,20,MIX_M,82.0,47.0,79.0,False,0.024800137322765963
1.0,40.0,87.0,4,4,0.09217883676736599,0.07062306422483083,0.2273648322489943,0.5,76.0,51.0,80.0,,,,,,21,MIX_M,89.0,51.0,77.0,False,0.016140618358238358
0.0,,8.0,4,4,0.0038583540879910884,0.001790162718837874,0.011853090914288605,0.25,72.5,42.0,74.0,,,,,,22,MIX_M,89.0,51.0,83.0,False,0.020523820403382187
0.0,,8.0,4,4,0.0007911449609221501,0.00040434977465710753,0.0023558802943743854,0.75,73.5,55.0,75.0,,,,,,23,MIX_M,82.0,47.0,75.0,False,0.0299800537661825
0.0,,8.0,4,4,0.02689792032839449,0.009558192170155785,0.08847529697326639,0.25,61.0,59.0,64.0,,,,,,24,MIX_M,77.0,44.0,64.0,False,0.013109800076683172
0.0,,8.0,4,4,0.057090900686037505,0.021811374565374582,0.18277265010392518,0.0,69.5,66.0,72.0,,,,,,25,MIX_M,84.0,48.0,77.0,False,0.03398970896508718
1.0,91.0,80.0,4,4,0.01756834480404813,0.0010549727797352728,0.06816343365672198,0.5,54.0,45.0,66.0,,,,,,26,MIX_M,74.0,42.0,67.0,False,0.022569464895644743
1.0,72.0,87.0,4,4,0.007794520858135857,0.004930978426769021,0.021316126579005383,0.5,74.5,59.0,80.0,,,,,,27,MIX_M,82.0,47.0,69.0,False,0.02361741810288697
1.0,40.0,80.0,4,4,0.002302030497088287,0.0008190197032676505,0.007570082581817846,0.5,67.0,50.0,71.0,,,,,,28,MIX_M,86.0,49.0,75.0,False,0.027538480802751397
1.0,115.0,80.0,4,4,0.008501729806400942,0.007543486691877796,0.018537439750694343,0.25,66.5,33.0,75.0,,,,,,29,MIX_M,80.0,46.0,68.0,False,0.02390641479619326
0.0,,8.0,4,4,0.022605597350837565,0.009495582155480528,0.07063598537731856,0.25,65.5,49.0,74.0,,,,,,30,MIX_M,79.0,45.0,73.0,False,0.017312320069420396
0.0,,8.0,4,4,0.015298121287649548,0.016760511038347956,0.02702281636518682,0.25,71.0,51.0,80.0,,,,,,31,MIX_M,82.0,47.0,73.0,False,0.02077209263367154
1.0,46.0,80.0,4,4,0.041135574805078554,0.011181530809305017,0.1380787877801374,0.0,70.5,62.0,79.0,,,,,,32,MIX_M,75.0,43.0,74.0,False,0.021406724687813985
0.0,,8.0,4,4,0.06970398053196664,0.05518914438065203,0.15669815645472193,0.0,75.0,62.0,77.0,,,,,,33,MIX_M,91.0,52.0,78.0,False,0.017493730537406858
0.0,,8.0,4,4,0.0028208663955975677,0.0022293254684983494,0.006824814645393572,0.5,68.0,19.0,79.0,,,,,,34,MIX_M,88.0,50.0,75.0,False,0.02643868801337292
0.0,,8.0,4,4,0.017255361278600542,0.0059587204448967816,0.0571040042246086,0.25,64.0,53.0,72.0,,,,,,35,MIX_M,79.0,45.0,63.0,False,0.02673739118796216
0.0,,8.0,4,4,0.011437836209257628,0.005145299922177755,0.0344460517048461,0.0,68.5,50.0,78.0,,,,,,36,MIX_M,88.0,50.0,78.0,False,0.027939831575159602
0.0,,8.0,4,4,0.00798322993239428,0.007051410904701448,0.01783009792017422,0.5,73.0,47.0,78.0,,,,,,37,MIX_M,88.0,50.0,74.0,False,0.032850159601853085
0.0,,13.0,4,4,0.12268747809519463,0.11017033705312182,0.269886566222677,0.25,71.0,62.0,75.0,,,,,,38,MIX_M,79.0,45.0,65.0,False,0.026502934624428744
0.0,,8.0,4,4,0.030046749817371814,0.004779319671814414,0.11062835992585843,0.25,60.5,43.0,67.0,,,,,,39,MIX_M,80.0,46.0,66.0,False,0.031573650787764536
0.0,,8.0,4,4,0.00757170184925624,0.003777670296664107,0.02125790088305203,0.0,76.5,30.0,78.0,,,,,,40,MIX_M,107.0,61.0,78.0,False,0.02353178940408201
0.0,,8.0,4,4,0.022195773893925387,0.01934017921565199,0.05010273714439758,0.25,61.5,51.0,78.0,,,,,,41,MIX_M,74.0,42.0,70.0,False,0.030979797066048972
0.0,,8.0,4,4,0.00793629773484233,0.005411801727416289,0.02000641065987899,0.25,70.0,62.0,79.0,,,,,,42,MIX_M,75.0,43.0,74.0,False,0.024125261641550426
0.0,,8.0,4,4,0.006898325563379346,0.0012933975576856962,0.025006507138145992,0.5,71.0,21.0,79.0,,,,,,43,MIX_M,89.0,51.0,69.0,False,0.027097372061570556
0.0,,8.0,4,4,0.0049545583611231335,0.001699838645521984,0.016418556153448567,0.25,68.0,29.0,79.0,,,,,,44,MIX_M,96.0,55.0,72.0,False,0.024367994216398625
1.0,40.0,83.0,4,4,0.029914896290412912,0.010942490302532462,0.09633609250854969,0.0,47.5,41.0,67.0,,,,,,45,MIX_M,77.0,44.0,73.0,False,0.026431981195623806
0.0,,8.0,4,4,0.017833408597052458,0.015121364591231087,0.04109090520574765,0.25,64.5,39.0,78.0,,,,,,46,MIX_M,98.0,56.0,62.0,False,0.0341158699416227
0.0,,11.0,4,4,0.011119809259648556,0.0005378784136518574,0.04340348021129051,0.75,61.5,45.0,68.0,,,,,,47,MIX_M,74.0,42.0,65.0,False,0.027714167983807967
1.0,49.0,85.0,4,4,0.017130733681273883,0.002316022675739796,0.06389088937361594,0.25,74.0,62.0,80.0,,,,,,48,MIX_M,91.0,52.0,68.0,False,0.016453386937357276
0.0,,8.0,4,4,0.07296969586329616,0.047347586498268195,0.1942502593212081,0.0,67.0,58.0,79.0,,,,,,49,MIX_M,88.0,50.0,72.0,False,0.02715893662182875
1.0,44.0,89.0,4,4,0.0036038709110903433,0.0028102095752908385,0.008795064493779696,0.5,64.0,61.0,74.0,,,,,,50,MIX_M,77.0,44.0,76.0,False,0.03245589967642569
1.0,32.0,80.0,4,4,0.062329470484881744,0.060537942174644824,0.12824199759023733,0.25,53.5,45.0,80.0,,,,,,51,MIX_M,96.0,55.0,70.0,False,0.01808780289659891
1.0,30.0,82.0,4,4,0.004556318310303624,0.003724566481238472,0.010776140278737552,0.25,61.0,39.0,73.0,,,,,,52,MIX_M,82.0,47.0,72.0,False,0.0201488768025108
1.0,40.0,82.0,4,4,0.03422211789446544,0.0292110038571302,0.06269055406890463,0.0,69.5,59.0,76.0,,,,,,53,MIX_M,98.0,56.0,67.0,False,0.03622004943368041
0.0,,8.0,4,4,0.006656585820419205,0.0008502330211422609,0.0249258772393923,0.5,72.5,71.0,79.0,,,,,,54,MIX_M,91.0,52.0,76.0,False,0.02221243383497821
1.0,39.0,81.0,4,4,0.02730981094515976,0.02072640432096873,0.06628026759368388,0.0,60.5,23.0,76.0,,,,,,55,MIX_M,86.0,49.0,66.0,False,0.03850689120556754
1.0,33.0,82.0,4,4,0.011039075252085329,0.0033564651636499693,0.03629221981835841,0.0,62.5,49.0,78.0,,,,,,56,MIX_M,89.0,51.0,73.0,False,0.029104855642568764
1.0,52.0,83.0,4,4,0.04726316079260741,0.03047752703837219,0.12672214718965683,0.0,62.0,56.0,72.0,,,,,,57,MIX_M,77.0,44.0,66.0,False,0.018702362043018596
0.0,,8.0,4,4,0.008802078203570776,0.006811556112389928,0.02158520058950325,0.25,66.5,63.0,73.0,,,,,,58,MIX_M,77.0,44.0,70.0,False,0.026369623843358166
0.0,,8.0,4,4,0.010341876111795182,0.005216381177190482,0.030934742092799766,0.25,67.0,63.0,70.0,,,,,,59,MIX_M,86.0,49.0,75.0,False,0.03241265344530092
0.0,,8.0,4,4,0.01952328892447787,0.0047532214667711375,0.0685867127643692,0.25,76.5,74.0,77.0,,,,,,0,MIXfix_F,95.0,54.0,76.0,False,0.021853564588992826
0.0,,8.0,4,4,0.005372167465833941,0.0036163436655343145,0.014255982532267134,0.25,75.0,59.0,80.0,,,,,,1,MIXfix_F,95.0,46.0,74.0,False,0.0205914212525478
0.0,,8.0,4,4,0.006704415432579668,0.0031260004075617225,0.01825612389928391,0.0,75.0,69.0,78.0,,,,,,2,MIXfix_F,95.0,50.0,72.0,False,0.026881946850514832
0.0,,8.0,4,4,0.008958835794044282,0.008198555047364862,0.019438233081447404,0.5,72.0,68.0,80.0,,,,,,3,MIXfix_F,95.0,48.0,63.0,False,0.015633822699723243
0.0,,8.0,4,4,0.00872868798386803,0.001425860235884872,0.03183114454772341,0.5,73.0,42.0,77.0,,,,,,4,MIXfix_F,95.0,44.0,75.0,False,0.023855710063276143
0.0,,8.0,4,4,0.0005154912099585196,0.00022030488952718056,0.0016213550607797175,0.75,75.0,73.0,77.0,,,,,,5,MIXfix_F,95.0,54.0,74.0,False,0.02156817311383829
0.0,,8.0,4,4,0.04072212727954292,0.044288779168719136,0.06930532416268241,0.0,65.0,55.0,75.0,,,,,,6,MIXfix_F,95.0,56.0,73.0,False,0.02191332404460866
1.0,70.0,83.0,4,4,0.007071459833984476,0.0017607230489430229,0.024374952376676563,0.25,56.5,28.0,76.0,,,,,,7,MIXfix_F,95.0,59.0,69.0,False,0.015261302864039048
1.0,40.0,89.0,4,4,0.003985329653568134,0.002221937872957125,0.011497442868358286,0.25,70.5,35.0,80.0,,,,,,8,MIXfix_F,95.0,49.0,69.0,False,0.018101900332035455
0.0,,9.0,4,4,0.007812018397523605,0.008010128561162346,0.013760357620870503,0.0,64.5,56.0,77.0,,,,,,9,MIXfix_F,95.0,42.0,52.0,False,0.014486148167314257
0.0,,8.0,4,4,0.09993633643457027,0.11317557141609375,0.17339420290609361,0.25,54.0,42.0,80.0,,,,,,10,MIXfix_F,95.0,45.0,76.0,False,0.02819295950167407
0.0,,8.0,4,4,0.003486261592655963,0.0034588261551972968,0.007027394060229258,0.25,71.5,59.0,78.0,,,,,,11,MIXfix_F,95.0,53.0,71.0,False,0.03201131925361744
1.0,40.0,81.0,4,4,0.004643436440022386,0.005415660087155213,0.007742425585779119,0.25,75.0,58.0,77.0,,,,,,12,MIXfix_F,95.0,54.0,67.0,False,0.020836556715209648
0.0,,8.0,4,4,0.013730475827517985,0.003871195134527038,0.04717951304101787,0.25,79.0,76.0,80.0,,,,,,13,MIXfix_F,95.0,44.0,69.0,False,0.023567118454395766
0.0,,8.0,4,4,0.05136067278564389,0.017039489875341797,0.16975870342499672,0.0,75.0,66.0,78.0,,,,,,14,MIXfix_F,95.0,54.0,79.0,False,0.020164769285013852
0.0,,8.0,4,4,0.009431709427722732,0.009417039512480463,0.01752791633462151,0.0,70.0,63.0,75.0,,,,,,15,MIXfix_F,95.0,60.0,76.0,False,0.022158354013018328
0.0,,8.0,4,4,0.006890269099680954,0.004469271952732567,0.01862253249325868,0.25,78.0,67.0,80.0,,,,,,16,MIXfix_F,95.0,41.0,68.0,False,0.021985596897051943
0.0,,8.0,4,4,0.009612882882418917,0.001733876858538053,0.034983777812599565,0.5,73.5,69.0,78.0,,,,,,17,MIXfix_F,95.0,53.0,69.0,False,0.018694905480233365
1.0,89.0,83.0,4,4,0.012547121646243749,0.0004690929323820865,0.04925030072021082,0.75,70.0,57.0,76.0,,,,,,18,MIXfix_F,95.0,40.0,66.0,False,0.02166296993676896
0.0,,8.0,4,4,0.044907654290673005,0.0018132289745539465,0.17600415921358414,0.5,65.0,59.0,69.0,,,,,,19,MIXfix_F,95.0,54.0,72.0,False,0.022122611322082333
0.0,,9.0,4,4,0.06682077617622526,0.07499253313049423,0.11724496855520812,0.25,76.5,66.0,79.0,,,,,,20,MIXfix_F,95.0,47.0,79.0,False,0.021247264887376147
0.0,,8.0,4,4,0.0006324304606074237,0.00039512364312689456,0.001739474556175906,0.75,67.0,56.0,80.0,,,,,,21,MIXfix_F,95.0,51.0,77.0,False,0.014495643921807662
0.0,,8.0,4,4,0.008806921269901088,0.0029508989385939443,0.02932588720241646,0.25,78.0,70.0,80.0,,,,,,22,MIXfix_F,95.0,51.0,83.0,False,0.020422314199079247
0.0,,8.0,4,4,0.04922124435988776,0.03453407036725492,0.11135779705649546,0.0,73.5,70.0,76.0,,,,,,23,MIXfix_F,95.0,47.0,75.0,False,0.02719239943606568
0.0,,8.0,4,4,0.01472309947472005,0.00016325580041985324,0.05856588629804049,0.75,80.0,77.0,80.0,,,,,,24,MIXfix_F,95.0,44.0,64.0,False,0.009423831313767972
0.0,,8.0,4,4,0.10094082145164475,0.09584380188315658,0.21207568204026583,0.25,63.0,43.0,74.0,,,,,,25,MIXfix_F,95.0,48.0,77.0,False,0.030855048471215927
1.0,58.0,86.0,4,4,0.015314105124667736,0.000521961898290045,0.060212496702090855,0.75,68.0,43.0,79.0,,,,,,26,MIXfix_F,95.0,42.0,67.0,False,0.020423436161371735
0.0,,8.0,4,4,0.002313423359927444,0.0016377469105064847,0.005859861243582168,0.5,78.0,75.0,80.0,,,,,,27,MIXfix_F,95.0,47.0,69.0,False,0.021342021398221712
0.0,,8.0,4,4,0.061475691282473995,0.03497765252908595,0.16833101557990443,0.0,76.5,64.0,80.0,,,,,,28,MIXfix_F,95.0,49.0,75.0,False,0.025841385294605192
0.0,,8.0,4,4,0.00012911545776651077,7.788948839990706e-05,0.00036068285426622896,1.0,70.5,65.0,77.0,,,,,,29,MIXfix_F,95.0,46.0,68.0,False,0.02412259614076728
0.0,,8.0,4,4,0.008729912983901031,0.0007930529553987274,0.03333354602480667,0.5,73.5,55.0,80.0,,,,,,30,MIXfix_F,95.0,45.0,73.0,False,0.01912121408204778
0.0,,8.0,4,4,0.03180700960952943,0.0007871238363388042,0.12565379076544012,0.5,71.5,64.0,80.0,,,,,,31,MIXfix_F,95.0,47.0,73.0,False,0.018317718335386545
0.0,,8.0,4,4,0.0056172207907535954,0.005852000066867398,0.010764883029279585,0.25,78.5,75.0,80.0,,,,,,32,MIXfix_F,95.0,43.0,74.0,False,0.017115819203728087
0.0,,8.0,4,4,0.06057667992567415,0.01990063399187661,0.20184684135468936,0.25,65.5,61.0,78.0,,,,,,33,MIXfix_F,95.0,52.0,78.0,False,0.017269206505568797
0.0,,8.0,4,4,0.005373152762695267,0.001749804901368079,0.017993001248044913,0.5,75.0,69.0,80.0,,,,,,34,MIXfix_F,95.0,50.0,75.0,False,0.0229811333215326
0.0,,8.0,4,4,0.03424355653095026,0.00529879597333752,0.126376634177126,0.25,73.5,47.0,80.0,,,,,,35,MIXfix_F,95.0,45.0,63.0,False,0.02739252379374048
0.0,,11.0,4,4,0.16116845504743374,0.008694421313694009,0.6270325743198277,0.5,61.5,43.0,76.0,,,,,,36,MIXfix_F,95.0,50.0,78.0,False,0.02790236971563577
1.0,58.0,98.0,4,4,0.046483151695902766,0.034073072825579545,0.11778646113245199,0.25,66.0,31.0,80.0,,,,,,37,MIXfix_F,95.0,50.0,74.0,False,0.03741144410587318
0.0,,8.0,4,4,0.010860853965399535,0.005336474173267885,0.03038765540461476,0.0,79.0,49.0,80.0,,,,,,38,MIXfix_F,95.0,45.0,65.0,False,0.025321476875553955
0.0,,8.0,4,4,0.010765490619574075,0.0017940030163227383,0.039473956445650826,0.5,78.0,71.0,79.0,,,,,,39,MIXfix_F,95.0,46.0,66.0,False,0.0323277755349141
0.0,,8.0,4,4,0.002192248842095735,0.0023838765542767244,0.004001242259829492,0.25,75.5,47.0,80.0,,,,,,40,MIXfix_F,95.0,61.0,78.0,False,0.017970653353435624
0.0,,8.0,4,4,0.01173482817241972,0.00200770625540573,0.04292390017886742,0.5,69.5,64.0,80.0,,,,,,41,MIXfix_F,95.0,42.0,70.0,False,0.024214952505936697
0.0,,8.0,4,4,0.00533289799213507,0.004773270418105971,0.01076986146309959,0.0,70.5,66.0,76.0,,,,,,42,MIXfix_F,95.0,43.0,74.0,False,0.024585284081502002
1.0,55.0,112.0,4,4,0.0016580522086788007,0.0008330885802068752,0.0049660316743014524,0.5,73.5,57.0,74.0,,,,,,43,MIXfix_F,95.0,51.0,69.0,False,0.025880560254399127
1.0,37.0,81.0,4,4,8.143566115755382e-05,0.0,0.00032574264463021527,1.0,62.0,40.0,74.0,,,,,,44,MIXfix_F,95.0,55.0,72.0,False,0.024065402327102317
0.0,,8.0,4,4,0.009381314353469701,0.0033901906637192622,0.03074487608644028,0.5,71.5,67.0,76.0,,,,,,45,MIXfix_F,95.0,44.0,73.0,False,0.02351431747580385
0.0,,8.0,4,4,0.01283316084639324,0.012144540091510905,0.026607280262943123,0.25,74.5,52.0,79.0,,,,,,46,MIXfix_F,95.0,56.0,62.0,False,0.0322466249161978
0.0,,8.0,4,4,0.0709446158257749,0.06884710248489134,0.144715008186065,0.0,72.5,66.0,79.0,,,,,,47,MIXfix_F,95.0,42.0,65.0,False,0.022762563959052646
1.0,42.0,80.0,4,4,0.0015865294454122602,0.0001259127630956802,0.0060942922554576805,0.75,69.0,48.0,79.0,,,,,,48,MIXfix_F,95.0,52.0,68.0,False,0.017460331578273647
0.0,,8.0,4,4,0.07256133551723283,0.017111814930581365,0.2560217122077686,0.25,73.5,36.0,80.0,,,,,,49,MIXfix_F,95.0,50.0,72.0,False,0.02570499680435671
0.0,,8.0,4,4,0.02152158450491617,0.004643355220504684,0.07679962757865531,0.25,76.5,49.0,78.0,,,,,,50,MIXfix_F,95.0,44.0,76.0,False,0.03484853917995461
0.0,,8.0,4,4,0.0034829986136485484,0.0026746354208481106,0.008582723612897972,0.5,72.5,65.0,78.0,,,,,,51,MIXfix_F,95.0,55.0,70.0,False,0.01827964199553223
0.0,,8.0,4,4,0.02371190865708681,0.016038086274845334,0.06277146207865657,0.5,67.5,26.0,78.0,,,,,,52,MIXfix_F,95.0,47.0,72.0,False,0.017622894049029263
1.0,45.0,90.0,4,4,0.026506075320528254,0.013521281305356105,0.07652538447063362,0.0,69.0,60.0,76.0,,,,,,53,MIXfix_F,95.0,56.0,67.0,False,0.03660347381712643
1.0,60.0,84.0,4,4,0.015445220368006496,0.006997317966309849,0.04778624553940628,0.25,70.0,25.0,79.0,,,,,,54,MIXfix_F,95.0,52.0,76.0,False,0.020657173381782978
0.0,,8.0,4,4,0.005697934300396632,0.0034600378354238616,0.015871661530738806,0.5,70.0,67.0,79.0,,,,,,55,MIXfix_F,95.0,49.0,66.0,False,0.029158648857914332
0.0,,8.0,4,4,0.004105476423322844,0.0036230043471309013,0.009175896999029574,0.5,75.0,64.0,77.0,,,,,,56,MIXfix_F,95.0,51.0,73.0,False,0.029470204804183248
1.0,85.0,101.0,4,4,0.02759548670357185,0.02114525053801019,0.06723036214933549,0.25,71.0,60.0,80.0,,,,,,57,MIXfix_F,95.0,44.0,66.0,False,0.016953491528133715
1.0,57.0,85.0,4,4,0.000436965531834287,0.0,0.001747862127337148,0.75,76.0,40.0,80.0,,,,,,58,MIXfix_F,95.0,44.0,70.0,False,0.024301548614854847
0.0,,8.0,4,4,0.01613783751977661,0.004161074269827029,0.056229201539452385,0.5,71.0,47.0,80.0,,,,,,59,MIXfix_F,95.0,49.0,75.0,False,0.027218202463617624
0.0,,8.0,4,4,0.03718712735123401,0.012316161948080823,0.12201510627099642,0.0,74.0,69.0,78.0,,,,,,0,MIXfix_M,95.0,54.0,76.0,False,0.021853564588992826
0.0,,8.0,4,4,0.007365513273830386,0.0017427647977409436,0.025976523499839657,0.5,68.5,30.0,78.0,,,,,,1,MIXfix_M,95.0,46.0,74.0,False,0.0205914212525478
0.0,,8.0,4,4,0.007109624924737854,0.004170946749868804,0.018681136695463545,0.0,69.5,54.0,80.0,,,,,,2,MIXfix_M,95.0,50.0,72.0,False,0.026881946850514832
0.0,,8.0,4,4,0.02467546322761644,0.023328257029588507,0.049379503632805986,0.0,70.5,64.0,79.0,,,,,,3,MIXfix_M,95.0,48.0,63.0,False,0.015633822699723243
1.0,41.0,83.0,4,4,0.013882705878391854,0.00816798181816194,0.03775670172645697,0.0,70.0,53.0,78.0,,,,,,4,MIXfix_M,95.0,44.0,75.0,False,0.023855710063276143
0.0,,8.0,4,4,0.004073010370680546,0.0,0.016292041482722185,0.75,77.0,76.0,80.0,,,,,,5,MIXfix_M,95.0,54.0,74.0,False,0.02156817311383829
0.0,,8.0,4,4,0.009139997783215358,0.003628784771480359,0.029302421589900714,0.5,73.5,64.0,80.0,,,,,,6,MIXfix_M,95.0,56.0,73.0,False,0.02191332404460866
1.0,54.0,89.0,4,4,0.002596538473373026,0.0017483094754594337,0.006889534942573236,0.5,53.5,30.0,80.0,,,,,,7,MIXfix_M,95.0,59.0,69.0,False,0.015261302864039048
1.0,66.0,90.0,4,4,0.002904244589606318,0.002460520196027112,0.006695937966371049,0.5,72.0,65.0,74.0,,,,,,8,MIXfix_M,95.0,49.0,69.0,False,0.018101900332035455
0.0,,8.0,4,4,0.0004438875566148724,0.00018871029848130776,0.0013981296294968742,0.75,69.0,51.0,78.0,,,,,,9,MIXfix_M,95.0,42.0,52.0,False,0.014486148167314257
1.0,49.0,85.0,4,4,0.045095611288724136,0.0421574239780351,0.09363789481700202,0.0,72.5,64.0,80.0,,,,,,10,MIXfix_M,95.0,45.0,76.0,False,0.02819295950167407
1.0,41.0,83.0,4,4,0.1114816940399104,0.1206329757814156,0.1958919975799682,0.0,66.0,54.0,80.0,,,,,,11,MIXfix_M,95.0,53.0,71.0,False,0.03201131925361744
0.0,,8.0,4,4,0.0038176396072812945,0.0004333131525430387,0.014403932124039101,0.75,70.0,45.0,76.0,,,,,,12,MIXfix_M,95.0,54.0,67.0,False,0.020836556715209648
0.0,,8.0,4,4,0.0022838845717392323,0.001717865121680539,0.0056998080435958515,0.5,72.5,70.0,75.0,,,,,,13,MIXfix_M,95.0,44.0,69.0,False,0.023567118454395766
0.0,,8.0,4,4,0.012294524049419374,0.0015694981979092984,0.0460390998018589,0.5,77.5,29.0,78.0,,,,,,14,MIXfix_M,95.0,54.0,79.0,False,0.020164769285013852
1.0,35.0,84.0,4,4,0.0200315517952659,0.005780950701565184,0.06856430577793322,0.25,54.5,34.0,78.0,,,,,,15,MIXfix_M,95.0,60.0,76.0,False,0.022158354013018328
1.0,40.0,96.0,4,4,0.004110094789355631,0.0024943751361087025,0.010058550105854377,0.0,65.0,56.0,77.0,,,,,,16,MIXfix_M,95.0,41.0,68.0,False,0.021985596897051943
0.0,,8.0,4,4,0.004217309576740197,0.0015282971598909966,0.013812643987178795,0.5,67.0,38.0,79.0,,,,,,17,MIXfix_M,95.0,53.0,69.0,False,0.018694905480233365
0.0,,8.0,4,4,0.013818460810871227,0.000918371084172471,0.053437101075139964,0.5,69.5,64.0,77.0,,,,,,18,MIXfix_M,95.0,40.0,66.0,False,0.02166296993676896
0.0,,8.0,4,4,0.0322054204165361,0.01564422365108943,0.09700360674504757,0.25,79.5,76.0,80.0,,,,,,19,MIXfix_M,95.0,54.0,72.0,False,0.022122611322082333
0.0,,8.0,4,4,0.010315071010207446,0.006975274897132884,0.026978301803090153,0.5,76.5,70.0,78.0,,,,,,20,MIXfix_M,95.0,47.0,79.0,False,0.021247264887376147
0.0,,8.0,4,4,0.00203226892229881,0.0015380495685699215,0.005052976552055397,0.5,78.5,61.0,80.0,,,,,,21,MIXfix_M,95.0,51.0,77.0,False,0.014495643921807662
1.0,47.0,81.0,4,4,0.006972523552448489,0.0052876957231488015,0.017314702763496354,0.25,59.0,46.0,73.0,,,,,,22,MIXfix_M,95.0,51.0,83.0,False,0.020422314199079247
0.0,,8.0,4,4,0.004320692571340894,0.004390028074024494,0.0059549832999521626,0.0,74.0,14.0,80.0,,,,,,23,MIXfix_M,95.0,47.0,75.0,False,0.02719239943606568
1.0,38.0,81.0,4,4,0.00702951346906444,0.005485566334973219,0.016535602704833074,0.25,75.0,69.0,80.0,,,,,,24,MIXfix_M,95.0,44.0,64.0,False,0.009423831313767972
0.0,,8.0,4,4,0.003977980394669154,0.0,0.015911921578676616,0.75,64.0,54.0,79.0,,,,,,25,MIXfix_M,95.0,48.0,77.0,False,0.030855048471215927
0.0,,8.0,4,4,0.014837135477120776,0.005094433664605599,0.04915967457927191,0.5,70.0,57.0,80.0,,,,,,26,MIXfix_M,95.0,42.0,67.0,False,0.020423436161371735
1.0,58.0,81.0,4,4,0.011858860274350251,0.009783757334724795,0.02786792642795141,0.25,77.5,54.0,80.0,,,,,,27,MIXfix_M,95.0,47.0,69.0,False,0.021342021398221712
0.0,,8.0,4,4,0.024140522658906385,0.0005574281818390595,0.09544723427194743,0.75,66.0,59.0,78.0,,,,,,28,MIXfix_M,95.0,49.0,75.0,False,0.025841385294605192
0.0,,8.0,4,4,0.01525708180885814,0.005072752903587155,0.05059445846048286,0.25,74.0,70.0,79.0,,,,,,29,MIXfix_M,95.0,46.0,68.0,False,0.02412259614076728
0.0,,8.0,4,4,0.007623314456880539,0.005266674768693996,0.019633756937180197,0.25,74.5,72.0,79.0,,,,,,30,MIXfix_M,95.0,45.0,73.0,False,0.01912121408204778
0.0,,8.0,4,4,0.012691073361954592,0.010200212291821132,0.028085263195449996,0.0,66.5,64.0,75.0,,,,,,31,MIXfix_M,95.0,47.0,73.0,False,0.018317718335386545
0.0,,8.0,4,4,0.006438473586229723,0.0011317767864366078,0.023490340772045676,0.5,72.0,65.0,79.0,,,,,,32,MIXfix_M,95.0,43.0,74.0,False,0.017115819203728087
0.0,,8.0,4,4,0.002376178855834521,0.002356477921276854,0.004791759580784377,0.25,75.5,60.0,78.0,,,,,,33,MIXfix_M,95.0,52.0,78.0,False,0.017269206505568797
0.0,,8.0,4,4,0.01951763598433973,0.0011307431885359868,0.07580905756028694,0.25,72.0,66.0,79.0,,,,,,34,MIXfix_M,95.0,50.0,75.0,False,0.0229811333215326
0.0,,8.0,4,4,0.02098864228669161,0.01093694603174395,0.06208067708327853,0.25,62.5,34.0,78.0,,,,,,35,MIXfix_M,95.0,45.0,63.0,False,0.02739252379374048
0.0,,8.0,4,4,0.030402093616650996,0.028706174018148057,0.062327754910989415,0.0,69.0,54.0,76.0,,,,,,36,MIXfix_M,95.0,50.0,78.0,False,0.02790236971563577
0.0,,8.0,4,4,0.0033280018789037394,0.0022656955800674835,0.00878061635547999,0.5,77.0,51.0,79.0,,,,,,37,MIXfix_M,95.0,50.0,74.0,False,0.03741144410587318
0.0,,8.0,4,4,0.0096892615909919,0.006992952185175201,0.024771141993617202,0.25,73.0,66.0,76.0,,,,,,38,MIXfix_M,95.0,45.0,65.0,False,0.025321476875553955
0.0,,8.0,4,4,0.023366143494618574,0.023092740808269355,0.04727909236193559,0.25,67.0,50.0,77.0,,,,,,39,MIXfix_M,95.0,46.0,66.0,False,0.0323277755349141
0.0,,8.0,4,4,0.0003719951990472008,0.0001324862136046707,0.0012230083689794618,0.75,72.0,66.0,79.0,,,,,,40,MIXfix_M,95.0,61.0,78.0,False,0.017970653353435624
1.0,66.0,82.0,4,4,0.0013937489158638533,0.0006435621704208988,0.004287871322613615,0.5,70.5,65.0,76.0,,,,,,41,MIXfix_M,95.0,42.0,70.0,False,0.024214952505936697
1.0,68.0,94.0,4,4,0.02384263360853662,0.01503949609943254,0.0652915422352814,0.5,78.0,41.0,79.0,,,,,,42,MIXfix_M,95.0,43.0,74.0,False,0.024585284081502002
0.0,,8.0,4,4,0.0819406321486255,0.010169772635742983,0.30684971983111803,0.25,73.0,18.0,80.0,,,,,,43,MIXfix_M,95.0,51.0,69.0,False,0.025880560254399127
1.0,36.0,85.0,4,4,0.023158035945782328,0.02188012042690268,0.043131290427527155,0.0,62.0,47.0,74.0,,,,,,44,MIXfix_M,95.0,55.0,72.0,False,0.024065402327102317
0.0,,8.0,4,4,0.048465426232420394,0.048311584274032066,0.09723853638161747,0.25,69.0,53.0,79.0,,,,,,45,MIXfix_M,95.0,44.0,73.0,False,0.02351431747580385
0.0,,8.0,4,4,0.025926983139971504,0.0088555658174941,0.08493015672657951,0.0,60.5,41.0,80.0,,,,,,46,MIXfix_M,95.0,56.0,62.0,False,0.0322466249161978
0.0,,8.0,4,4,0.014565470317020768,0.017874170107242127,0.02208169764628203,0.25,68.0,55.0,80.0,,,,,,47,MIXfix_M,95.0,42.0,65.0,False,0.022762563959052646
0.0,,8.0,4,4,0.013601438393477406,0.0012911246955342726,0.051823504182841075,0.5,76.0,74.0,77.0,,,,,,48,MIXfix_M,95.0,52.0,68.0,False,0.017460331578273647
0.0,,8.0,4,4,0.009118469751055559,0.009319217958304829,0.017835443087612576,0.25,74.5,62.0,78.0,,,,,,49,MIXfix_M,95.0,50.0,72.0,False,0.02570499680435671
1.0,32.0,80.0,4,4,0.004392729548621421,0.0027457076192635528,0.012079502955958579,0.5,63.5,47.0,70.0,,,,,,50,MIXfix_M,95.0,44.0,76.0,False,0.03484853917995461
1.0,55.0,97.0,4,4,0.008745446842153011,0.003377777540613568,0.028226232287384908,0.25,51.5,30.0,65.0,,,,,,51,MIXfix_M,95.0,55.0,70.0,False,0.01827964199553223
1.0,51.0,87.0,4,4,0.010249163726514134,0.004428004746541815,0.03214064541297291,0.5,72.0,66.0,80.0,,,,,,52,MIXfix_M,95.0,47.0,72.0,False,0.017622894049029263
1.0,80.0,83.0,4,4,0.0047531945121015665,0.004458158858590744,0.010096460331224778,0.5,69.5,59.0,72.0,,,,,,53,MIXfix_M,95.0,56.0,67.0,False,0.03660347381712643
0.0,,8.0,4,4,0.02425541416186685,0.027417225670192086,0.04183193720203932,0.25,68.5,20.0,76.0,,,,,,54,MIXfix_M,95.0,52.0,76.0,False,0.020657173381782978
1.0,74.0,82.0,4,4,0.006112206962581789,0.004985515883255039,0.014477796083817078,0.25,72.0,47.0,80.0,,,,,,55,MIXfix_M,95.0,49.0,66.0,False,0.029158648857914332
1.0,47.0,82.0,4,4,0.003276118190667139,0.0016177675424364061,0.009868937677795744,0.5,77.0,59.0,80.0,,,,,,56,MIXfix_M,95.0,51.0,73.0,False,0.029470204804183248
0.0,,8.0,4,4,0.0032268231640978566,0.0018050341069188324,0.00929722444255376,0.25,74.0,50.0,79.0,,,,,,57,MIXfix_M,95.0,44.0,66.0,False,0.016953491528133715
1.0,33.0,87.0,4,4,0.0010964553597019228,0.0009998746989285869,0.0023860720409505176,0.5,66.5,52.0,76.0,,,,,,58,MIXfix_M,95.0,44.0,70.0,False,0.024301548614854847
1.0,38.0,84.0,4,4,0.015977029471214554,0.0029063324419762024,0.05809545300090581,0.25,72.0,44.0,79.0,,,,,,59,MIXfix_M,95.0,49.0,75.0,False,0.027218202463617624
