t_B1,t_Bmax,Bmax,t50,t90,t99,t_last,t_Sad05,N_at_Sad05,t_Sad02,tpk1,tpk,tpl_end,plateau,T_ext,Npk,births,Td_first,Td_mid,Npk_over_N0,g_mean,g_star,lh_n,lh_s_birth,lh_s12,lh_f_bred,lh_Rnet,share_F0_mothers,modelo,rep,t_on
3,5,149,13,27,44,68,13,0.581,22,36,68,86,50,178.0,2659,2262,7,7,6.6475,1.3722,1,1231,0.1535,0.1311,0.0787,0.1557,0.6693,C1,0,7
3,15,162,12,24,44,55,13,0.6355,21,32,55,85,53,165.0,2601,2201,6,5,6.5025,1.3008,1,1202,0.1635,0.1293,0.0652,0.0892,0.7297,C1,1,6
3,10,193,12,23,36,49,13,0.6665,21,30,49,86,56,157.0,2480,2080,6,5,6.2,1.2587,1,1071,0.1567,0.1373,0.0527,0.0866,0.7548,C1,2,5
3,7,159,12,24,53,81,13,0.6317,21,37,66,87,50,177.0,2533,2136,7,5,6.3325,1.3717,1,1170,0.1487,0.129,0.064,0.1142,0.6676,C1,3,7
3,8,183,13,24,39,50,13,0.6112,23,32,50,85,53,163.0,2595,2195,7,5,6.4875,1.338,1,1125,0.1578,0.1127,0.0628,0.1294,0.7016,C1,4,7
3,14,165,13,25,41,48,13,0.5952,22,35,48,85,50,160.0,2584,2184,7,7,6.46,1.3036,1,1152,0.1614,0.135,0.0615,0.0949,0.7221,C1,5,6
3,14,141,14,26,47,68,14,0.6087,24,42,68,86,44,177.0,2604,2206,7,6,6.51,1.3685,1,1162,0.1573,0.1291,0.0659,0.1265,0.6763,C1,6,7
3,10,129,13,25,41,60,13,0.6099,22,36,56,86,50,168.0,2525,2126,7,6,6.3125,1.3476,1,1078,0.1589,0.137,0.0588,0.0938,0.6853,C1,7,5
3,13,134,13,26,46,77,13,0.6428,22,33,65,85,52,186.0,2329,1937,6,7,5.8225,1.3108,1,974,0.1569,0.1121,0.0404,0.0707,0.7109,C1,8,5
3,8,154,12,26,46,68,12,0.5794,22,37,59,86,49,178.0,2675,2280,6,6,6.6875,1.3873,1,1269,0.1604,0.1271,0.0715,0.1231,0.6728,C1,9,5
3,13,141,15,27,51,73,13,0.54,22,39,54,87,48,186.0,2624,2230,7,8,6.56,1.3879,1,1134,0.1553,0.1206,0.0653,0.11,0.6493,C1,10,5
3,8,170,12,27,49,62,12,0.5851,24,40,62,86,46,173.0,2473,2076,7,5,6.1825,1.3714,1,1081,0.1483,0.1562,0.0739,0.1459,0.6792,C1,11,7
3,13,158,12,22,33,55,12,0.5858,20,30,55,86,56,163.0,2639,2240,6,5,6.5975,1.3183,1,1182,0.1554,0.1121,0.0496,0.0567,0.7058,C1,12,6
3,12,161,14,25,36,57,16,0.6844,23,32,57,85,53,163.0,2814,2415,7,6,7.035,1.3623,1,1269,0.1606,0.1313,0.0505,0.0919,0.6708,C1,13,7
3,13,146,11,21,32,80,12,0.6364,20,29,50,84,55,188.0,2541,2143,5,5,6.3525,1.3271,1,1186,0.1498,0.1095,0.0657,0.1084,0.7,C1,14,5
3,15,141,14,28,44,66,13,0.5587,23,38,49,87,49,174.0,2735,2339,6,7,6.8375,1.3352,1,1211,0.1591,0.1255,0.0517,0.0833,0.69,C1,15,4
3,6,135,12,26,36,62,13,0.6142,23,32,60,86,54,181.0,2569,2171,6,6,6.4225,1.3349,1,1189,0.163,0.1357,0.0599,0.1592,0.6988,C1,16,6
3,13,149,13,23,51,70,14,0.6723,22,38,60,85,47,180.0,2481,2086,7,6,6.2025,1.3058,1,1050,0.1629,0.1299,0.0597,0.1021,0.7176,C1,17,7
3,6,160,13,24,41,53,13,0.6037,22,31,53,85,54,166.0,2609,2210,7,5,6.5225,1.3158,1,1166,0.1596,0.1044,0.0554,0.1057,0.7054,C1,18,8
3,15,148,13,25,41,46,14,0.6567,21,32,46,87,55,156.0,2619,2219,6,7,6.5475,1.4245,1,1176,0.1534,0.1292,0.0574,0.0939,0.6327,C1,19,6
3,6,135,13,25,41,53,13,0.6206,23,33,53,85,52,164.0,2620,2220,6,6,6.55,1.3315,1,1125,0.1531,0.1235,0.0632,0.1318,0.6905,C1,20,4
3,14,151,13,26,43,57,14,0.6709,22,36,57,86,50,171.0,2519,2119,7,6,6.2975,1.3067,1,1125,0.1557,0.1322,0.058,0.0791,0.7173,C1,21,5
3,11,164,14,25,41,50,13,0.5721,22,36,50,86,50,159.0,2704,2304,6,6,6.76,1.3737,1,1157,0.1533,0.121,0.0663,0.103,0.6697,C1,22,5
3,6,143,12,26,42,69,13,0.6284,21,34,69,85,51,180.0,2683,2288,6,6,6.7075,1.3405,1,1258,0.1534,0.1286,0.0815,0.1505,0.6967,C1,23,7
3,6,152,13,26,38,60,12,0.5727,22,36,49,84,48,156.0,2488,2089,6,5,6.22,1.3356,1,1064,0.1567,0.1278,0.0648,0.1218,0.7056,C1,24,6
3,8,162,13,28,43,69,13,0.5914,23,40,69,86,46,178.0,2604,2205,7,5,6.51,1.3193,1,1137,0.1574,0.1364,0.0738,0.1544,0.7156,C1,25,6
3,13,154,13,28,45,78,13,0.6148,21,40,48,85,45,183.0,2674,2278,6,5,6.685,1.4083,1,1188,0.1496,0.1421,0.0687,0.1524,0.6611,C1,26,5
3,15,149,13,24,38,74,13,0.598,21,34,48,85,51,174.0,2560,2162,6,6,6.4,1.3464,1,1115,0.1572,0.1336,0.0497,0.0805,0.692,C1,27,5
3,13,157,13,24,40,60,14,0.6408,22,34,60,85,51,169.0,2720,2321,6,6,6.8,1.2981,1,1258,0.1598,0.1089,0.0518,0.0971,0.7148,C1,28,7
3,15,159,11,23,38,50,13,0.6728,21,32,50,86,54,163.0,2628,2230,6,5,6.57,1.3466,1,1251,0.1547,0.1365,0.0603,0.1173,0.6843,C1,29,5
3,5,167,12,26,50,73,13,0.6213,21,36,59,86,50,186.0,2622,2226,6,6,6.555,1.3378,1,1222,0.1537,0.1232,0.0687,0.1502,0.6891,C1,30,6
3,9,146,13,26,42,47,13,0.5826,24,37,47,86,49,160.0,2717,2317,7,6,6.7925,1.3927,1,1226,0.1546,0.1235,0.0668,0.1176,0.6483,C1,31,6
3,14,148,14,26,38,55,14,0.6256,22,33,55,86,53,168.0,2679,2280,7,6,6.6975,1.3768,1,1152,0.1505,0.1239,0.0675,0.1144,0.6632,C1,32,7
3,12,142,13,27,44,66,13,0.6012,23,41,66,86,45,168.0,2540,2141,7,7,6.35,1.3461,1,1141,0.1543,0.1431,0.0685,0.1195,0.6903,C1,33,5
3,13,191,13,24,36,47,15,0.6791,22,31,47,86,55,154.0,2658,2259,7,6,6.645,1.371,1,1308,0.1585,0.1217,0.0648,0.128,0.6729,C1,34,7
3,12,162,13,24,31,69,14,0.6703,23,29,37,85,56,184.0,2690,2297,6,6,6.725,1.3465,1,1165,0.1529,0.1383,0.0546,0.1024,0.6826,C1,35,4
3,13,146,13,24,36,45,14,0.6422,23,32,45,85,53,158.0,2661,2261,7,6,6.6525,1.3322,1,1200,0.1571,0.121,0.0608,0.1163,0.6908,C1,36,6
3,6,158,13,30,49,57,12,0.5585,22,45,57,86,41,170.0,2659,2261,6,5,6.6475,1.3556,1,1176,0.1544,0.1295,0.0654,0.1188,0.69,C1,37,7
3,11,143,13,24,42,64,13,0.6142,21,35,64,85,50,173.0,2727,2328,6,6,6.8175,1.3093,1,1187,0.1578,0.1257,0.0503,0.0903,0.7143,C1,38,8
3,6,166,12,25,37,76,12,0.6142,22,33,69,85,52,187.0,2478,2081,6,4,6.195,1.3431,1,1080,0.1514,0.1324,0.0547,0.1217,0.6949,C1,39,5
3,8,152,13,26,48,73,13,0.5985,23,38,68,85,47,183.0,2493,2099,7,6,6.2325,1.4054,1,1113,0.1522,0.1417,0.0866,0.1537,0.6422,C1,40,7
3,3,134,13,27,45,84,13,0.6064,23,33,68,86,53,198.0,2561,2168,6,6,6.4025,1.4008,1,1122,0.1557,0.1483,0.0875,0.1714,0.6637,C1,41,4
3,11,145,11,21,44,52,12,0.6392,22,35,52,84,49,163.0,2400,2000,6,6,6.0,1.2745,1,1127,0.1602,0.149,0.0624,0.0699,0.7475,C1,42,4
3,5,152,13,26,44,54,12,0.5713,22,38,54,84,46,163.0,2736,2336,6,6,6.84,1.3562,1,1173,0.1526,0.1284,0.0675,0.1776,0.6755,C1,43,5
3,7,177,13,26,39,54,12,0.5733,22,33,54,87,54,166.0,2653,2255,6,6,6.6325,1.3734,1,1134,0.1568,0.1268,0.0577,0.1049,0.6789,C1,44,7
3,8,149,12,23,36,54,13,0.6526,21,33,54,86,53,163.0,2484,2084,7,5,6.21,1.3229,1,1071,0.1558,0.1464,0.0677,0.1103,0.7059,C1,45,7
3,7,180,11,24,39,49,12,0.6307,20,33,49,86,53,159.0,2529,2129,5,5,6.3225,1.3387,1,1122,0.1519,0.1253,0.0603,0.1028,0.6942,C1,46,5
3,7,186,12,23,35,51,12,0.5895,21,32,51,84,52,161.0,2485,2085,7,5,6.2125,1.3156,1,1080,0.1597,0.1166,0.0508,0.0771,0.707,C1,47,6
3,13,142,12,23,39,49,12,0.5898,21,31,49,85,54,163.0,2589,2189,6,5,6.4725,1.3102,1,1149,0.1598,0.1185,0.0462,0.0924,0.719,C1,48,5
3,13,183,13,27,38,45,14,0.6239,24,34,45,87,53,158.0,2792,2393,6,6,6.98,1.3732,1,1335,0.1593,0.1397,0.059,0.1003,0.6661,C1,49,6
3,7,154,11,24,41,58,12,0.6173,21,36,58,86,50,173.0,2472,2073,6,4,6.18,1.315,1,1092,0.1559,0.136,0.0729,0.1239,0.7144,C1,50,6
3,6,150,14,30,57,75,12,0.5202,22,43,63,86,43,178.0,2741,2346,6,7,6.8525,1.3406,1,1218,0.1598,0.1418,0.0749,0.1464,0.7038,C1,51,6
3,16,170,13,26,42,61,12,0.5501,23,36,61,86,50,175.0,2603,2205,6,6,6.5075,1.3891,1,1173,0.1558,0.1461,0.077,0.1754,0.6644,C1,52,5
3,15,185,13,23,33,40,14,0.6452,22,30,40,85,55,153.0,2830,2430,7,5,7.075,1.3486,1,1259,0.1585,0.1059,0.0515,0.0837,0.6741,C1,53,6
3,8,152,13,23,36,46,13,0.5988,22,32,46,87,55,159.0,2540,2140,7,6,6.35,1.3449,1,1124,0.153,0.0994,0.0481,0.066,0.6729,C1,54,5
3,11,154,13,27,43,76,13,0.6009,23,33,58,86,53,194.0,2531,2133,7,6,6.3275,1.3038,1,1128,0.1531,0.1552,0.0839,0.1375,0.7121,C1,55,4
3,6,138,13,25,41,54,13,0.598,24,37,54,85,48,164.0,2505,2105,7,6,6.2625,1.3724,1,1126,0.1623,0.1488,0.0643,0.1089,0.6641,C1,56,7
3,9,152,12,23,33,46,14,0.6663,21,31,46,87,56,164.0,2616,2216,7,5,6.54,1.273,1,1230,0.1631,0.1186,0.0378,0.074,0.7342,C1,57,5
3,10,170,13,26,40,68,13,0.5892,23,38,52,87,49,182.0,2636,2237,7,5,6.59,1.3433,1,1196,0.1535,0.1436,0.066,0.1151,0.6871,C1,58,6
3,15,167,13,25,37,59,13,0.5963,22,33,59,85,52,166.0,2787,2387,6,6,6.9675,1.3117,1,1232,0.1592,0.1273,0.0614,0.1165,0.7093,C1,59,5
3,7,155,12,23,43,83,12,0.5998,20,34,59,87,53,193.0,2616,2222,6,6,6.54,1.3492,1,1188,0.1545,0.1366,0.0573,0.0809,0.6845,C1,60,5
3,9,166,13,26,46,60,14,0.6388,23,38,60,86,48,171.0,2564,2165,7,5,6.41,1.3709,1,1110,0.1543,0.1408,0.0626,0.0737,0.6614,C1,61,5
3,13,166,13,28,39,62,13,0.615,21,34,45,85,51,180.0,2717,2318,6,6,6.7925,1.3637,1,1213,0.1592,0.1427,0.0786,0.1588,0.6821,C1,62,5
3,8,131,13,23,47,56,14,0.6518,22,34,56,87,53,171.0,2384,1985,7,6,5.96,1.3013,1,1029,0.161,0.1496,0.0551,0.0886,0.7345,C1,63,4
3,15,167,12,25,48,73,13,0.6258,21,39,61,86,47,185.0,2584,2187,6,6,6.46,1.3544,1,1144,0.155,0.1471,0.0771,0.1173,0.6818,C1,64,5
3,15,159,13,26,38,60,13,0.5945,22,32,60,86,54,170.0,2572,2172,6,7,6.43,1.3577,1,1174,0.155,0.1237,0.0635,0.1137,0.6727,C1,65,6
3,6,166,13,25,43,62,13,0.5976,22,34,62,86,52,168.0,2567,2168,6,6,6.4175,1.3367,1,1163,0.1568,0.1275,0.0747,0.1457,0.6873,C1,66,4
3,8,154,12,24,39,70,13,0.6237,23,34,51,85,51,178.0,2660,2263,6,6,6.65,1.3778,1,1223,0.1566,0.1293,0.0686,0.1132,0.6549,C1,67,6
3,11,182,13,22,33,62,15,0.6945,22,29,45,85,56,166.0,2452,2053,7,6,6.13,1.34,1,1037,0.1625,0.129,0.0632,0.085,0.6961,C1,68,6
3,6,159,12,22,40,63,12,0.6152,21,35,63,85,50,169.0,2591,2194,6,5,6.4775,1.2903,1,1128,0.1509,0.1201,0.0577,0.095,0.7393,C1,69,7
3,11,162,13,24,43,54,13,0.6138,21,33,54,85,52,162.0,2535,2135,6,6,6.3375,1.2735,1,1108,0.1608,0.1341,0.0547,0.097,0.7461,C1,70,6
3,7,143,12,24,42,82,14,0.6882,22,35,53,88,53,194.0,2553,2158,7,6,6.3825,1.31,1,1194,0.1653,0.1443,0.0654,0.1454,0.7155,C1,71,8
3,8,162,13,26,37,52,12,0.5579,22,34,52,85,51,156.0,2719,2319,6,5,6.7975,1.3355,1,1202,0.1524,0.1364,0.0771,0.1407,0.6977,C1,72,7
3,7,195,12,26,54,76,12,0.5982,22,37,72,85,48,187.0,2596,2206,6,5,6.49,1.3046,1,1128,0.1532,0.1393,0.0627,0.1541,0.7348,C1,73,6
3,11,145,13,25,46,53,14,0.6408,23,38,53,85,47,167.0,2542,2142,7,6,6.355,1.3739,1,1107,0.1499,0.1244,0.0725,0.1245,0.6853,C1,74,5
3,9,141,14,28,49,72,14,0.5994,24,40,68,87,47,176.0,2656,2260,7,7,6.64,1.4142,1,1200,0.1528,0.1544,0.0786,0.1221,0.6358,C1,75,5
3,9,177,12,27,39,48,13,0.6491,21,35,48,86,51,157.0,2673,2273,6,5,6.6825,1.341,1,1188,0.1544,0.1362,0.0677,0.1354,0.6982,C1,76,7
3,5,165,12,24,40,89,13,0.6272,22,33,65,86,53,199.0,2540,2144,6,5,6.35,1.3293,1,1131,0.1518,0.1341,0.0699,0.0851,0.7034,C1,77,6
3,5,144,12,26,44,52,13,0.6272,22,35,52,85,50,165.0,2492,2092,6,5,6.23,1.3289,1,1166,0.1562,0.1441,0.0728,0.1168,0.7084,C1,78,5
3,8,169,12,24,40,55,14,0.6628,21,32,55,86,54,169.0,2604,2204,7,5,6.51,1.3172,1,1234,0.1581,0.1229,0.0532,0.0866,0.7087,C1,79,8
3,15,168,13,25,40,53,14,0.6496,22,35,53,86,51,167.0,2514,2115,7,6,6.285,1.331,1,1059,0.1544,0.1329,0.0661,0.1138,0.6983,C1,80,6
3,7,182,12,23,38,46,12,0.6191,21,32,46,85,53,163.0,2628,2228,7,5,6.57,1.3196,1,1137,0.1579,0.1009,0.0399,0.0867,0.7056,C1,81,5
3,15,203,14,24,35,48,13,0.5507,23,30,48,86,56,162.0,2651,2251,6,7,6.6275,1.3905,1,1191,0.1573,0.1037,0.0611,0.0968,0.6593,C1,82,6
3,13,139,13,28,38,46,14,0.6173,24,34,46,85,51,159.0,2574,2174,7,6,6.435,1.3942,1,1210,0.1562,0.1547,0.0793,0.1702,0.6477,C1,83,6
3,5,129,13,24,39,62,13,0.6076,22,33,52,85,52,160.0,2536,2137,7,6,6.34,1.3126,1,1101,0.1567,0.1119,0.0398,0.0417,0.7117,C1,84,6
3,12,187,12,25,43,81,13,0.6494,22,35,64,83,48,194.0,2630,2231,7,6,6.575,1.3447,1,1192,0.1563,0.1377,0.0668,0.1195,0.6961,C1,85,6
3,10,181,12,24,41,68,12,0.5934,22,35,68,84,49,179.0,2575,2178,6,5,6.4375,1.3168,1,1116,0.1543,0.1306,0.0603,0.0851,0.7094,C1,86,5
3,8,141,14,25,38,54,13,0.5608,25,34,54,85,51,162.0,2548,2149,7,7,6.37,1.3695,1,1120,0.158,0.1267,0.0524,0.0873,0.6738,C1,87,6
3,11,168,13,23,43,57,14,0.6646,22,37,57,85,48,175.0,2603,2203,6,6,6.5075,1.3273,1,1112,0.1546,0.1456,0.0761,0.1097,0.7077,C1,88,6
3,9,203,14,25,39,60,15,0.6601,23,35,60,87,52,167.0,2827,2429,7,6,7.0675,1.3652,1,1237,0.1521,0.1251,0.0638,0.0861,0.6838,C1,89,5
3,11,147,13,24,38,63,14,0.6175,24,31,50,85,54,168.0,2680,2281,7,6,6.7,1.3968,1,1220,0.1549,0.1266,0.0585,0.0912,0.6528,C1,90,6
3,6,184,13,25,42,62,13,0.6022,23,32,62,86,54,176.0,2873,2473,6,6,7.1825,1.3615,1,1249,0.1527,0.1086,0.0677,0.1073,0.6745,C1,91,4
3,11,161,13,24,42,78,13,0.6178,22,34,56,84,50,185.0,2525,2132,7,6,6.3125,1.3288,1,1105,0.1591,0.1464,0.0614,0.1101,0.6984,C1,92,6
3,7,168,13,22,45,64,13,0.5954,22,33,64,87,54,176.0,2632,2233,6,6,6.58,1.3802,1,1180,0.1564,0.1272,0.0627,0.1136,0.6655,C1,93,7
3,6,149,14,25,35,61,14,0.5947,24,32,61,86,54,173.0,2645,2246,7,6,6.6125,1.3865,1,1199,0.1583,0.136,0.0506,0.0865,0.6487,C1,94,5
3,11,144,13,25,35,55,13,0.6132,24,31,55,84,53,164.0,2464,2065,7,6,6.16,1.3298,1,1059,0.158,0.1461,0.0566,0.1055,0.7017,C1,95,6
3,18,150,14,24,38,52,14,0.6063,22,34,52,85,51,162.0,2817,2417,7,6,7.0425,1.4166,1,1220,0.1562,0.1242,0.0524,0.0625,0.6218,C1,96,7
3,6,150,12,25,38,51,11,0.5651,21,35,51,85,50,159.0,2550,2150,6,5,6.375,1.3363,1,1109,0.1566,0.139,0.0626,0.1002,0.7028,C1,97,5
3,5,139,13,25,35,47,13,0.614,23,33,47,84,51,159.0,2591,2191,6,6,6.4775,1.3263,1,1122,0.1509,0.1177,0.0694,0.1302,0.7015,C1,98,6
3,3,148,13,25,40,86,13,0.5996,22,32,71,86,54,200.0,2687,2293,6,6,6.7175,1.3711,1,1210,0.1576,0.1158,0.062,0.1223,0.6681,C1,99,6
3,8,146,12,26,41,64,12,0.5817,23,34,64,86,52,174.0,2627,2230,6,6,6.5675,1.3605,1,1206,0.1573,0.1453,0.078,0.1821,0.6883,C1,100,5
3,9,143,12,24,41,52,13,0.6444,22,35,52,84,49,165.0,2559,2159,6,5,6.3975,1.3631,1,1126,0.1548,0.1403,0.0783,0.145,0.6906,C1,101,7
3,12,213,13,26,52,62,14,0.6304,23,41,62,87,46,174.0,2687,2288,7,6,6.7175,1.347,1,1186,0.1581,0.129,0.0598,0.1333,0.6866,C1,102,6
3,10,143,12,23,33,40,13,0.6477,22,31,40,87,56,153.0,2583,2183,6,5,6.4575,1.3481,1,1156,0.1561,0.1304,0.043,0.0756,0.6775,C1,103,7
3,10,167,12,22,33,66,13,0.6655,21,28,66,86,58,176.0,2553,2153,6,5,6.3825,1.3038,1,1088,0.152,0.119,0.0721,0.0739,0.7199,C1,104,6
3,11,179,12,24,44,81,13,0.6538,23,32,68,87,55,190.0,2562,2165,7,6,6.405,1.3298,1,1107,0.153,0.1498,0.0603,0.0847,0.6961,C1,105,7
3,18,167,14,23,33,51,14,0.607,22,29,51,86,57,156.0,2761,2361,7,6,6.9025,1.388,1,1199,0.1575,0.1052,0.0323,0.0492,0.6438,C1,106,8
3,12,134,13,28,42,79,13,0.6066,22,38,65,87,49,194.0,2537,2145,6,6,6.3425,1.3636,1,1119,0.1596,0.1344,0.0544,0.1246,0.6578,C1,107,4
3,14,168,13,25,45,59,14,0.6613,21,34,59,86,52,166.0,2716,2316,7,6,6.79,1.342,1,1165,0.157,0.1167,0.0521,0.1008,0.6913,C1,108,7
3,15,152,12,22,39,60,13,0.6601,21,32,60,84,52,170.0,2589,2190,6,7,6.4725,1.295,1,1163,0.1557,0.1295,0.0718,0.1145,0.7356,C1,109,5
3,7,149,12,25,38,72,13,0.6223,24,34,61,86,52,184.0,2510,2113,7,6,6.275,1.3199,1,1151,0.1579,0.1594,0.0612,0.1113,0.7018,C1,110,6
3,8,158,13,25,41,55,12,0.5545,23,36,55,86,50,163.0,2631,2231,6,6,6.5775,1.3622,1,1172,0.1546,0.1457,0.0814,0.1593,0.6795,C1,111,6
3,13,172,14,26,39,57,14,0.5795,24,36,57,86,50,158.0,2756,2356,7,7,6.89,1.4087,1,1246,0.1558,0.1323,0.0801,0.1062,0.6452,C1,112,7
3,14,145,13,25,36,54,13,0.6072,22,33,54,86,53,170.0,2571,2171,6,6,6.4275,1.3547,1,1117,0.1562,0.13,0.0575,0.0946,0.6831,C1,113,4
3,12,151,12,23,43,93,13,0.6669,21,37,67,85,48,206.0,2489,2092,7,5,6.2225,1.3112,1,1096,0.1581,0.1227,0.06,0.1145,0.729,C1,114,5
3,8,152,12,26,41,70,12,0.5773,22,35,50,86,51,176.0,2664,2266,6,6,6.66,1.3923,1,1247,0.1514,0.1368,0.0654,0.1372,0.6695,C1,115,5
3,8,168,12,24,37,69,13,0.6644,21,33,61,86,53,189.0,2750,2352,6,6,6.875,1.3253,1,1247,0.1633,0.1104,0.0381,0.0794,0.6947,C1,116,6
3,13,167,13,28,44,67,14,0.6379,22,38,67,86,48,184.0,2571,2175,6,7,6.4275,1.3568,1,1178,0.1554,0.1373,0.069,0.1458,0.6828,C1,117,5
3,12,124,14,26,43,61,13,0.5553,23,36,61,85,49,173.0,2658,2259,7,7,6.645,1.3904,1,1183,0.158,0.1269,0.0673,0.1186,0.6552,C1,118,5
3,13,182,12,24,59,84,12,0.611,20,36,63,85,49,190.0,2540,2141,6,5,6.35,1.2737,1,1114,0.1604,0.1348,0.0636,0.1196,0.7506,C1,119,7
3,14,161,13,25,38,54,14,0.6427,23,33,54,85,52,173.0,2709,2309,7,7,6.7725,1.3361,1,1246,0.1548,0.1324,0.0674,0.102,0.6834,C1,120,6
3,9,196,12,24,40,59,13,0.6356,21,37,59,86,49,164.0,2692,2292,7,5,6.73,1.3264,1,1270,0.1608,0.1236,0.049,0.109,0.7068,C1,121,5
3,10,137,13,24,40,68,13,0.6018,22,30,68,85,55,186.0,2617,2219,7,6,6.5425,1.2925,1,1162,0.1604,0.1254,0.0412,0.0807,0.7233,C1,122,6
3,16,147,14,27,38,61,14,0.5849,23,36,61,86,50,175.0,2749,2349,6,7,6.8725,1.3917,1,1232,0.1561,0.1203,0.0509,0.0843,0.6377,C1,123,6
3,7,140,12,23,40,77,13,0.6327,21,32,57,85,53,179.0,2562,2164,7,5,6.405,1.3378,1,1131,0.157,0.1441,0.0632,0.0895,0.7001,C1,124,6
3,9,163,14,28,39,54,13,0.5615,22,37,54,87,50,169.0,2625,2225,7,7,6.5625,1.3685,1,1151,0.1565,0.1266,0.0903,0.158,0.6836,C1,125,7
3,6,138,13,27,44,75,12,0.566,22,38,59,86,48,186.0,2567,2170,6,5,6.4175,1.3594,1,1117,0.1573,0.1384,0.0614,0.1228,0.6912,C1,126,6
3,9,167,12,24,39,79,14,0.6658,22,35,54,86,51,186.0,2558,2161,7,6,6.395,1.3919,1,1195,0.1575,0.1327,0.0698,0.1218,0.6488,C1,127,5
3,8,136,12,25,42,72,13,0.6301,22,33,48,85,52,186.0,2571,2175,6,6,6.4275,1.308,1,1172,0.1574,0.1479,0.0709,0.1453,0.726,C1,128,5
3,6,157,12,24,37,46,13,0.6206,23,32,46,84,52,154.0,2604,2205,6,5,6.51,1.3447,1,1188,0.153,0.1414,0.0675,0.0882,0.688,C1,129,4
3,11,193,12,24,39,59,13,0.6262,22,32,59,86,54,169.0,2587,2187,6,6,6.4675,1.3146,1,1187,0.1551,0.1413,0.0762,0.1117,0.7188,C1,130,6
3,16,158,12,25,41,52,12,0.5956,21,38,52,86,48,163.0,2569,2169,6,5,6.4225,1.3767,1,1152,0.1495,0.1488,0.0816,0.1337,0.6731,C1,131,5
3,14,143,14,24,32,42,15,0.653,23,30,42,86,56,155.0,2447,2047,7,6,6.1175,1.3341,1,1099,0.1576,0.1381,0.0594,0.1259,0.6947,C1,132,5
3,8,163,12,25,42,63,13,0.6389,22,36,63,86,50,177.0,2570,2170,7,5,6.425,1.3166,1,1142,0.1546,0.152,0.0714,0.1268,0.7161,C1,133,6
3,10,155,12,25,47,61,14,0.6628,23,36,61,86,50,174.0,2438,2041,7,5,6.095,1.3533,1,1060,0.1586,0.1459,0.0832,0.1373,0.6948,C1,134,8
3,11,153,12,25,38,70,12,0.5932,23,35,47,85,50,176.0,2495,2097,7,6,6.2375,1.3433,1,1133,0.1545,0.1216,0.0577,0.0849,0.6876,C1,135,5
3,13,159,13,24,38,47,13,0.6161,22,35,47,86,51,165.0,2602,2202,7,6,6.505,1.3115,1,1158,0.1636,0.1372,0.0835,0.1073,0.7112,C1,136,4
3,3,136,13,25,46,64,13,0.6054,22,34,64,85,51,174.0,2562,2165,6,6,6.405,1.3455,1,1124,0.1636,0.144,0.0705,0.1067,0.6942,C1,137,6
3,5,126,13,27,46,70,13,0.6107,23,37,64,87,50,176.0,2538,2144,6,6,6.345,1.3629,1,1120,0.1498,0.1485,0.0695,0.1525,0.6819,C1,138,4
3,14,172,13,24,41,71,13,0.5792,22,35,57,85,50,178.0,2773,2375,6,6,6.9325,1.3642,1,1308,0.1614,0.1232,0.0587,0.1355,0.6712,C1,139,6
3,9,154,12,27,52,60,12,0.5813,22,38,60,85,47,170.0,2484,2085,7,5,6.21,1.4053,1,1118,0.153,0.1524,0.0639,0.1347,0.6638,C1,140,6
3,10,145,13,25,38,43,13,0.6016,21,35,43,84,49,155.0,2663,2263,7,5,6.6575,1.2859,1,1169,0.162,0.1428,0.0539,0.1043,0.7331,C1,141,6
3,7,140,13,25,44,52,13,0.5874,22,36,52,85,49,164.0,2734,2335,6,6,6.835,1.3426,1,1239,0.1609,0.1271,0.0831,0.1908,0.7011,C1,142,5
3,15,136,13,27,43,52,14,0.6355,22,36,52,86,50,173.0,2527,2128,7,7,6.3175,1.3402,1,1173,0.163,0.1382,0.0749,0.115,0.695,C1,143,6
3,12,149,12,25,47,66,12,0.6116,22,37,56,85,48,168.0,2531,2132,7,6,6.3275,1.3476,1,1133,0.1568,0.1326,0.0625,0.1268,0.6965,C1,144,6
3,8,162,14,26,35,42,13,0.5585,22,32,42,86,54,152.0,2734,2334,7,6,6.835,1.3633,1,1207,0.1563,0.1203,0.0774,0.1984,0.6722,C1,145,6
3,7,159,13,28,40,51,13,0.6041,23,36,51,85,49,170.0,2710,2310,7,5,6.775,1.3641,1,1205,0.1533,0.1454,0.0722,0.1806,0.668,C1,146,7
3,14,154,12,22,38,46,14,0.6669,22,29,46,86,57,154.0,2717,2318,7,5,6.7925,1.3313,1,1259,0.1544,0.1232,0.053,0.1108,0.689,C1,147,7
3,9,140,12,23,32,49,14,0.6728,22,27,49,86,59,151.0,2650,2250,6,6,6.625,1.3511,1,1239,0.1554,0.1074,0.0559,0.0822,0.688,C1,148,5
3,10,138,14,28,46,71,13,0.5779,24,36,60,86,50,184.0,2511,2116,7,6,6.2775,1.37,1,1065,0.1572,0.1592,0.0812,0.1402,0.6716,C1,149,4
3,5,127,14,27,42,68,14,0.5929,24,35,58,85,50,167.0,2611,2212,6,7,6.5275,1.3626,1,1154,0.1527,0.1328,0.0765,0.113,0.6967,C1,150,5
3,9,188,12,22,33,57,13,0.6668,22,31,57,86,55,161.0,2611,2214,6,5,6.5275,1.2918,1,1109,0.1508,0.1382,0.0556,0.0932,0.7227,C1,151,6
3,13,145,13,24,39,59,14,0.655,23,35,59,86,51,168.0,2638,2240,7,6,6.595,1.3281,1,1149,0.1515,0.1094,0.0679,0.1098,0.6911,C1,152,8
3,9,152,13,25,43,55,13,0.609,22,36,55,85,49,168.0,2560,2160,7,6,6.4,1.3032,1,1099,0.1595,0.1416,0.0676,0.1157,0.7292,C1,153,6
3,9,156,13,25,35,52,13,0.6052,22,30,52,85,55,166.0,2789,2389,6,5,6.9725,1.2964,1,1206,0.1565,0.119,0.0587,0.1126,0.7246,C1,154,5
3,11,174,12,23,39,58,13,0.6349,22,32,58,86,54,163.0,2627,2227,6,6,6.5675,1.3112,1,1202,0.1552,0.1364,0.0572,0.0909,0.7018,C1,155,5
3,9,147,13,22,43,59,13,0.6119,22,32,59,84,52,168.0,2610,2214,7,6,6.525,1.3026,1,1126,0.158,0.1178,0.05,0.0893,0.7173,C1,156,5
3,5,145,12,24,41,53,13,0.647,20,37,53,84,47,167.0,2598,2199,6,6,6.495,1.3129,1,1167,0.1597,0.1301,0.061,0.1312,0.709,C1,157,6
3,12,160,13,24,36,77,13,0.5988,22,31,56,83,52,171.0,2702,2303,7,6,6.755,1.3187,1,1189,0.1596,0.1273,0.0624,0.1197,0.7099,C1,158,7
3,12,181,12,23,40,68,14,0.673,22,30,57,86,56,186.0,2716,2322,7,5,6.79,1.3575,1,1335,0.16,0.1071,0.0384,0.0812,0.6835,C1,159,7
3,5,192,12,25,39,53,13,0.6238,22,34,53,84,50,164.0,2597,2197,6,6,6.4925,1.3446,1,1197,0.1544,0.1619,0.0885,0.1885,0.6805,C1,160,6
3,7,154,11,22,34,67,13,0.6836,20,31,67,87,56,183.0,2715,2316,6,5,6.7875,1.3497,1,1285,0.157,0.1236,0.058,0.0972,0.69,C1,161,6
3,11,158,14,28,46,60,12,0.5233,24,39,60,86,47,175.0,2637,2237,6,7,6.5925,1.371,1,1192,0.1522,0.152,0.0708,0.1088,0.6737,C1,162,5
3,6,150,13,26,44,69,12,0.5545,22,35,69,87,52,183.0,2613,2215,6,6,6.5325,1.3521,1,1166,0.1542,0.1409,0.1005,0.2127,0.6971,C1,163,6
3,15,202,13,23,38,45,14,0.6381,22,33,45,86,53,162.0,2683,2283,7,6,6.7075,1.3198,1,1257,0.1548,0.1264,0.0584,0.0757,0.7131,C1,164,7
3,6,169,13,27,40,75,13,0.5803,21,34,53,85,51,182.0,2747,2349,6,6,6.8675,1.3363,1,1304,0.1553,0.1486,0.072,0.1221,0.6943,C1,165,4
3,10,151,13,25,50,69,14,0.6522,22,39,62,85,46,184.0,2579,2180,7,7,6.4475,1.4069,1,1156,0.1533,0.1428,0.0737,0.1727,0.6431,C1,166,5
3,13,174,12,22,38,58,14,0.7153,22,34,58,85,51,166.0,2582,2184,7,6,6.455,1.2949,1,1171,0.1611,0.1168,0.0418,0.0557,0.7221,C1,167,5
3,14,165,13,25,38,56,14,0.6525,21,33,56,85,52,173.0,2691,2291,6,7,6.7275,1.3518,1,1257,0.16,0.1281,0.0565,0.0942,0.6918,C1,168,7
3,7,139,13,25,36,58,13,0.5719,23,34,58,86,52,159.0,2873,2473,6,7,7.1825,1.3603,1,1361,0.1509,0.1274,0.0715,0.1035,0.6676,C1,169,6
3,14,153,13,23,34,45,13,0.5932,22,30,45,86,56,156.0,2657,2257,7,5,6.6425,1.3646,1,1201,0.1577,0.1238,0.0581,0.1004,0.6774,C1,170,7
3,8,150,13,24,35,42,14,0.6283,23,30,42,87,57,152.0,2661,2261,7,5,6.6525,1.3401,1,1235,0.1601,0.1268,0.0514,0.0947,0.6816,C1,171,5
3,12,146,13,24,41,53,13,0.6083,23,33,53,86,53,165.0,2558,2158,7,6,6.395,1.3119,1,1103,0.1552,0.121,0.0522,0.087,0.7062,C1,172,6
3,8,129,13,25,36,52,14,0.6355,22,31,52,86,55,170.0,2661,2261,7,6,6.6525,1.3552,1,1193,0.1561,0.1334,0.0631,0.088,0.674,C1,173,6
3,11,181,13,25,45,56,13,0.5931,23,39,56,86,47,167.0,2684,2285,6,5,6.71,1.3764,1,1214,0.154,0.1305,0.0789,0.1326,0.6766,C1,174,7
3,7,184,12,25,40,78,12,0.5958,23,34,58,86,52,172.0,2635,2237,6,5,6.5875,1.3634,1,1179,0.1491,0.1433,0.059,0.0911,0.6607,C1,175,6
3,16,152,14,23,32,46,14,0.6247,23,30,46,84,54,160.0,2646,2246,6,7,6.615,1.3277,1,1132,0.1543,0.1263,0.0448,0.0759,0.6883,C1,176,6
3,12,123,14,28,44,72,14,0.5957,25,39,57,85,46,180.0,2533,2137,7,6,6.3325,1.4038,1,1149,0.1588,0.1476,0.0829,0.1313,0.6392,C1,177,6
3,5,139,13,24,46,60,12,0.5496,24,32,60,86,54,175.0,2482,2083,6,6,6.205,1.3399,1,1119,0.1605,0.1356,0.0511,0.1182,0.7019,C1,178,6
3,11,160,14,26,39,60,14,0.601,23,33,60,86,53,167.0,2674,2275,7,7,6.685,1.3912,1,1158,0.1572,0.1024,0.0596,0.0812,0.6475,C1,179,5
3,3,153,11,23,39,58,12,0.6573,20,35,58,83,48,165.0,2492,2092,6,5,6.23,1.3203,1,1059,0.1528,0.1298,0.069,0.0913,0.7103,C1,180,4
3,6,138,12,23,33,55,12,0.5945,23,30,55,84,54,167.0,2491,2093,6,5,6.2275,1.3053,1,1100,0.1556,0.111,0.0697,0.113,0.7191,C1,181,5
3,5,166,13,24,45,88,12,0.5723,22,39,56,84,45,200.0,2469,2077,6,5,6.1725,1.3221,1,1064,0.159,0.1242,0.0714,0.0965,0.7174,C1,182,6
3,17,173,14,25,37,51,14,0.5901,23,34,51,88,54,166.0,2715,2316,7,6,6.7875,1.3657,1,1221,0.1588,0.1229,0.0572,0.1111,0.6753,C1,183,5
3,6,130,14,25,33,61,13,0.5383,24,31,42,85,54,168.0,2701,2302,7,6,6.7525,1.3853,1,1248,0.1517,0.1143,0.0642,0.1095,0.6551,C1,184,7
3,8,163,13,24,50,58,12,0.5768,22,36,58,85,49,171.0,2585,2185,6,5,6.4625,1.2938,1,1094,0.156,0.1232,0.0518,0.075,0.7249,C1,185,5
3,8,199,12,25,40,52,13,0.6394,21,33,52,86,53,166.0,2607,2208,6,5,6.5175,1.3116,1,1164,0.1608,0.1294,0.058,0.0984,0.7147,C1,186,8
3,9,141,12,23,37,55,12,0.5988,22,33,55,85,52,167.0,2617,2217,6,5,6.5425,1.3396,1,1178,0.1563,0.1292,0.057,0.129,0.6865,C1,187,5
3,8,137,13,25,44,63,12,0.576,22,36,56,85,49,170.0,2554,2155,6,5,6.385,1.3415,1,1084,0.1545,0.1318,0.0679,0.1101,0.6882,C1,188,6
3,6,150,12,25,43,56,13,0.6435,21,37,56,85,48,164.0,2550,2152,6,6,6.375,1.3336,1,1166,0.1583,0.1283,0.0705,0.1459,0.7068,C1,189,8
3,4,178,12,24,35,47,12,0.6089,21,32,47,86,54,154.0,2598,2198,6,6,6.495,1.2775,1,1150,0.1607,0.1363,0.0683,0.1263,0.7425,C1,190,7
3,10,201,11,21,37,63,13,0.7154,21,28,43,85,57,181.0,2519,2121,6,5,6.2975,1.2706,1,1133,0.1621,0.1202,0.0446,0.0804,0.7515,C1,191,5
3,12,166,13,25,41,45,13,0.5853,22,35,45,86,51,155.0,2742,2342,6,6,6.855,1.3254,1,1247,0.1638,0.1047,0.0557,0.0908,0.6909,C1,192,5
3,7,170,12,22,32,37,13,0.6671,21,29,37,85,56,150.0,2502,2102,7,5,6.255,1.2854,1,1060,0.1536,0.1235,0.0523,0.0654,0.7217,C1,193,6
3,9,177,13,24,40,58,13,0.6191,22,35,58,85,50,168.0,2678,2280,6,6,6.695,1.2706,1,1146,0.1607,0.1128,0.0583,0.0983,0.7487,C1,194,5
3,9,118,12,26,36,48,12,0.5842,24,34,48,85,51,153.0,2448,2048,7,5,6.12,1.3208,1,1116,0.1564,0.1648,0.0599,0.0986,0.6992,C1,195,5
3,6,163,12,24,38,63,12,0.5887,23,32,63,85,53,178.0,2575,2177,6,7,6.4375,1.3712,1,1178,0.154,0.1322,0.0715,0.1314,0.6582,C1,196,6
3,12,166,14,26,41,50,14,0.6293,22,33,50,85,52,158.0,2590,2190,7,7,6.475,1.289,1,1119,0.1606,0.131,0.0537,0.0966,0.7411,C1,197,5
3,15,151,14,26,37,66,14,0.613,23,31,47,85,54,173.0,2677,2280,7,6,6.6925,1.3491,1,1159,0.1617,0.117,0.0457,0.0914,0.6807,C1,198,5
3,6,167,12,24,39,43,13,0.6254,23,35,43,84,49,158.0,2515,2115,6,5,6.2875,1.3234,1,1104,0.1557,0.1214,0.0576,0.082,0.704,C1,199,4
3,10,146,13,26,37,46,12,0.5707,20,32,46,85,53,162.0,2497,2097,7,6,6.2425,1.3171,1,1072,0.1625,0.0936,0.0712,0.1642,0.7253,C1p,0,6
3,8,151,12,24,54,90,11,0.583,20,36,74,87,51,199.0,2391,2005,6,5,5.9775,1.3002,1,1011,0.1624,0.0989,0.0664,0.1157,0.7267,C1p,1,5
3,5,150,12,31,66,84,12,0.5882,18,46,69,86,40,201.0,2341,1952,7,6,5.8525,1.3627,1,1098,0.1662,0.1297,0.0747,0.1886,0.6942,C1p,2,6
3,9,148,14,25,44,78,14,0.5995,21,34,59,85,51,192.0,2492,2095,8,6,6.23,1.3527,1,1094,0.1571,0.0903,0.0642,0.1408,0.6916,C1p,3,5
3,10,127,11,24,42,74,12,0.6559,19,30,50,85,55,179.0,2174,1776,6,5,5.435,1.2669,1,921,0.1648,0.0947,0.043,0.0796,0.7545,C1p,4,6
3,4,148,12,26,40,59,12,0.5856,19,33,59,87,54,165.0,2360,1960,7,7,5.9,1.3209,1,1064,0.1633,0.1105,0.0673,0.1103,0.7066,C1p,5,5
3,13,175,13,25,40,77,14,0.6287,21,34,60,87,53,179.0,2564,2165,7,6,6.41,1.3441,1,1241,0.1691,0.0957,0.0477,0.0969,0.6845,C1p,6,7
3,11,157,11,20,36,80,12,0.6571,18,27,57,86,59,192.0,2365,1976,7,5,5.9125,1.2611,1,1131,0.1661,0.0713,0.0409,0.0747,0.7652,C1p,7,5
3,13,179,13,25,40,74,14,0.652,20,35,70,86,51,178.0,2437,2041,7,7,6.0925,1.3606,1,1117,0.1616,0.1066,0.0704,0.157,0.6854,C1p,8,5
3,15,145,12,21,36,75,13,0.6399,20,31,44,85,54,185.0,2394,1995,6,6,5.985,1.3378,1,1089,0.1633,0.0826,0.0463,0.087,0.6862,C1p,9,5
3,4,126,13,26,52,82,13,0.6114,21,36,66,86,50,192.0,2352,1955,7,7,5.88,1.3596,1,1003,0.1626,0.0974,0.0593,0.1493,0.6977,C1p,10,5
3,11,158,12,24,41,57,13,0.6824,19,39,57,83,44,173.0,2330,1931,6,6,5.825,1.3335,1,994,0.1642,0.116,0.0755,0.149,0.711,C1p,11,6
3,5,139,13,27,60,85,13,0.6143,20,37,66,86,49,197.0,2362,1974,7,6,5.905,1.3592,1,1004,0.1599,0.1175,0.0637,0.1536,0.6869,C1p,12,6
3,6,147,13,28,43,55,11,0.5188,20,37,55,86,49,164.0,2392,1993,6,5,5.98,1.3728,1,1087,0.1633,0.0959,0.0675,0.137,0.6749,C1p,13,5
3,10,133,12,24,40,93,12,0.5855,20,31,64,86,55,205.0,2410,2017,7,6,6.025,1.3713,1,1105,0.1688,0.0917,0.0713,0.1426,0.6767,C1p,14,7
3,5,169,11,27,59,103,11,0.5944,19,38,67,84,46,209.0,2340,1949,6,5,5.85,1.335,1,1025,0.1651,0.0983,0.0678,0.1085,0.707,C1p,15,6
3,14,122,14,26,53,68,13,0.5858,21,41,63,87,46,180.0,2291,1893,7,7,5.7275,1.3185,1,951,0.1659,0.1067,0.066,0.1234,0.7174,C1p,16,5
3,7,149,12,24,32,58,12,0.6409,20,29,58,83,54,170.0,2175,1776,7,5,5.4375,1.3452,1,895,0.1627,0.1085,0.0777,0.1534,0.6999,C1p,17,6
3,12,167,12,21,51,76,13,0.6723,20,33,60,85,52,180.0,2206,1808,7,6,5.515,1.3003,1,941,0.1643,0.0833,0.0643,0.0887,0.7246,C1p,18,5
3,3,157,11,22,42,58,11,0.5863,19,28,58,86,58,165.0,2386,1987,6,6,5.965,1.2743,1,1123,0.1679,0.0829,0.0424,0.0664,0.7353,C1p,19,5
3,6,135,11,27,40,105,12,0.6346,20,36,49,84,48,211.0,2203,1809,6,5,5.5075,1.3295,1,1004,0.1673,0.1094,0.0629,0.1171,0.7059,C1p,20,6
3,10,200,12,20,34,72,13,0.7077,18,26,60,85,59,167.0,2261,1866,7,6,5.6525,1.2519,1,948,0.1663,0.0683,0.0389,0.032,0.7631,C1p,21,5
3,10,150,11,27,39,53,12,0.6473,19,35,53,86,51,158.0,2274,1875,6,6,5.685,1.3563,1,1016,0.1644,0.1001,0.0714,0.2046,0.7013,C1p,22,5
3,6,146,12,27,47,81,11,0.5529,19,37,60,87,50,188.0,2326,1931,6,6,5.815,1.3651,1,1045,0.1699,0.1192,0.0554,0.1714,0.6981,C1p,23,5
3,5,131,12,29,49,64,12,0.5997,18,43,64,84,41,170.0,2356,1956,6,6,5.89,1.388,1,1009,0.1583,0.1283,0.0894,0.2121,0.681,C1p,24,5
3,8,181,11,26,39,67,11,0.6004,19,34,61,86,52,179.0,2360,1963,6,4,5.9,1.3546,1,1018,0.162,0.1104,0.0817,0.1414,0.6913,C1p,25,6
3,11,159,12,24,71,83,14,0.712,19,33,72,88,55,195.0,2288,1901,7,5,5.72,1.3561,1,952,0.164,0.0979,0.0538,0.1075,0.6886,C1p,26,6
3,9,122,12,26,41,68,13,0.6519,19,36,68,86,50,174.0,2264,1866,7,5,5.66,1.3221,1,982,0.1627,0.1006,0.0539,0.11,0.7181,C1p,27,7
3,9,167,11,24,53,125,11,0.5983,19,39,55,84,45,233.0,2298,1899,6,5,5.745,1.3207,1,995,0.1622,0.1263,0.0758,0.1475,0.7357,C1p,28,6
3,4,137,12,24,42,61,12,0.593,20,37,61,84,47,175.0,2403,2004,6,6,6.0075,1.3498,1,1076,0.1629,0.0946,0.0575,0.1076,0.6951,C1p,29,5
3,6,168,11,22,34,48,12,0.6681,19,30,48,85,55,158.0,2061,1661,6,4,5.1525,1.2745,1,887,0.1651,0.1001,0.0618,0.1144,0.7502,C1p,30,6
3,9,164,12,21,59,75,12,0.6033,20,52,69,86,34,184.0,2271,1880,7,5,5.6775,1.2734,1,980,0.1682,0.0849,0.0537,0.0868,0.7489,C1p,31,6
3,16,149,13,25,51,63,13,0.5915,21,37,63,86,49,176.0,2502,2103,7,6,6.255,1.3272,1,1106,0.1671,0.098,0.0603,0.145,0.6961,C1p,32,7
3,3,128,12,28,47,56,12,0.6192,18,44,56,84,40,168.0,2319,1919,6,5,5.7975,1.3325,1,961,0.1634,0.1105,0.0717,0.135,0.7196,C1p,33,6
3,13,120,13,27,39,67,12,0.566,21,34,67,85,51,181.0,2350,1953,7,7,5.875,1.3507,1,1023,0.1656,0.1179,0.0789,0.1361,0.6892,C1p,34,7
3,18,131,13,24,42,67,12,0.5684,20,37,67,86,49,180.0,2463,2067,7,6,6.1575,1.3483,1,1067,0.1634,0.0968,0.0531,0.1063,0.6913,C1p,35,5
3,13,139,13,28,46,66,13,0.591,20,41,62,86,45,180.0,2489,2091,7,6,6.2225,1.3711,1,1159,0.1669,0.1146,0.0721,0.1495,0.6839,C1p,36,5
3,6,127,12,24,32,54,12,0.6081,20,29,38,84,55,171.0,2238,1839,6,6,5.595,1.3051,1,987,0.168,0.1092,0.0657,0.1253,0.7189,C1p,37,6
3,14,135,13,25,64,140,13,0.5924,21,35,71,86,51,247.0,2257,1873,7,7,5.6425,1.3967,1,1003,0.1611,0.0974,0.0714,0.1349,0.6695,C1p,38,7
3,8,124,12,27,41,56,13,0.6466,19,39,56,86,47,162.0,2221,1821,7,6,5.5525,1.3185,1,974,0.1645,0.1081,0.0646,0.1146,0.7166,C1p,39,5
3,8,133,11,22,33,64,12,0.6462,20,27,64,84,57,175.0,2179,1780,7,5,5.4475,1.3039,1,955,0.1646,0.1092,0.0576,0.113,0.7163,C1p,40,5
3,10,181,11,27,37,82,12,0.6152,20,33,60,84,51,184.0,2274,1876,7,5,5.685,1.3518,1,1021,0.1678,0.1239,0.087,0.168,0.7068,C1p,41,6
3,8,184,12,27,52,105,11,0.5783,20,37,64,85,48,215.0,2338,1943,7,5,5.845,1.3716,1,991,0.157,0.1087,0.0896,0.1853,0.6727,C1p,42,5
3,4,125,12,25,39,60,12,0.6304,18,33,50,84,51,159.0,2170,1771,7,6,5.425,1.2818,1,919,0.1683,0.0999,0.071,0.133,0.7487,C1p,43,7
3,5,148,11,28,61,78,11,0.6337,19,42,70,84,42,188.0,2135,1742,6,4,5.3375,1.3708,1,889,0.1579,0.1345,0.0813,0.2132,0.721,C1p,44,6
3,12,150,12,23,42,79,13,0.6327,19,35,60,86,51,189.0,2352,1957,6,7,5.88,1.3081,1,1104,0.1723,0.0853,0.0552,0.0958,0.7195,C1p,45,5
3,11,189,12,24,45,79,14,0.6931,19,34,60,87,53,198.0,2437,2042,7,6,6.0925,1.2963,1,1061,0.1659,0.0923,0.0519,0.1262,0.7204,C1p,46,7
3,8,158,11,21,34,44,13,0.7223,17,31,44,85,54,153.0,2348,1948,6,5,5.87,1.2649,1,1039,0.1671,0.079,0.0478,0.0717,0.751,C1p,47,6
3,3,137,11,28,47,69,12,0.6319,18,40,69,84,44,176.0,2380,1986,6,6,5.95,1.3142,1,1105,0.1631,0.106,0.0731,0.1609,0.7276,C1p,48,6
3,12,144,12,24,37,46,13,0.645,21,35,46,85,50,153.0,2335,1935,7,6,5.8375,1.3282,1,1068,0.1684,0.0819,0.0431,0.0987,0.7023,C1p,49,6
3,8,141,11,21,50,70,12,0.6496,19,27,64,84,57,183.0,2226,1832,7,5,5.565,1.2636,1,969,0.1681,0.0924,0.0491,0.1084,0.7604,C1p,50,6
3,5,136,12,26,53,78,12,0.5843,20,42,62,85,43,183.0,2403,2008,6,6,6.0075,1.368,1,1004,0.1578,0.1153,0.0793,0.1179,0.6743,C1p,51,5
3,11,146,12,22,36,48,13,0.6384,20,33,48,84,51,164.0,2370,1970,7,6,5.925,1.3142,1,1065,0.1673,0.0929,0.0452,0.123,0.7142,C1p,52,6
3,11,149,12,24,34,71,12,0.6209,20,30,54,84,54,186.0,2263,1867,7,6,5.6575,1.316,1,941,0.1628,0.1079,0.0578,0.1135,0.7172,C1p,53,5
3,10,151,11,27,62,69,12,0.6324,20,36,69,85,49,178.0,2247,1851,7,5,5.6175,1.3225,1,1053,0.1615,0.1202,0.0804,0.1645,0.7191,C1p,54,7
3,8,133,12,22,35,81,12,0.6229,18,31,41,84,53,154.0,2254,1855,7,6,5.635,1.2642,1,946,0.1714,0.0793,0.0448,0.0533,0.752,C1p,55,5
3,6,130,12,24,39,45,13,0.6335,20,33,45,86,53,153.0,2303,1903,6,6,5.7575,1.3353,1,1029,0.167,0.0859,0.0524,0.1048,0.6947,C1p,56,6
3,8,126,13,24,39,56,13,0.6238,19,32,56,85,53,163.0,2411,2012,7,6,6.0275,1.3231,1,1028,0.1662,0.107,0.0604,0.1228,0.7063,C1p,57,5
3,7,161,12,26,65,82,12,0.5852,19,52,71,86,34,185.0,2447,2056,7,5,6.1175,1.3906,1,1129,0.1576,0.116,0.0892,0.1976,0.6863,C1p,58,7
3,9,150,11,25,114,126,11,0.6406,18,34,53,85,51,230.0,2070,1707,6,5,5.175,1.307,1,890,0.1629,0.1321,0.0719,0.164,0.7458,C1p,59,5
3,6,137,12,26,37,71,13,0.6324,19,32,49,85,53,185.0,2394,1997,6,6,5.985,1.3861,1,1100,0.1608,0.1106,0.0802,0.1679,0.671,C1p,60,6
3,11,167,12,22,35,46,14,0.6753,20,31,46,85,54,161.0,2513,2113,7,6,6.2825,1.3351,1,1141,0.164,0.0861,0.0662,0.1636,0.6995,C1p,61,9
3,5,196,12,27,50,77,11,0.5502,19,37,62,85,48,180.0,2399,2002,5,6,5.9975,1.3956,1,1082,0.1649,0.1114,0.0716,0.1431,0.6558,C1p,62,6
3,5,144,12,24,43,60,13,0.6648,19,40,60,86,46,171.0,2312,1913,6,5,5.78,1.3633,1,989,0.1623,0.1104,0.0603,0.1227,0.6822,C1p,63,6
3,10,116,13,25,45,96,13,0.6062,22,35,62,85,50,197.0,2255,1860,7,6,5.6375,1.3172,1,968,0.1679,0.1115,0.0684,0.1175,0.7108,C1p,64,6
3,6,157,11,24,69,74,12,0.6753,18,34,74,87,53,189.0,2233,1846,6,5,5.5825,1.3548,1,994,0.158,0.1115,0.0692,0.1153,0.6988,C1p,65,5
3,6,142,11,26,60,98,11,0.6139,19,45,70,85,40,206.0,2212,1820,6,5,5.53,1.3044,1,940,0.1594,0.1214,0.0805,0.1589,0.7434,C1p,66,5
3,19,133,14,26,42,96,13,0.5765,22,37,55,86,49,199.0,2496,2101,7,7,6.24,1.4146,1,1062,0.1602,0.0888,0.0479,0.1034,0.6426,C1p,67,6
3,9,150,11,20,29,60,13,0.6931,19,25,60,83,58,173.0,2333,1933,7,6,5.8325,1.2675,1,1077,0.1649,0.0868,0.0403,0.0998,0.7382,C1p,68,7
3,6,165,11,23,40,66,12,0.6293,19,35,56,83,48,175.0,2336,1937,6,4,5.84,1.3046,1,1038,0.166,0.125,0.0659,0.1377,0.729,C1p,69,7
3,6,138,13,24,34,55,12,0.5744,21,32,55,86,54,162.0,2399,1999,7,5,5.9975,1.3472,1,1021,0.1627,0.099,0.066,0.0948,0.6933,C1p,70,4
3,17,145,13,23,44,98,11,0.5387,21,37,45,86,49,197.0,2456,2063,6,5,6.14,1.3223,1,1040,0.1588,0.0987,0.059,0.0941,0.6975,C1p,71,6
3,10,132,13,24,45,97,13,0.6031,21,33,46,84,51,209.0,2429,2033,6,6,6.0725,1.2868,1,1047,0.1684,0.0848,0.05,0.087,0.7295,C1p,72,5
3,9,131,13,32,55,75,12,0.5826,20,42,71,86,44,183.0,2216,1821,8,6,5.54,1.4014,1,930,0.1621,0.1297,0.0947,0.2511,0.6672,C1p,73,7
3,15,140,12,26,41,176,11,0.554,18,36,63,85,49,272.0,2379,1990,6,6,5.9475,1.3543,1,1072,0.1608,0.1062,0.062,0.1008,0.693,C1p,74,5
3,6,132,11,22,39,66,11,0.5939,20,31,66,85,54,176.0,2246,1847,6,6,5.615,1.3211,1,1014,0.163,0.1057,0.0637,0.1614,0.7033,C1p,75,6
3,3,141,12,23,69,81,11,0.583,20,33,69,87,54,197.0,2283,1904,6,5,5.7075,1.3241,1,973,0.165,0.1212,0.0682,0.1178,0.7153,C1p,76,5
3,13,132,14,25,47,84,14,0.627,21,34,63,88,54,190.0,2410,2020,7,6,6.025,1.4,1,1034,0.1637,0.1024,0.0599,0.1379,0.6594,C1p,77,7
3,10,124,13,22,41,75,12,0.5706,20,32,53,86,54,188.0,2359,1963,7,5,5.8975,1.2506,1,1017,0.1665,0.0861,0.0345,0.0728,0.7764,C1p,78,5
3,10,160,12,25,49,83,12,0.6043,19,35,66,87,52,194.0,2401,2007,7,5,6.0025,1.3563,1,1031,0.1575,0.1211,0.0692,0.1712,0.6986,C1p,79,5
3,9,170,11,24,40,89,12,0.6713,19,35,55,85,50,202.0,2300,1905,6,5,5.75,1.3192,1,965,0.1585,0.0998,0.0701,0.1381,0.7144,C1p,80,6
3,5,138,11,25,50,86,12,0.6448,19,35,51,86,51,194.0,2272,1890,6,5,5.68,1.3598,1,1037,0.162,0.1204,0.0746,0.1663,0.6979,C1p,81,6
3,9,155,10,21,38,114,11,0.6432,19,30,68,85,55,203.0,2374,1981,6,5,5.935,1.2903,1,1071,0.1634,0.0845,0.0556,0.1315,0.7325,C1p,82,4
3,6,145,11,23,55,69,12,0.6376,18,33,69,85,52,176.0,2227,1833,7,5,5.5675,1.2728,1,1035,0.1639,0.1102,0.0747,0.1686,0.7523,C1p,83,5
3,6,135,12,27,56,100,12,0.6219,20,37,66,86,49,211.0,2293,1903,6,6,5.7325,1.3363,1,953,0.1598,0.1267,0.0748,0.1767,0.7131,C1p,84,5
3,12,146,12,23,40,60,12,0.6155,20,32,50,85,53,168.0,2278,1880,7,6,5.695,1.2862,1,1024,0.1651,0.0946,0.0599,0.0888,0.7399,C1p,85,5
3,10,152,12,27,53,61,12,0.6302,20,37,61,85,48,173.0,2277,1880,7,5,5.6925,1.2856,1,950,0.1614,0.1006,0.0574,0.1234,0.7473,C1p,86,7
3,13,143,12,24,44,85,11,0.5501,20,34,51,85,51,185.0,2605,2208,6,6,6.5125,1.3659,1,1175,0.164,0.0766,0.0368,0.0928,0.6653,C1p,87,6
3,10,157,11,27,55,70,12,0.6581,18,45,70,85,40,189.0,2290,1894,7,6,5.725,1.3743,1,1007,0.1632,0.1107,0.0683,0.2028,0.7033,C1p,88,6
3,3,143,12,24,44,71,11,0.5488,21,33,60,85,52,182.0,2440,2044,6,6,6.1,1.3547,1,1105,0.1597,0.0942,0.0714,0.1375,0.6967,C1p,89,6
3,5,151,12,24,43,58,11,0.5814,18,33,58,85,52,172.0,2384,1985,6,5,5.96,1.3254,1,999,0.1636,0.1087,0.0719,0.1247,0.7244,C1p,90,5
3,12,133,12,26,47,82,12,0.6233,20,38,69,87,49,198.0,2365,1978,6,6,5.9125,1.407,1,1037,0.1581,0.1187,0.0665,0.1122,0.6618,C1p,91,6
3,9,134,11,23,51,88,12,0.6196,20,32,68,86,54,200.0,2324,1936,7,6,5.81,1.3838,1,1075,0.158,0.0993,0.0707,0.1625,0.6622,C1p,92,7
3,5,124,11,28,40,90,11,0.5994,18,37,46,84,47,198.0,2167,1770,6,5,5.4175,1.3282,1,974,0.1642,0.1315,0.0848,0.1795,0.7294,C1p,93,4
3,9,207,12,24,32,41,13,0.6306,19,28,41,84,56,147.0,2477,2077,7,5,6.1925,1.298,1,1085,0.1684,0.0914,0.0452,0.0829,0.7246,C1p,94,5
3,7,121,14,29,60,104,13,0.5679,23,40,60,87,47,213.0,2460,2079,7,6,6.15,1.442,1,1082,0.163,0.1181,0.07,0.1639,0.6248,C1p,95,6
3,16,139,13,26,40,61,13,0.5878,21,38,55,85,47,169.0,2499,2102,7,7,6.2475,1.4077,1,1101,0.1628,0.0935,0.0605,0.1229,0.6532,C1p,96,6
3,6,166,12,29,57,68,11,0.5738,18,38,68,84,46,180.0,2297,1900,6,5,5.7425,1.3295,1,982,0.1644,0.1173,0.0878,0.1856,0.7042,C1p,97,5
3,8,147,12,26,55,72,13,0.6274,21,43,63,85,42,176.0,2249,1853,7,5,5.6225,1.3384,1,1035,0.166,0.1092,0.0621,0.1184,0.7086,C1p,98,6
3,10,144,12,24,54,84,11,0.5813,20,38,60,87,49,194.0,2283,1893,7,5,5.7075,1.356,1,966,0.1642,0.1221,0.08,0.148,0.7258,C1p,99,7
3,13,176,12,23,40,64,13,0.6887,18,36,64,83,47,180.0,2483,2087,6,5,6.2075,1.3464,1,1073,0.163,0.0997,0.0643,0.1172,0.6996,C1p,100,7
3,10,177,11,28,49,96,12,0.6699,18,43,63,85,42,200.0,2278,1881,7,6,5.695,1.3716,1,967,0.1558,0.1227,0.0683,0.1586,0.6736,C1p,101,8
3,11,174,11,23,44,66,12,0.6407,19,33,65,84,51,180.0,2332,1937,7,5,5.83,1.3092,1,1107,0.1665,0.1028,0.0558,0.1152,0.7176,C1p,102,7
3,9,156,12,27,44,93,12,0.6013,19,34,50,87,53,194.0,2428,2036,6,5,6.07,1.3851,1,1076,0.1568,0.1044,0.0716,0.1321,0.6636,C1p,103,6
3,14,160,13,22,38,64,14,0.6847,20,30,64,85,55,175.0,2350,1951,7,6,5.875,1.3475,1,1041,0.1646,0.0788,0.0359,0.0599,0.6745,C1p,104,7
3,6,136,12,25,54,70,12,0.6032,19,39,70,85,46,187.0,2263,1866,6,6,5.6575,1.3837,1,1012,0.1607,0.101,0.0605,0.1588,0.6951,C1p,105,6
3,11,133,11,27,54,64,11,0.612,18,40,64,84,44,179.0,2206,1809,6,6,5.515,1.2985,1,992,0.1676,0.1279,0.0595,0.1145,0.7369,C1p,106,5
3,9,147,12,23,39,80,12,0.6122,19,33,48,84,51,191.0,2550,2153,6,5,6.375,1.3372,1,1090,0.1642,0.0933,0.0673,0.1545,0.7046,C1p,107,7
3,12,168,12,22,38,70,13,0.6735,19,35,70,85,50,185.0,2542,2142,6,6,6.355,1.3571,1,1109,0.1618,0.0831,0.0618,0.1409,0.6797,C1p,108,4
3,6,151,12,25,38,98,12,0.5987,20,35,64,86,51,206.0,2310,1914,6,5,5.775,1.3595,1,1011,0.1616,0.1159,0.0922,0.174,0.6865,C1p,109,6
3,12,139,11,23,37,53,13,0.6946,20,30,53,85,55,165.0,2390,1991,6,5,5.975,1.3235,1,1114,0.1626,0.1111,0.0646,0.1293,0.7042,C1p,110,5
3,17,134,12,24,37,71,11,0.57,19,31,52,83,52,173.0,2337,1940,6,6,5.8425,1.3052,1,1008,0.1671,0.0823,0.0468,0.0652,0.7227,C1p,111,4
3,16,166,13,23,35,82,13,0.6237,19,31,52,85,54,197.0,2381,1984,7,6,5.9525,1.2676,1,1052,0.1672,0.0893,0.058,0.12,0.745,C1p,112,5
3,7,160,13,24,49,81,14,0.646,20,33,69,86,53,188.0,2514,2124,7,6,6.285,1.3253,1,1148,0.1664,0.0897,0.0524,0.1014,0.7095,C1p,113,8
3,10,126,13,25,44,83,13,0.6187,19,38,67,85,47,182.0,2358,1964,7,7,5.895,1.3198,1,1020,0.1606,0.0884,0.0482,0.1329,0.7052,C1p,114,5
3,8,156,13,25,41,53,14,0.6518,20,34,53,87,53,159.0,2438,2038,8,5,6.095,1.3464,1,1096,0.164,0.0963,0.065,0.109,0.6973,C1p,115,7
3,11,131,11,23,192,226,12,0.6393,19,34,56,85,51,336.0,2229,1862,6,6,5.5725,1.3641,1,1060,0.1676,0.1046,0.0619,0.1257,0.7197,C1p,116,6
3,12,151,12,25,35,64,14,0.6872,20,31,64,87,56,172.0,2522,2124,7,6,6.305,1.3771,1,1152,0.1623,0.0892,0.0535,0.1036,0.661,C1p,117,7
3,8,162,11,28,59,100,11,0.6016,18,43,61,86,43,208.0,2412,2027,6,5,6.03,1.2965,1,1064,0.1612,0.123,0.0808,0.1212,0.7351,C1p,118,5
3,6,171,12,25,46,61,12,0.5981,19,39,61,84,45,171.0,2570,2171,6,5,6.425,1.3542,1,1170,0.1664,0.1001,0.0735,0.1402,0.7047,C1p,119,7
3,10,183,11,22,38,57,13,0.7112,19,30,57,84,54,168.0,2441,2042,6,5,6.1025,1.2924,1,1073,0.1646,0.0911,0.046,0.0862,0.7351,C1p,120,6
3,5,156,10,22,41,47,11,0.6494,18,36,47,85,49,164.0,2239,1839,6,4,5.5975,1.2898,1,971,0.1645,0.1029,0.0518,0.0725,0.7336,C1p,121,6
3,6,146,11,24,38,66,12,0.6269,18,32,64,86,54,175.0,2509,2114,6,4,6.2725,1.3108,1,1144,0.1648,0.1014,0.0457,0.109,0.7081,C1p,122,5
3,9,156,11,25,60,61,12,0.6526,18,48,61,84,36,176.0,2297,1898,7,6,5.7425,1.2297,1,1043,0.17,0.1244,0.0692,0.1364,0.7798,C1p,123,6
3,15,153,12,22,34,57,13,0.6565,20,27,57,85,58,165.0,2419,2019,7,5,6.0475,1.2932,1,1062,0.1639,0.0721,0.049,0.0816,0.7281,C1p,124,6
3,7,129,11,24,44,68,12,0.6483,18,33,68,83,50,178.0,2266,1868,6,5,5.665,1.3137,1,992,0.1664,0.0929,0.0506,0.1275,0.7179,C1p,125,5
3,10,186,12,23,49,63,13,0.6496,20,33,63,84,51,174.0,2514,2117,6,5,6.285,1.3406,1,1101,0.1621,0.0847,0.0512,0.1353,0.7081,C1p,126,7
3,9,161,12,27,45,69,12,0.6364,18,35,55,84,49,176.0,2258,1861,6,5,5.645,1.3208,1,962,0.1664,0.1326,0.0863,0.2169,0.7243,C1p,127,5
3,17,140,15,25,45,66,13,0.5368,23,35,66,86,51,181.0,2502,2104,7,8,6.255,1.3931,1,1068,0.1657,0.085,0.0554,0.0975,0.6587,C1p,128,6
3,6,148,12,23,46,68,11,0.5697,20,36,63,84,48,177.0,2182,1786,6,6,5.455,1.3085,1,943,0.1658,0.1117,0.0568,0.0905,0.7312,C1p,129,6
3,15,135,11,24,50,72,12,0.6443,19,37,61,84,47,176.0,2190,1793,7,5,5.475,1.2962,1,973,0.1668,0.0976,0.0731,0.1146,0.7356,C1p,130,7
3,8,146,13,24,44,78,12,0.5783,21,33,53,84,51,184.0,2459,2062,7,5,6.1475,1.3458,1,1040,0.1634,0.1039,0.0728,0.1457,0.7051,C1p,131,5
3,13,166,12,21,32,59,12,0.5945,20,26,59,84,58,171.0,2461,2064,6,5,6.1525,1.2965,1,1128,0.1634,0.0633,0.047,0.0923,0.7263,C1p,132,7
3,5,135,11,23,45,72,12,0.6251,19,34,50,82,48,176.0,2246,1850,6,5,5.615,1.3795,1,1005,0.1633,0.1028,0.0556,0.1255,0.6886,C1p,133,6
3,7,189,12,26,40,54,12,0.608,19,36,54,83,47,166.0,2487,2087,6,5,6.2175,1.3718,1,1075,0.1627,0.1161,0.0538,0.15,0.6564,C1p,134,6
3,12,130,12,27,53,69,13,0.6325,19,44,67,86,42,180.0,2351,1954,7,6,5.8775,1.3823,1,1092,0.1637,0.1192,0.0751,0.22,0.6735,C1p,135,6
3,9,121,12,25,52,84,11,0.5772,19,32,61,86,54,179.0,2221,1828,7,6,5.5525,1.3151,1,946,0.1648,0.0999,0.0771,0.1606,0.7352,C1p,136,5
3,7,135,12,26,42,59,11,0.5607,19,37,59,86,49,175.0,2240,1840,6,5,5.6,1.2696,1,984,0.1645,0.1205,0.076,0.1715,0.7571,C1p,137,5
3,6,151,12,27,51,81,12,0.6075,19,41,70,85,44,197.0,2596,2202,6,5,6.49,1.3819,1,1160,0.158,0.1303,0.0923,0.1934,0.6671,C1p,138,6
3,12,172,12,24,40,52,13,0.6266,21,34,52,84,50,164.0,2362,1962,7,6,5.905,1.3328,1,1150,0.1678,0.0985,0.0701,0.1331,0.7049,C1p,139,6
3,11,122,13,27,51,64,12,0.5368,22,37,64,85,48,181.0,2271,1872,7,7,5.6775,1.3654,1,1053,0.1653,0.1226,0.0808,0.1939,0.6854,C1p,140,7
3,5,165,11,24,42,69,10,0.5779,19,33,55,85,52,173.0,2182,1785,6,5,5.455,1.3389,1,924,0.1617,0.1465,0.0632,0.1438,0.698,C1p,141,5
3,5,142,11,23,34,62,12,0.6271,19,32,62,84,52,164.0,2247,1848,6,5,5.6175,1.3074,1,1011,0.1647,0.0944,0.0596,0.1252,0.7311,C1p,142,5
3,16,149,14,24,37,67,14,0.6194,21,33,67,86,53,173.0,2315,1917,7,6,5.7875,1.3083,1,975,0.1664,0.0766,0.0394,0.1006,0.7105,C1p,143,5
3,8,141,12,24,55,81,13,0.6175,20,34,62,87,53,197.0,2408,2020,6,5,6.02,1.3218,1,1117,0.1668,0.1044,0.0563,0.1356,0.7109,C1p,144,7
3,11,145,12,26,82,172,12,0.6305,19,41,68,88,47,284.0,2325,1954,7,6,5.8125,1.3675,1,1015,0.1618,0.1147,0.088,0.1663,0.7277,C1p,145,4
3,5,126,12,27,46,61,12,0.6106,20,36,61,85,49,181.0,2270,1870,6,5,5.675,1.3781,1,966,0.1641,0.1259,0.082,0.1863,0.6914,C1p,146,5
3,5,120,12,25,53,60,12,0.591,20,38,60,87,49,175.0,2296,1896,7,6,5.74,1.347,1,1016,0.1609,0.1125,0.0768,0.1742,0.7178,C1p,147,5
3,9,156,13,24,41,91,13,0.6015,21,33,48,86,53,194.0,2334,1940,7,5,5.835,1.3572,1,997,0.1608,0.0914,0.0698,0.117,0.6763,C1p,148,6
3,9,192,11,25,38,58,13,0.7126,18,33,58,86,53,167.0,2352,1952,6,4,5.88,1.3166,1,1033,0.1656,0.0951,0.0651,0.1437,0.7147,C1p,149,6
3,6,145,13,28,55,78,13,0.5951,21,39,67,86,47,186.0,2351,1955,7,6,5.8775,1.3985,1,1034,0.1574,0.1236,0.0848,0.1811,0.6563,C1p,150,5
3,12,151,15,499,594,600,13,0.5941,20,41,67,87,46,,2609,2762,7,7,6.5225,3.7223,1,1484,0.1422,0.2022,0.177,0.4959,0.5507,C1p,151,6
3,5,144,12,23,37,89,12,0.589,21,34,64,87,53,198.0,2433,2036,7,6,6.0825,1.3306,1,1091,0.1662,0.0914,0.0625,0.1326,0.6979,C1p,152,4
3,9,136,11,22,61,86,12,0.6412,20,33,66,86,53,195.0,2305,1912,6,5,5.7625,1.3175,1,1019,0.1634,0.0959,0.0587,0.1057,0.738,C1p,153,5
3,10,155,13,29,58,66,13,0.6029,20,46,60,86,40,173.0,2473,2077,7,6,6.1825,1.3572,1,1083,0.1564,0.1302,0.0832,0.1682,0.6827,C1p,154,6
3,7,138,12,31,64,108,12,0.6163,19,48,69,88,40,209.0,2202,1816,7,6,5.505,1.4202,1,931,0.1579,0.1338,0.0768,0.1864,0.6713,C1p,155,6
3,7,164,12,72,288,345,11,0.6237,19,40,72,87,47,453.0,2131,1923,7,4,5.3275,1.8055,1,994,0.1514,0.1777,0.1222,0.2946,0.6703,C1p,156,5
3,14,138,13,26,50,80,13,0.6225,20,42,56,84,42,185.0,2270,1874,7,6,5.675,1.3602,1,940,0.1665,0.1067,0.0696,0.163,0.6916,C1p,157,5
3,6,139,13,27,51,81,11,0.5435,21,36,71,87,51,191.0,2355,1957,6,7,5.8875,1.3858,1,1012,0.162,0.1037,0.0519,0.1173,0.6714,C1p,158,5
3,8,151,12,26,49,94,13,0.6423,20,37,69,87,50,206.0,2337,1948,7,5,5.8425,1.3557,1,1055,0.1621,0.1082,0.0816,0.1744,0.7002,C1p,159,7
3,6,147,11,27,53,90,11,0.6092,18,43,63,84,41,195.0,2326,1930,6,5,5.815,1.3544,1,1005,0.1574,0.1159,0.0835,0.1767,0.6917,C1p,160,6
3,5,136,11,21,44,68,11,0.6164,19,34,54,85,51,175.0,2250,1852,6,5,5.625,1.2813,1,944,0.1617,0.0861,0.0616,0.1507,0.7581,C1p,161,6
3,8,139,12,26,67,102,12,0.6134,19,43,70,86,43,212.0,2271,1886,7,4,5.6775,1.3484,1,992,0.1597,0.1038,0.0513,0.0848,0.72,C1p,162,7
3,4,154,11,25,42,63,12,0.6503,20,37,63,84,47,169.0,2099,1700,7,5,5.2475,1.3729,1,925,0.1652,0.1163,0.0767,0.2144,0.6647,C1p,163,5
3,3,152,12,26,37,69,12,0.6135,19,34,69,85,51,183.0,2326,1927,7,6,5.815,1.4416,1,986,0.1548,0.1057,0.0988,0.1875,0.6388,C1p,164,4
3,7,139,12,25,53,82,12,0.6074,20,36,68,86,50,193.0,2341,1959,7,6,5.8525,1.3349,1,1062,0.1638,0.119,0.0787,0.1255,0.708,C1p,165,6
3,11,142,12,27,55,76,13,0.6554,19,43,64,86,43,187.0,2339,1949,7,6,5.8475,1.3438,1,1038,0.163,0.133,0.0609,0.1176,0.7004,C1p,166,5
3,6,152,12,23,38,70,12,0.6196,19,33,42,85,52,177.0,2626,2228,6,5,6.565,1.3034,1,1128,0.166,0.0793,0.0444,0.0758,0.7114,C1p,167,6
3,9,185,11,23,43,52,11,0.6291,19,33,52,85,52,162.0,2367,1967,6,4,5.9175,1.2862,1,991,0.165,0.1073,0.0723,0.1211,0.7565,C1p,168,6
3,4,133,12,25,65,90,11,0.5532,20,37,73,87,50,198.0,2323,1935,6,6,5.8075,1.3463,1,1050,0.1662,0.1142,0.0702,0.1754,0.707,C1p,169,4
3,8,134,11,21,35,67,12,0.6289,19,30,67,86,56,183.0,2374,1974,6,5,5.935,1.3364,1,1051,0.1616,0.0921,0.0675,0.121,0.692,C1p,170,6
3,4,160,10,21,39,89,11,0.6538,18,30,51,84,54,197.0,2207,1815,6,4,5.5175,1.3003,1,924,0.1629,0.0844,0.0512,0.1203,0.7482,C1p,171,5
3,4,151,13,30,54,71,12,0.5799,20,48,71,87,39,180.0,2409,2013,6,7,6.0225,1.4088,1,1016,0.1617,0.0934,0.0655,0.1175,0.6443,C1p,172,5
3,12,144,12,26,43,104,13,0.6426,20,34,52,87,53,212.0,2311,1918,6,6,5.7775,1.3264,1,1091,0.1677,0.1025,0.0513,0.1062,0.7086,C1p,173,7
3,9,135,12,25,56,112,13,0.6342,19,35,67,86,51,221.0,2291,1899,6,6,5.7275,1.3286,1,1023,0.1679,0.1002,0.0552,0.1234,0.7114,C1p,174,6
3,9,164,10,21,48,82,12,0.6688,18,30,55,86,56,189.0,2292,1899,6,5,5.73,1.2701,1,1069,0.1656,0.1095,0.0588,0.0784,0.753,C1p,175,6
3,8,167,12,24,43,66,13,0.6373,21,37,66,86,49,185.0,2371,1973,7,5,5.9275,1.3234,1,1064,0.1604,0.0878,0.0575,0.1391,0.7045,C1p,176,6
3,10,137,12,26,69,95,13,0.6304,20,39,60,86,47,212.0,2335,1957,7,6,5.8375,1.324,1,1095,0.1669,0.1093,0.052,0.1375,0.7062,C1p,177,6
3,11,126,12,27,39,51,12,0.5973,20,35,51,83,48,162.0,2322,1922,7,6,5.805,1.359,1,1011,0.1616,0.1091,0.0635,0.1212,0.6883,C1p,178,4
3,13,181,12,25,52,75,13,0.6581,18,38,75,88,50,188.0,2451,2058,7,5,6.1275,1.4417,1,1129,0.1663,0.0817,0.0419,0.1152,0.6419,C1p,179,6
3,11,124,13,28,52,71,12,0.5562,19,38,68,86,48,181.0,2447,2051,6,6,6.1175,1.49,1,1090,0.157,0.1296,0.104,0.2555,0.6304,C1p,180,5
3,7,145,12,25,44,62,11,0.5736,19,34,56,84,50,173.0,2371,1972,6,5,5.9275,1.4011,1,1012,0.1594,0.1235,0.0906,0.2126,0.6831,C1p,181,5
3,10,130,12,22,36,54,13,0.6745,20,31,54,87,56,159.0,2080,1680,7,6,5.2,1.2768,1,897,0.1638,0.0949,0.071,0.1552,0.7446,C1p,182,6
3,3,126,12,25,52,77,13,0.6482,20,31,59,86,55,186.0,2348,1957,6,6,5.87,1.3822,1,1027,0.162,0.0781,0.0385,0.1019,0.6689,C1p,183,6
3,4,128,12,26,43,86,11,0.575,19,37,57,84,47,195.0,2280,1882,6,5,5.7,1.3868,1,971,0.1618,0.1003,0.0692,0.1405,0.6759,C1p,184,5
3,5,135,11,22,54,63,12,0.6428,18,39,63,85,46,168.0,2251,1851,6,5,5.6275,1.275,1,983,0.1651,0.1123,0.0426,0.0913,0.7455,C1p,185,6
3,4,180,12,23,35,101,11,0.5557,19,29,43,82,53,212.0,2343,1955,6,6,5.8575,1.3555,1,1053,0.1618,0.1069,0.0888,0.1486,0.6849,C1p,186,4
3,16,146,13,24,44,51,13,0.6019,20,39,51,85,46,168.0,2477,2077,7,6,6.1925,1.4092,1,1084,0.1562,0.0952,0.0575,0.1167,0.637,C1p,187,6
3,6,126,12,25,54,69,13,0.6304,20,34,66,84,50,182.0,2289,1893,7,7,5.7225,1.3597,1,1056,0.1643,0.1087,0.0722,0.137,0.701,C1p,188,5
3,9,136,13,28,44,56,12,0.5743,20,38,56,85,47,165.0,2436,2036,6,5,6.09,1.3502,1,1037,0.163,0.1096,0.0635,0.1234,0.7019,C1p,189,5
3,8,127,13,30,49,69,12,0.5726,20,42,69,86,44,183.0,2342,1944,7,6,5.855,1.4738,1,1003,0.1559,0.1376,0.0924,0.2249,0.6373,C1p,190,6
3,8,142,12,26,48,101,12,0.6056,19,42,55,87,45,211.0,2373,1980,7,5,5.9325,1.3384,1,1078,0.1615,0.1079,0.0741,0.1654,0.7056,C1p,191,6
3,11,142,12,24,47,83,13,0.6927,19,42,65,86,44,194.0,2161,1766,7,6,5.4025,1.3041,1,915,0.1609,0.0948,0.0584,0.1061,0.731,C1p,192,5
3,13,136,13,25,45,93,12,0.581,18,39,59,85,46,207.0,2296,1905,7,5,5.74,1.3008,1,971,0.1638,0.1157,0.0676,0.1373,0.7176,C1p,193,6
3,13,149,12,25,59,95,13,0.6613,19,36,67,86,50,206.0,2569,2184,6,5,6.4225,1.3686,1,1180,0.1609,0.1065,0.0801,0.1516,0.6932,C1p,194,6
3,12,155,12,23,45,65,12,0.6489,18,34,65,85,51,185.0,2378,1981,6,6,5.945,1.3084,1,993,0.1635,0.1033,0.0697,0.125,0.7239,C1p,195,5
3,10,150,12,25,46,98,11,0.5745,20,43,57,86,43,199.0,2357,1960,6,6,5.8925,1.3362,1,1006,0.166,0.1013,0.0755,0.1755,0.7179,C1p,196,5
3,14,137,12,25,41,59,12,0.598,20,34,59,86,52,168.0,2286,1886,7,5,5.715,1.2911,1,1002,0.1659,0.1195,0.0695,0.1452,0.7455,C1p,197,7
3,10,152,11,23,41,52,12,0.6907,19,32,52,86,54,167.0,2231,1832,6,5,5.5775,1.3264,1,929,0.1623,0.1045,0.0568,0.1621,0.72,C1p,198,6
3,6,114,14,29,60,135,11,0.4991,22,39,67,88,49,249.0,2278,1895,7,8,5.695,1.3968,1,982,0.1642,0.1045,0.0892,0.2344,0.666,C1p,199,5
3,13,201,13,23,34,45,15,0.7124,22,28,39,86,58,156.0,3039,2640,6,6,7.5975,1.3545,1,1374,0.1557,0.0944,0.0344,0.066,0.6784,C0,0,9
3,10,229,13,23,39,50,15,0.6936,23,33,50,88,55,156.0,3182,2782,7,5,7.955,1.3749,1,1493,0.1524,0.1038,0.0461,0.0799,0.6553,C0,1,9
3,14,189,13,26,45,52,14,0.6577,23,38,52,86,48,166.0,2986,2586,6,7,7.465,1.3476,1,1344,0.1512,0.121,0.0703,0.1523,0.6875,C0,2,8
3,10,203,13,23,33,49,15,0.6657,24,32,49,87,55,161.0,3162,2762,6,5,7.905,1.3621,1,1459,0.1541,0.1235,0.0614,0.101,0.6763,C0,3,9
3,10,165,12,22,35,54,15,0.7057,22,32,54,86,54,164.0,2922,2522,6,6,7.305,1.3612,1,1400,0.1508,0.1018,0.0539,0.0873,0.6713,C0,4,7
3,13,171,13,22,30,40,15,0.7077,21,28,40,86,58,145.0,2822,2422,7,6,7.055,1.2783,1,1290,0.1571,0.1069,0.0479,0.0804,0.7333,C0,5,9
3,12,246,14,24,34,56,16,0.6655,24,31,56,87,56,154.0,3253,2853,7,5,8.1325,1.4441,1,1437,0.1498,0.1088,0.0453,0.0652,0.6053,C0,6,9
3,15,218,13,23,39,63,15,0.7113,22,31,63,86,55,176.0,3135,2736,6,6,7.8375,1.3575,1,1452,0.1578,0.1026,0.0433,0.062,0.6597,C0,7,10
3,17,184,13,24,35,75,14,0.6313,23,29,45,87,58,189.0,3089,2697,5,7,7.7225,1.3296,1,1433,0.1596,0.1189,0.0608,0.0859,0.6923,C0,8,7
3,10,175,11,21,36,58,14,0.7386,21,31,58,85,54,164.0,2758,2359,6,5,6.895,1.2887,1,1280,0.1607,0.1151,0.0537,0.0977,0.7359,C0,9,8
3,10,193,13,24,39,55,15,0.6745,22,34,55,87,53,169.0,3005,2606,7,5,7.5125,1.3212,1,1355,0.1564,0.1251,0.0618,0.0769,0.6907,C0,10,9
3,12,189,13,23,41,48,15,0.7107,23,35,48,87,52,165.0,2772,2372,7,6,6.93,1.3356,1,1231,0.1571,0.1154,0.0634,0.1041,0.6918,C0,11,10
3,14,176,13,23,37,53,15,0.6888,22,30,53,86,56,159.0,2921,2521,6,7,7.3025,1.3451,1,1322,0.1525,0.113,0.0495,0.0774,0.6739,C0,12,10
3,13,183,15,28,43,46,16,0.6271,25,37,46,87,50,161.0,3178,2778,7,6,7.945,1.4302,1,1437,0.1551,0.1274,0.073,0.127,0.6188,C0,13,9
3,12,212,13,25,36,54,15,0.6704,22,32,54,88,56,170.0,3149,2750,6,6,7.8725,1.3342,1,1489,0.1569,0.1139,0.0566,0.1026,0.6865,C0,14,8
3,9,188,12,26,47,79,14,0.6448,21,42,59,87,45,189.0,3083,2685,6,5,7.7075,1.3501,1,1470,0.1526,0.1368,0.0941,0.1545,0.6711,C0,15,8
3,13,209,13,22,32,48,16,0.7376,23,29,48,86,57,159.0,3178,2778,6,6,7.945,1.3521,1,1578,0.1592,0.0958,0.0375,0.0649,0.6659,C0,16,9
3,9,192,12,22,33,58,14,0.7062,21,28,58,85,57,169.0,2951,2551,6,6,7.3775,1.3242,1,1347,0.1521,0.1209,0.0471,0.0824,0.7064,C0,17,8
3,10,161,13,25,41,60,15,0.6844,22,37,60,85,48,166.0,2871,2472,6,5,7.1775,1.3904,1,1299,0.1484,0.125,0.0714,0.146,0.646,C0,18,9
3,11,173,14,25,41,57,16,0.6696,24,33,57,85,52,162.0,3142,2742,6,8,7.855,1.4117,1,1443,0.1559,0.1239,0.068,0.0935,0.6247,C0,19,8
3,11,200,13,23,30,39,15,0.6909,22,27,39,85,58,150.0,3316,2916,6,6,8.29,1.3755,1,1512,0.152,0.0993,0.0417,0.0713,0.6533,C0,20,8
3,11,207,12,24,38,54,14,0.6506,23,33,54,87,54,159.0,2971,2572,7,5,7.4275,1.3219,1,1429,0.1574,0.1273,0.0623,0.108,0.6967,C0,21,8
3,9,166,14,25,41,67,14,0.5985,23,35,53,87,52,178.0,3171,2772,6,6,7.9275,1.355,1,1402,0.1556,0.1263,0.0752,0.1158,0.6724,C0,22,8
3,12,175,13,26,51,84,14,0.6449,23,37,73,87,50,195.0,2937,2547,6,6,7.3425,1.4056,1,1287,0.1505,0.1356,0.0748,0.1634,0.6521,C0,23,8
3,12,233,13,23,32,46,16,0.7328,24,30,46,87,57,153.0,3073,2673,7,6,7.6825,1.3382,1,1435,0.1591,0.1093,0.0423,0.0701,0.6835,C0,24,9
3,11,179,13,22,36,67,15,0.6959,22,33,67,87,54,175.0,3061,2663,6,6,7.6525,1.4412,1,1413,0.1534,0.1225,0.0566,0.1089,0.6162,C0,25,10
3,9,192,12,23,37,56,14,0.6824,22,34,56,87,53,169.0,2853,2453,6,5,7.1325,1.3465,1,1296,0.1561,0.1269,0.0757,0.1437,0.6779,C0,26,7
3,12,189,14,24,34,54,15,0.6474,25,31,54,87,56,158.0,2910,2511,8,5,7.275,1.3907,1,1267,0.1542,0.1177,0.0514,0.0595,0.6507,C0,27,9
3,10,188,13,24,36,54,14,0.6591,22,31,49,86,55,165.0,3104,2706,6,5,7.76,1.3707,1,1385,0.1564,0.1187,0.0499,0.0808,0.653,C0,28,8
3,10,152,13,25,44,57,15,0.6612,22,35,57,87,52,173.0,2804,2404,7,6,7.01,1.3611,1,1301,0.1583,0.1347,0.0799,0.1275,0.6851,C0,29,6
3,16,166,14,24,38,59,15,0.6225,24,34,58,87,53,174.0,3073,2675,6,7,7.6825,1.4041,1,1471,0.1569,0.129,0.0601,0.0993,0.637,C0,30,9
3,12,178,12,21,36,60,14,0.7046,22,29,60,88,59,171.0,2691,2291,7,6,6.7275,1.3213,1,1269,0.1637,0.1232,0.0432,0.0835,0.7036,C0,31,10
3,9,160,13,25,41,61,13,0.6026,23,33,61,86,53,171.0,2715,2316,6,6,6.7875,1.3372,1,1175,0.1556,0.1212,0.0554,0.0882,0.6991,C0,32,7
3,13,172,13,23,35,52,14,0.6363,23,32,52,85,53,159.0,2972,2572,7,6,7.43,1.3659,1,1406,0.1571,0.126,0.0552,0.1007,0.6695,C0,33,9
3,15,194,13,24,42,62,14,0.6031,23,33,62,87,54,171.0,2895,2496,7,6,7.2375,1.3674,1,1387,0.1536,0.1233,0.0739,0.1122,0.6611,C0,34,9
3,10,195,13,29,41,75,15,0.6437,24,37,47,87,50,187.0,3082,2687,6,6,7.705,1.4057,1,1477,0.158,0.1598,0.0855,0.1671,0.6468,C0,35,8
3,10,190,13,22,35,46,14,0.6693,22,28,46,87,59,159.0,3060,2660,6,5,7.65,1.335,1,1341,0.1565,0.1121,0.0498,0.0849,0.6906,C0,36,9
3,10,187,13,24,41,51,14,0.664,22,36,51,87,51,163.0,3039,2640,6,5,7.5975,1.3038,1,1333,0.1537,0.122,0.0615,0.1,0.717,C0,37,9
3,11,215,12,23,35,49,14,0.6724,21,32,49,86,54,167.0,3007,2607,6,5,7.5175,1.3544,1,1423,0.1556,0.1311,0.0506,0.121,0.6816,C0,38,8
3,7,152,14,29,47,85,14,0.5937,22,40,64,86,46,193.0,3030,2636,7,6,7.575,1.4165,1,1381,0.1532,0.1434,0.0707,0.1356,0.6335,C0,39,8
3,5,161,13,26,42,55,14,0.6259,23,36,55,86,50,169.0,2855,2456,6,6,7.1375,1.3897,1,1271,0.1486,0.1356,0.073,0.1177,0.6714,C0,40,8
3,11,206,11,22,39,56,14,0.7072,21,33,56,84,51,173.0,2906,2506,6,5,7.265,1.3284,1,1434,0.1554,0.1192,0.0665,0.108,0.7011,C0,41,8
3,15,163,14,24,37,65,15,0.6517,23,34,65,85,51,180.0,2931,2533,6,6,7.3275,1.3435,1,1297,0.1543,0.1176,0.056,0.09,0.6739,C0,42,6
3,8,153,13,23,35,58,14,0.6592,22,32,58,87,55,167.0,2670,2270,6,6,6.675,1.3242,1,1171,0.1509,0.1148,0.0573,0.1004,0.7,C0,43,8
3,12,166,14,26,39,58,15,0.6374,25,35,58,87,52,164.0,3009,2609,7,6,7.5225,1.4051,1,1354,0.1507,0.1451,0.0739,0.1148,0.6409,C0,44,8
3,15,207,15,25,33,43,16,0.675,25,31,43,86,55,157.0,3185,2785,7,6,7.9625,1.4571,1,1394,0.1535,0.1107,0.0585,0.078,0.6,C0,45,8
3,13,184,13,25,38,50,14,0.6364,23,35,50,84,49,166.0,3083,2684,6,6,7.7075,1.3774,1,1485,0.1577,0.1352,0.0755,0.1383,0.6546,C0,46,8
3,9,176,13,23,37,68,14,0.6484,23,34,58,85,51,181.0,2998,2602,6,5,7.495,1.3597,1,1311,0.154,0.1306,0.0502,0.0942,0.6776,C0,47,8
3,10,199,14,25,41,53,15,0.666,23,33,53,86,53,163.0,3198,2799,6,6,7.995,1.3533,1,1415,0.1564,0.1351,0.0728,0.1099,0.692,C0,48,10
3,10,174,13,24,42,67,14,0.6344,23,32,67,86,54,187.0,3140,2743,6,5,7.85,1.3609,1,1416,0.1507,0.1188,0.0706,0.1052,0.6755,C0,49,8
3,13,186,13,24,40,58,15,0.6779,23,33,58,87,54,174.0,2962,2563,7,6,7.405,1.3242,1,1417,0.1569,0.1194,0.0585,0.0738,0.7015,C0,50,9
3,12,201,12,24,40,59,14,0.6625,22,33,59,86,53,161.0,2889,2489,7,5,7.2225,1.3114,1,1416,0.1548,0.1204,0.0537,0.0745,0.7147,C0,51,8
3,11,208,12,21,42,53,14,0.7119,21,31,53,87,56,160.0,2864,2464,6,6,7.16,1.2991,1,1309,0.1578,0.1118,0.0554,0.087,0.7301,C0,52,7
3,14,175,12,21,29,56,14,0.6859,22,27,41,85,58,159.0,2926,2528,6,6,7.315,1.3161,1,1378,0.1541,0.106,0.0534,0.0608,0.7053,C0,53,9
3,9,191,13,24,42,68,14,0.6251,24,33,68,87,54,181.0,2910,2513,7,6,7.275,1.3852,1,1377,0.1563,0.1312,0.0569,0.0803,0.6466,C0,54,8
3,12,206,13,27,49,62,15,0.7034,22,40,62,86,46,172.0,2991,2591,6,6,7.4775,1.3358,1,1340,0.1591,0.1588,0.0599,0.1167,0.6974,C0,55,10
3,9,173,13,26,39,54,15,0.6705,23,38,54,85,47,161.0,3065,2666,7,5,7.6625,1.3638,1,1464,0.1551,0.1361,0.0791,0.1528,0.6868,C0,56,9
3,20,157,13,24,38,65,14,0.6163,24,32,65,86,54,171.0,2778,2379,6,7,6.945,1.3464,1,1312,0.1592,0.1247,0.0601,0.0847,0.6915,C0,57,7
3,9,175,13,24,40,68,15,0.6893,22,32,68,86,54,174.0,2964,2565,6,5,7.41,1.3368,1,1329,0.1552,0.1265,0.0534,0.0884,0.6928,C0,58,8
3,12,220,15,27,44,63,15,0.6158,24,36,63,86,50,173.0,3134,2737,7,6,7.835,1.4143,1,1374,0.1538,0.1275,0.074,0.131,0.6321,C0,59,9
3,13,212,12,21,34,51,15,0.7612,21,30,51,85,55,167.0,2818,2418,6,6,7.045,1.3085,1,1242,0.1577,0.1086,0.0383,0.0575,0.713,C0,60,6
3,9,172,12,23,38,81,14,0.6773,21,33,44,86,53,183.0,2851,2452,6,5,7.1275,1.312,1,1239,0.1521,0.1172,0.0616,0.1581,0.7137,C0,61,8
3,12,179,14,24,33,53,16,0.6906,23,31,53,86,55,158.0,3151,2751,6,7,7.8775,1.3991,1,1445,0.1568,0.1151,0.058,0.0884,0.6354,C0,62,9
3,9,176,13,25,43,62,16,0.7205,23,37,62,84,47,171.0,2887,2489,7,5,7.2175,1.3696,1,1340,0.1531,0.1251,0.0472,0.0928,0.677,C0,63,10
3,12,166,14,26,42,64,15,0.5998,24,36,64,86,50,178.0,3391,2992,6,7,8.4775,1.484,1,1638,0.1517,0.1218,0.0704,0.1382,0.5902,C0,64,8
3,12,227,14,24,40,52,16,0.6725,23,31,52,86,55,167.0,3206,2806,7,5,8.015,1.3503,1,1419,0.155,0.1163,0.0532,0.0934,0.6818,C0,65,11
3,12,215,13,23,36,49,15,0.674,24,30,44,87,57,158.0,3015,2616,7,5,7.5375,1.3517,1,1457,0.1542,0.11,0.0592,0.0789,0.6774,C0,66,9
3,14,193,14,23,33,43,16,0.7094,23,30,43,86,56,153.0,2946,2546,7,7,7.365,1.3602,1,1356,0.1602,0.1125,0.0471,0.0643,0.6811,C0,67,8
3,9,186,12,26,42,59,13,0.631,23,32,59,86,54,166.0,2938,2538,7,5,7.345,1.2872,1,1375,0.1601,0.1505,0.0796,0.1386,0.7435,C0,68,7
3,10,193,13,25,42,60,15,0.6482,23,37,60,86,49,169.0,3027,2627,7,6,7.5675,1.394,1,1426,0.1564,0.1216,0.056,0.1013,0.6445,C0,69,9
3,9,177,13,27,47,74,14,0.6398,24,41,55,87,46,188.0,2882,2488,7,6,7.205,1.3533,1,1388,0.1569,0.1174,0.0706,0.1638,0.6797,C0,70,8
3,15,163,14,24,38,67,12,0.5225,23,35,56,86,51,173.0,3154,2755,5,7,7.885,1.3804,1,1403,0.1509,0.124,0.0568,0.1106,0.657,C0,71,6
3,14,154,13,27,39,47,14,0.6351,23,34,47,87,53,156.0,2823,2423,7,6,7.0575,1.3624,1,1330,0.156,0.1437,0.0583,0.1043,0.6678,C0,72,8
3,13,168,13,28,45,59,15,0.679,22,38,54,86,48,169.0,2816,2420,6,7,7.04,1.3562,1,1294,0.1577,0.1618,0.0872,0.1838,0.6831,C0,73,7
3,10,253,12,23,37,44,15,0.7097,22,31,44,85,54,158.0,3176,2776,6,5,7.94,1.3437,1,1517,0.1567,0.1135,0.0559,0.0838,0.6816,C0,74,10
3,13,180,12,22,35,67,14,0.6822,21,30,51,85,55,171.0,2939,2542,6,6,7.3475,1.3639,1,1417,0.1544,0.1074,0.0552,0.0676,0.6625,C0,75,8
3,12,160,14,23,37,72,15,0.647,24,32,51,86,54,183.0,2952,2555,7,6,7.38,1.3843,1,1304,0.1527,0.1335,0.056,0.1001,0.6528,C0,76,8
3,13,252,13,22,34,40,15,0.6794,22,27,40,86,59,158.0,3244,2844,7,5,8.11,1.3256,1,1565,0.1546,0.1061,0.0387,0.0606,0.6895,C0,77,9
3,9,197,12,25,43,51,14,0.6506,23,34,51,86,52,162.0,2862,2464,7,5,7.155,1.3157,1,1359,0.1565,0.1345,0.076,0.149,0.7228,C0,78,8
3,20,164,15,25,42,65,16,0.6425,24,34,65,86,52,181.0,3063,2666,8,6,7.6575,1.3803,1,1399,0.1582,0.1168,0.0477,0.0898,0.6579,C0,79,9
3,11,192,13,25,40,52,14,0.6649,22,36,52,86,50,160.0,2835,2435,6,6,7.0875,1.3298,1,1218,0.1548,0.1442,0.0702,0.1087,0.701,C0,80,8
3,13,178,13,23,38,65,15,0.7156,22,31,52,85,54,175.0,2950,2551,6,5,7.375,1.3285,1,1291,0.1503,0.1159,0.0549,0.1083,0.6966,C0,81,7
3,12,193,12,25,43,46,14,0.6839,21,37,46,84,47,159.0,2828,2428,6,6,7.07,1.3497,1,1348,0.1566,0.1238,0.0607,0.1184,0.6808,C0,82,7
3,12,174,13,22,32,39,15,0.684,22,28,39,86,58,150.0,3044,2644,6,6,7.61,1.337,1,1396,0.1602,0.107,0.0499,0.087,0.691,C0,83,9
3,12,210,12,22,37,52,14,0.6661,22,28,52,86,58,168.0,2989,2590,6,5,7.4725,1.3625,1,1463,0.1521,0.1134,0.0577,0.0852,0.6714,C0,84,8
3,13,210,12,21,37,58,15,0.7595,22,30,58,87,57,170.0,2877,2478,6,5,7.1925,1.2938,1,1403,0.1573,0.1157,0.0615,0.0703,0.7187,C0,85,9
3,12,193,13,24,36,49,16,0.7132,23,31,49,86,55,156.0,2897,2497,7,6,7.2425,1.3757,1,1327,0.1553,0.1174,0.0388,0.059,0.6536,C0,86,9
3,13,197,13,23,41,119,16,0.7704,22,32,60,88,56,230.0,3071,2673,7,6,7.6775,1.3973,1,1445,0.152,0.1313,0.0725,0.1532,0.645,C0,87,11
3,9,175,12,22,38,77,14,0.6698,22,30,48,85,55,191.0,2586,2189,7,5,6.465,1.3157,1,1165,0.157,0.1174,0.0466,0.0586,0.6976,C0,88,8
3,7,190,12,24,37,45,13,0.63,22,34,45,87,53,156.0,2822,2422,6,5,7.055,1.2915,1,1303,0.1561,0.1197,0.0544,0.0816,0.7341,C0,89,6
3,12,193,13,22,47,57,15,0.7057,22,37,57,86,49,162.0,2966,2566,7,6,7.415,1.3355,1,1325,0.1535,0.1225,0.054,0.1334,0.6851,C0,90,10
3,14,181,13,22,36,64,15,0.6733,22,32,64,85,53,173.0,3312,2913,6,6,8.28,1.4027,1,1566,0.1556,0.0925,0.0492,0.0933,0.6426,C0,91,9
3,14,192,13,22,37,52,15,0.6944,22,33,52,87,54,169.0,3128,2728,6,6,7.82,1.3504,1,1488,0.1594,0.1081,0.0464,0.0861,0.6708,C0,92,9
3,9,175,13,23,33,48,14,0.6598,23,29,48,85,56,158.0,3016,2618,6,5,7.54,1.4057,1,1323,0.153,0.1163,0.0513,0.0769,0.6505,C0,93,7
3,9,181,14,23,34,46,15,0.6761,23,31,46,86,55,158.0,3066,2666,7,5,7.665,1.3492,1,1342,0.1571,0.1065,0.0414,0.0769,0.6864,C0,94,9
3,12,198,14,27,35,55,14,0.5871,24,33,55,88,55,160.0,3410,3010,7,5,8.525,1.4621,1,1542,0.1512,0.1342,0.0794,0.128,0.6083,C0,95,9
3,15,220,14,25,33,47,16,0.7162,23,31,47,87,56,158.0,3171,2771,7,6,7.9275,1.3371,1,1446,0.1568,0.1115,0.0428,0.0634,0.6839,C0,96,10
3,13,202,13,22,33,60,15,0.7153,22,29,41,86,57,175.0,3035,2636,7,5,7.5875,1.3111,1,1354,0.1623,0.1102,0.0501,0.0795,0.7079,C0,97,10
3,11,237,13,24,43,63,15,0.6638,22,38,63,87,49,174.0,3266,2866,7,5,8.165,1.381,1,1543,0.1564,0.1151,0.0641,0.1361,0.6493,C0,98,10
3,10,232,12,22,35,45,15,0.7311,21,32,45,86,54,157.0,2960,2561,6,5,7.4,1.3339,1,1367,0.1552,0.1117,0.0442,0.087,0.6833,C0,99,10
3,13,192,14,26,44,57,16,0.659,24,38,57,88,50,165.0,3258,2860,7,6,8.145,1.3836,1,1541,0.1533,0.1305,0.0654,0.1055,0.6521,C0,100,9
3,13,179,13,25,41,55,14,0.6247,23,34,55,88,54,168.0,3139,2739,6,6,7.8475,1.3874,1,1521,0.1573,0.1299,0.069,0.1239,0.6597,C0,101,10
3,13,187,13,26,41,61,14,0.673,22,37,54,86,49,169.0,2789,2390,7,6,6.9725,1.3427,1,1257,0.1566,0.1359,0.0622,0.1356,0.6962,C0,102,8
3,5,186,12,23,40,74,14,0.6665,21,31,50,86,55,188.0,3079,2681,5,6,7.6975,1.3461,1,1442,0.1553,0.1189,0.0658,0.1068,0.6968,C0,103,7
3,11,188,13,24,34,49,15,0.6516,24,31,49,85,54,164.0,2859,2460,6,6,7.1475,1.3793,1,1349,0.1581,0.1208,0.0601,0.1102,0.6626,C0,104,9
3,7,175,14,27,39,53,15,0.6269,23,35,53,86,51,160.0,3128,2728,7,6,7.82,1.4205,1,1473,0.1497,0.1386,0.071,0.1165,0.6217,C0,105,8
3,14,154,13,28,44,59,14,0.6314,22,38,59,86,48,167.0,2992,2592,6,6,7.48,1.3816,1,1374,0.154,0.14,0.0773,0.1831,0.6686,C0,106,8
3,13,178,13,25,41,54,14,0.6498,22,35,54,87,52,168.0,2873,2473,6,5,7.1825,1.319,1,1286,0.158,0.1105,0.0475,0.0666,0.7016,C0,107,8
3,16,147,15,28,46,76,16,0.6388,26,37,62,88,51,187.0,2813,2425,7,7,7.0325,1.4041,1,1278,0.1548,0.1487,0.082,0.1238,0.6363,C0,108,7
3,15,180,14,24,37,44,15,0.6486,23,31,44,85,54,158.0,3330,2930,7,6,8.325,1.4365,1,1529,0.1518,0.1099,0.0559,0.0824,0.6106,C0,109,7
3,9,205,12,22,36,48,14,0.7168,21,29,48,86,57,167.0,2867,2467,6,5,7.1675,1.2663,1,1248,0.1568,0.1123,0.0411,0.0772,0.7491,C0,110,7
3,16,177,13,23,38,53,15,0.6805,23,33,53,84,51,166.0,2939,2539,6,5,7.3475,1.3159,1,1316,0.1519,0.1352,0.062,0.1196,0.7074,C0,111,8
3,9,165,13,25,36,61,14,0.6249,23,33,61,87,54,178.0,3218,2818,6,6,8.045,1.3762,1,1506,0.1535,0.1181,0.069,0.1341,0.6636,C0,112,8
3,16,232,15,25,38,46,15,0.5708,23,32,46,86,54,160.0,3183,2783,7,7,7.9575,1.3633,1,1459,0.158,0.0987,0.0434,0.0671,0.6507,C0,113,7
3,10,167,13,25,37,52,13,0.5956,23,33,52,86,53,168.0,3019,2619,6,5,7.5475,1.3356,1,1322,0.1604,0.1414,0.0712,0.1409,0.7083,C0,114,8
3,13,274,13,21,36,48,15,0.7033,22,30,48,87,57,159.0,3215,2815,6,6,8.0375,1.3339,1,1551,0.1571,0.1119,0.049,0.0603,0.6828,C0,115,10
3,12,149,13,26,39,67,14,0.6307,24,34,54,86,52,167.0,2743,2345,6,6,6.8575,1.371,1,1235,0.1526,0.154,0.0818,0.1559,0.6614,C0,116,7
3,13,216,13,23,39,68,15,0.7032,22,32,68,86,54,174.0,3079,2680,6,6,7.6975,1.4183,1,1451,0.1526,0.1111,0.0587,0.108,0.6243,C0,117,9
3,8,161,12,25,39,51,14,0.6516,22,32,51,85,53,164.0,2882,2483,6,5,7.205,1.3625,1,1351,0.152,0.1257,0.0699,0.1266,0.6778,C0,118,9
3,12,215,13,24,37,62,15,0.7071,22,30,62,85,55,174.0,3049,2650,6,7,7.6225,1.3853,1,1334,0.1546,0.124,0.0529,0.0891,0.6475,C0,119,8
3,10,196,14,24,37,51,14,0.5879,23,33,51,87,54,164.0,3198,2798,6,7,7.995,1.3474,1,1468,0.1577,0.1279,0.0621,0.1021,0.6812,C0,120,9
3,14,185,13,24,41,51,15,0.6733,23,33,51,86,53,164.0,3235,2835,6,6,8.0875,1.3573,1,1571,0.158,0.1127,0.049,0.0709,0.673,C0,121,9
3,13,179,13,22,36,54,14,0.6635,22,31,54,85,54,167.0,2865,2465,6,6,7.1625,1.316,1,1250,0.1583,0.1149,0.0292,0.0502,0.7059,C0,122,8
3,13,203,14,27,47,72,16,0.7002,23,40,62,86,46,181.0,3209,2813,7,6,8.0225,1.4081,1,1431,0.1526,0.122,0.0605,0.1196,0.6317,C0,123,10
3,17,158,13,25,61,67,14,0.6225,23,41,66,87,46,180.0,2948,2552,6,6,7.37,1.3605,1,1384,0.1542,0.1397,0.069,0.1049,0.6654,C0,124,8
3,10,214,13,24,35,47,14,0.6334,23,33,47,86,53,157.0,2976,2576,6,5,7.44,1.3331,1,1350,0.1586,0.1216,0.0577,0.1109,0.6902,C0,125,8
3,14,185,14,26,43,68,14,0.6101,24,36,68,86,50,176.0,2906,2506,7,6,7.265,1.3392,1,1318,0.1542,0.1339,0.0551,0.0842,0.6895,C0,126,6
3,12,178,12,21,36,60,14,0.7122,21,28,60,86,58,160.0,2613,2213,6,5,6.5325,1.286,1,1109,0.1591,0.1079,0.0435,0.087,0.7298,C0,127,9
3,12,176,12,22,33,43,13,0.662,22,32,43,87,55,153.0,2923,2523,6,6,7.3075,1.3191,1,1329,0.1562,0.1144,0.0623,0.1039,0.7119,C0,128,7
3,12,194,12,23,31,51,15,0.7406,21,28,51,87,59,154.0,2860,2460,7,5,7.15,1.3065,1,1370,0.1586,0.1116,0.0441,0.0639,0.711,C0,129,9
3,14,195,13,25,33,66,14,0.6502,23,31,66,87,56,165.0,2976,2579,6,6,7.44,1.3315,1,1366,0.1583,0.1253,0.0613,0.1211,0.6941,C0,130,9
3,7,192,13,24,32,43,14,0.6513,22,29,43,86,57,156.0,2997,2597,6,5,7.4925,1.3219,1,1309,0.1545,0.1225,0.0285,0.048,0.7023,C0,131,8
3,9,182,13,23,38,49,15,0.6602,23,33,49,86,53,163.0,3058,2658,6,6,7.645,1.3649,1,1472,0.1531,0.1287,0.0582,0.0789,0.6659,C0,132,9
3,14,233,14,23,36,46,15,0.6653,23,29,46,85,56,157.0,3221,2821,7,6,8.0525,1.3339,1,1487,0.1571,0.1026,0.0509,0.0839,0.687,C0,133,9
3,8,193,12,21,32,49,14,0.6692,22,29,49,86,57,158.0,3059,2659,6,5,7.6475,1.3622,1,1449,0.1529,0.1155,0.0531,0.0612,0.6638,C0,134,7
3,13,196,13,24,36,51,15,0.6955,22,31,51,85,54,159.0,3189,2789,6,6,7.9725,1.4127,1,1454,0.1514,0.1328,0.0771,0.1164,0.6264,C0,135,9
3,7,185,14,24,38,48,14,0.6072,22,31,48,86,55,162.0,3185,2785,6,6,7.9625,1.4014,1,1402,0.1553,0.0972,0.0632,0.1221,0.6309,C0,136,9
3,14,211,14,27,48,78,15,0.6604,21,41,66,87,46,190.0,3216,2820,6,6,8.04,1.4248,1,1432,0.1539,0.1268,0.0645,0.1262,0.6415,C0,137,9
3,9,188,13,25,42,69,14,0.6509,23,37,50,86,49,168.0,2893,2497,7,6,7.2325,1.342,1,1277,0.1509,0.1517,0.0775,0.1411,0.6876,C0,138,9
3,12,162,13,23,34,44,14,0.6468,23,33,44,86,53,154.0,2902,2502,6,6,7.255,1.3457,1,1297,0.1485,0.1336,0.0759,0.1392,0.6831,C0,139,8
3,10,215,11,21,47,82,13,0.7139,20,32,56,86,54,194.0,2677,2284,6,5,6.6925,1.2763,1,1186,0.1568,0.1394,0.0687,0.0842,0.7421,C0,140,8
3,15,187,15,27,41,53,15,0.6297,25,36,53,86,50,164.0,2811,2412,7,7,7.0275,1.3964,1,1229,0.151,0.1339,0.0794,0.1621,0.6439,C0,141,8
3,11,152,14,25,41,61,15,0.6458,23,38,61,86,48,178.0,2863,2463,7,5,7.1575,1.3731,1,1269,0.1563,0.1287,0.0486,0.0762,0.6695,C0,142,9
3,11,245,12,28,46,57,14,0.6576,22,40,57,86,46,172.0,2906,2508,6,6,7.265,1.3612,1,1394,0.1523,0.1365,0.0743,0.0991,0.6691,C0,143,10
3,13,168,13,27,39,51,15,0.6836,22,34,51,86,52,160.0,3028,2628,7,6,7.57,1.3645,1,1424,0.1535,0.1491,0.0913,0.1895,0.6876,C0,144,9
3,14,194,13,22,36,52,15,0.7094,23,31,52,87,56,164.0,2966,2566,6,7,7.415,1.3792,1,1384,0.1586,0.1095,0.0397,0.0662,0.6571,C0,145,8
3,14,173,14,25,38,60,14,0.6064,23,34,60,88,54,167.0,3079,2680,7,5,7.6975,1.3847,1,1386,0.1516,0.1235,0.057,0.0869,0.6649,C0,146,8
3,9,207,12,23,35,60,13,0.645,21,31,60,85,54,167.0,3101,2701,5,5,7.7525,1.3265,1,1368,0.1539,0.1215,0.0563,0.1202,0.6953,C0,147,8
3,13,194,14,23,36,57,14,0.5966,23,30,43,86,56,172.0,3079,2680,7,6,7.6975,1.3153,1,1374,0.1598,0.114,0.044,0.0624,0.7022,C0,148,8
3,13,180,14,25,37,70,16,0.6768,24,32,61,87,55,179.0,3209,2811,7,6,8.0225,1.4223,1,1480,0.1568,0.1037,0.0439,0.0658,0.6083,C0,149,9
3,9,188,12,24,37,53,14,0.6638,22,33,53,86,53,157.0,2957,2557,6,6,7.3925,1.3528,1,1327,0.1543,0.12,0.0657,0.1104,0.6899,C0,150,8
3,12,177,13,27,53,67,15,0.7015,22,42,67,86,44,182.0,3012,2614,6,5,7.53,1.3979,1,1325,0.1546,0.1354,0.0796,0.131,0.6492,C0,151,9
3,8,161,13,24,36,55,14,0.6492,22,31,55,86,55,164.0,2799,2399,7,5,6.9975,1.3201,1,1230,0.1532,0.1431,0.0633,0.1083,0.6999,C0,152,7
3,10,171,13,26,38,60,14,0.6253,23,36,60,86,50,169.0,3040,2642,7,6,7.6,1.3671,1,1397,0.1533,0.1448,0.0712,0.0988,0.6726,C0,153,9
3,12,164,12,22,39,68,14,0.6904,22,30,50,85,55,181.0,2820,2427,6,6,7.05,1.3185,1,1344,0.1538,0.1168,0.0634,0.0885,0.7046,C0,154,9
3,15,217,13,22,37,47,15,0.7057,22,33,47,88,55,159.0,3011,2611,6,6,7.5275,1.3129,1,1454,0.1619,0.0915,0.0394,0.0747,0.7005,C0,155,8
3,13,205,13,21,33,45,15,0.7199,22,29,45,86,57,161.0,3045,2645,6,6,7.6125,1.3327,1,1378,0.1553,0.0906,0.0342,0.0342,0.6851,C0,156,9
3,13,164,14,22,38,51,16,0.7021,23,32,51,88,56,170.0,3014,2614,7,6,7.535,1.3535,1,1323,0.1552,0.0916,0.0258,0.0409,0.6614,C0,157,10
3,15,205,13,23,36,53,14,0.6554,22,33,53,86,53,166.0,2963,2564,7,6,7.4075,1.3658,1,1373,0.1544,0.1236,0.0661,0.1111,0.6736,C0,158,9
3,12,193,12,21,33,58,14,0.7123,22,27,58,84,57,159.0,2885,2485,6,6,7.2125,1.3147,1,1353,0.1577,0.1049,0.0437,0.0702,0.697,C0,159,8
3,12,182,13,24,36,69,15,0.6816,21,32,54,86,54,170.0,2927,2530,6,6,7.3175,1.3079,1,1332,0.1544,0.117,0.0567,0.125,0.7055,C0,160,10
3,14,183,13,27,40,51,15,0.6946,23,36,51,87,51,164.0,2921,2521,7,6,7.3025,1.3574,1,1368,0.1575,0.1439,0.0631,0.1171,0.6712,C0,161,9
3,13,212,13,24,40,79,15,0.7006,23,32,54,86,54,191.0,2949,2551,6,6,7.3725,1.3857,1,1377,0.1521,0.1243,0.0629,0.103,0.6507,C0,162,9
3,15,178,14,24,40,47,15,0.6693,23,33,47,86,53,158.0,3087,2687,7,6,7.7175,1.3803,1,1357,0.1528,0.1029,0.0378,0.0581,0.6375,C0,163,9
3,11,168,12,21,36,67,14,0.7205,21,31,67,86,55,181.0,2737,2338,6,6,6.8425,1.2981,1,1225,0.1533,0.1032,0.059,0.0909,0.7216,C0,164,7
3,7,188,14,27,41,65,15,0.6268,22,35,65,86,51,184.0,3071,2672,7,6,7.6775,1.3731,1,1380,0.1528,0.1266,0.0835,0.1684,0.6583,C0,165,8
3,11,197,12,25,46,53,14,0.6375,22,37,53,86,49,166.0,2930,2530,6,5,7.325,1.3652,1,1403,0.1541,0.1254,0.0693,0.1284,0.6775,C0,166,9
3,11,182,13,24,34,59,14,0.6139,23,32,59,86,54,165.0,3043,2643,7,6,7.6075,1.4067,1,1413,0.1537,0.1173,0.0574,0.0943,0.6262,C0,167,9
3,15,158,14,27,43,56,14,0.5963,24,35,56,86,51,166.0,2861,2462,6,6,7.1525,1.4537,1,1298,0.1537,0.153,0.0677,0.1415,0.6145,C0,168,7
3,12,235,13,24,39,49,15,0.6832,22,33,49,85,52,155.0,3116,2716,7,5,7.79,1.3439,1,1452,0.1568,0.1176,0.0646,0.1397,0.6852,C0,169,8
3,13,184,13,23,46,60,16,0.7167,23,42,57,86,44,171.0,2912,2513,6,6,7.28,1.3975,1,1398,0.1595,0.1091,0.0448,0.0685,0.6454,C0,170,12
3,15,178,14,25,39,76,14,0.5932,23,36,53,86,50,175.0,2987,2588,7,6,7.4675,1.3458,1,1340,0.1521,0.1248,0.0566,0.0894,0.6843,C0,171,9
3,14,189,13,24,36,54,14,0.6652,22,34,54,86,52,162.0,3127,2727,5,6,7.8175,1.3319,1,1369,0.1524,0.1144,0.0643,0.1071,0.6912,C0,172,8
3,10,190,12,24,38,42,14,0.6942,21,31,42,85,54,153.0,2953,2553,6,5,7.3825,1.338,1,1351,0.1622,0.1202,0.0641,0.1103,0.6929,C0,173,8
3,12,217,13,24,35,42,14,0.6526,23,29,42,86,57,155.0,3149,2749,6,6,7.8725,1.343,1,1377,0.1568,0.1139,0.0565,0.0986,0.6821,C0,174,9
3,10,161,13,25,44,51,13,0.6203,22,40,51,85,45,165.0,2844,2444,6,6,7.11,1.3273,1,1231,0.1537,0.1228,0.0709,0.1208,0.7017,C0,175,9
3,9,163,14,26,58,83,14,0.6122,24,41,62,86,45,193.0,2744,2347,7,6,6.86,1.4448,1,1202,0.1496,0.1475,0.084,0.1438,0.6468,C0,176,7
3,16,177,14,26,41,59,15,0.67,22,34,59,86,52,165.0,3061,2661,7,6,7.6525,1.4205,1,1331,0.1555,0.127,0.0687,0.1239,0.6313,C0,177,9
3,12,164,13,23,34,46,16,0.7352,23,30,46,86,56,155.0,2942,2542,6,6,7.355,1.3426,1,1369,0.1524,0.1214,0.0448,0.0572,0.6884,C0,178,9
3,15,202,13,23,33,61,14,0.6436,23,30,61,86,56,174.0,2974,2576,6,6,7.435,1.3552,1,1365,0.1552,0.1176,0.059,0.1194,0.6724,C0,179,8
3,13,180,12,22,38,69,14,0.6875,21,29,59,85,56,174.0,2838,2444,6,5,7.095,1.3081,1,1332,0.1555,0.1278,0.0639,0.1114,0.7136,C0,180,9
3,11,187,12,24,38,63,15,0.7032,21,33,55,87,54,170.0,3005,2608,7,5,7.5125,1.3447,1,1432,0.1541,0.1347,0.0699,0.1369,0.699,C0,181,8
3,10,199,13,25,42,49,15,0.7018,23,34,49,86,52,165.0,2820,2420,7,6,7.05,1.326,1,1259,0.153,0.1458,0.0675,0.135,0.6959,C0,182,10
3,13,219,13,23,36,48,15,0.7246,22,32,48,86,54,160.0,3032,2632,7,6,7.58,1.3868,1,1378,0.153,0.1121,0.0566,0.0972,0.6451,C0,183,9
3,11,209,12,24,38,79,14,0.6669,22,32,56,86,54,184.0,2948,2553,6,5,7.37,1.3596,1,1392,0.1551,0.1273,0.0678,0.0944,0.6808,C0,184,7
3,9,189,13,24,39,51,14,0.6305,22,34,51,85,51,162.0,2988,2589,6,6,7.47,1.3611,1,1421,0.157,0.1231,0.0664,0.1077,0.6674,C0,185,7
3,13,180,13,22,39,52,14,0.6803,23,32,52,84,52,165.0,2706,2306,6,6,6.765,1.3625,1,1172,0.1514,0.1421,0.064,0.1077,0.673,C0,186,7
3,12,211,13,25,43,56,15,0.6949,22,36,56,87,51,166.0,2917,2517,7,6,7.2925,1.3496,1,1307,0.1494,0.1332,0.0879,0.1334,0.6881,C0,187,9
3,13,181,13,24,45,63,15,0.7202,22,37,51,85,48,176.0,2841,2443,7,5,7.1025,1.3451,1,1223,0.153,0.1291,0.0502,0.0681,0.6893,C0,188,8
3,11,196,12,23,43,87,14,0.6691,22,35,57,87,52,187.0,2895,2498,6,6,7.2375,1.2914,1,1310,0.1556,0.1273,0.0699,0.1101,0.7294,C0,189,7
3,13,201,14,26,44,57,15,0.6431,23,38,57,87,49,167.0,2995,2595,7,7,7.4875,1.4112,1,1309,0.1548,0.1341,0.0671,0.1201,0.6293,C0,190,9
3,10,185,12,22,36,50,14,0.6834,23,34,50,87,53,157.0,2900,2500,6,6,7.25,1.3364,1,1337,0.1541,0.1412,0.0621,0.1003,0.6896,C0,191,8
3,11,172,13,24,38,75,13,0.6079,22,31,63,86,55,188.0,2976,2582,6,6,7.44,1.3277,1,1292,0.159,0.1212,0.059,0.0877,0.6983,C0,192,8
3,15,200,15,26,49,59,16,0.6489,24,38,59,88,50,173.0,3361,2961,8,6,8.4025,1.4873,1,1569,0.1533,0.1183,0.0628,0.1193,0.6052,C0,193,11
3,10,226,12,21,30,45,15,0.72,22,27,45,85,58,158.0,2975,2575,6,5,7.4375,1.3068,1,1374,0.1586,0.1072,0.0513,0.0674,0.7173,C0,194,9
3,15,187,14,23,34,55,15,0.6681,23,30,55,86,56,164.0,3227,2830,6,5,8.0675,1.3982,1,1430,0.1513,0.1173,0.0571,0.1007,0.6406,C0,195,9
3,13,193,13,22,37,48,15,0.6998,22,32,48,86,54,165.0,2858,2458,7,5,7.145,1.3072,1,1284,0.1569,0.1163,0.041,0.0741,0.7152,C0,196,9
3,10,178,13,24,41,64,14,0.659,22,32,64,84,52,162.0,2780,2381,7,5,6.95,1.362,1,1207,0.1491,0.1351,0.0692,0.1236,0.6707,C0,197,9
3,11,166,14,25,38,74,14,0.6107,23,33,49,86,53,180.0,3098,2701,6,6,7.745,1.3943,1,1362,0.1527,0.1364,0.0634,0.0929,0.6486,C0,198,8
3,12,168,12,23,43,50,13,0.6472,21,34,50,85,51,165.0,2900,2500,6,5,7.25,1.314,1,1277,0.1576,0.1157,0.0645,0.1305,0.7052,C0,199,6
3,19,394,19,26,33,44,22,0.7415,27,30,44,90,60,153.0,5261,4861,7,6,13.1525,1.5647,1,2664,0.1619,0.0395,0.0204,0.0386,0.4972,C1 alpha=0,0,14
3,20,323,19,27,33,41,22,0.6983,28,31,41,90,59,152.0,5221,4821,8,6,13.0525,1.5735,1,2705,0.1586,0.0438,0.0313,0.0618,0.4922,C1 alpha=0,1,13
3,20,365,19,27,34,47,22,0.7382,28,31,47,90,59,157.0,5104,4704,8,6,12.76,1.5223,1,2446,0.157,0.0437,0.018,0.0266,0.5111,C1 alpha=0,2,14
3,20,352,19,25,32,50,22,0.7714,27,30,50,89,59,169.0,5021,4621,9,6,12.5525,1.5205,1,2415,0.1598,0.0417,0.0255,0.0395,0.5246,C1 alpha=0,3,13
3,20,286,19,28,39,59,21,0.6769,28,35,59,90,55,171.0,5085,4686,8,6,12.7125,1.5958,1,2449,0.1551,0.0666,0.0469,0.0829,0.4748,C1 alpha=0,4,13
3,18,320,18,26,33,52,21,0.7204,28,30,52,90,60,153.0,5100,4701,7,6,12.75,1.538,1,2620,0.1608,0.046,0.0214,0.0374,0.5171,C1 alpha=0,5,11
3,18,292,18,28,34,66,21,0.6808,28,32,45,88,56,168.0,5113,4714,7,6,12.7825,1.5783,1,2642,0.1594,0.0668,0.0426,0.0866,0.4985,C1 alpha=0,6,12
3,21,265,19,29,35,48,21,0.6605,29,33,48,90,57,153.0,4984,4585,8,6,12.46,1.537,1,2431,0.1549,0.0667,0.0399,0.0656,0.5145,C1 alpha=0,7,14
3,19,440,19,26,35,45,22,0.754,27,33,45,88,55,156.0,5052,4652,8,6,12.63,1.5294,1,2578,0.1626,0.0544,0.0317,0.0602,0.5234,C1 alpha=0,8,14
3,21,372,20,27,33,67,23,0.7745,28,32,45,89,57,177.0,5021,4623,9,5,12.5525,1.538,1,2318,0.1607,0.0462,0.0175,0.0316,0.5094,C1 alpha=0,9,6
3,21,342,19,27,32,40,23,0.7668,28,30,40,90,60,155.0,5095,4695,9,6,12.7375,1.6119,2,2613,0.1582,0.0435,0.0275,0.0405,0.4599,C1 alpha=0,10,10
3,23,372,20,27,34,47,23,0.7603,28,31,47,91,60,155.0,5306,4907,8,6,13.265,1.5515,1,2603,0.1618,0.0332,0.0217,0.0441,0.5091,C1 alpha=0,11,13
3,19,344,19,29,37,45,22,0.6924,28,35,45,91,56,155.0,5127,4727,8,6,12.8175,1.5974,1,2687,0.1599,0.057,0.0406,0.0855,0.4758,C1 alpha=0,12,15
3,20,358,19,26,31,36,22,0.758,27,30,36,90,60,151.0,5086,4686,8,5,12.715,1.6061,1,2425,0.1602,0.0389,0.0213,0.032,0.465,C1 alpha=0,13,15
3,21,372,19,26,31,46,21,0.7135,27,30,46,88,58,153.0,5240,4840,7,6,13.1,1.5362,1,2521,0.161,0.0377,0.0301,0.0455,0.501,C1 alpha=0,14,11
3,20,332,18,27,32,37,21,0.6974,27,31,37,90,59,154.0,5162,4762,7,6,12.905,1.5687,1,2667,0.1592,0.0524,0.0395,0.0641,0.4914,C1 alpha=0,15,9
3,23,397,20,27,32,37,23,0.7449,29,31,37,90,59,155.0,5202,4802,8,6,13.005,1.5735,1,2646,0.1633,0.0382,0.0178,0.0238,0.4896,C1 alpha=0,16,13
3,20,353,18,25,32,42,21,0.7132,27,29,42,91,62,158.0,5196,4796,7,6,12.99,1.5338,1,2634,0.1593,0.0416,0.0247,0.0379,0.5029,C1 alpha=0,17,15
3,20,336,19,27,32,46,22,0.7006,28,31,46,91,60,151.0,5224,4824,8,6,13.06,1.5817,1,2717,0.1599,0.0447,0.0308,0.0463,0.4816,C1 alpha=0,18,14
3,20,380,18,25,32,38,21,0.7379,27,30,38,90,60,154.0,5070,4670,7,5,12.675,1.5546,1,2512,0.1575,0.0418,0.0296,0.0485,0.5054,C1 alpha=0,19,9
3,22,333,19,27,33,45,22,0.7468,28,31,45,90,59,155.0,5087,4687,8,6,12.7175,1.5769,1,2479,0.1552,0.0443,0.0309,0.0491,0.4907,C1 alpha=0,20,11
3,18,320,20,28,36,39,22,0.6886,28,33,39,90,57,156.0,5157,4757,8,6,12.8925,1.5451,1,2439,0.1557,0.047,0.0313,0.0389,0.5085,C1 alpha=0,21,13
3,21,367,19,25,33,36,21,0.7247,27,30,36,89,59,154.0,5246,4846,8,6,13.115,1.5885,2,2439,0.1622,0.0395,0.0199,0.0342,0.467,C1 alpha=0,22,13
3,20,375,19,26,31,37,22,0.7727,28,30,37,90,60,148.0,5054,4655,8,6,12.635,1.571,1,2429,0.1564,0.0368,0.0227,0.0311,0.5068,C1 alpha=0,23,14
3,20,350,19,27,34,53,22,0.7172,28,31,53,90,59,152.0,5149,4750,7,6,12.8725,1.5785,1,2574,0.1623,0.0477,0.0298,0.0424,0.5025,C1 alpha=0,24,11
3,18,286,19,28,33,46,21,0.6836,29,32,46,89,57,158.0,4877,4477,7,7,12.1925,1.5039,1,2241,0.1538,0.0528,0.0289,0.0407,0.5499,C1 alpha=0,25,8
3,18,329,19,27,33,40,22,0.7339,28,30,40,90,60,154.0,5009,4609,8,5,12.5225,1.5478,1,2419,0.1611,0.0508,0.0225,0.0399,0.5105,C1 alpha=0,26,15
3,20,323,20,30,39,45,22,0.6551,29,36,45,90,54,156.0,5031,4632,9,5,12.5775,1.598,1,2503,0.1602,0.0664,0.0469,0.0899,0.4866,C1 alpha=0,27,15
3,22,370,20,28,35,52,22,0.7063,28,33,52,91,58,167.0,5175,4776,7,6,12.9375,1.5823,1,2455,0.1632,0.0396,0.0294,0.0605,0.4992,C1 alpha=0,28,15
3,18,342,19,27,33,40,22,0.7203,28,31,40,89,58,150.0,5106,4706,8,6,12.765,1.5801,1,2565,0.1607,0.0559,0.0359,0.0503,0.4768,C1 alpha=0,29,13
3,21,344,20,27,35,47,23,0.7282,29,32,47,90,58,152.0,5280,4881,8,7,13.2,1.621,1,2645,0.1613,0.0356,0.0301,0.0451,0.4765,C1 alpha=0,30,8
3,18,293,18,26,33,55,20,0.6868,26,31,55,89,58,163.0,5169,4770,6,6,12.9225,1.5145,1,2475,0.1563,0.0464,0.0317,0.0585,0.5277,C1 alpha=0,31,13
3,20,308,19,27,32,57,22,0.7221,28,30,42,90,60,161.0,5030,4631,8,6,12.575,1.5755,1,2482,0.1571,0.0417,0.0253,0.0419,0.5079,C1 alpha=0,32,12
3,24,309,19,27,33,46,22,0.7074,28,31,46,90,59,163.0,5062,4662,8,5,12.655,1.5804,1,2480,0.1598,0.0499,0.0239,0.0335,0.4835,C1 alpha=0,33,14
3,20,305,20,28,33,41,22,0.669,29,31,41,89,58,154.0,5202,4802,8,6,13.005,1.6237,2,2529,0.1624,0.0393,0.0237,0.0443,0.46,C1 alpha=0,34,13
3,19,294,19,27,36,41,21,0.6621,28,33,41,91,58,157.0,5108,4708,8,6,12.77,1.5743,1,2510,0.1593,0.0599,0.0282,0.0315,0.49,C1 alpha=0,35,15
3,23,328,20,27,33,41,23,0.7459,28,31,41,90,59,151.0,5175,4775,7,6,12.9375,1.5803,1,2489,0.1583,0.0326,0.0208,0.0288,0.4815,C1 alpha=0,36,8
3,21,361,20,27,32,36,23,0.7593,29,31,36,90,59,155.0,5194,4794,9,6,12.985,1.5935,1,2481,0.158,0.0389,0.0257,0.0523,0.4835,C1 alpha=0,37,14
3,20,355,19,27,35,54,21,0.6746,27,32,54,90,58,162.0,5144,4744,8,6,12.86,1.5552,1,2536,0.1587,0.0517,0.0327,0.0431,0.5143,C1 alpha=0,38,11
3,22,357,19,26,33,66,22,0.7377,27,31,43,90,59,174.0,5227,4828,8,6,13.0675,1.5557,1,2589,0.1572,0.031,0.0256,0.0377,0.5037,C1 alpha=0,39,14
3,21,396,18,25,33,40,21,0.7612,26,30,40,89,59,152.0,5168,4768,7,5,12.92,1.5126,1,2538,0.1601,0.0476,0.0237,0.0313,0.5359,C1 alpha=0,40,15
3,21,412,19,26,32,57,22,0.7692,27,30,47,90,60,170.0,5182,4784,8,6,12.955,1.5186,1,2410,0.1549,0.0412,0.0275,0.0342,0.5178,C1 alpha=0,41,14
3,17,298,18,28,33,43,20,0.6217,28,31,43,90,59,155.0,5189,4789,7,6,12.9725,1.5333,1,2555,0.1584,0.0476,0.0291,0.0551,0.5281,C1 alpha=0,42,12
3,20,338,19,26,33,37,22,0.724,28,30,37,90,60,151.0,5019,4619,8,7,12.5475,1.5412,1,2526,0.1596,0.0467,0.0216,0.0353,0.514,C1 alpha=0,43,8
3,21,325,20,27,34,43,22,0.6826,29,32,43,90,58,154.0,5072,4672,8,6,12.68,1.5407,1,2421,0.1599,0.045,0.0214,0.0411,0.5338,C1 alpha=0,44,12
3,19,361,19,27,33,45,23,0.7714,28,30,45,89,59,154.0,5170,4770,8,6,12.925,1.5755,1,2698,0.1604,0.0435,0.0316,0.0594,0.5002,C1 alpha=0,45,8
3,21,367,19,27,33,45,22,0.744,27,31,45,89,58,157.0,5204,4804,8,7,13.01,1.56,1,2634,0.1602,0.0431,0.0297,0.0479,0.5023,C1 alpha=0,46,16
3,20,289,20,28,35,78,23,0.7048,29,32,39,90,58,180.0,5231,4833,9,7,13.0775,1.605,1,2675,0.1641,0.0403,0.0289,0.0495,0.4718,C1 alpha=0,47,12
3,17,332,18,25,32,50,21,0.7193,27,30,50,90,60,157.0,5151,4751,8,5,12.8775,1.5536,1,2534,0.1581,0.0399,0.0287,0.0443,0.5094,C1 alpha=0,48,13
3,16,323,19,27,33,37,22,0.6986,28,31,37,90,59,151.0,5153,4753,9,5,12.8825,1.5815,1,2541,0.1575,0.0403,0.0253,0.0498,0.4871,C1 alpha=0,49,14
3,20,361,19,26,32,59,21,0.697,27,29,59,90,61,175.0,5274,4874,7,6,13.185,1.556,1,2555,0.1563,0.0332,0.0219,0.0337,0.5,C1 alpha=0,50,10
3,18,412,19,26,33,65,22,0.7748,27,31,65,90,59,172.0,5049,4650,8,5,12.6225,1.5039,1,2492,0.1618,0.0435,0.0206,0.0282,0.5372,C1 alpha=0,51,8
3,17,318,18,26,33,49,21,0.7236,28,30,38,90,60,153.0,5084,4685,7,6,12.71,1.5582,1,2505,0.1552,0.0502,0.0356,0.0601,0.5046,C1 alpha=0,52,11
3,20,337,19,26,30,37,22,0.7632,28,29,35,90,61,154.0,5165,4766,7,6,12.9125,1.5623,1,2540,0.1603,0.0369,0.0165,0.0274,0.4956,C1 alpha=0,53,12
3,20,299,19,28,32,46,22,0.7242,29,31,46,90,59,156.0,5004,4604,7,5,12.51,1.5565,1,2472,0.159,0.0476,0.0204,0.0367,0.4859,C1 alpha=0,54,13
3,23,328,20,28,33,39,22,0.6541,30,32,39,89,57,153.0,5073,4673,9,6,12.6825,1.6279,2,2460,0.1575,0.0453,0.0289,0.0514,0.4663,C1 alpha=0,55,10
3,19,385,19,26,32,36,21,0.7179,27,29,36,89,60,151.0,5225,4826,7,6,13.0625,1.5336,1,2466,0.162,0.0424,0.0234,0.0419,0.535,C1 alpha=0,56,14
3,21,420,19,26,33,55,22,0.7677,28,30,48,90,60,163.0,5105,4706,8,6,12.7625,1.5912,1,2537,0.1578,0.0418,0.0257,0.0444,0.4845,C1 alpha=0,57,13
3,18,380,19,27,33,47,21,0.6839,27,31,47,90,59,154.0,5223,4824,9,5,13.0575,1.5825,1,2564,0.1584,0.0493,0.0464,0.0611,0.4961,C1 alpha=0,58,15
3,18,368,19,26,32,41,22,0.7325,28,31,41,90,59,151.0,5099,4699,8,7,12.7475,1.5825,1,2575,0.1617,0.0492,0.0255,0.0301,0.4873,C1 alpha=0,59,14
3,21,371,20,27,33,47,22,0.734,28,32,47,90,58,154.0,5181,4781,8,6,12.9525,1.553,1,2418,0.1585,0.0403,0.0285,0.0342,0.5005,C1 alpha=0,60,16
3,21,375,20,27,31,54,23,0.7934,28,30,54,90,60,172.0,5306,4907,9,6,13.265,1.5629,1,2488,0.1563,0.033,0.0214,0.0269,0.4962,C1 alpha=0,61,13
3,20,270,20,28,33,42,22,0.6775,29,31,42,88,57,152.0,5172,4772,8,7,12.93,1.5868,1,2446,0.1564,0.0377,0.0291,0.0388,0.499,C1 alpha=0,62,13
3,21,314,19,27,36,49,21,0.667,28,33,49,90,57,156.0,5009,4609,7,6,12.5225,1.5472,1,2386,0.1582,0.0526,0.0447,0.0789,0.5144,C1 alpha=0,63,7
3,21,355,18,26,32,93,21,0.7432,27,30,56,89,59,205.0,5023,4625,8,6,12.5575,1.5226,1,2532,0.1576,0.0419,0.0224,0.0347,0.5239,C1 alpha=0,64,5
3,20,326,18,26,33,48,21,0.7651,26,31,48,90,59,159.0,5053,4653,7,5,12.6325,1.547,1,2408,0.1529,0.0585,0.0337,0.0509,0.5109,C1 alpha=0,65,12
3,20,384,19,26,31,41,22,0.719,28,30,41,91,61,154.0,5196,4796,9,6,12.99,1.5659,1,2606,0.157,0.0369,0.0243,0.0418,0.4998,C1 alpha=0,66,15
3,17,331,19,26,33,44,21,0.7065,28,31,44,89,58,160.0,4992,4592,8,6,12.48,1.5348,1,2303,0.1586,0.0477,0.0272,0.0307,0.527,C1 alpha=0,67,11
3,21,341,19,26,33,45,22,0.751,28,31,45,90,59,156.0,5085,4685,9,5,12.7125,1.5494,1,2379,0.158,0.0481,0.0318,0.0473,0.5159,C1 alpha=0,68,15
3,22,333,20,29,35,68,22,0.6887,28,33,51,90,57,181.0,5217,4818,9,6,13.0425,1.605,1,2530,0.1598,0.047,0.0307,0.0468,0.4637,C1 alpha=0,69,13
3,23,303,19,27,34,45,21,0.6629,28,32,45,90,58,155.0,5132,4732,8,6,12.83,1.5279,1,2495,0.163,0.0417,0.0167,0.0207,0.5089,C1 alpha=0,70,14
3,18,328,19,26,34,51,22,0.7716,27,31,51,90,59,153.0,5144,4745,8,5,12.86,1.5545,1,2414,0.1576,0.0494,0.0326,0.0594,0.5005,C1 alpha=0,71,14
3,18,323,19,27,36,43,22,0.7031,28,32,43,90,58,157.0,5174,4774,8,6,12.935,1.5771,1,2618,0.1582,0.0455,0.0329,0.0581,0.501,C1 alpha=0,72,5
3,21,371,18,25,32,47,22,0.7635,27,30,47,89,59,154.0,5125,4725,8,6,12.8125,1.5644,1,2677,0.1601,0.0426,0.031,0.0506,0.5018,C1 alpha=0,73,14
3,20,342,20,26,34,39,23,0.7702,28,31,39,91,60,153.0,5191,4791,8,6,12.9775,1.5481,1,2481,0.1608,0.0418,0.0204,0.0253,0.5147,C1 alpha=0,74,13
3,22,341,19,26,33,55,21,0.6963,27,30,55,90,60,168.0,5189,4791,7,6,12.9725,1.5759,1,2442,0.1579,0.0345,0.0309,0.0326,0.4828,C1 alpha=0,75,13
3,19,339,18,25,31,39,21,0.7261,27,29,39,89,60,152.0,5177,4777,7,6,12.9425,1.5328,1,2671,0.1608,0.0399,0.0202,0.0277,0.5127,C1 alpha=0,76,15
3,23,325,18,26,32,47,20,0.6342,27,30,43,90,60,156.0,5000,4602,7,7,12.5,1.5172,1,2590,0.1636,0.0626,0.0314,0.0467,0.5233,C1 alpha=0,77,7
3,20,403,20,27,33,36,22,0.7105,28,30,36,89,59,152.0,5410,5010,8,6,13.525,1.5523,1,2567,0.161,0.0333,0.0288,0.0389,0.5104,C1 alpha=0,78,16
3,20,358,20,27,32,41,22,0.7066,28,31,41,90,59,152.0,5239,4839,7,6,13.0975,1.5753,1,2465,0.1589,0.0315,0.0156,0.0197,0.4929,C1 alpha=0,79,11
3,20,353,19,27,33,38,22,0.719,28,31,38,91,60,156.0,5049,4649,9,5,12.6225,1.5489,1,2627,0.1614,0.0493,0.031,0.055,0.5212,C1 alpha=0,80,15
3,20,369,19,26,34,46,22,0.7538,28,32,46,91,59,155.0,5060,4660,8,5,12.65,1.5753,1,2476,0.1611,0.0515,0.0359,0.0622,0.5,C1 alpha=0,81,8
3,20,370,19,26,30,36,22,0.7756,27,29,36,88,59,151.0,5249,4849,8,6,13.1225,1.5397,1,2505,0.1581,0.0318,0.0181,0.022,0.5032,C1 alpha=0,82,15
3,24,297,20,28,34,69,22,0.6402,29,33,58,89,56,188.0,5169,4772,9,5,12.9225,1.5836,1,2582,0.1632,0.0468,0.0269,0.0501,0.4946,C1 alpha=0,83,14
3,21,316,20,28,34,44,22,0.667,29,32,44,91,59,159.0,5138,4738,8,7,12.845,1.5969,1,2468,0.1521,0.0393,0.0276,0.0463,0.4981,C1 alpha=0,84,7
3,19,341,19,26,32,41,22,0.7531,27,30,41,90,60,155.0,5140,4740,8,6,12.85,1.5513,1,2494,0.1575,0.0402,0.0209,0.0346,0.5118,C1 alpha=0,85,15
3,20,337,19,26,34,42,21,0.7201,27,32,42,91,59,151.0,5192,4792,7,6,12.98,1.5321,1,2411,0.1596,0.0462,0.0211,0.0308,0.5182,C1 alpha=0,86,13
3,23,351,20,27,32,57,23,0.7422,29,31,57,90,59,154.0,5024,4624,10,5,12.56,1.5138,1,2491,0.1593,0.0441,0.0312,0.0375,0.5324,C1 alpha=0,87,15
3,20,346,19,26,32,43,21,0.7061,27,30,43,89,59,153.0,5169,4769,7,6,12.9225,1.5412,1,2407,0.1573,0.041,0.0265,0.0431,0.5039,C1 alpha=0,88,14
3,19,363,19,27,34,59,21,0.7178,27,32,38,89,57,163.0,5078,4679,8,5,12.695,1.5074,1,2389,0.16,0.0484,0.0321,0.0642,0.5326,C1 alpha=0,89,15
3,19,389,20,27,32,44,23,0.7779,28,30,44,89,59,155.0,5259,4859,8,6,13.1475,1.5623,1,2456,0.1569,0.0378,0.0191,0.0278,0.5015,C1 alpha=0,90,10
3,20,362,19,27,34,39,22,0.7196,28,32,39,91,59,151.0,5114,4714,8,6,12.785,1.5588,1,2656,0.1594,0.0483,0.0307,0.0532,0.5106,C1 alpha=0,91,16
3,19,304,20,28,32,46,22,0.6556,29,31,46,89,58,156.0,5151,4751,9,6,12.8775,1.5388,1,2474,0.1538,0.037,0.0256,0.0329,0.5277,C1 alpha=0,92,7
3,19,298,19,28,32,39,22,0.711,28,31,39,89,58,151.0,5153,4753,8,6,12.8825,1.5447,1,2625,0.1602,0.0481,0.0351,0.0569,0.5165,C1 alpha=0,93,15
3,19,355,18,26,31,41,21,0.7065,27,29,41,90,61,151.0,5207,4807,7,6,13.0175,1.5265,1,2658,0.1607,0.0442,0.0248,0.0278,0.5178,C1 alpha=0,94,14
3,19,333,19,26,33,65,22,0.7672,28,31,38,90,59,167.0,5138,4740,8,6,12.845,1.5352,1,2417,0.1613,0.0412,0.0234,0.0325,0.5238,C1 alpha=0,95,15
3,20,350,20,27,32,42,23,0.7643,28,30,42,89,59,153.0,5240,4840,8,6,13.1,1.587,1,2443,0.1574,0.0286,0.0175,0.0302,0.4748,C1 alpha=0,96,11
3,19,289,19,27,32,50,22,0.6842,29,31,50,90,59,161.0,5159,4759,8,6,12.8975,1.5785,1,2578,0.1578,0.0479,0.0275,0.0441,0.4928,C1 alpha=0,97,11
3,23,386,20,26,32,38,23,0.7672,28,30,38,90,60,153.0,5164,4764,9,6,12.91,1.6106,1,2483,0.1554,0.0367,0.0278,0.0444,0.4744,C1 alpha=0,98,14
3,21,323,18,25,33,85,21,0.7494,26,30,41,88,58,185.0,5144,4745,7,5,12.86,1.5342,1,2490,0.1618,0.0406,0.026,0.0627,0.5159,C1 alpha=0,99,13
3,19,336,19,27,33,46,22,0.7097,28,31,46,90,59,156.0,5112,4712,8,6,12.78,1.5337,1,2686,0.158,0.0454,0.0319,0.0524,0.5221,C1 alpha=0,100,9
3,20,377,20,27,34,38,23,0.7692,28,32,38,90,58,151.0,5342,4942,8,5,13.355,1.6291,1,2618,0.1593,0.037,0.0151,0.027,0.4618,C1 alpha=0,101,16
3,16,305,19,27,33,50,21,0.6739,28,31,50,90,59,165.0,5148,4748,7,5,12.87,1.5826,1,2483,0.1629,0.0411,0.0174,0.0269,0.4842,C1 alpha=0,102,14
3,19,371,19,26,31,45,22,0.738,28,30,45,90,60,157.0,5180,4780,7,6,12.95,1.563,1,2628,0.1599,0.0406,0.0234,0.0355,0.495,C1 alpha=0,103,14
3,22,325,19,26,33,49,22,0.7667,27,31,49,89,58,156.0,5143,4743,7,6,12.8575,1.5604,1,2426,0.155,0.0436,0.0308,0.0408,0.5041,C1 alpha=0,104,10
3,21,330,19,27,37,49,21,0.6805,28,33,49,89,56,156.0,5167,4768,8,5,12.9175,1.5489,1,2527,0.1582,0.0548,0.0361,0.0636,0.5088,C1 alpha=0,105,14
3,20,325,19,27,32,41,21,0.691,28,31,41,90,59,152.0,5292,4892,7,6,13.23,1.5824,1,2520,0.1577,0.0419,0.0284,0.0495,0.4855,C1 alpha=0,106,14
3,21,309,19,27,34,47,21,0.693,28,31,47,89,58,161.0,5017,4617,7,7,12.5425,1.5486,1,2385,0.1563,0.0524,0.0421,0.0696,0.5155,C1 alpha=0,107,13
3,19,374,19,26,31,44,22,0.7679,27,29,44,91,62,156.0,5079,4679,8,5,12.6975,1.5236,1,2469,0.16,0.0359,0.0166,0.0257,0.5238,C1 alpha=0,108,5
3,20,383,19,26,31,41,22,0.7469,27,30,41,90,60,151.0,5164,4764,8,6,12.91,1.543,1,2601,0.1633,0.037,0.0219,0.0337,0.5113,C1 alpha=0,109,11
3,21,370,20,27,32,44,22,0.7023,28,31,44,90,59,152.0,5278,4878,8,6,13.195,1.5496,1,2542,0.1628,0.0391,0.0242,0.0366,0.5012,C1 alpha=0,110,16
3,21,349,20,26,31,51,23,0.7917,28,30,51,91,61,159.0,5181,4781,8,6,12.9525,1.5817,1,2403,0.1586,0.0313,0.0217,0.0234,0.4832,C1 alpha=0,111,13
3,17,312,19,28,33,40,21,0.6759,28,32,40,89,57,157.0,5026,4626,8,6,12.565,1.5545,1,2411,0.1607,0.0571,0.0467,0.0718,0.5104,C1 alpha=0,112,14
3,19,288,19,27,31,39,22,0.707,29,30,39,90,60,150.0,5116,4716,8,6,12.79,1.6181,2,2605,0.1597,0.043,0.0389,0.0467,0.4663,C1 alpha=0,113,11
3,18,323,20,28,35,51,22,0.6956,28,33,51,90,57,163.0,5214,4814,8,6,13.035,1.5642,1,2469,0.1625,0.0484,0.0252,0.0487,0.4983,C1 alpha=0,114,15
3,18,319,18,26,33,37,21,0.6893,27,31,37,89,58,152.0,5062,4662,8,6,12.655,1.556,1,2619,0.1609,0.0534,0.0369,0.0597,0.503,C1 alpha=0,115,14
3,18,335,19,26,33,41,22,0.7691,27,30,41,89,59,154.0,5185,4785,8,6,12.9625,1.5572,1,2423,0.1594,0.0365,0.0178,0.0254,0.498,C1 alpha=0,116,15
3,17,336,19,26,32,50,22,0.7409,27,30,50,89,59,154.0,5129,4729,7,6,12.8225,1.5574,1,2381,0.1583,0.0382,0.0211,0.0295,0.5037,C1 alpha=0,117,12
3,20,338,19,27,34,48,21,0.7069,27,33,48,90,57,162.0,5057,4657,9,6,12.6425,1.5383,1,2432,0.1625,0.052,0.022,0.0342,0.5203,C1 alpha=0,118,14
3,21,395,19,26,32,41,22,0.7421,29,30,41,90,60,151.0,4963,4564,8,5,12.4075,1.5475,1,2402,0.1587,0.047,0.0275,0.0366,0.5088,C1 alpha=0,119,14
3,20,292,20,28,33,42,23,0.7123,29,32,42,89,57,157.0,5127,4727,8,7,12.8175,1.5966,1,2573,0.1579,0.0476,0.0292,0.039,0.4809,C1 alpha=0,120,7
3,20,312,19,27,35,40,22,0.713,28,33,40,90,57,156.0,5146,4746,8,6,12.865,1.6026,1,2628,0.1578,0.0474,0.0379,0.0727,0.4928,C1 alpha=0,121,14
3,21,433,20,26,33,44,23,0.8096,27,31,44,89,58,152.0,5174,4774,9,6,12.935,1.5827,1,2500,0.1654,0.0343,0.0147,0.0196,0.4835,C1 alpha=0,122,14
3,18,310,19,28,33,40,22,0.7025,28,32,40,91,59,154.0,5083,4683,9,5,12.7075,1.5548,1,2492,0.1598,0.0546,0.0292,0.0544,0.5027,C1 alpha=0,123,14
3,19,308,19,27,33,39,22,0.7369,28,32,39,89,57,151.0,4994,4594,8,6,12.485,1.5368,1,2447,0.1592,0.0532,0.0241,0.0441,0.522,C1 alpha=0,124,12
3,19,339,19,26,32,47,22,0.7626,27,30,47,90,60,150.0,5168,4769,7,6,12.92,1.58,2,2497,0.1621,0.0442,0.0294,0.0515,0.4743,C1 alpha=0,125,15
3,19,280,19,28,34,49,22,0.7014,29,32,49,90,58,156.0,5111,4711,8,7,12.7775,1.5685,1,2608,0.1571,0.0485,0.0444,0.0651,0.5001,C1 alpha=0,126,13
3,18,366,18,26,32,55,21,0.7398,28,29,55,88,59,166.0,4831,4431,8,5,12.0775,1.4633,1,2347,0.1573,0.0508,0.0309,0.0451,0.5714,C1 alpha=0,127,10
3,23,315,19,27,35,46,21,0.6775,28,34,46,88,54,154.0,5091,4691,7,6,12.7275,1.5491,1,2478,0.1574,0.0519,0.029,0.0612,0.5118,C1 alpha=0,128,14
3,19,371,19,26,33,39,21,0.7177,27,30,39,90,60,155.0,5137,4737,7,6,12.8425,1.5472,1,2425,0.1633,0.0444,0.0225,0.0374,0.4925,C1 alpha=0,129,13
3,18,392,19,27,33,46,23,0.7722,28,30,46,89,59,155.0,5202,4802,9,6,13.005,1.5566,1,2401,0.1586,0.0386,0.0163,0.027,0.4942,C1 alpha=0,130,16
3,17,323,18,26,32,37,22,0.7613,28,30,37,89,59,152.0,5078,4678,7,6,12.695,1.5483,1,2595,0.1596,0.044,0.0302,0.0449,0.5077,C1 alpha=0,131,13
3,17,303,20,29,35,41,22,0.6648,29,33,41,89,56,151.0,5072,4672,8,6,12.68,1.589,1,2358,0.1606,0.0456,0.0319,0.0579,0.4807,C1 alpha=0,132,12
3,21,384,19,28,36,43,22,0.7315,28,33,43,91,58,156.0,5002,4602,8,6,12.505,1.5841,1,2592,0.1619,0.0685,0.0372,0.0713,0.4776,C1 alpha=0,133,13
3,21,298,19,26,32,50,21,0.7047,27,30,50,89,59,155.0,4981,4581,8,6,12.4525,1.5217,1,2356,0.1593,0.0411,0.0188,0.0222,0.53,C1 alpha=0,134,11
3,21,339,19,26,31,42,23,0.7862,28,30,42,89,59,150.0,5141,4741,8,6,12.8525,1.586,1,2619,0.1613,0.0417,0.024,0.0364,0.4807,C1 alpha=0,135,15
3,21,349,20,27,33,55,23,0.7194,29,31,55,90,59,156.0,5325,4925,8,5,13.3125,1.5766,1,2647,0.1578,0.0377,0.0301,0.0526,0.496,C1 alpha=0,136,16
3,19,374,19,26,31,56,22,0.7497,27,30,46,90,60,153.0,5250,4851,8,6,13.125,1.5813,1,2673,0.1581,0.0388,0.0202,0.036,0.4783,C1 alpha=0,137,14
3,18,348,19,28,34,48,22,0.6975,29,31,48,89,58,152.0,5147,4747,9,6,12.8675,1.5745,1,2676,0.159,0.0463,0.0355,0.057,0.5054,C1 alpha=0,138,12
3,19,299,18,26,32,41,20,0.6771,27,31,41,90,59,151.0,5153,4753,6,6,12.8825,1.5761,1,2496,0.157,0.0451,0.0274,0.0532,0.4984,C1 alpha=0,139,6
3,19,302,19,27,31,37,21,0.672,28,30,37,90,60,152.0,5162,4762,8,5,12.905,1.5407,1,2546,0.1597,0.0386,0.023,0.0285,0.5134,C1 alpha=0,140,11
3,19,341,19,26,33,51,22,0.7459,27,32,51,90,58,166.0,5072,4672,8,6,12.68,1.5032,1,2491,0.1598,0.0469,0.0242,0.0508,0.549,C1 alpha=0,141,11
3,22,424,19,26,31,55,22,0.739,28,29,55,91,62,165.0,5295,4895,9,6,13.2375,1.5681,1,2695,0.1627,0.0282,0.0175,0.027,0.5095,C1 alpha=0,142,14
3,19,342,19,27,32,37,22,0.6992,28,31,37,90,59,150.0,5283,4883,9,6,13.2075,1.529,1,2700,0.163,0.0345,0.0157,0.0286,0.53,C1 alpha=0,143,11
3,20,343,19,26,35,43,22,0.7685,27,33,43,90,57,156.0,5128,4728,7,6,12.82,1.5571,1,2458,0.1587,0.0426,0.0239,0.0371,0.5061,C1 alpha=0,144,10
3,19,358,19,26,34,51,22,0.7604,27,31,51,90,59,167.0,5168,4770,8,6,12.92,1.5881,1,2411,0.1556,0.0396,0.0253,0.0424,0.4929,C1 alpha=0,145,15
3,20,406,19,26,33,39,22,0.7286,28,31,39,90,59,153.0,5206,4806,8,6,13.015,1.5547,1,2693,0.1607,0.0436,0.0277,0.0449,0.5004,C1 alpha=0,146,10
3,20,305,19,28,32,37,20,0.6243,28,31,37,90,59,155.0,5079,4679,7,6,12.6975,1.5869,1,2441,0.1564,0.0471,0.0308,0.0575,0.4999,C1 alpha=0,147,11
3,20,311,19,27,35,84,21,0.6685,28,31,55,90,59,191.0,5186,4787,7,6,12.965,1.6144,1,2525,0.1606,0.0412,0.033,0.048,0.4811,C1 alpha=0,148,15
3,19,322,19,26,31,49,21,0.7281,28,29,49,89,60,161.0,4936,4537,8,6,12.34,1.5347,1,2292,0.1591,0.0456,0.028,0.0359,0.5226,C1 alpha=0,149,13
3,16,291,19,28,33,41,22,0.6721,29,32,41,90,58,150.0,5060,4660,8,6,12.65,1.5245,1,2608,0.1593,0.0505,0.0287,0.0388,0.5273,C1 alpha=0,150,10
3,18,315,18,26,32,39,21,0.7246,27,30,39,90,60,158.0,5127,4727,7,7,12.8175,1.5706,1,2568,0.1609,0.0511,0.0293,0.0408,0.5031,C1 alpha=0,151,13
3,20,400,19,25,31,37,22,0.7729,28,29,37,90,61,150.0,5108,4708,8,7,12.77,1.5093,1,2563,0.1597,0.04,0.0232,0.0347,0.5274,C1 alpha=0,152,14
3,21,354,19,27,33,87,22,0.7313,28,30,40,89,59,194.0,5132,4734,8,5,12.83,1.5482,1,2565,0.1603,0.0386,0.0272,0.0351,0.5078,C1 alpha=0,153,13
3,21,307,18,26,32,47,21,0.7235,27,30,47,88,58,150.0,5081,4682,7,6,12.7025,1.579,1,2568,0.1582,0.0418,0.0251,0.0306,0.4947,C1 alpha=0,154,8
3,21,362,19,26,32,38,22,0.7551,28,30,38,88,58,149.0,5063,4663,8,7,12.6575,1.5372,1,2544,0.1607,0.0428,0.0282,0.0407,0.5175,C1 alpha=0,155,13
3,21,275,19,27,33,42,21,0.6918,28,31,42,88,57,153.0,4994,4595,7,6,12.485,1.5243,1,2330,0.1552,0.0394,0.0359,0.0674,0.543,C1 alpha=0,156,10
3,22,301,19,27,31,50,21,0.655,28,31,50,88,57,156.0,5156,4756,7,7,12.89,1.5612,1,2592,0.1593,0.0463,0.0277,0.0354,0.5097,C1 alpha=0,157,15
3,21,374,19,26,32,39,22,0.739,27,30,39,91,61,152.0,5265,4865,7,7,13.1625,1.5628,1,2712,0.1604,0.0308,0.0243,0.0358,0.4985,C1 alpha=0,158,9
3,17,318,18,26,33,36,21,0.7219,27,31,36,89,58,151.0,5085,4686,8,5,12.7125,1.4957,1,2493,0.1578,0.0506,0.0369,0.0523,0.545,C1 alpha=0,159,9
3,18,354,18,26,33,40,21,0.7068,27,30,40,90,60,151.0,5110,4710,7,6,12.775,1.5359,1,2705,0.1614,0.0523,0.0294,0.05,0.5214,C1 alpha=0,160,14
3,19,346,20,26,33,48,23,0.7656,28,30,48,90,60,159.0,5119,4719,9,6,12.7975,1.5686,1,2435,0.1597,0.0402,0.0202,0.026,0.5024,C1 alpha=0,161,15
3,22,336,19,27,33,41,23,0.7895,28,30,41,90,60,151.0,5088,4688,9,6,12.72,1.5804,1,2579,0.1604,0.0457,0.0282,0.0381,0.4878,C1 alpha=0,162,14
3,21,346,18,26,32,44,21,0.7329,27,29,44,89,60,151.0,5110,4710,7,6,12.775,1.5556,1,2552,0.1553,0.0474,0.0246,0.0334,0.5032,C1 alpha=0,163,10
3,22,366,20,27,35,40,22,0.7073,28,33,40,90,57,155.0,5271,4871,9,6,13.1775,1.5615,1,2490,0.1589,0.0429,0.0255,0.0461,0.5151,C1 alpha=0,164,16
3,20,364,18,26,34,45,21,0.7266,27,31,45,89,58,159.0,5103,4703,7,6,12.7575,1.5758,1,2601,0.1608,0.0595,0.0393,0.0609,0.4939,C1 alpha=0,165,13
3,18,413,19,26,33,43,22,0.7556,27,31,43,91,60,153.0,5230,4831,8,5,13.075,1.5572,1,2416,0.1608,0.0376,0.0223,0.0331,0.4978,C1 alpha=0,166,15
3,19,306,18,26,34,48,20,0.6532,28,31,48,89,58,151.0,5008,4608,8,6,12.52,1.4974,1,2537,0.1615,0.0549,0.0306,0.0478,0.5516,C1 alpha=0,167,9
3,20,363,19,25,30,36,22,0.7686,27,29,36,90,61,149.0,5051,4651,7,6,12.6275,1.5106,1,2478,0.1639,0.04,0.017,0.0234,0.5412,C1 alpha=0,168,14
3,22,331,19,27,32,51,22,0.7395,28,30,51,90,60,154.0,5102,4702,7,6,12.755,1.5725,1,2459,0.1586,0.0449,0.0265,0.0381,0.4847,C1 alpha=0,169,14
3,22,359,18,25,30,38,21,0.7329,27,29,38,90,61,154.0,5241,4841,6,6,13.1025,1.5617,1,2522,0.1589,0.0342,0.0225,0.035,0.5018,C1 alpha=0,170,13
3,19,329,19,27,36,46,22,0.7236,28,33,46,89,56,158.0,5159,4759,9,6,12.8975,1.5896,1,2664,0.1582,0.0533,0.0319,0.0507,0.4854,C1 alpha=0,171,15
3,17,374,19,26,35,52,22,0.7375,27,32,52,91,59,165.0,5174,4775,8,5,12.935,1.5962,1,2552,0.1611,0.047,0.0266,0.0475,0.4834,C1 alpha=0,172,14
3,20,424,18,26,32,42,21,0.7588,27,29,42,89,60,152.0,5132,4732,6,7,12.83,1.5452,1,2641,0.1616,0.0428,0.0193,0.0193,0.511,C1 alpha=0,173,12
3,18,353,19,27,35,49,22,0.7532,28,32,49,89,57,163.0,5174,4774,7,5,12.935,1.6018,1,2528,0.1617,0.0403,0.0261,0.053,0.477,C1 alpha=0,174,16
3,17,291,19,27,32,62,21,0.6763,28,31,47,88,57,176.0,5073,4674,7,6,12.6825,1.5601,1,2420,0.1557,0.0484,0.0262,0.0377,0.5056,C1 alpha=0,175,6
3,21,350,19,27,34,40,22,0.716,28,32,40,89,57,154.0,4937,4537,9,6,12.3425,1.5499,1,2469,0.1576,0.0438,0.027,0.0303,0.5129,C1 alpha=0,176,16
3,20,352,20,27,35,73,22,0.7133,28,33,53,89,56,172.0,5043,4644,9,6,12.6075,1.6025,1,2379,0.1552,0.044,0.0309,0.0537,0.4894,C1 alpha=0,177,15
3,21,301,19,27,32,47,21,0.6698,28,30,47,89,59,155.0,5267,4868,7,6,13.1675,1.5853,1,2613,0.1556,0.0424,0.03,0.0446,0.4825,C1 alpha=0,178,12
3,21,374,19,26,33,48,21,0.6696,28,31,48,89,58,161.0,5136,4736,8,6,12.84,1.5171,1,2510,0.1619,0.0503,0.025,0.0343,0.5325,C1 alpha=0,179,13
3,18,334,20,27,32,51,23,0.7563,28,31,51,90,59,159.0,5228,4828,9,6,13.07,1.5907,1,2457,0.1567,0.032,0.0138,0.0171,0.4907,C1 alpha=0,180,15
3,22,301,19,26,33,41,22,0.7409,28,31,41,89,58,156.0,4983,4583,8,6,12.4575,1.5311,1,2335,0.1582,0.0469,0.0282,0.0396,0.5125,C1 alpha=0,181,6
3,19,398,19,25,30,43,22,0.7636,27,28,43,89,61,155.0,5208,4808,8,7,13.02,1.5437,1,2651,0.1594,0.034,0.0128,0.0158,0.5052,C1 alpha=0,182,12
3,17,351,19,27,33,53,22,0.7266,28,30,53,89,59,163.0,5131,4731,9,6,12.8275,1.539,1,2501,0.1579,0.0373,0.0262,0.0374,0.5183,C1 alpha=0,183,8
3,20,333,19,28,32,53,22,0.7009,29,31,53,91,60,158.0,5031,4631,8,6,12.5775,1.5493,1,2589,0.1635,0.0491,0.025,0.0439,0.5074,C1 alpha=0,184,11
3,17,309,18,26,33,78,21,0.7259,27,31,50,89,58,195.0,5074,4678,7,6,12.685,1.565,1,2502,0.1615,0.0592,0.0286,0.0397,0.4979,C1 alpha=0,185,14
3,19,288,19,28,35,44,21,0.6673,29,33,44,90,57,152.0,4957,4559,7,8,12.3925,1.594,1,2503,0.154,0.0665,0.0408,0.0673,0.4815,C1 alpha=0,186,8
3,20,346,19,28,33,40,22,0.7309,28,32,40,90,58,150.0,5084,4684,8,7,12.71,1.5429,1,2589,0.1613,0.048,0.0275,0.0542,0.5056,C1 alpha=0,187,14
3,17,318,19,27,34,39,22,0.7028,28,32,39,90,58,155.0,5115,4715,9,6,12.7875,1.5922,1,2482,0.1567,0.0457,0.025,0.0282,0.4846,C1 alpha=0,188,13
3,19,297,20,27,34,55,22,0.693,28,32,44,90,58,166.0,5088,4689,8,6,12.72,1.5556,1,2349,0.1557,0.0442,0.0291,0.0471,0.5059,C1 alpha=0,189,15
3,18,373,19,27,33,41,22,0.7383,27,31,41,89,58,151.0,5284,4884,7,6,13.21,1.5964,1,2575,0.1632,0.0362,0.0169,0.025,0.4928,C1 alpha=0,190,8
3,18,338,18,26,33,39,21,0.7164,27,31,39,89,58,153.0,5141,4741,7,6,12.8525,1.5919,1,2688,0.1568,0.0467,0.035,0.0507,0.4837,C1 alpha=0,191,15
3,20,352,19,26,33,51,22,0.7594,27,31,51,89,58,164.0,5132,4732,9,5,12.83,1.5535,1,2560,0.1565,0.0474,0.0296,0.0424,0.5097,C1 alpha=0,192,16
3,25,339,20,28,34,61,23,0.729,29,32,44,90,58,167.0,5093,4694,8,7,12.7325,1.4913,1,2475,0.1561,0.0442,0.0296,0.0271,0.5541,C1 alpha=0,193,8
3,20,298,20,28,33,48,23,0.7094,29,32,48,90,58,156.0,5190,4790,9,6,12.975,1.591,1,2619,0.1606,0.0385,0.031,0.0621,0.501,C1 alpha=0,194,14
3,23,320,20,29,35,48,23,0.6968,29,33,48,90,57,167.0,5211,4811,9,7,13.0275,1.5884,1,2654,0.1615,0.0461,0.0368,0.072,0.493,C1 alpha=0,195,13
3,16,343,19,27,33,43,21,0.7067,28,31,43,89,58,155.0,5060,4660,8,6,12.65,1.5483,1,2377,0.1573,0.0475,0.0309,0.0442,0.5049,C1 alpha=0,196,16
3,20,355,19,26,33,43,22,0.7566,27,30,43,90,60,161.0,5128,4728,7,6,12.82,1.5355,1,2464,0.1601,0.0486,0.0287,0.0375,0.5186,C1 alpha=0,197,14
3,19,363,18,25,31,36,21,0.7509,27,28,36,90,62,151.0,5179,4779,7,6,12.9475,1.5171,1,2591,0.1557,0.0341,0.0259,0.04,0.5298,C1 alpha=0,198,16
3,21,344,19,26,32,43,22,0.7496,28,30,43,90,60,152.0,5263,4863,7,5,13.1575,1.5538,1,2541,0.1545,0.0388,0.0258,0.0305,0.5155,C1 alpha=0,199,15
