success,n_M,n_F,s_mean,N_max,rep,trial,phase,t_snap,t_pk,early_D,S_snap,point
1.0,4,4,0.7447631978351508,82,0,0,B,8.0,57.0,False,0.5906147916349812,0
1.0,4,4,1.0,81,1,0,B,7.0,70.0,False,0.5996483342779709,0
1.0,4,4,0.864757036827053,82,2,0,B,8.0,48.0,False,0.5963718251235687,0
1.0,4,4,0.8652860989765857,80,3,0,B,8.0,66.0,False,0.639327644259619,0
1.0,4,4,0.8128665394063581,81,4,0,B,8.0,63.0,False,0.62005747716499,0
1.0,4,4,1.0,83,5,0,B,6.0,51.0,False,0.6177633374532306,0
0.0,4,4,0.9427290475247054,32,6,0,B,8.0,59.0,False,0.5770284837469337,0
0.0,4,4,0.8775,8,7,0,B,6.0,61.0,False,0.6221563785823525,0
1.0,4,4,1.0,82,8,0,B,7.0,47.0,False,0.6032124532342072,0
1.0,4,4,1.0,91,9,0,B,7.0,47.0,False,0.5973026301144999,0
1.0,4,4,0.9470129538626056,86,10,0,B,8.0,58.0,False,0.6047945783848266,0
1.0,4,4,1.0,81,11,0,B,9.0,51.0,False,0.6026735960756927,0
1.0,4,4,1.0,81,12,0,B,7.0,46.0,False,0.643864535044393,0
1.0,4,4,1.0,87,13,0,B,7.0,53.0,False,0.5842099155425122,0
1.0,4,4,0.9091790506377552,81,14,0,B,8.0,44.0,False,0.5886879803535692,0
0.0,4,4,1.0,13,15,0,B,7.0,53.0,False,0.588135482925948,0
1.0,4,4,0.935967925054272,92,16,0,B,8.0,50.0,False,0.5856861013390711,0
1.0,4,4,1.0,83,17,0,B,8.0,67.0,False,0.5757859792582943,0
1.0,4,4,1.0,84,18,0,B,7.0,45.0,False,0.6219704181498169,0
0.0,4,4,0.7629742052981459,8,19,0,B,8.0,55.0,False,0.5840220617825801,0
0.0,4,4,0.875,8,20,0,B,8.0,64.0,False,0.5788946565725024,0
1.0,4,4,0.7270930976868726,88,21,0,B,8.0,50.0,False,0.5676065515829882,0
1.0,4,4,0.9360861225680992,85,22,0,B,8.0,48.0,False,0.6076725871110759,0
0.0,4,4,1.0,46,23,0,B,7.0,64.0,False,0.6159154147725596,0
1.0,4,4,0.8749354603664596,82,24,0,B,8.0,50.0,False,0.5678111531580837,0
1.0,4,4,1.0,86,25,0,B,7.0,46.0,False,0.6220250363737284,0
1.0,4,4,0.9351272931627078,80,26,0,B,8.0,66.0,False,0.5981682991368042,0
1.0,4,4,1.0,82,27,0,B,7.0,56.0,False,0.6038397520015232,0
1.0,4,4,1.0,80,28,0,B,7.0,50.0,False,0.6244253399861656,0
1.0,4,4,0.991439006961091,84,29,0,B,7.0,47.0,False,0.6113322861901052,0
0.0,4,4,0.7098323912695541,21,30,0,B,9.0,58.0,False,0.6059478672627401,0
1.0,4,4,0.8186101472456903,89,31,0,B,9.0,56.0,False,0.6532507379034197,0
1.0,4,4,0.7986581310935323,90,32,0,B,9.0,49.0,False,0.6101813914787759,0
1.0,4,4,0.9347785873638188,83,33,0,B,9.0,48.0,False,0.6302647859734299,0
1.0,4,4,0.9918886904761904,101,34,0,B,7.0,42.0,False,0.6013446947390535,0
0.0,4,4,0.6254820950931603,11,35,0,B,8.0,46.0,False,0.5754200613916073,0
1.0,4,4,0.92655616349627,84,36,0,B,7.0,69.0,False,0.6115571643929927,0
1.0,4,4,1.0,83,37,0,B,8.0,57.0,False,0.5979101486840703,0
0.0,4,4,1.0,34,38,0,B,7.0,54.0,False,0.6193194577803193,0
1.0,4,4,1.0,83,39,0,B,7.0,47.0,False,0.6177547301519061,0
0.0,4,4,0.0,8,0,0,D,100.0,57.0,False,0.0003182417944327,0
0.0,4,4,0.0,8,1,0,D,122.0,70.0,False,0.0006628073182621,0
0.0,4,4,0.00383419354957,8,2,0,D,84.0,48.0,False,0.0005866933377604,0
0.0,4,4,0.0,8,3,0,D,116.0,66.0,False,0.0002422065784999,0
0.0,4,4,0.0,8,4,0,D,110.0,63.0,False,0.0002024470947794,0
0.0,4,4,0.0002062244805136,8,5,0,D,89.0,51.0,False,0.0006583355736106,0
0.0,4,4,0.0,8,6,0,D,103.0,59.0,False,0.0001592117861898,0
0.0,4,4,0.0,8,7,0,D,107.0,61.0,False,0.0004990630472845,0
0.0,4,4,0.0,8,8,0,D,82.0,47.0,False,0.0006923533939327,0
0.0,4,4,0.0,8,9,0,D,82.0,47.0,False,0.0010933197461885,0
0.0,4,4,0.0,8,10,0,D,102.0,58.0,False,0.0001092321005506,0
0.0,4,4,0.0,8,11,0,D,89.0,51.0,False,0.000382354486582,0
0.0,4,4,0.0411366978730483,8,12,0,D,80.0,46.0,False,0.0020779012028079,0
0.0,4,4,0.0,8,13,0,D,93.0,53.0,False,0.0005505866303745,0
0.0,4,4,0.0,8,14,0,D,77.0,44.0,False,0.0006478428770446,0
0.0,4,4,0.0,8,15,0,D,93.0,53.0,False,0.0011514794781968,0
0.0,4,4,0.0,8,16,0,D,88.0,50.0,False,0.0010859597802769,0
0.0,4,4,0.0,8,17,0,D,117.0,67.0,False,0.00124884228283,0
0.0,4,4,0.0,8,18,0,D,79.0,45.0,False,0.0015262916508571,0
0.0,4,4,0.0,8,19,0,D,96.0,55.0,False,0.0006356478351596,0
0.0,4,4,0.0,8,20,0,D,112.0,64.0,False,0.0002071925509653,0
0.0,4,4,0.0,8,21,0,D,88.0,50.0,False,0.000783858365467,0
0.0,4,4,0.0,8,22,0,D,84.0,48.0,False,0.0005969630370735,0
0.0,4,4,0.0,8,23,0,D,112.0,64.0,False,0.0009663569232516,0
0.0,4,4,0.0,8,24,0,D,88.0,50.0,False,0.0006072026609267,0
0.0,4,4,0.0,8,25,0,D,80.0,46.0,False,0.0004887293501127,0
0.0,4,4,0.0140814126903322,8,26,0,D,116.0,66.0,False,0.0008698013124169,0
0.0,4,4,0.0,8,27,0,D,98.0,56.0,False,0.0010432714793546,0
0.0,4,4,0.0,8,28,0,D,88.0,50.0,False,0.0006479028942025,0
0.0,4,4,0.0,8,29,0,D,82.0,47.0,False,0.0012781836071539,0
0.0,4,4,0.0,8,30,0,D,102.0,58.0,False,0.0003062070808614,0
0.0,4,4,0.0,8,31,0,D,98.0,56.0,False,0.0002345325594545,0
0.0,4,4,0.0,8,32,0,D,86.0,49.0,False,0.0006001287909369,0
0.0,4,4,0.0,8,33,0,D,84.0,48.0,False,0.0006840853808729,0
0.0,4,4,0.0,8,34,0,D,74.0,42.0,False,0.0017093667362943,0
0.0,4,4,0.0120351769536036,8,35,0,D,80.0,46.0,False,0.0012926119476606,0
0.0,4,4,0.0101893337602753,8,36,0,D,121.0,69.0,False,0.0005324099122207,0
0.0,4,4,0.0,8,37,0,D,100.0,57.0,False,0.0006025743616659,0
0.0,4,4,0.0,8,38,0,D,94.0,54.0,False,0.0011222757953319,0
0.0,4,4,0.041601775815003,8,39,0,D,82.0,47.0,False,0.0009968332948166,0
0.0,4,4,0.0,8,0,0,MIX_F,100.0,57.0,False,0.0003182417944327,0
0.0,4,4,0.0,8,1,0,MIX_F,122.0,70.0,False,0.0006628073182621,0
0.0,4,4,0.0,8,2,0,MIX_F,84.0,48.0,False,0.0005866933377604,0
0.0,4,4,0.0,8,3,0,MIX_F,116.0,66.0,False,0.0002422065784999,0
0.0,4,4,0.0,8,4,0,MIX_F,110.0,63.0,False,0.0002024470947794,0
0.0,4,4,0.0,8,5,0,MIX_F,89.0,51.0,False,0.0006583355736106,0
0.0,4,4,0.0,8,6,0,MIX_F,103.0,59.0,False,0.0001592117861898,0
0.0,4,4,0.0,8,7,0,MIX_F,107.0,61.0,False,0.0004990630472845,0
0.0,4,4,0.0,8,8,0,MIX_F,82.0,47.0,False,0.0006923533939327,0
0.0,4,4,0.0,8,9,0,MIX_F,82.0,47.0,False,0.0010933197461885,0
0.0,4,4,0.0,8,10,0,MIX_F,102.0,58.0,False,0.0001092321005506,0
0.0,4,4,0.0,8,11,0,MIX_F,89.0,51.0,False,0.000382354486582,0
0.0,4,4,0.0,8,12,0,MIX_F,80.0,46.0,False,0.0020779012028079,0
0.0,4,4,0.0,8,13,0,MIX_F,93.0,53.0,False,0.0005505866303745,0
0.0,4,4,0.0,8,14,0,MIX_F,77.0,44.0,False,0.0006478428770446,0
0.0,4,4,0.0,8,15,0,MIX_F,93.0,53.0,False,0.0011514794781968,0
0.0,4,4,0.0,8,16,0,MIX_F,88.0,50.0,False,0.0010859597802769,0
0.0,4,4,0.0,8,17,0,MIX_F,117.0,67.0,False,0.00124884228283,0
0.0,4,4,0.0,8,18,0,MIX_F,79.0,45.0,False,0.0015262916508571,0
0.0,4,4,0.0,8,19,0,MIX_F,96.0,55.0,False,0.0006356478351596,0
0.0,4,4,0.0,8,20,0,MIX_F,112.0,64.0,False,0.0002071925509653,0
0.0,4,4,0.0,8,21,0,MIX_F,88.0,50.0,False,0.000783858365467,0
0.0,4,4,0.0,8,22,0,MIX_F,84.0,48.0,False,0.0005969630370735,0
0.0,4,4,0.0,8,23,0,MIX_F,112.0,64.0,False,0.0009663569232516,0
0.0,4,4,0.0,8,24,0,MIX_F,88.0,50.0,False,0.0006072026609267,0
0.0,4,4,0.0,8,25,0,MIX_F,80.0,46.0,False,0.0004887293501127,0
0.0,4,4,0.0,8,26,0,MIX_F,116.0,66.0,False,0.0008698013124169,0
0.0,4,4,0.0,8,27,0,MIX_F,98.0,56.0,False,0.0010432714793546,0
0.0,4,4,0.0,8,28,0,MIX_F,88.0,50.0,False,0.0006479028942025,0
0.0,4,4,0.0,8,29,0,MIX_F,82.0,47.0,False,0.0012781836071539,0
0.0,4,4,0.0,8,30,0,MIX_F,102.0,58.0,False,0.0003062070808614,0
0.0,4,4,0.0,8,31,0,MIX_F,98.0,56.0,False,0.0002345325594545,0
0.0,4,4,0.0,8,32,0,MIX_F,86.0,49.0,False,0.0006001287909369,0
0.0,4,4,0.0,8,33,0,MIX_F,84.0,48.0,False,0.0006840853808729,0
0.0,4,4,0.0,8,34,0,MIX_F,74.0,42.0,False,0.0017093667362943,0
0.0,4,4,0.0,8,35,0,MIX_F,80.0,46.0,False,0.0012926119476606,0
0.0,4,4,0.0,8,36,0,MIX_F,121.0,69.0,False,0.0005324099122207,0
0.0,4,4,0.0,8,37,0,MIX_F,100.0,57.0,False,0.0006025743616659,0
0.0,4,4,0.0,8,38,0,MIX_F,94.0,54.0,False,0.0011222757953319,0
0.0,4,4,0.0,8,39,0,MIX_F,82.0,47.0,False,0.0009968332948166,0
0.0,4,4,0.0,8,0,0,MIX_M,100.0,57.0,False,0.0003182417944327,0
0.0,4,4,0.0103881273351976,8,1,0,MIX_M,122.0,70.0,False,0.0006628073182621,0
0.0,4,4,0.0,8,2,0,MIX_M,84.0,48.0,False,0.0005866933377604,0
0.0,4,4,0.0,8,3,0,MIX_M,116.0,66.0,False,0.0002422065784999,0
0.0,4,4,0.0,8,4,0,MIX_M,110.0,63.0,False,0.0002024470947794,0
0.0,4,4,0.0,8,5,0,MIX_M,89.0,51.0,False,0.0006583355736106,0
0.0,4,4,0.0,8,6,0,MIX_M,103.0,59.0,False,0.0001592117861898,0
0.0,4,4,0.0,8,7,0,MIX_M,107.0,61.0,False,0.0004990630472845,0
0.0,4,4,0.0,8,8,0,MIX_M,82.0,47.0,False,0.0006923533939327,0
0.0,4,4,0.0,8,9,0,MIX_M,82.0,47.0,False,0.0010933197461885,0
0.0,4,4,0.0,8,10,0,MIX_M,102.0,58.0,False,0.0001092321005506,0
0.0,4,4,0.0,8,11,0,MIX_M,89.0,51.0,False,0.000382354486582,0
0.0,4,4,0.0,8,12,0,MIX_M,80.0,46.0,False,0.0020779012028079,0
0.0,4,4,0.0,8,13,0,MIX_M,93.0,53.0,False,0.0005505866303745,0
0.0,4,4,0.0,8,14,0,MIX_M,77.0,44.0,False,0.0006478428770446,0
0.0,4,4,0.0,8,15,0,MIX_M,93.0,53.0,False,0.0011514794781968,0
0.0,4,4,0.0,8,16,0,MIX_M,88.0,50.0,False,0.0010859597802769,0
0.0,4,4,0.0,8,17,0,MIX_M,117.0,67.0,False,0.00124884228283,0
0.0,4,4,0.0,8,18,0,MIX_M,79.0,45.0,False,0.0015262916508571,0
0.0,4,4,0.0,8,19,0,MIX_M,96.0,55.0,False,0.0006356478351596,0
0.0,4,4,0.0,8,20,0,MIX_M,112.0,64.0,False,0.0002071925509653,0
0.0,4,4,0.0,8,21,0,MIX_M,88.0,50.0,False,0.000783858365467,0
0.0,4,4,0.0,8,22,0,MIX_M,84.0,48.0,False,0.0005969630370735,0
0.0,4,4,0.0,8,23,0,MIX_M,112.0,64.0,False,0.0009663569232516,0
0.0,4,4,0.0,8,24,0,MIX_M,88.0,50.0,False,0.0006072026609267,0
0.0,4,4,0.0,8,25,0,MIX_M,80.0,46.0,False,0.0004887293501127,0
0.0,4,4,0.0,8,26,0,MIX_M,116.0,66.0,False,0.0008698013124169,0
0.0,4,4,0.0,8,27,0,MIX_M,98.0,56.0,False,0.0010432714793546,0
0.0,4,4,0.0,8,28,0,MIX_M,88.0,50.0,False,0.0006479028942025,0
0.0,4,4,0.0,8,29,0,MIX_M,82.0,47.0,False,0.0012781836071539,0
0.0,4,4,0.0,8,30,0,MIX_M,102.0,58.0,False,0.0003062070808614,0
0.0,4,4,0.0,8,31,0,MIX_M,98.0,56.0,False,0.0002345325594545,0
0.0,4,4,0.0,8,32,0,MIX_M,86.0,49.0,False,0.0006001287909369,0
0.0,4,4,0.0,8,33,0,MIX_M,84.0,48.0,False,0.0006840853808729,0
0.0,4,4,0.0,8,34,0,MIX_M,74.0,42.0,False,0.0017093667362943,0
0.0,4,4,0.0,8,35,0,MIX_M,80.0,46.0,False,0.0012926119476606,0
0.0,4,4,0.0,8,36,0,MIX_M,121.0,69.0,False,0.0005324099122207,0
0.0,4,4,0.0,8,37,0,MIX_M,100.0,57.0,False,0.0006025743616659,0
0.0,4,4,0.0,8,38,0,MIX_M,94.0,54.0,False,0.0011222757953319,0
0.0,4,4,0.0,8,39,0,MIX_M,82.0,47.0,False,0.0009968332948166,0
1.0,4,4,0.9361621015417784,93,0,0,B,8.0,56.0,False,0.5867226846071814,1
1.0,4,4,1.0,81,1,0,B,7.0,54.0,False,0.6089477339442518,1
0.0,4,4,1.0,8,2,0,B,9.0,50.0,False,0.5740931983865916,1
1.0,4,4,1.0,81,3,0,B,7.0,66.0,False,0.5921059075499637,1
1.0,4,4,1.0,89,4,0,B,8.0,41.0,False,0.5739401462373096,1
1.0,4,4,0.8525473898114548,89,5,0,B,8.0,57.0,False,0.5701971314339681,1
1.0,4,4,0.9419181002536994,88,6,0,B,8.0,49.0,False,0.6147335275103313,1
1.0,4,4,1.0,86,7,0,B,7.0,68.0,False,0.6096443741183902,1
1.0,4,4,0.7993334415758848,83,8,0,B,8.0,56.0,False,0.5841040318194124,1
1.0,4,4,0.875,90,9,0,B,8.0,61.0,False,0.5949811048273111,1
1.0,4,4,0.6584778055074714,80,10,0,B,9.0,54.0,False,0.5736661715838866,1
0.0,4,4,0.9174810173205348,16,11,0,B,8.0,62.0,False,0.6188908292241855,1
1.0,4,4,0.980049094540309,95,12,0,B,7.0,49.0,False,0.599142184474665,1
1.0,4,4,1.0,91,13,0,B,7.0,57.0,False,0.5704309690456376,1
1.0,4,4,0.9260824414861047,84,14,0,B,8.0,52.0,False,0.5573010533962724,1
1.0,4,4,0.8924188278331492,82,15,0,B,8.0,56.0,False,0.5882556959938768,1
1.0,4,4,1.0,80,16,0,B,6.0,55.0,False,0.5874338318038699,1
1.0,4,4,0.7740120237623678,85,17,0,B,9.0,68.0,False,0.5895157403634264,1
1.0,4,4,0.8604188358822316,80,18,0,B,9.0,50.0,False,0.6028409409381809,1
1.0,4,4,0.9816479035762016,80,19,0,B,7.0,50.0,False,0.5757484159870482,1
1.0,4,4,0.9434763123622308,90,20,0,B,8.0,60.0,False,0.6123341970312483,1
1.0,4,4,0.9433934660223806,84,21,0,B,8.0,56.0,False,0.6029510011182425,1
1.0,4,4,1.0,82,22,0,B,7.0,59.0,False,0.5997613529164588,1
1.0,4,4,1.0,80,23,0,B,8.0,54.0,False,0.6014346788465077,1
1.0,4,4,0.8121734767886828,80,24,0,B,8.0,59.0,False,0.5830536639485526,1
0.0,4,4,0.7096424621927293,14,25,0,B,9.0,52.0,False,0.5806512482229101,1
1.0,4,4,1.0,85,26,0,B,7.0,48.0,False,0.633686717773462,1
1.0,4,4,0.742191365533615,85,27,0,B,8.0,63.0,False,0.5888224640955856,1
1.0,4,4,0.9894171629198704,82,28,0,B,7.0,57.0,False,0.5895007674164218,1
1.0,4,4,0.992216938505516,84,29,0,B,9.0,61.0,False,0.5693548828629542,1
1.0,4,4,0.9176102108438318,84,30,0,B,9.0,64.0,False,0.5866946695759202,1
1.0,4,4,0.88713850229825,81,31,0,B,9.0,68.0,False,0.6079891368893408,1
1.0,4,4,0.8193005952280181,86,32,0,B,8.0,65.0,False,0.6034283909432563,1
1.0,4,4,0.8731875398164191,83,33,0,B,7.0,55.0,False,0.5995132271548907,1
1.0,4,4,0.9928199561340736,83,34,0,B,8.0,52.0,False,0.5765745619423321,1
1.0,4,4,0.6968950793140083,83,35,0,B,8.0,54.0,False,0.5690474579731013,1
1.0,4,4,0.8946824228686205,81,36,0,B,8.0,43.0,False,0.6304644142344654,1
1.0,4,4,0.7216996057647824,82,37,0,B,10.0,48.0,False,0.6023673896817301,1
1.0,4,4,0.9812318786561608,83,38,0,B,8.0,58.0,False,0.6041114449241156,1
1.0,4,4,1.0,82,39,0,B,7.0,48.0,False,0.6092859660153505,1
0.0,4,4,0.0,8,0,0,D,98.0,56.0,False,0.0004472486194685,1
0.0,4,4,0.0,8,1,0,D,94.0,54.0,False,0.0012744063169968,1
0.0,4,4,0.0,8,2,0,D,88.0,50.0,False,0.0010761521481855,1
0.0,4,4,0.0,8,3,0,D,116.0,66.0,False,0.0005714484342249,1
0.0,4,4,0.0092114317895289,8,4,0,D,72.0,41.0,False,0.002377527975036,1
0.0,4,4,0.0,8,5,0,D,100.0,57.0,False,0.0008292742508262,1
0.0,4,4,0.0,8,6,0,D,86.0,49.0,False,0.0013966336846298,1
0.0,4,4,0.0015520080829454,8,7,0,D,119.0,68.0,False,0.0003802015267608,1
0.0,4,4,0.0,8,8,0,D,98.0,56.0,False,0.0004829871055832,1
0.0,4,4,0.0,8,9,0,D,107.0,61.0,False,0.0003117796026218,1
0.0,4,4,0.0,8,10,0,D,94.0,54.0,False,0.0011872622308048,1
0.0,4,4,0.0,8,11,0,D,108.0,62.0,False,0.0007808627062975,1
0.0,4,4,0.0,8,12,0,D,86.0,49.0,False,0.0007511675837886,1
0.0,4,4,0.0,8,13,0,D,100.0,57.0,False,0.0015305653865888,1
0.0,4,4,0.0016170635502728,8,14,0,D,91.0,52.0,False,0.000472292997165,1
0.0,4,4,0.0,8,15,0,D,98.0,56.0,False,0.0005892701339783,1
0.0,4,4,0.0,8,16,0,D,96.0,55.0,False,0.0005512502283216,1
0.0,4,4,0.0,8,17,0,D,119.0,68.0,False,0.0011018370263872,1
0.0,4,4,0.0,8,18,0,D,88.0,50.0,False,0.00096120913744,1
0.0,4,4,0.0,8,19,0,D,88.0,50.0,False,0.001748008243102,1
0.0,4,4,0.0020759281928485,8,20,0,D,105.0,60.0,False,0.0010196069149336,1
0.0,4,4,0.0032146206794036,8,21,0,D,98.0,56.0,False,0.000779299552143,1
0.0,4,4,0.0,8,22,0,D,103.0,59.0,False,0.0004671055368331,1
0.0,4,4,0.0,8,23,0,D,94.0,54.0,False,0.0007091686473131,1
0.0,4,4,0.0,8,24,0,D,103.0,59.0,False,0.000817855127065,1
0.0,4,4,0.0,8,25,0,D,91.0,52.0,False,0.0009503517571942,1
0.0,4,4,0.0,8,26,0,D,84.0,48.0,False,0.0018694610932003,1
0.0,4,4,0.0,8,27,0,D,110.0,63.0,False,0.0005188832969438,1
0.0,4,4,0.0,8,28,0,D,100.0,57.0,False,0.0006580054979487,1
0.0,4,4,0.0134090304857259,8,29,0,D,107.0,61.0,False,0.0004596583966663,1
0.0,4,4,0.0,8,30,0,D,112.0,64.0,False,0.0003922817067415,1
0.0,4,4,0.0,8,31,0,D,119.0,68.0,False,0.0002516820546425,1
0.0,4,4,0.0,8,32,0,D,114.0,65.0,False,0.0002569317156746,1
0.0,4,4,0.0005082348568857,8,33,0,D,96.0,55.0,False,0.0005467438627146,1
0.0,4,4,9.903442156286204e-05,8,34,0,D,91.0,52.0,False,0.0006636057801885,1
0.0,4,4,0.0,8,35,0,D,94.0,54.0,False,0.0011973464625507,1
0.0,4,4,0.0,8,36,0,D,75.0,43.0,False,0.0032917606867507,1
0.0,4,4,0.0,8,37,0,D,84.0,48.0,False,0.0009779904780113,1
0.0,4,4,0.0,8,38,0,D,102.0,58.0,False,0.0004633238357881,1
0.0,4,4,0.0,8,39,0,D,84.0,48.0,False,0.0010013846814191,1
0.0,4,4,0.0,8,0,0,MIX_F,98.0,56.0,False,0.0004472486194685,1
0.0,4,4,0.0,8,1,0,MIX_F,94.0,54.0,False,0.0012744063169968,1
0.0,4,4,0.0,8,2,0,MIX_F,88.0,50.0,False,0.0010761521481855,1
0.0,4,4,0.0,8,3,0,MIX_F,116.0,66.0,False,0.0005714484342249,1
0.0,4,4,0.0,8,4,0,MIX_F,72.0,41.0,False,0.002377527975036,1
0.0,4,4,0.0,8,5,0,MIX_F,100.0,57.0,False,0.0008292742508262,1
0.0,4,4,0.0,8,6,0,MIX_F,86.0,49.0,False,0.0013966336846298,1
0.0,4,4,0.036129309189488,8,7,0,MIX_F,119.0,68.0,False,0.0003802015267608,1
0.0,4,4,0.0,8,8,0,MIX_F,98.0,56.0,False,0.0004829871055832,1
0.0,4,4,0.0,8,9,0,MIX_F,107.0,61.0,False,0.0003117796026218,1
0.0,4,4,0.0,8,10,0,MIX_F,94.0,54.0,False,0.0011872622308048,1
0.0,4,4,0.0144439989915191,8,11,0,MIX_F,108.0,62.0,False,0.0007808627062975,1
0.0,4,4,0.0,8,12,0,MIX_F,86.0,49.0,False,0.0007511675837886,1
0.0,4,4,0.0,8,13,0,MIX_F,100.0,57.0,False,0.0015305653865888,1
0.0,4,4,0.0061387426366525,8,14,0,MIX_F,91.0,52.0,False,0.000472292997165,1
0.0,4,4,0.0,8,15,0,MIX_F,98.0,56.0,False,0.0005892701339783,1
0.0,4,4,0.0,8,16,0,MIX_F,96.0,55.0,False,0.0005512502283216,1
0.0,4,4,0.0,8,17,0,MIX_F,119.0,68.0,False,0.0011018370263872,1
0.0,4,4,0.0,8,18,0,MIX_F,88.0,50.0,False,0.00096120913744,1
0.0,4,4,0.0,8,19,0,MIX_F,88.0,50.0,False,0.001748008243102,1
0.0,4,4,0.0,8,20,0,MIX_F,105.0,60.0,False,0.0010196069149336,1
0.0,4,4,0.0,8,21,0,MIX_F,98.0,56.0,False,0.000779299552143,1
0.0,4,4,0.0,8,22,0,MIX_F,103.0,59.0,False,0.0004671055368331,1
0.0,4,4,0.0,8,23,0,MIX_F,94.0,54.0,False,0.0007091686473131,1
0.0,4,4,0.0,8,24,0,MIX_F,103.0,59.0,False,0.000817855127065,1
0.0,4,4,0.0,8,25,0,MIX_F,91.0,52.0,False,0.0009503517571942,1
0.0,4,4,0.0,8,26,0,MIX_F,84.0,48.0,False,0.0018694610932003,1
0.0,4,4,0.0,8,27,0,MIX_F,110.0,63.0,False,0.0005188832969438,1
0.0,4,4,0.0,8,28,0,MIX_F,100.0,57.0,False,0.0006580054979487,1
0.0,4,4,0.0,8,29,0,MIX_F,107.0,61.0,False,0.0004596583966663,1
0.0,4,4,0.0,8,30,0,MIX_F,112.0,64.0,False,0.0003922817067415,1
0.0,4,4,0.0,8,31,0,MIX_F,119.0,68.0,False,0.0002516820546425,1
0.0,4,4,0.0,8,32,0,MIX_F,114.0,65.0,False,0.0002569317156746,1
0.0,4,4,0.0,8,33,0,MIX_F,96.0,55.0,False,0.0005467438627146,1
0.0,4,4,0.0,8,34,0,MIX_F,91.0,52.0,False,0.0006636057801885,1
0.0,4,4,0.0,8,35,0,MIX_F,94.0,54.0,False,0.0011973464625507,1
0.0,4,4,0.0,8,36,0,MIX_F,75.0,43.0,False,0.0032917606867507,1
0.0,4,4,0.0,8,37,0,MIX_F,84.0,48.0,False,0.0009779904780113,1
0.0,4,4,0.0,8,38,0,MIX_F,102.0,58.0,False,0.0004633238357881,1
0.0,4,4,0.0,8,39,0,MIX_F,84.0,48.0,False,0.0010013846814191,1
0.0,4,4,0.0,8,0,0,MIX_M,98.0,56.0,False,0.0004472486194685,1
0.0,4,4,0.0665056720088271,8,1,0,MIX_M,94.0,54.0,False,0.0012744063169968,1
0.0,4,4,0.0,8,2,0,MIX_M,88.0,50.0,False,0.0010761521481855,1
0.0,4,4,0.0,8,3,0,MIX_M,116.0,66.0,False,0.0005714484342249,1
0.0,4,4,0.0,8,4,0,MIX_M,72.0,41.0,False,0.002377527975036,1
0.0,4,4,0.0,8,5,0,MIX_M,100.0,57.0,False,0.0008292742508262,1
0.0,4,4,0.0,8,6,0,MIX_M,86.0,49.0,False,0.0013966336846298,1
0.0,4,4,0.0,8,7,0,MIX_M,119.0,68.0,False,0.0003802015267608,1
0.0,4,4,0.0,8,8,0,MIX_M,98.0,56.0,False,0.0004829871055832,1
0.0,4,4,0.0,8,9,0,MIX_M,107.0,61.0,False,0.0003117796026218,1
0.0,4,4,0.0,8,10,0,MIX_M,94.0,54.0,False,0.0011872622308048,1
0.0,4,4,0.0375680416657894,8,11,0,MIX_M,108.0,62.0,False,0.0007808627062975,1
0.0,4,4,0.0,8,12,0,MIX_M,86.0,49.0,False,0.0007511675837886,1
0.0,4,4,0.0,8,13,0,MIX_M,100.0,57.0,False,0.0015305653865888,1
0.0,4,4,0.0,8,14,0,MIX_M,91.0,52.0,False,0.000472292997165,1
0.0,4,4,0.0125342357101048,8,15,0,MIX_M,98.0,56.0,False,0.0005892701339783,1
0.0,4,4,0.0,8,16,0,MIX_M,96.0,55.0,False,0.0005512502283216,1
0.0,4,4,0.0,8,17,0,MIX_M,119.0,68.0,False,0.0011018370263872,1
0.0,4,4,0.0,8,18,0,MIX_M,88.0,50.0,False,0.00096120913744,1
0.0,4,4,0.0,8,19,0,MIX_M,88.0,50.0,False,0.001748008243102,1
0.0,4,4,0.0,8,20,0,MIX_M,105.0,60.0,False,0.0010196069149336,1
0.0,4,4,0.0,8,21,0,MIX_M,98.0,56.0,False,0.000779299552143,1
0.0,4,4,0.0,8,22,0,MIX_M,103.0,59.0,False,0.0004671055368331,1
0.0,4,4,0.0,8,23,0,MIX_M,94.0,54.0,False,0.0007091686473131,1
0.0,4,4,0.0,8,24,0,MIX_M,103.0,59.0,False,0.000817855127065,1
0.0,4,4,0.0,8,25,0,MIX_M,91.0,52.0,False,0.0009503517571942,1
0.0,4,4,0.0,8,26,0,MIX_M,84.0,48.0,False,0.0018694610932003,1
0.0,4,4,0.0,8,27,0,MIX_M,110.0,63.0,False,0.0005188832969438,1
0.0,4,4,0.0012212900589615,8,28,0,MIX_M,100.0,57.0,False,0.0006580054979487,1
0.0,4,4,0.0,8,29,0,MIX_M,107.0,61.0,False,0.0004596583966663,1
0.0,4,4,0.0,8,30,0,MIX_M,112.0,64.0,False,0.0003922817067415,1
0.0,4,4,0.0,8,31,0,MIX_M,119.0,68.0,False,0.0002516820546425,1
0.0,4,4,0.0,8,32,0,MIX_M,114.0,65.0,False,0.0002569317156746,1
0.0,4,4,0.0,8,33,0,MIX_M,96.0,55.0,False,0.0005467438627146,1
0.0,4,4,0.0,8,34,0,MIX_M,91.0,52.0,False,0.0006636057801885,1
0.0,4,4,0.0,8,35,0,MIX_M,94.0,54.0,False,0.0011973464625507,1
0.0,4,4,0.0,8,36,0,MIX_M,75.0,43.0,False,0.0032917606867507,1
0.0,4,4,0.0,8,37,0,MIX_M,84.0,48.0,False,0.0009779904780113,1
0.0,4,4,0.0,8,38,0,MIX_M,102.0,58.0,False,0.0004633238357881,1
0.0,4,4,0.0,8,39,0,MIX_M,84.0,48.0,False,0.0010013846814191,1
1.0,4,4,0.7284273564591934,80,0,0,B,9.0,61.0,False,0.5675518532332527,2
1.0,4,4,0.9441416380114016,88,1,0,B,9.0,63.0,False,0.5803811901558195,2
1.0,4,4,0.8381741975920787,80,2,0,B,9.0,52.0,False,0.5656133978578871,2
1.0,4,4,0.8787341292536508,86,3,0,B,8.0,63.0,False,0.6080447598681101,2
1.0,4,4,1.0,82,4,0,B,8.0,54.0,False,0.5993011841109787,2
1.0,4,4,0.9302072652740174,86,5,0,B,8.0,59.0,False,0.6135455124687352,2
1.0,4,4,1.0,80,6,0,B,9.0,60.0,False,0.5770099876321078,2
1.0,4,4,0.9159498475112254,82,7,0,B,9.0,52.0,False,0.5919399918391212,2
0.0,4,4,1.0,14,8,0,B,7.0,66.0,False,0.5710955254265391,2
1.0,4,4,0.9226227432609536,80,9,0,B,8.0,55.0,False,0.5948810192464268,2
1.0,4,4,0.9056966898951864,81,10,0,B,7.0,51.0,False,0.580242879330333,2
1.0,4,4,0.9430173835703264,82,11,0,B,8.0,61.0,False,0.5771639769945832,2
1.0,4,4,1.0,80,12,0,B,8.0,54.0,False,0.595234168775255,2
1.0,4,4,0.8223018798926454,81,13,0,B,9.0,42.0,False,0.6335736953774549,2
1.0,4,4,1.0,101,14,0,B,7.0,65.0,False,0.5847397413591132,2
1.0,4,4,0.609986875924781,82,15,0,B,9.0,52.0,False,0.578629594257578,2
1.0,4,4,1.0,84,16,0,B,7.0,56.0,False,0.5785181461272058,2
1.0,4,4,0.8204006014333605,87,17,0,B,8.0,62.0,False,0.5911557915124851,2
1.0,4,4,1.0,81,18,0,B,7.0,48.0,False,0.6071437299998429,2
1.0,4,4,0.9823820614074044,83,19,0,B,7.0,52.0,False,0.5847895042801015,2
1.0,4,4,1.0,83,20,0,B,7.0,50.0,False,0.5780406483302872,2
1.0,4,4,0.9263422824644844,87,21,0,B,8.0,52.0,False,0.5701760661475964,2
0.0,4,4,1.0,8,22,0,B,8.0,56.0,False,0.5826035466219817,2
1.0,4,4,0.7761109804142228,83,23,0,B,8.0,66.0,False,0.5932371633382115,2
0.0,4,4,0.9402982532421498,69,24,0,B,8.0,49.0,False,0.5529836435096919,2
0.0,4,4,0.875,8,25,0,B,9.0,62.0,False,0.5940945958559227,2
1.0,4,4,1.0,92,26,0,B,9.0,51.0,False,0.5940960116063584,2
1.0,4,4,0.7522482422367331,84,27,0,B,9.0,57.0,False,0.5795235192232695,2
1.0,4,4,1.0,84,28,0,B,7.0,60.0,False,0.5630743916527876,2
1.0,4,4,0.942359325453437,82,29,0,B,8.0,60.0,False,0.6059938925899202,2
1.0,4,4,0.7772186421309468,84,30,0,B,9.0,48.0,False,0.56460289296563,2
1.0,4,4,1.0,87,31,0,B,7.0,55.0,False,0.5960414026839235,2
1.0,4,4,0.884293735518615,81,32,0,B,8.0,53.0,False,0.5966609000678883,2
1.0,4,4,0.8780668077114135,95,33,0,B,8.0,50.0,False,0.5951131983176381,2
1.0,4,4,0.7924002973140423,82,34,0,B,8.0,63.0,False,0.5942961994658683,2
1.0,4,4,0.873241738929541,81,35,0,B,8.0,57.0,False,0.5754752958872292,2
1.0,4,4,1.0,80,36,0,B,7.0,48.0,False,0.5979605874697722,2
0.0,4,4,1.0,14,37,0,B,7.0,55.0,False,0.6045420179235438,2
1.0,4,4,0.9301487944517453,83,38,0,B,8.0,63.0,False,0.5931601233508949,2
1.0,4,4,0.9327811788114831,82,39,0,B,8.0,43.0,False,0.6099283667239394,2
0.0,4,4,0.0,8,0,0,D,107.0,61.0,False,0.0004188682338384,2
0.0,4,4,0.0,8,1,0,D,110.0,63.0,False,0.0005672381463435,2
0.0,4,4,0.0,8,2,0,D,91.0,52.0,False,0.0012292926425271,2
0.0,4,4,0.0,8,3,0,D,110.0,63.0,False,0.000823091996801,2
0.0,4,4,0.0,8,4,0,D,94.0,54.0,False,0.0002033322188747,2
0.0,4,4,0.0,8,5,0,D,103.0,59.0,False,0.0008320110082742,2
0.0,4,4,0.0,8,6,0,D,105.0,60.0,False,0.0006892259067183,2
0.0,4,4,0.0082293290851218,8,7,0,D,91.0,52.0,False,0.0010853979915224,2
0.0,4,4,0.0018984347228554,8,8,0,D,116.0,66.0,False,0.0005903683068684,2
0.0,4,4,0.0,8,9,0,D,96.0,55.0,False,0.0002966476607919,2
0.0,4,4,0.0,8,10,0,D,89.0,51.0,False,0.00121955065762,2
0.0,4,4,0.0,8,11,0,D,107.0,61.0,False,0.0004441957292715,2
0.0,4,4,0.0,8,12,0,D,94.0,54.0,False,0.0013237516259394,2
0.0,4,4,0.0,8,13,0,D,74.0,42.0,False,0.0008480271390646,2
0.0,4,4,0.0,8,14,0,D,114.0,65.0,False,0.0014226930916977,2
0.0,4,4,0.0,8,15,0,D,91.0,52.0,False,0.0012091898438016,2
0.0,4,4,0.0,8,16,0,D,98.0,56.0,False,0.0009441538002863,2
0.0,4,4,0.0,8,17,0,D,108.0,62.0,False,0.0003939052708305,2
0.0,4,4,0.0,8,18,0,D,84.0,48.0,False,0.0005556866461619,2
0.0,4,4,0.0070104512541208,8,19,0,D,91.0,52.0,False,0.0013821732942693,2
0.0,4,4,0.0005111201131758,8,20,0,D,88.0,50.0,False,0.0009728479038672,2
0.0,4,4,0.0,8,21,0,D,91.0,52.0,False,0.0009060806241977,2
0.0,4,4,0.0,8,22,0,D,98.0,56.0,False,0.0016419920120819,2
0.0,4,4,0.0081775660919291,8,23,0,D,116.0,66.0,False,0.0002175572065457,2
0.0,4,4,0.0,8,24,0,D,86.0,49.0,False,0.0013259532081859,2
0.0,4,4,0.0,8,25,0,D,108.0,62.0,False,0.0005913390332009,2
0.0,4,4,0.0,8,26,0,D,89.0,51.0,False,0.0008607285996033,2
0.0,4,4,0.0,8,27,0,D,100.0,57.0,False,0.0003528443590968,2
0.0,4,4,0.0,8,28,0,D,105.0,60.0,False,0.0004963314100818,2
0.0,4,4,0.0,8,29,0,D,105.0,60.0,False,0.0008916427982665,2
0.0,4,4,0.0,8,30,0,D,84.0,48.0,False,0.001684962577322,2
0.0,4,4,0.0,8,31,0,D,96.0,55.0,False,0.0007029509656257,2
0.0,4,4,0.0,8,32,0,D,93.0,53.0,False,0.0013119955298178,2
0.0,4,4,0.0005588741187807,8,33,0,D,88.0,50.0,False,0.0004961465684223,2
0.0,4,4,0.0049444050039005,8,34,0,D,110.0,63.0,False,0.0015881758918659,2
0.0,4,4,0.0,8,35,0,D,100.0,57.0,False,0.0005100645301247,2
0.0,4,4,0.0,8,36,0,D,84.0,48.0,False,0.0020939327311098,2
0.0,4,4,0.0,8,37,0,D,96.0,55.0,False,0.0006349639198591,2
0.0,4,4,0.0,8,38,0,D,110.0,63.0,False,0.0006005676682757,2
0.0,4,4,0.0,8,39,0,D,75.0,43.0,False,0.0018598758185091,2
0.0,4,4,0.0,8,0,0,MIX_F,107.0,61.0,False,0.0004188682338384,2
0.0,4,4,0.0,8,1,0,MIX_F,110.0,63.0,False,0.0005672381463435,2
0.0,4,4,0.0,8,2,0,MIX_F,91.0,52.0,False,0.0012292926425271,2
0.0,4,4,0.0,8,3,0,MIX_F,110.0,63.0,False,0.000823091996801,2
0.0,4,4,0.0,8,4,0,MIX_F,94.0,54.0,False,0.0002033322188747,2
0.0,4,4,0.0,8,5,0,MIX_F,103.0,59.0,False,0.0008320110082742,2
0.0,4,4,0.0,8,6,0,MIX_F,105.0,60.0,False,0.0006892259067183,2
0.0,4,4,0.0,8,7,0,MIX_F,91.0,52.0,False,0.0010853979915224,2
0.0,4,4,0.0,8,8,0,MIX_F,116.0,66.0,False,0.0005903683068684,2
0.0,4,4,0.0,8,9,0,MIX_F,96.0,55.0,False,0.0002966476607919,2
0.0,4,4,0.0,8,10,0,MIX_F,89.0,51.0,False,0.00121955065762,2
0.0,4,4,0.0,8,11,0,MIX_F,107.0,61.0,False,0.0004441957292715,2
0.0,4,4,0.0,8,12,0,MIX_F,94.0,54.0,False,0.0013237516259394,2
0.0,4,4,0.0,8,13,0,MIX_F,74.0,42.0,False,0.0008480271390646,2
0.0,4,4,0.0,8,14,0,MIX_F,114.0,65.0,False,0.0014226930916977,2
0.0,4,4,0.0,8,15,0,MIX_F,91.0,52.0,False,0.0012091898438016,2
0.0,4,4,0.0,8,16,0,MIX_F,98.0,56.0,False,0.0009441538002863,2
0.0,4,4,0.0,8,17,0,MIX_F,108.0,62.0,False,0.0003939052708305,2
0.0,4,4,0.0,8,18,0,MIX_F,84.0,48.0,False,0.0005556866461619,2
0.0,4,4,0.0016001700235009,8,19,0,MIX_F,91.0,52.0,False,0.0013821732942693,2
0.0,4,4,0.0,8,20,0,MIX_F,88.0,50.0,False,0.0009728479038672,2
0.0,4,4,0.0,8,21,0,MIX_F,91.0,52.0,False,0.0009060806241977,2
0.0,4,4,0.0,8,22,0,MIX_F,98.0,56.0,False,0.0016419920120819,2
0.0,4,4,0.0,8,23,0,MIX_F,116.0,66.0,False,0.0002175572065457,2
0.0,4,4,0.0,8,24,0,MIX_F,86.0,49.0,False,0.0013259532081859,2
0.0,4,4,0.0,8,25,0,MIX_F,108.0,62.0,False,0.0005913390332009,2
0.0,4,4,0.0,8,26,0,MIX_F,89.0,51.0,False,0.0008607285996033,2
0.0,4,4,0.0,8,27,0,MIX_F,100.0,57.0,False,0.0003528443590968,2
0.0,4,4,0.0,8,28,0,MIX_F,105.0,60.0,False,0.0004963314100818,2
0.0,4,4,0.0,8,29,0,MIX_F,105.0,60.0,False,0.0008916427982665,2
0.0,4,4,0.0,8,30,0,MIX_F,84.0,48.0,False,0.001684962577322,2
0.0,4,4,0.0,8,31,0,MIX_F,96.0,55.0,False,0.0007029509656257,2
0.0,4,4,0.0,8,32,0,MIX_F,93.0,53.0,False,0.0013119955298178,2
0.0,4,4,0.0,8,33,0,MIX_F,88.0,50.0,False,0.0004961465684223,2
0.0,4,4,0.0,8,34,0,MIX_F,110.0,63.0,False,0.0015881758918659,2
0.0,4,4,0.0,8,35,0,MIX_F,100.0,57.0,False,0.0005100645301247,2
0.0,4,4,0.0,8,36,0,MIX_F,84.0,48.0,False,0.0020939327311098,2
0.0,4,4,0.0,8,37,0,MIX_F,96.0,55.0,False,0.0006349639198591,2
0.0,4,4,0.0,8,38,0,MIX_F,110.0,63.0,False,0.0006005676682757,2
0.0,4,4,0.0,8,39,0,MIX_F,75.0,43.0,False,0.0018598758185091,2
0.0,4,4,0.0017344174204485,8,0,0,MIX_M,107.0,61.0,False,0.0004188682338384,2
0.0,4,4,0.0,8,1,0,MIX_M,110.0,63.0,False,0.0005672381463435,2
0.0,4,4,0.0,8,2,0,MIX_M,91.0,52.0,False,0.0012292926425271,2
0.0,4,4,0.0,8,3,0,MIX_M,110.0,63.0,False,0.000823091996801,2
0.0,4,4,0.0,8,4,0,MIX_M,94.0,54.0,False,0.0002033322188747,2
0.0,4,4,0.0,8,5,0,MIX_M,103.0,59.0,False,0.0008320110082742,2
0.0,4,4,0.0,8,6,0,MIX_M,105.0,60.0,False,0.0006892259067183,2
0.0,4,4,0.0,8,7,0,MIX_M,91.0,52.0,False,0.0010853979915224,2
0.0,4,4,0.0,8,8,0,MIX_M,116.0,66.0,False,0.0005903683068684,2
0.0,4,4,0.0,8,9,0,MIX_M,96.0,55.0,False,0.0002966476607919,2
0.0,4,4,0.0,8,10,0,MIX_M,89.0,51.0,False,0.00121955065762,2
0.0,4,4,0.0,8,11,0,MIX_M,107.0,61.0,False,0.0004441957292715,2
0.0,4,4,0.0,8,12,0,MIX_M,94.0,54.0,False,0.0013237516259394,2
0.0,4,4,0.0,8,13,0,MIX_M,74.0,42.0,False,0.0008480271390646,2
0.0,4,4,0.0,8,14,0,MIX_M,114.0,65.0,False,0.0014226930916977,2
0.0,4,4,0.0,8,15,0,MIX_M,91.0,52.0,False,0.0012091898438016,2
0.0,4,4,0.0,8,16,0,MIX_M,98.0,56.0,False,0.0009441538002863,2
0.0,4,4,0.0,8,17,0,MIX_M,108.0,62.0,False,0.0003939052708305,2
0.0,4,4,0.0,8,18,0,MIX_M,84.0,48.0,False,0.0005556866461619,2
0.0,4,4,0.0,8,19,0,MIX_M,91.0,52.0,False,0.0013821732942693,2
0.0,4,4,0.0,8,20,0,MIX_M,88.0,50.0,False,0.0009728479038672,2
0.0,4,4,0.0,8,21,0,MIX_M,91.0,52.0,False,0.0009060806241977,2
0.0,4,4,0.0,8,22,0,MIX_M,98.0,56.0,False,0.0016419920120819,2
0.0,4,4,0.0,8,23,0,MIX_M,116.0,66.0,False,0.0002175572065457,2
0.0,4,4,0.0,8,24,0,MIX_M,86.0,49.0,False,0.0013259532081859,2
0.0,4,4,0.0,8,25,0,MIX_M,108.0,62.0,False,0.0005913390332009,2
0.0,4,4,0.0,8,26,0,MIX_M,89.0,51.0,False,0.0008607285996033,2
0.0,4,4,0.0,8,27,0,MIX_M,100.0,57.0,False,0.0003528443590968,2
0.0,4,4,0.0,8,28,0,MIX_M,105.0,60.0,False,0.0004963314100818,2
0.0,4,4,0.0,8,29,0,MIX_M,105.0,60.0,False,0.0008916427982665,2
0.0,4,4,0.0,8,30,0,MIX_M,84.0,48.0,False,0.001684962577322,2
0.0,4,4,0.0,8,31,0,MIX_M,96.0,55.0,False,0.0007029509656257,2
0.0,4,4,0.0,8,32,0,MIX_M,93.0,53.0,False,0.0013119955298178,2
0.0,4,4,0.0,8,33,0,MIX_M,88.0,50.0,False,0.0004961465684223,2
0.0,4,4,0.0,8,34,0,MIX_M,110.0,63.0,False,0.0015881758918659,2
0.0,4,4,0.0,8,35,0,MIX_M,100.0,57.0,False,0.0005100645301247,2
0.0,4,4,0.0,8,36,0,MIX_M,84.0,48.0,False,0.0020939327311098,2
0.0,4,4,0.0,8,37,0,MIX_M,96.0,55.0,False,0.0006349639198591,2
0.0,4,4,0.0,8,38,0,MIX_M,110.0,63.0,False,0.0006005676682757,2
0.0,4,4,0.0,8,39,0,MIX_M,75.0,43.0,False,0.0018598758185091,2
1.0,4,4,1.0,81,0,0,B,7.0,53.0,False,0.5920815286747562,3
1.0,4,4,0.9685623752492664,82,1,0,B,7.0,54.0,False,0.5970343853679964,3
0.0,4,4,0.98125,8,2,0,B,6.0,56.0,False,0.597084087480871,3
1.0,4,4,0.9709099893200158,80,3,0,B,7.0,62.0,False,0.600896104772047,3
1.0,4,4,1.0,80,4,0,B,7.0,41.0,False,0.590581922427904,3
1.0,4,4,1.0,86,5,0,B,6.0,37.0,False,0.5831807950921967,3
1.0,4,4,1.0,82,6,0,B,7.0,51.0,False,0.6254019275417249,3
1.0,4,4,1.0,80,7,0,B,6.0,50.0,False,0.5928756036882197,3
1.0,4,4,1.0,89,8,0,B,7.0,57.0,False,0.5876613108646845,3
1.0,4,4,0.9761747734510802,81,9,0,B,7.0,64.0,False,0.6028083465243457,3
1.0,4,4,0.9627878205128204,83,10,0,B,6.0,73.0,False,0.5899821431444465,3
1.0,4,4,1.0,90,11,0,B,6.0,57.0,False,0.6070531309198671,3
1.0,4,4,0.9881091382575756,83,12,0,B,6.0,39.0,False,0.5876414508276541,3
0.0,4,4,1.0,30,13,0,B,7.0,59.0,False,0.5898477526751191,3
1.0,4,4,1.0,84,14,0,B,7.0,70.0,False,0.6040629945933652,3
1.0,4,4,0.875,80,15,0,B,6.0,47.0,False,0.5605845440413895,3
1.0,4,4,0.8926197222222222,82,16,0,B,6.0,42.0,False,0.5974693365336187,3
1.0,4,4,1.0,81,17,0,B,7.0,55.0,False,0.5840578411756665,3
1.0,4,4,0.997965820798444,89,18,0,B,6.0,43.0,False,0.5917456581178365,3
1.0,4,4,1.0,81,19,0,B,7.0,47.0,False,0.5934995333899359,3
1.0,4,4,1.0,86,20,0,B,6.0,58.0,False,0.5846006820764431,3
1.0,4,4,0.9300383274677892,82,21,0,B,7.0,44.0,False,0.571047855262771,3
1.0,4,4,0.9808333333333332,89,22,0,B,6.0,63.0,False,0.621603996239031,3
1.0,4,4,0.9916359036796536,85,23,0,B,7.0,51.0,False,0.6068353449321905,3
1.0,4,4,1.0,83,24,0,B,7.0,50.0,False,0.5559558904916487,3
1.0,4,4,1.0,80,25,0,B,6.0,53.0,False,0.564228893116307,3
0.0,4,4,1.0,68,26,0,B,7.0,44.0,False,0.578720534917619,3
1.0,4,4,0.8202186099183721,80,27,0,B,7.0,51.0,False,0.6056890886832765,3
1.0,4,4,1.0,86,28,0,B,6.0,40.0,False,0.5895992751517221,3
1.0,4,4,0.9573053458480002,84,29,0,B,7.0,44.0,False,0.6194885867639399,3
1.0,4,4,1.0,91,30,0,B,7.0,48.0,False,0.6493037804378303,3
1.0,4,4,1.0,80,31,0,B,6.0,55.0,False,0.6248992917502844,3
1.0,4,4,1.0,82,32,0,B,6.0,48.0,False,0.6102923452225555,3
1.0,4,4,0.992605681818182,82,33,0,B,6.0,53.0,False,0.6084596941532778,3
1.0,4,4,1.0,81,34,0,B,6.0,50.0,False,0.5756036709069056,3
1.0,4,4,0.9584460140826404,83,35,0,B,7.0,51.0,False,0.5563393601485932,3
1.0,4,4,1.0,84,36,0,B,6.0,58.0,False,0.5868091529140297,3
1.0,4,4,0.992525446734638,81,37,0,B,6.0,60.0,False,0.6005102564620519,3
1.0,4,4,1.0,85,38,0,B,6.0,50.0,False,0.6051819346531887,3
1.0,4,4,0.8813315660695081,81,39,0,B,7.0,45.0,False,0.5879225767363193,3
0.0,4,4,0.0,8,0,0,D,93.0,53.0,False,0.0009651192838691,3
0.0,4,4,0.0,8,1,0,D,94.0,54.0,False,0.0010427809218545,3
0.0,4,4,0.0,8,2,0,D,98.0,56.0,False,0.0015232642981866,3
0.0,4,4,0.0240225795529469,8,3,0,D,108.0,62.0,False,0.0018299820774536,3
0.0,4,4,0.0209876294004442,8,4,0,D,72.0,41.0,False,0.0023671874530736,3
0.0,4,4,0.0,8,5,0,D,65.0,37.0,False,0.0046486021530644,3
0.0,4,4,0.0061905420491802,8,6,0,D,89.0,51.0,False,0.0008581371537776,3
0.0,4,4,0.0339925015483494,8,7,0,D,88.0,50.0,False,0.0014285583767723,3
0.0,4,4,0.0,8,8,0,D,100.0,57.0,False,0.0011763345470396,3
0.0,4,4,0.0,8,9,0,D,112.0,64.0,False,0.000819830111913,3
0.0,4,4,0.0012154527495474,8,10,0,D,128.0,73.0,False,0.0003967100321788,3
0.0,4,4,0.0,8,11,0,D,100.0,57.0,False,0.0005072071607867,3
0.0,4,4,0.0,8,12,0,D,68.0,39.0,False,0.0040658492863835,3
0.0,4,4,0.0,8,13,0,D,103.0,59.0,False,0.0005731596755687,3
0.0,4,4,0.0145154262690666,8,14,0,D,122.0,70.0,False,0.0014816534607368,3
0.0,4,4,0.0,8,15,0,D,82.0,47.0,False,0.0017093797391556,3
0.0,4,4,0.0,8,16,0,D,74.0,42.0,False,0.0020160309018043,3
0.0,4,4,0.0,8,17,0,D,96.0,55.0,False,0.0002776264415774,3
0.0,4,4,0.0,8,18,0,D,75.0,43.0,False,0.001339180392473,3
0.0,4,4,0.0,8,19,0,D,82.0,47.0,False,0.0019014784707367,3
0.0,4,4,0.0021979172134497,8,20,0,D,102.0,58.0,False,0.0006042160481371,3
0.0,4,4,0.0,8,21,0,D,77.0,44.0,False,0.0027730000894725,3
0.0,4,4,0.0,8,22,0,D,110.0,63.0,False,0.0006105367399317,3
0.0,4,4,0.0,8,23,0,D,89.0,51.0,False,0.0012936576366853,3
0.0,4,4,0.0368684335655185,8,24,0,D,88.0,50.0,False,0.000992734305487,3
0.0,4,4,0.0,8,25,0,D,93.0,53.0,False,0.0018529022528992,3
0.0,4,4,0.0,8,26,0,D,77.0,44.0,False,0.0031420497584367,3
0.0,4,4,0.0,8,27,0,D,89.0,51.0,False,0.0022935300289908,3
0.0,4,4,0.0,8,28,0,D,70.0,40.0,False,0.0021784598762858,3
0.0,4,4,0.0,8,29,0,D,77.0,44.0,False,0.0020343379351982,3
0.0,4,4,0.0,8,30,0,D,84.0,48.0,False,0.0015098621681489,3
0.0,4,4,0.0,8,31,0,D,96.0,55.0,False,0.0012921873404111,3
0.0,4,4,0.0,8,32,0,D,84.0,48.0,False,0.0018656720212596,3
0.0,4,4,0.0,8,33,0,D,93.0,53.0,False,0.0006482094085305,3
0.0,4,4,0.0011277691785616,8,34,0,D,88.0,50.0,False,0.0013576358125815,3
0.0,4,4,0.0,8,35,0,D,89.0,51.0,False,0.000918105008712,3
0.0,4,4,0.0,8,36,0,D,102.0,58.0,False,0.0005581901080277,3
0.0,4,4,0.0,8,37,0,D,105.0,60.0,False,0.0018626257896816,3
0.0,4,4,0.0,8,38,0,D,88.0,50.0,False,0.0005968485123309,3
0.0,4,4,0.0,8,39,0,D,79.0,45.0,False,0.0015380217987896,3
0.0,4,4,0.0,8,0,0,MIX_F,93.0,53.0,False,0.0009651192838691,3
0.0,4,4,0.0,8,1,0,MIX_F,94.0,54.0,False,0.0010427809218545,3
0.0,4,4,0.0,8,2,0,MIX_F,98.0,56.0,False,0.0015232642981866,3
0.0,4,4,0.0,8,3,0,MIX_F,108.0,62.0,False,0.0018299820774536,3
0.0,4,4,0.0,8,4,0,MIX_F,72.0,41.0,False,0.0023671874530736,3
0.0,4,4,0.0,8,5,0,MIX_F,65.0,37.0,False,0.0046486021530644,3
0.0,4,4,0.0,8,6,0,MIX_F,89.0,51.0,False,0.0008581371537776,3
0.0,4,4,0.0,8,7,0,MIX_F,88.0,50.0,False,0.0014285583767723,3
0.0,4,4,0.0,8,8,0,MIX_F,100.0,57.0,False,0.0011763345470396,3
0.0,4,4,0.0,8,9,0,MIX_F,112.0,64.0,False,0.000819830111913,3
0.0,4,4,0.0,8,10,0,MIX_F,128.0,73.0,False,0.0003967100321788,3
0.0,4,4,0.0,8,11,0,MIX_F,100.0,57.0,False,0.0005072071607867,3
0.0,4,4,0.0,8,12,0,MIX_F,68.0,39.0,False,0.0040658492863835,3
0.0,4,4,0.0,8,13,0,MIX_F,103.0,59.0,False,0.0005731596755687,3
0.0,4,4,0.0,8,14,0,MIX_F,122.0,70.0,False,0.0014816534607368,3
0.0,4,4,0.0,8,15,0,MIX_F,82.0,47.0,False,0.0017093797391556,3
0.0,4,4,0.0,8,16,0,MIX_F,74.0,42.0,False,0.0020160309018043,3
0.0,4,4,0.0,8,17,0,MIX_F,96.0,55.0,False,0.0002776264415774,3
0.0,4,4,0.0,8,18,0,MIX_F,75.0,43.0,False,0.001339180392473,3
0.0,4,4,0.0,8,19,0,MIX_F,82.0,47.0,False,0.0019014784707367,3
0.0,4,4,0.0058437076260799,8,20,0,MIX_F,102.0,58.0,False,0.0006042160481371,3
0.0,4,4,0.0152968857257317,8,21,0,MIX_F,77.0,44.0,False,0.0027730000894725,3
0.0,4,4,0.0,8,22,0,MIX_F,110.0,63.0,False,0.0006105367399317,3
0.0,4,4,0.0,8,23,0,MIX_F,89.0,51.0,False,0.0012936576366853,3
0.0,4,4,0.0,8,24,0,MIX_F,88.0,50.0,False,0.000992734305487,3
0.0,4,4,0.0,8,25,0,MIX_F,93.0,53.0,False,0.0018529022528992,3
0.0,4,4,0.0,8,26,0,MIX_F,77.0,44.0,False,0.0031420497584367,3
0.0,4,4,0.0,8,27,0,MIX_F,89.0,51.0,False,0.0022935300289908,3
0.0,4,4,0.0,8,28,0,MIX_F,70.0,40.0,False,0.0021784598762858,3
0.0,4,4,0.0,8,29,0,MIX_F,77.0,44.0,False,0.0020343379351982,3
0.0,4,4,0.0,8,30,0,MIX_F,84.0,48.0,False,0.0015098621681489,3
0.0,4,4,0.0,8,31,0,MIX_F,96.0,55.0,False,0.0012921873404111,3
0.0,4,4,0.0,8,32,0,MIX_F,84.0,48.0,False,0.0018656720212596,3
0.0,4,4,0.0,8,33,0,MIX_F,93.0,53.0,False,0.0006482094085305,3
0.0,4,4,0.0,8,34,0,MIX_F,88.0,50.0,False,0.0013576358125815,3
0.0,4,4,0.0,8,35,0,MIX_F,89.0,51.0,False,0.000918105008712,3
0.0,4,4,0.0,8,36,0,MIX_F,102.0,58.0,False,0.0005581901080277,3
0.0,4,4,0.0,8,37,0,MIX_F,105.0,60.0,False,0.0018626257896816,3
0.0,4,4,0.0,8,38,0,MIX_F,88.0,50.0,False,0.0005968485123309,3
0.0,4,4,0.0,8,39,0,MIX_F,79.0,45.0,False,0.0015380217987896,3
0.0,4,4,0.0,8,0,0,MIX_M,93.0,53.0,False,0.0009651192838691,3
0.0,4,4,0.0,8,1,0,MIX_M,94.0,54.0,False,0.0010427809218545,3
0.0,4,4,0.0,8,2,0,MIX_M,98.0,56.0,False,0.0015232642981866,3
0.0,4,4,0.0773513663158993,8,3,0,MIX_M,108.0,62.0,False,0.0018299820774536,3
0.0,4,4,0.0,8,4,0,MIX_M,72.0,41.0,False,0.0023671874530736,3
0.0,4,4,0.0,8,5,0,MIX_M,65.0,37.0,False,0.0046486021530644,3
0.0,4,4,0.0,8,6,0,MIX_M,89.0,51.0,False,0.0008581371537776,3
0.0,4,4,0.0,8,7,0,MIX_M,88.0,50.0,False,0.0014285583767723,3
0.0,4,4,0.0,8,8,0,MIX_M,100.0,57.0,False,0.0011763345470396,3
0.0,4,4,0.0,8,9,0,MIX_M,112.0,64.0,False,0.000819830111913,3
0.0,4,4,0.0,8,10,0,MIX_M,128.0,73.0,False,0.0003967100321788,3
0.0,4,4,0.0,8,11,0,MIX_M,100.0,57.0,False,0.0005072071607867,3
0.0,4,4,0.0,8,12,0,MIX_M,68.0,39.0,False,0.0040658492863835,3
0.0,4,4,0.0,8,13,0,MIX_M,103.0,59.0,False,0.0005731596755687,3
0.0,4,4,0.0,8,14,0,MIX_M,122.0,70.0,False,0.0014816534607368,3
0.0,4,4,0.0,8,15,0,MIX_M,82.0,47.0,False,0.0017093797391556,3
0.0,4,4,0.0,8,16,0,MIX_M,74.0,42.0,False,0.0020160309018043,3
0.0,4,4,0.0,8,17,0,MIX_M,96.0,55.0,False,0.0002776264415774,3
0.0,4,4,0.0,8,18,0,MIX_M,75.0,43.0,False,0.001339180392473,3
0.0,4,4,0.0,8,19,0,MIX_M,82.0,47.0,False,0.0019014784707367,3
0.0,4,4,0.0,8,20,0,MIX_M,102.0,58.0,False,0.0006042160481371,3
0.0,4,4,0.0,8,21,0,MIX_M,77.0,44.0,False,0.0027730000894725,3
0.0,4,4,0.0,8,22,0,MIX_M,110.0,63.0,False,0.0006105367399317,3
0.0,4,4,0.0,8,23,0,MIX_M,89.0,51.0,False,0.0012936576366853,3
0.0,4,4,0.0,8,24,0,MIX_M,88.0,50.0,False,0.000992734305487,3
0.0,4,4,0.0,8,25,0,MIX_M,93.0,53.0,False,0.0018529022528992,3
0.0,4,4,0.0,8,26,0,MIX_M,77.0,44.0,False,0.0031420497584367,3
0.0,4,4,0.0,8,27,0,MIX_M,89.0,51.0,False,0.0022935300289908,3
0.0,4,4,0.0,8,28,0,MIX_M,70.0,40.0,False,0.0021784598762858,3
0.0,4,4,0.0,8,29,0,MIX_M,77.0,44.0,False,0.0020343379351982,3
0.0,4,4,0.0,8,30,0,MIX_M,84.0,48.0,False,0.0015098621681489,3
0.0,4,4,0.0,8,31,0,MIX_M,96.0,55.0,False,0.0012921873404111,3
0.0,4,4,0.0,8,32,0,MIX_M,84.0,48.0,False,0.0018656720212596,3
0.0,4,4,0.0,8,33,0,MIX_M,93.0,53.0,False,0.0006482094085305,3
0.0,4,4,0.0,8,34,0,MIX_M,88.0,50.0,False,0.0013576358125815,3
0.0,4,4,0.0,8,35,0,MIX_M,89.0,51.0,False,0.000918105008712,3
0.0,4,4,0.0,8,36,0,MIX_M,102.0,58.0,False,0.0005581901080277,3
0.0,4,4,0.0,8,37,0,MIX_M,105.0,60.0,False,0.0018626257896816,3
0.0,4,4,0.0,8,38,0,MIX_M,88.0,50.0,False,0.0005968485123309,3
0.0,4,4,0.0,8,39,0,MIX_M,79.0,45.0,False,0.0015380217987896,3
1.0,4,4,1.0,86,0,0,B,6.0,53.0,False,0.6280108163011384,4
1.0,4,4,1.0,89,1,0,B,7.0,46.0,False,0.6158909709873948,4
1.0,4,4,1.0,92,2,0,B,7.0,54.0,False,0.6160627124665359,4
1.0,4,4,1.0,84,3,0,B,6.0,59.0,False,0.6265069864133931,4
1.0,4,4,1.0,83,4,0,B,7.0,62.0,False,0.5990253532398019,4
1.0,4,4,1.0,107,5,0,B,7.0,53.0,False,0.5738353688208251,4
1.0,4,4,0.9950223379173084,81,6,0,B,7.0,55.0,False,0.6231308506373522,4
1.0,4,4,1.0,80,7,0,B,6.0,52.0,False,0.6089617958847084,4
1.0,4,4,0.875,84,8,0,B,7.0,53.0,False,0.5728902671243077,4
1.0,4,4,1.0,93,9,0,B,6.0,52.0,False,0.59034163272476,4
1.0,4,4,0.9908005578098172,83,10,0,B,6.0,48.0,False,0.621739279533875,4
1.0,4,4,1.0,85,11,0,B,6.0,65.0,False,0.5871583379609453,4
1.0,4,4,0.875,84,12,0,B,6.0,66.0,False,0.6143634594055949,4
1.0,4,4,1.0,85,13,0,B,7.0,51.0,False,0.5974015152350387,4
1.0,4,4,0.9883511904761904,80,14,0,B,7.0,50.0,False,0.5980680022997853,4
1.0,4,4,0.9152907157741792,86,15,0,B,6.0,51.0,False,0.6016690328629971,4
1.0,4,4,1.0,80,16,0,B,5.0,46.0,False,0.5959406745601095,4
1.0,4,4,1.0,81,17,0,B,6.0,68.0,False,0.6267624049831042,4
1.0,4,4,0.8756178361278569,80,18,0,B,7.0,61.0,False,0.5897367843142228,4
1.0,4,4,1.0,83,19,0,B,6.0,68.0,False,0.5901908447533525,4
1.0,4,4,1.0,81,20,0,B,7.0,51.0,False,0.5780089447078328,4
1.0,4,4,1.0,80,21,0,B,6.0,47.0,False,0.6264021156705568,4
1.0,4,4,1.0,81,22,0,B,6.0,66.0,False,0.5984210388189578,4
1.0,4,4,1.0,84,23,0,B,6.0,62.0,False,0.5991201321319395,4
1.0,4,4,0.9842841524886072,83,24,0,B,6.0,60.0,False,0.5977274294780096,4
1.0,4,4,1.0,81,25,0,B,6.0,50.0,False,0.6211123574776406,4
1.0,4,4,1.0,84,26,0,B,7.0,45.0,False,0.6009056247922707,4
1.0,4,4,1.0,90,27,0,B,7.0,45.0,False,0.6023554795866812,4
1.0,4,4,0.9573290864901964,81,28,0,B,7.0,69.0,False,0.5747219730252257,4
1.0,4,4,0.865382425709825,84,29,0,B,7.0,66.0,False,0.5865788423010483,4
1.0,4,4,0.9725449208973526,80,30,0,B,7.0,66.0,False,0.5766849017813914,4
1.0,4,4,0.99290147142094,82,31,0,B,7.0,54.0,False,0.5961331134376735,4
1.0,4,4,1.0,84,32,0,B,6.0,47.0,False,0.6291894559991019,4
1.0,4,4,0.9800669147367924,81,33,0,B,6.0,48.0,False,0.6038487139633326,4
1.0,4,4,1.0,81,34,0,B,7.0,71.0,False,0.626286052558168,4
1.0,4,4,1.0,81,35,0,B,7.0,66.0,False,0.5905998851234282,4
1.0,4,4,0.9672533639004844,80,36,0,B,6.0,51.0,False,0.5948514700269103,4
1.0,4,4,1.0,84,37,0,B,7.0,52.0,False,0.6203988638326863,4
1.0,4,4,0.875,80,38,0,B,7.0,47.0,False,0.553106778138374,4
1.0,4,4,1.0,82,39,0,B,7.0,53.0,False,0.6127029249691079,4
0.0,4,4,0.0,8,0,0,D,93.0,53.0,False,0.0010771009740714,4
0.0,4,4,0.0046131213282208,8,1,0,D,80.0,46.0,False,0.0009948484967269,4
0.0,4,4,0.0100018015777965,8,2,0,D,94.0,54.0,False,0.0017160012021371,4
0.0,4,4,0.0,8,3,0,D,103.0,59.0,False,0.0013242608687097,4
0.0,4,4,0.0,8,4,0,D,108.0,62.0,False,0.0005334758789152,4
0.0,4,4,0.0,8,5,0,D,93.0,53.0,False,0.0019967598815474,4
0.0,4,4,0.0,8,6,0,D,96.0,55.0,False,0.0011628836165187,4
0.0,4,4,0.0,8,7,0,D,91.0,52.0,False,0.0014194331948805,4
0.0,4,4,0.0,8,8,0,D,93.0,53.0,False,0.0008664925738172,4
0.0,4,4,0.0,8,9,0,D,91.0,52.0,False,0.0031206041688741,4
0.0,4,4,0.0,8,10,0,D,84.0,48.0,False,0.0017549485725091,4
0.0,4,4,0.0,8,11,0,D,114.0,65.0,False,0.0008800706403151,4
0.0,4,4,0.0097567841339702,8,12,0,D,116.0,66.0,False,0.0024507585551034,4
0.0,4,4,0.0,8,13,0,D,89.0,51.0,False,0.0007614424019346,4
0.0,4,4,0.0,8,14,0,D,88.0,50.0,False,0.0018624504910379,4
0.0,4,4,0.0,8,15,0,D,89.0,51.0,False,0.0014583551524348,4
0.0,4,4,0.0154270053881626,8,16,0,D,80.0,46.0,False,0.0035237586697435,4
0.0,4,4,0.0,8,17,0,D,119.0,68.0,False,0.0020846964216287,4
0.0,4,4,0.0,8,18,0,D,107.0,61.0,False,0.0004104543702931,4
0.0,4,4,0.0410864938440189,8,19,0,D,119.0,68.0,False,0.0026143180629472,4
0.0,4,4,0.0,8,20,0,D,89.0,51.0,False,0.0021292698117425,4
0.0,4,4,0.0026379508458017,8,21,0,D,82.0,47.0,False,0.0020750853770857,4
0.0,4,4,0.0,8,22,0,D,116.0,66.0,False,0.0008274334526975,4
0.0,4,4,0.0,8,23,0,D,108.0,62.0,False,0.0010841044566176,4
0.0,4,4,0.0,8,24,0,D,105.0,60.0,False,0.0011237088377529,4
0.0,4,4,0.0,8,25,0,D,88.0,50.0,False,0.0014496947060237,4
0.0,4,4,0.0,8,26,0,D,79.0,45.0,False,0.0022275181510758,4
0.0,4,4,0.0,8,27,0,D,79.0,45.0,False,0.0025262799628644,4
0.0,4,4,0.0044488550043105,8,28,0,D,121.0,69.0,False,0.0035696950481227,4
0.0,4,4,0.0116489566626832,8,29,0,D,116.0,66.0,False,0.0023124872489639,4
0.0,4,4,0.0,8,30,0,D,116.0,66.0,False,0.0027579475115013,4
0.0,4,4,0.0,8,31,0,D,94.0,54.0,False,0.0027643275152817,4
0.0,4,4,0.0,8,32,0,D,82.0,47.0,False,0.0011786587450944,4
0.0,4,4,0.0,8,33,0,D,84.0,48.0,False,0.0029614273569039,4
0.0,4,4,0.0,8,34,0,D,124.0,71.0,False,0.0037082521310567,4
0.0,4,4,0.0,8,35,0,D,116.0,66.0,False,0.0008768594378902,4
0.0,4,4,0.0,8,36,0,D,89.0,51.0,False,0.0023493321155906,4
0.0,4,4,0.0,8,37,0,D,91.0,52.0,False,0.0033556980949234,4
0.0,4,4,0.0,8,38,0,D,82.0,47.0,False,0.0017924776277991,4
0.0,4,4,0.0,8,39,0,D,93.0,53.0,False,0.0013477206677653,4
0.0,4,4,0.0,8,0,0,MIX_F,93.0,53.0,False,0.0010771009740714,4
0.0,4,4,0.0,8,1,0,MIX_F,80.0,46.0,False,0.0009948484967269,4
0.0,4,4,0.0,8,2,0,MIX_F,94.0,54.0,False,0.0017160012021371,4
0.0,4,4,0.0,8,3,0,MIX_F,103.0,59.0,False,0.0013242608687097,4
0.0,4,4,0.0,8,4,0,MIX_F,108.0,62.0,False,0.0005334758789152,4
0.0,4,4,0.0,8,5,0,MIX_F,93.0,53.0,False,0.0019967598815474,4
0.0,4,4,0.0,8,6,0,MIX_F,96.0,55.0,False,0.0011628836165187,4
0.0,4,4,0.0,8,7,0,MIX_F,91.0,52.0,False,0.0014194331948805,4
0.0,4,4,0.0,8,8,0,MIX_F,93.0,53.0,False,0.0008664925738172,4
0.0,4,4,0.0,8,9,0,MIX_F,91.0,52.0,False,0.0031206041688741,4
0.0,4,4,0.0,8,10,0,MIX_F,84.0,48.0,False,0.0017549485725091,4
0.0,4,4,0.0,8,11,0,MIX_F,114.0,65.0,False,0.0008800706403151,4
0.0,4,4,0.0,8,12,0,MIX_F,116.0,66.0,False,0.0024507585551034,4
0.0,4,4,0.0,8,13,0,MIX_F,89.0,51.0,False,0.0007614424019346,4
0.0,4,4,0.0,8,14,0,MIX_F,88.0,50.0,False,0.0018624504910379,4
0.0,4,4,0.0,8,15,0,MIX_F,89.0,51.0,False,0.0014583551524348,4
0.0,4,4,0.0,8,16,0,MIX_F,80.0,46.0,False,0.0035237586697435,4
0.0,4,4,0.0,8,17,0,MIX_F,119.0,68.0,False,0.0020846964216287,4
0.0,4,4,0.0,8,18,0,MIX_F,107.0,61.0,False,0.0004104543702931,4
0.0,4,4,0.0345750861722041,8,19,0,MIX_F,119.0,68.0,False,0.0026143180629472,4
0.0,4,4,0.001974641391965,8,20,0,MIX_F,89.0,51.0,False,0.0021292698117425,4
0.0,4,4,0.0,8,21,0,MIX_F,82.0,47.0,False,0.0020750853770857,4
0.0,4,4,0.0,8,22,0,MIX_F,116.0,66.0,False,0.0008274334526975,4
0.0,4,4,0.0024517652359058,8,23,0,MIX_F,108.0,62.0,False,0.0010841044566176,4
0.0,4,4,0.0,8,24,0,MIX_F,105.0,60.0,False,0.0011237088377529,4
0.0,4,4,0.0026765362727046,8,25,0,MIX_F,88.0,50.0,False,0.0014496947060237,4
0.0,4,4,0.0695298301150115,8,26,0,MIX_F,79.0,45.0,False,0.0022275181510758,4
0.0,4,4,0.0,8,27,0,MIX_F,79.0,45.0,False,0.0025262799628644,4
0.0,4,4,0.0,8,28,0,MIX_F,121.0,69.0,False,0.0035696950481227,4
0.0,4,4,0.0115288405740011,8,29,0,MIX_F,116.0,66.0,False,0.0023124872489639,4
0.0,4,4,0.0,8,30,0,MIX_F,116.0,66.0,False,0.0027579475115013,4
0.0,4,4,0.0,8,31,0,MIX_F,94.0,54.0,False,0.0027643275152817,4
0.0,4,4,0.0,8,32,0,MIX_F,82.0,47.0,False,0.0011786587450944,4
0.0,4,4,0.0150482302846504,8,33,0,MIX_F,84.0,48.0,False,0.0029614273569039,4
0.0,4,4,0.009738787199733,8,34,0,MIX_F,124.0,71.0,False,0.0037082521310567,4
0.0,4,4,0.0,8,35,0,MIX_F,116.0,66.0,False,0.0008768594378902,4
0.0,4,4,0.0,8,36,0,MIX_F,89.0,51.0,False,0.0023493321155906,4
0.0,4,4,0.0,8,37,0,MIX_F,91.0,52.0,False,0.0033556980949234,4
0.0,4,4,0.0,8,38,0,MIX_F,82.0,47.0,False,0.0017924776277991,4
0.0,4,4,0.0,8,39,0,MIX_F,93.0,53.0,False,0.0013477206677653,4
0.0,4,4,0.0,8,0,0,MIX_M,93.0,53.0,False,0.0010771009740714,4
0.0,4,4,0.0,8,1,0,MIX_M,80.0,46.0,False,0.0009948484967269,4
0.0,4,4,0.003112832440696,8,2,0,MIX_M,94.0,54.0,False,0.0017160012021371,4
0.0,4,4,0.0,8,3,0,MIX_M,103.0,59.0,False,0.0013242608687097,4
0.0,4,4,0.0,8,4,0,MIX_M,108.0,62.0,False,0.0005334758789152,4
0.0,4,4,0.0,8,5,0,MIX_M,93.0,53.0,False,0.0019967598815474,4
0.0,4,4,0.0,8,6,0,MIX_M,96.0,55.0,False,0.0011628836165187,4
0.0,4,4,0.0,8,7,0,MIX_M,91.0,52.0,False,0.0014194331948805,4
0.0,4,4,0.0,8,8,0,MIX_M,93.0,53.0,False,0.0008664925738172,4
0.0,4,4,0.0,8,9,0,MIX_M,91.0,52.0,False,0.0031206041688741,4
0.0,4,4,0.0,8,10,0,MIX_M,84.0,48.0,False,0.0017549485725091,4
0.0,4,4,0.0,8,11,0,MIX_M,114.0,65.0,False,0.0008800706403151,4
0.0,4,4,0.0,8,12,0,MIX_M,116.0,66.0,False,0.0024507585551034,4
0.0,4,4,0.0,8,13,0,MIX_M,89.0,51.0,False,0.0007614424019346,4
0.0,4,4,0.0,8,14,0,MIX_M,88.0,50.0,False,0.0018624504910379,4
0.0,4,4,0.0,8,15,0,MIX_M,89.0,51.0,False,0.0014583551524348,4
0.0,4,4,0.0,8,16,0,MIX_M,80.0,46.0,False,0.0035237586697435,4
0.0,4,4,0.0,8,17,0,MIX_M,119.0,68.0,False,0.0020846964216287,4
0.0,4,4,0.0019985651377291,8,18,0,MIX_M,107.0,61.0,False,0.0004104543702931,4
0.0,4,4,0.0,8,19,0,MIX_M,119.0,68.0,False,0.0026143180629472,4
0.0,4,4,0.0222596967475781,8,20,0,MIX_M,89.0,51.0,False,0.0021292698117425,4
0.0,4,4,0.0,8,21,0,MIX_M,82.0,47.0,False,0.0020750853770857,4
0.0,4,4,0.0,8,22,0,MIX_M,116.0,66.0,False,0.0008274334526975,4
0.0,4,4,0.0005576518059247,8,23,0,MIX_M,108.0,62.0,False,0.0010841044566176,4
0.0,4,4,0.0,8,24,0,MIX_M,105.0,60.0,False,0.0011237088377529,4
0.0,4,4,0.0,8,25,0,MIX_M,88.0,50.0,False,0.0014496947060237,4
0.0,4,4,0.0,8,26,0,MIX_M,79.0,45.0,False,0.0022275181510758,4
0.0,4,4,0.0,8,27,0,MIX_M,79.0,45.0,False,0.0025262799628644,4
0.0,4,4,0.008897710008621,8,28,0,MIX_M,121.0,69.0,False,0.0035696950481227,4
0.0,4,4,0.0121979827757699,8,29,0,MIX_M,116.0,66.0,False,0.0023124872489639,4
0.0,4,4,0.0,8,30,0,MIX_M,116.0,66.0,False,0.0027579475115013,4
0.0,4,4,0.0,8,31,0,MIX_M,94.0,54.0,False,0.0027643275152817,4
0.0,4,4,0.0,8,32,0,MIX_M,82.0,47.0,False,0.0011786587450944,4
0.0,4,4,0.0,8,33,0,MIX_M,84.0,48.0,False,0.0029614273569039,4
0.0,4,4,0.0790398825590013,8,34,0,MIX_M,124.0,71.0,False,0.0037082521310567,4
0.0,4,4,0.0,8,35,0,MIX_M,116.0,66.0,False,0.0008768594378902,4
0.0,4,4,0.0,8,36,0,MIX_M,89.0,51.0,False,0.0023493321155906,4
0.0,4,4,0.0,8,37,0,MIX_M,91.0,52.0,False,0.0033556980949234,4
0.0,4,4,0.0,8,38,0,MIX_M,82.0,47.0,False,0.0017924776277991,4
0.0,4,4,0.0,8,39,0,MIX_M,93.0,53.0,False,0.0013477206677653,4
1.0,4,4,1.0,85,0,0,B,7.0,59.0,False,0.6165273881278948,5
1.0,4,4,0.9442423895142686,81,1,0,B,7.0,61.0,False,0.6065432763498212,5
1.0,4,4,1.0,83,2,0,B,6.0,51.0,False,0.5671157716793856,5
1.0,4,4,0.982101143078893,80,3,0,B,7.0,53.0,False,0.6132978219720854,5
1.0,4,4,0.9377708333333332,87,4,0,B,6.0,57.0,False,0.598322694414634,5
1.0,4,4,1.0,83,5,0,B,7.0,50.0,False,0.6069079401509719,5
1.0,4,4,1.0,86,6,0,B,6.0,61.0,False,0.5806863573212804,5
1.0,4,4,0.9429330291683274,80,7,0,B,6.0,53.0,False,0.5449048713962128,5
1.0,4,4,0.9576163101604278,90,8,0,B,6.0,55.0,False,0.6223486995710542,5
1.0,4,4,1.0,81,9,0,B,6.0,56.0,False,0.6166376481425412,5
1.0,4,4,1.0,83,10,0,B,6.0,55.0,False,0.5903892969542471,5
1.0,4,4,1.0,87,11,0,B,6.0,51.0,False,0.6251019663732659,5
1.0,4,4,1.0,87,12,0,B,6.0,58.0,False,0.5950257020731372,5
1.0,4,4,1.0,80,13,0,B,7.0,65.0,False,0.5965376536043698,5
1.0,4,4,1.0,89,14,0,B,7.0,63.0,False,0.617783406096918,5
1.0,4,4,0.9296597843197276,81,15,0,B,7.0,52.0,False,0.6151127399808776,5
1.0,4,4,0.9804700143415952,88,16,0,B,7.0,68.0,False,0.5884190898202539,5
1.0,4,4,0.9053384769728036,88,17,0,B,6.0,49.0,False,0.6304803020259067,5
1.0,4,4,0.75,81,18,0,B,7.0,65.0,False,0.5599919805333428,5
1.0,4,4,0.999083654380058,84,19,0,B,7.0,58.0,False,0.607491589245399,5
1.0,4,4,1.0,81,20,0,B,6.0,56.0,False,0.6039606783836701,5
1.0,4,4,0.9684652067303112,82,21,0,B,7.0,56.0,False,0.5694123474808118,5
1.0,4,4,1.0,82,22,0,B,6.0,63.0,False,0.6113094003714346,5
1.0,4,4,1.0,87,23,0,B,6.0,52.0,False,0.6216167990192752,5
1.0,4,4,1.0,87,24,0,B,6.0,58.0,False,0.6081414133651745,5
1.0,4,4,1.0,83,25,0,B,7.0,69.0,False,0.6001576906659654,5
1.0,4,4,1.0,84,26,0,B,7.0,49.0,False,0.6019592285486762,5
1.0,4,4,1.0,87,27,0,B,7.0,64.0,False,0.5646618390807651,5
1.0,4,4,0.875680501023026,96,28,0,B,7.0,78.0,False,0.5900195053541131,5
1.0,4,4,1.0,87,29,0,B,6.0,52.0,False,0.622463989349837,5
1.0,4,4,1.0,84,30,0,B,6.0,67.0,False,0.6140215033776067,5
1.0,4,4,0.9927434883935512,83,31,0,B,6.0,64.0,False,0.6115708417342534,5
1.0,4,4,0.8234233316111969,82,32,0,B,6.0,70.0,False,0.6047581403558254,5
0.0,4,4,1.0,8,33,0,B,7.0,62.0,False,0.5657921055124833,5
1.0,4,4,1.0,80,34,0,B,7.0,60.0,False,0.6124881352558844,5
1.0,4,4,1.0,80,35,0,B,6.0,44.0,False,0.6224811121334065,5
1.0,4,4,1.0,81,36,0,B,6.0,56.0,False,0.5694363739595016,5
1.0,4,4,1.0,82,37,0,B,6.0,50.0,False,0.6109893998563272,5
1.0,4,4,0.9653233244989972,84,38,0,B,7.0,72.0,False,0.589492654152363,5
1.0,4,4,0.91189453125,84,39,0,B,7.0,61.0,False,0.5927062331702782,5
0.0,4,4,0.0194049793815906,8,0,0,D,103.0,59.0,False,0.0026743231182474,5
0.0,4,4,0.0,8,1,0,D,107.0,61.0,False,0.0015602920607738,5
0.0,4,4,0.0,8,2,0,D,89.0,51.0,False,0.002924493818041,5
0.0,4,4,0.0,8,3,0,D,93.0,53.0,False,0.0031440195758054,5
0.0,4,4,0.0503805063121406,8,4,0,D,100.0,57.0,False,0.0024334533845031,5
0.0,4,4,0.023058479270846,8,5,0,D,88.0,50.0,False,0.0040740641439313,5
0.0,4,4,0.0,8,6,0,D,107.0,61.0,False,0.0017192240455177,5
0.0,4,4,0.0,8,7,0,D,93.0,53.0,False,0.0033314517289188,5
0.0,4,4,0.0,8,8,0,D,96.0,55.0,False,0.0012447481060585,5
0.0,4,4,0.0,8,9,0,D,98.0,56.0,False,0.0013768260323481,5
0.0,4,4,0.0107606700289728,8,10,0,D,96.0,55.0,False,0.0016381689882559,5
0.0,4,4,0.0,8,11,0,D,89.0,51.0,False,0.0027571054520764,5
0.0,4,4,0.0,8,12,0,D,102.0,58.0,False,0.0022994471373156,5
0.0,4,4,0.0,8,13,0,D,114.0,65.0,False,0.0013098953143055,5
0.0,4,4,0.0019832577520039,8,14,0,D,110.0,63.0,False,0.002784553381855,5
0.0,4,4,0.0,8,15,0,D,91.0,52.0,False,0.0025457856263204,5
0.0,4,4,0.0,8,16,0,D,119.0,68.0,False,0.0018827653106602,5
0.0,4,4,0.0,8,17,0,D,86.0,49.0,False,0.0037941837810148,5
0.0,4,4,0.0275278610107052,8,18,0,D,114.0,65.0,False,0.0032538058971247,5
0.0,4,4,0.0214537061283048,8,19,0,D,102.0,58.0,False,0.0014397950197477,5
0.0,4,4,0.0,8,20,0,D,98.0,56.0,False,0.0011998031495894,5
0.0,4,4,0.0055479766145494,8,21,0,D,98.0,56.0,False,0.0033372372530425,5
0.0,4,4,0.0,8,22,0,D,110.0,63.0,False,0.002092289643152,5
0.0,4,4,0.0,8,23,0,D,91.0,52.0,False,0.0038236898820438,5
0.0,4,4,0.0,8,24,0,D,102.0,58.0,False,0.0022730105841525,5
0.0,4,4,0.0022357098241856,8,25,0,D,121.0,69.0,False,0.0006906758358199,5
0.0,4,4,0.0167059645609356,8,26,0,D,86.0,49.0,False,0.0045316098571584,5
0.0,4,4,0.0,8,27,0,D,112.0,64.0,False,0.0016035935110704,5
0.0,4,4,0.0002023929695393,8,28,0,D,136.0,78.0,False,0.0022849337935895,5
0.0,4,4,0.0,8,29,0,D,91.0,52.0,False,0.0020790789296233,5
0.0,4,4,0.0039669491153314,8,30,0,D,117.0,67.0,False,0.0022173055087877,5
0.0,4,4,0.0539793137660155,8,31,0,D,112.0,64.0,False,0.0033502572653717,5
0.0,4,4,0.0336390257697984,8,32,0,D,122.0,70.0,False,0.0067215629803644,5
0.0,4,4,0.0,8,33,0,D,108.0,62.0,False,0.0019014048044172,5
0.0,4,4,0.0,8,34,0,D,105.0,60.0,False,0.0013257177401397,5
0.0,4,4,0.0,8,35,0,D,77.0,44.0,False,0.0036491996377233,5
0.0,4,4,0.0,8,36,0,D,98.0,56.0,False,0.0029396689570469,5
0.0,4,4,0.0,8,37,0,D,88.0,50.0,False,0.0018503960173546,5
0.0,4,4,7.454503748858664e-05,8,38,0,D,126.0,72.0,False,0.0024217470983409,5
0.0,4,4,0.0408061654490918,8,39,0,D,107.0,61.0,False,0.0028906969746846,5
0.0,4,4,0.0,8,0,0,MIX_F,103.0,59.0,False,0.0026743231182474,5
0.0,4,4,0.0,8,1,0,MIX_F,107.0,61.0,False,0.0015602920607738,5
0.0,4,4,0.0,8,2,0,MIX_F,89.0,51.0,False,0.002924493818041,5
0.0,4,4,0.0,8,3,0,MIX_F,93.0,53.0,False,0.0031440195758054,5
0.0,4,4,0.0,8,4,0,MIX_F,100.0,57.0,False,0.0024334533845031,5
0.0,4,4,0.0,8,5,0,MIX_F,88.0,50.0,False,0.0040740641439313,5
0.0,4,4,0.0,8,6,0,MIX_F,107.0,61.0,False,0.0017192240455177,5
0.0,4,4,0.0,8,7,0,MIX_F,93.0,53.0,False,0.0033314517289188,5
0.0,4,4,0.0,8,8,0,MIX_F,96.0,55.0,False,0.0012447481060585,5
0.0,4,4,0.0,8,9,0,MIX_F,98.0,56.0,False,0.0013768260323481,5
0.0,4,4,0.0,8,10,0,MIX_F,96.0,55.0,False,0.0016381689882559,5
0.0,4,4,0.0353355146719523,8,11,0,MIX_F,89.0,51.0,False,0.0027571054520764,5
0.0,4,4,0.0,8,12,0,MIX_F,102.0,58.0,False,0.0022994471373156,5
0.0,4,4,0.0,8,13,0,MIX_F,114.0,65.0,False,0.0013098953143055,5
0.0,4,4,0.0,8,14,0,MIX_F,110.0,63.0,False,0.002784553381855,5
0.0,4,4,0.0,8,15,0,MIX_F,91.0,52.0,False,0.0025457856263204,5
0.0,4,4,0.0,8,16,0,MIX_F,119.0,68.0,False,0.0018827653106602,5
0.0,4,4,0.0,8,17,0,MIX_F,86.0,49.0,False,0.0037941837810148,5
0.0,4,4,0.0,8,18,0,MIX_F,114.0,65.0,False,0.0032538058971247,5
0.0,4,4,0.0,8,19,0,MIX_F,102.0,58.0,False,0.0014397950197477,5
0.0,4,4,0.0,8,20,0,MIX_F,98.0,56.0,False,0.0011998031495894,5
0.0,4,4,0.0,8,21,0,MIX_F,98.0,56.0,False,0.0033372372530425,5
0.0,4,4,0.0,8,22,0,MIX_F,110.0,63.0,False,0.002092289643152,5
0.0,4,4,0.0,8,23,0,MIX_F,91.0,52.0,False,0.0038236898820438,5
0.0,4,4,0.0,8,24,0,MIX_F,102.0,58.0,False,0.0022730105841525,5
0.0,4,4,0.0,8,25,0,MIX_F,121.0,69.0,False,0.0006906758358199,5
0.0,4,4,0.0,8,26,0,MIX_F,86.0,49.0,False,0.0045316098571584,5
0.0,4,4,0.0,8,27,0,MIX_F,112.0,64.0,False,0.0016035935110704,5
0.0,4,4,0.0,8,28,0,MIX_F,136.0,78.0,False,0.0022849337935895,5
0.0,4,4,0.0,8,29,0,MIX_F,91.0,52.0,False,0.0020790789296233,5
0.0,4,4,0.0214730603265815,8,30,0,MIX_F,117.0,67.0,False,0.0022173055087877,5
0.0,4,4,0.0,8,31,0,MIX_F,112.0,64.0,False,0.0033502572653717,5
0.0,4,4,0.0,8,32,0,MIX_F,122.0,70.0,False,0.0067215629803644,5
0.0,4,4,0.0029194819094351,8,33,0,MIX_F,108.0,62.0,False,0.0019014048044172,5
0.0,4,4,0.0,8,34,0,MIX_F,105.0,60.0,False,0.0013257177401397,5
0.0,4,4,0.0,8,35,0,MIX_F,77.0,44.0,False,0.0036491996377233,5
0.0,4,4,0.0020934895459104,8,36,0,MIX_F,98.0,56.0,False,0.0029396689570469,5
0.0,4,4,0.0,8,37,0,MIX_F,88.0,50.0,False,0.0018503960173546,5
0.0,4,4,0.0001490900749771,8,38,0,MIX_F,126.0,72.0,False,0.0024217470983409,5
0.0,4,4,0.0766173486424163,8,39,0,MIX_F,107.0,61.0,False,0.0028906969746846,5
0.0,4,4,0.0,8,0,0,MIX_M,103.0,59.0,False,0.0026743231182474,5
0.0,4,4,0.0,8,1,0,MIX_M,107.0,61.0,False,0.0015602920607738,5
0.0,4,4,0.0,8,2,0,MIX_M,89.0,51.0,False,0.002924493818041,5
0.0,4,4,0.0,8,3,0,MIX_M,93.0,53.0,False,0.0031440195758054,5
0.0,4,4,0.0,8,4,0,MIX_M,100.0,57.0,False,0.0024334533845031,5
0.0,4,4,0.0,8,5,0,MIX_M,88.0,50.0,False,0.0040740641439313,5
0.0,4,4,0.0,8,6,0,MIX_M,107.0,61.0,False,0.0017192240455177,5
0.0,4,4,0.0,8,7,0,MIX_M,93.0,53.0,False,0.0033314517289188,5
0.0,4,4,0.0,8,8,0,MIX_M,96.0,55.0,False,0.0012447481060585,5
0.0,4,4,0.0,8,9,0,MIX_M,98.0,56.0,False,0.0013768260323481,5
0.0,4,4,0.0,8,10,0,MIX_M,96.0,55.0,False,0.0016381689882559,5
0.0,4,4,0.0,8,11,0,MIX_M,89.0,51.0,False,0.0027571054520764,5
0.0,4,4,0.0,8,12,0,MIX_M,102.0,58.0,False,0.0022994471373156,5
0.0,4,4,0.0,8,13,0,MIX_M,114.0,65.0,False,0.0013098953143055,5
0.0,4,4,0.0,8,14,0,MIX_M,110.0,63.0,False,0.002784553381855,5
0.0,4,4,0.0,8,15,0,MIX_M,91.0,52.0,False,0.0025457856263204,5
0.0,4,4,0.0,8,16,0,MIX_M,119.0,68.0,False,0.0018827653106602,5
0.0,4,4,0.0,8,17,0,MIX_M,86.0,49.0,False,0.0037941837810148,5
0.0,4,4,0.0358682373179429,8,18,0,MIX_M,114.0,65.0,False,0.0032538058971247,5
0.0,4,4,0.0,8,19,0,MIX_M,102.0,58.0,False,0.0014397950197477,5
0.0,4,4,0.0,8,20,0,MIX_M,98.0,56.0,False,0.0011998031495894,5
0.0,4,4,0.0,8,21,0,MIX_M,98.0,56.0,False,0.0033372372530425,5
0.0,4,4,0.0,8,22,0,MIX_M,110.0,63.0,False,0.002092289643152,5
0.0,4,4,0.0,8,23,0,MIX_M,91.0,52.0,False,0.0038236898820438,5
0.0,4,4,0.0,8,24,0,MIX_M,102.0,58.0,False,0.0022730105841525,5
0.0,4,4,0.0,8,25,0,MIX_M,121.0,69.0,False,0.0006906758358199,5
0.0,4,4,0.010945962391377,8,26,0,MIX_M,86.0,49.0,False,0.0045316098571584,5
0.0,4,4,0.0,8,27,0,MIX_M,112.0,64.0,False,0.0016035935110704,5
0.0,4,4,0.0,8,28,0,MIX_M,136.0,78.0,False,0.0022849337935895,5
0.0,4,4,0.0,8,29,0,MIX_M,91.0,52.0,False,0.0020790789296233,5
0.0,4,4,0.0,8,30,0,MIX_M,117.0,67.0,False,0.0022173055087877,5
0.0,4,4,0.0,8,31,0,MIX_M,112.0,64.0,False,0.0033502572653717,5
0.0,4,4,0.0,8,32,0,MIX_M,122.0,70.0,False,0.0067215629803644,5
0.0,4,4,0.0,8,33,0,MIX_M,108.0,62.0,False,0.0019014048044172,5
0.0,4,4,0.0,8,34,0,MIX_M,105.0,60.0,False,0.0013257177401397,5
0.0,4,4,0.0,8,35,0,MIX_M,77.0,44.0,False,0.0036491996377233,5
0.0,4,4,0.0,8,36,0,MIX_M,98.0,56.0,False,0.0029396689570469,5
0.0,4,4,0.0,8,37,0,MIX_M,88.0,50.0,False,0.0018503960173546,5
0.0,4,4,0.0004671078863371,8,38,0,MIX_M,126.0,72.0,False,0.0024217470983409,5
0.0,4,4,0.0,8,39,0,MIX_M,107.0,61.0,False,0.0028906969746846,5
0.0,4,4,1.0,58,0,0,B,6.0,47.0,False,0.6053560156717053,6
1.0,4,4,1.0,87,1,0,B,6.0,51.0,False,0.5826068998719717,6
1.0,4,4,1.0,82,2,0,B,6.0,46.0,False,0.567643096319443,6
0.0,4,4,0.9646314147973238,47,3,0,B,6.0,59.0,False,0.5670835018010957,6
0.0,4,4,0.968040522584163,29,4,0,B,6.0,49.0,False,0.577603230300359,6
1.0,4,4,1.0,83,5,0,B,6.0,47.0,False,0.6044585605131093,6
1.0,4,4,1.0,86,6,0,B,6.0,46.0,False,0.5923336537871249,6
1.0,4,4,1.0,83,7,0,B,7.0,72.0,False,0.5917390376038768,6
0.0,4,4,1.0,68,8,0,B,7.0,55.0,False,0.5422104608745604,6
1.0,4,4,0.9949982450086776,89,9,0,B,6.0,60.0,False,0.5663526127224229,6
1.0,4,4,1.0,80,10,0,B,6.0,53.0,False,0.5861805380905025,6
1.0,4,4,1.0,83,11,0,B,6.0,62.0,False,0.573604814871472,6
0.0,4,4,1.0,8,12,0,B,6.0,52.0,False,0.6202135572074899,6
0.0,4,4,0.9936401515151516,38,13,0,B,6.0,52.0,False,0.5809583688134804,6
1.0,4,4,0.9296280473399752,85,14,0,B,6.0,39.0,False,0.5536562258612551,6
0.0,4,4,0.8570034253868175,8,15,0,B,6.0,53.0,False,0.5625225796237902,6
0.0,4,4,0.9423529411764706,47,16,0,B,6.0,50.0,False,0.5567538588116787,6
0.0,4,4,0.994322377978679,78,17,0,B,6.0,49.0,False,0.5874817015796943,6
1.0,4,4,1.0,82,18,0,B,6.0,54.0,False,0.583228910433904,6
1.0,4,4,0.9194117168505936,80,19,0,B,6.0,49.0,False,0.5759745193377628,6
1.0,4,4,1.0,85,20,0,B,6.0,53.0,False,0.5626638577377151,6
1.0,4,4,1.0,81,21,0,B,6.0,63.0,False,0.5799345315558909,6
0.0,4,4,1.0,73,22,0,B,6.0,45.0,False,0.5968633579841923,6
1.0,4,4,1.0,87,23,0,B,7.0,49.0,False,0.5486347716024409,6
1.0,4,4,0.9491339540576628,82,24,0,B,7.0,54.0,False,0.5867160961635409,6
0.0,4,4,0.9964929284689796,76,25,0,B,6.0,57.0,False,0.5953093197557427,6
1.0,4,4,1.0,81,26,0,B,6.0,61.0,False,0.5469455608112994,6
1.0,4,4,1.0,82,27,0,B,7.0,45.0,False,0.5993046826345674,6
1.0,4,4,0.994586911764706,88,28,0,B,6.0,61.0,False,0.5905080670346657,6
1.0,4,4,0.875,80,29,0,B,6.0,50.0,False,0.5453036271205858,6
1.0,4,4,1.0,88,30,0,B,6.0,48.0,False,0.5586107056950914,6
1.0,4,4,0.8968025464272247,81,31,0,B,7.0,71.0,False,0.5864282066908884,6
0.0,4,4,1.0,75,32,0,B,6.0,58.0,False,0.5746624298890363,6
1.0,4,4,0.9555930829560498,87,33,0,B,6.0,65.0,False,0.5817576946606734,6
1.0,4,4,0.9933867256493742,82,34,0,B,6.0,56.0,False,0.5801661487559564,6
1.0,4,4,1.0,81,35,0,B,6.0,51.0,False,0.6088764526620544,6
1.0,4,4,1.0,84,36,0,B,6.0,63.0,False,0.5840913272701049,6
1.0,4,4,0.9569444444444444,85,37,0,B,6.0,60.0,False,0.5773087384269504,6
1.0,4,4,0.9709132928475034,81,38,0,B,6.0,52.0,False,0.5937786873994245,6
1.0,4,4,0.8698298521916454,85,39,0,B,6.0,70.0,False,0.5632499262464847,6
0.0,4,4,0.0,8,0,0,D,82.0,47.0,False,0.002582543595354,6
0.0,4,4,0.0,8,1,0,D,89.0,51.0,False,0.0019855820025885,6
0.0,4,4,0.0,8,2,0,D,80.0,46.0,False,0.0024453292008735,6
0.0,4,4,0.0072740863348719,8,3,0,D,103.0,59.0,False,0.0017641425762043,6
0.0,4,4,0.0,8,4,0,D,86.0,49.0,False,0.0017509978138537,6
0.0,4,4,0.0,8,5,0,D,82.0,47.0,False,0.0008599818132681,6
0.0,4,4,0.003950117785896,8,6,0,D,80.0,46.0,False,0.0016254571061831,6
0.0,4,4,0.0046543974503135,8,7,0,D,126.0,72.0,False,0.0028161544510731,6
0.0,4,4,0.0,8,8,0,D,96.0,55.0,False,0.0010152915914692,6
0.0,4,4,0.0,8,9,0,D,105.0,60.0,False,0.0006884249526,6
0.0,4,4,0.0316322238324252,8,10,0,D,93.0,53.0,False,0.0018028775514522,6
0.0,4,4,0.0109689033602721,8,11,0,D,108.0,62.0,False,0.0047582633623697,6
0.0,4,4,0.0,8,12,0,D,91.0,52.0,False,0.0008938622073723,6
0.0,4,4,0.0,8,13,0,D,91.0,52.0,False,0.00244610490928,6
0.0,4,4,0.0,8,14,0,D,68.0,39.0,False,0.0018000410994424,6
0.0,4,4,0.0,8,15,0,D,93.0,53.0,False,0.0017386411594547,6
0.0,4,4,0.0,8,16,0,D,88.0,50.0,False,0.0028244745819006,6
0.0,4,4,0.0,8,17,0,D,86.0,49.0,False,0.0018539514569417,6
0.0,4,4,0.0,8,18,0,D,94.0,54.0,False,0.0021653457184505,6
0.0,4,4,0.0,8,19,0,D,86.0,49.0,False,0.002302718871122,6
0.0,4,4,0.0,8,20,0,D,93.0,53.0,False,0.0030424977144602,6
0.0,4,4,0.0039394813010445,8,21,0,D,110.0,63.0,False,0.0008529242926939,6
0.0,4,4,0.0,8,22,0,D,79.0,45.0,False,0.0015374956538358,6
0.0,4,4,0.0,8,23,0,D,86.0,49.0,False,0.0020958051083744,6
0.0,4,4,0.0,8,24,0,D,94.0,54.0,False,0.0008888503920983,6
0.0,4,4,8.983824718811854e-05,8,25,0,D,100.0,57.0,False,0.0033869821787048,6
0.0,4,4,0.00655709167143,8,26,0,D,107.0,61.0,False,0.0020767622995066,6
0.0,4,4,0.0,8,27,0,D,79.0,45.0,False,0.0017139225530016,6
0.0,4,4,0.002926885028414,8,28,0,D,107.0,61.0,False,0.0020654648859716,6
0.0,4,4,0.0,8,29,0,D,88.0,50.0,False,0.0022360161232993,6
0.0,4,4,0.0,8,30,0,D,84.0,48.0,False,0.0019932436565493,6
0.0,4,4,0.0,8,31,0,D,124.0,71.0,False,0.0098675497999741,6
0.0,4,4,0.0031563560151787,8,32,0,D,102.0,58.0,False,0.0017566242851006,6
0.0,4,4,0.0182717724520697,8,33,0,D,114.0,65.0,False,0.0037033812359644,6
0.0,4,4,0.0,8,34,0,D,98.0,56.0,False,0.0018981068322392,6
0.0,4,4,0.0,8,35,0,D,89.0,51.0,False,0.0034483368062382,6
0.0,4,4,0.0,8,36,0,D,110.0,63.0,False,0.0009512495085238,6
0.0,4,4,0.0,8,37,0,D,105.0,60.0,False,0.0016048775388608,6
0.0,4,4,0.0,8,38,0,D,91.0,52.0,False,0.0025574114693619,6
0.0,4,4,0.0324342946922747,8,39,0,D,122.0,70.0,False,0.0032735932798874,6
0.0,4,4,0.0,8,0,0,MIX_F,82.0,47.0,False,0.002582543595354,6
0.0,4,4,0.0,8,1,0,MIX_F,89.0,51.0,False,0.0019855820025885,6
0.0,4,4,0.0,8,2,0,MIX_F,80.0,46.0,False,0.0024453292008735,6
0.0,4,4,0.0,8,3,0,MIX_F,103.0,59.0,False,0.0017641425762043,6
0.0,4,4,0.0,8,4,0,MIX_F,86.0,49.0,False,0.0017509978138537,6
0.0,4,4,0.0,8,5,0,MIX_F,82.0,47.0,False,0.0008599818132681,6
0.0,4,4,0.0,8,6,0,MIX_F,80.0,46.0,False,0.0016254571061831,6
0.0,4,4,0.0,8,7,0,MIX_F,126.0,72.0,False,0.0028161544510731,6
0.0,4,4,0.0,8,8,0,MIX_F,96.0,55.0,False,0.0010152915914692,6
0.0,4,4,0.0314623337433112,8,9,0,MIX_F,105.0,60.0,False,0.0006884249526,6
0.0,4,4,0.0,8,10,0,MIX_F,93.0,53.0,False,0.0018028775514522,6
0.0,4,4,0.0,8,11,0,MIX_F,108.0,62.0,False,0.0047582633623697,6
0.0,4,4,0.0,8,12,0,MIX_F,91.0,52.0,False,0.0008938622073723,6
0.0,4,4,0.0,8,13,0,MIX_F,91.0,52.0,False,0.00244610490928,6
0.0,4,4,0.0,8,14,0,MIX_F,68.0,39.0,False,0.0018000410994424,6
0.0,4,4,0.0,8,15,0,MIX_F,93.0,53.0,False,0.0017386411594547,6
0.0,4,4,0.0,8,16,0,MIX_F,88.0,50.0,False,0.0028244745819006,6
0.0,4,4,0.0,8,17,0,MIX_F,86.0,49.0,False,0.0018539514569417,6
0.0,4,4,0.0,8,18,0,MIX_F,94.0,54.0,False,0.0021653457184505,6
0.0,4,4,0.0,8,19,0,MIX_F,86.0,49.0,False,0.002302718871122,6
0.0,4,4,0.0,8,20,0,MIX_F,93.0,53.0,False,0.0030424977144602,6
0.0,4,4,0.0,8,21,0,MIX_F,110.0,63.0,False,0.0008529242926939,6
0.0,4,4,0.0,8,22,0,MIX_F,79.0,45.0,False,0.0015374956538358,6
0.0,4,4,0.0,8,23,0,MIX_F,86.0,49.0,False,0.0020958051083744,6
0.0,4,4,0.0,8,24,0,MIX_F,94.0,54.0,False,0.0008888503920983,6
0.0,4,4,0.0,8,25,0,MIX_F,100.0,57.0,False,0.0033869821787048,6
0.0,4,4,0.0,8,26,0,MIX_F,107.0,61.0,False,0.0020767622995066,6
0.0,4,4,0.0,8,27,0,MIX_F,79.0,45.0,False,0.0017139225530016,6
0.0,4,4,0.0,8,28,0,MIX_F,107.0,61.0,False,0.0020654648859716,6
0.0,4,4,0.0,8,29,0,MIX_F,88.0,50.0,False,0.0022360161232993,6
0.0,4,4,0.0,8,30,0,MIX_F,84.0,48.0,False,0.0019932436565493,6
0.0,4,4,0.0795444166577777,8,31,0,MIX_F,124.0,71.0,False,0.0098675497999741,6
0.0,4,4,0.0,8,32,0,MIX_F,102.0,58.0,False,0.0017566242851006,6
0.0,4,4,0.0906075652633603,8,33,0,MIX_F,114.0,65.0,False,0.0037033812359644,6
0.0,4,4,0.0026844812026093,8,34,0,MIX_F,98.0,56.0,False,0.0018981068322392,6
0.0,4,4,0.0,8,35,0,MIX_F,89.0,51.0,False,0.0034483368062382,6
0.0,4,4,0.0,8,36,0,MIX_F,110.0,63.0,False,0.0009512495085238,6
0.0,4,4,0.0,8,37,0,MIX_F,105.0,60.0,False,0.0016048775388608,6
0.0,4,4,0.0,8,38,0,MIX_F,91.0,52.0,False,0.0025574114693619,6
0.0,4,4,0.0457538575770449,8,39,0,MIX_F,122.0,70.0,False,0.0032735932798874,6
0.0,4,4,0.0,8,0,0,MIX_M,82.0,47.0,False,0.002582543595354,6
0.0,4,4,0.0,8,1,0,MIX_M,89.0,51.0,False,0.0019855820025885,6
0.0,4,4,0.0,8,2,0,MIX_M,80.0,46.0,False,0.0024453292008735,6
0.0,4,4,0.0,8,3,0,MIX_M,103.0,59.0,False,0.0017641425762043,6
0.0,4,4,0.0,8,4,0,MIX_M,86.0,49.0,False,0.0017509978138537,6
0.0,4,4,0.0,8,5,0,MIX_M,82.0,47.0,False,0.0008599818132681,6
0.0,4,4,0.0,8,6,0,MIX_M,80.0,46.0,False,0.0016254571061831,6
0.0,4,4,0.0249845969561205,8,7,0,MIX_M,126.0,72.0,False,0.0028161544510731,6
0.0,4,4,0.0,8,8,0,MIX_M,96.0,55.0,False,0.0010152915914692,6
0.0,4,4,0.0,8,9,0,MIX_M,105.0,60.0,False,0.0006884249526,6
0.0,4,4,0.0,8,10,0,MIX_M,93.0,53.0,False,0.0018028775514522,6
0.0,4,4,0.0,8,11,0,MIX_M,108.0,62.0,False,0.0047582633623697,6
0.0,4,4,0.0,8,12,0,MIX_M,91.0,52.0,False,0.0008938622073723,6
0.0,4,4,0.0,8,13,0,MIX_M,91.0,52.0,False,0.00244610490928,6
0.0,4,4,0.0,8,14,0,MIX_M,68.0,39.0,False,0.0018000410994424,6
0.0,4,4,0.0,8,15,0,MIX_M,93.0,53.0,False,0.0017386411594547,6
0.0,4,4,0.0,8,16,0,MIX_M,88.0,50.0,False,0.0028244745819006,6
0.0,4,4,0.0,8,17,0,MIX_M,86.0,49.0,False,0.0018539514569417,6
0.0,4,4,0.0,8,18,0,MIX_M,94.0,54.0,False,0.0021653457184505,6
0.0,4,4,0.0,8,19,0,MIX_M,86.0,49.0,False,0.002302718871122,6
0.0,4,4,0.0,8,20,0,MIX_M,93.0,53.0,False,0.0030424977144602,6
0.0,4,4,0.020777851424099,8,21,0,MIX_M,110.0,63.0,False,0.0008529242926939,6
0.0,4,4,0.0,8,22,0,MIX_M,79.0,45.0,False,0.0015374956538358,6
0.0,4,4,0.0,8,23,0,MIX_M,86.0,49.0,False,0.0020958051083744,6
0.0,4,4,0.0,8,24,0,MIX_M,94.0,54.0,False,0.0008888503920983,6
0.0,4,4,0.0019502361317632,8,25,0,MIX_M,100.0,57.0,False,0.0033869821787048,6
0.0,4,4,0.0,8,26,0,MIX_M,107.0,61.0,False,0.0020767622995066,6
0.0,4,4,0.0,8,27,0,MIX_M,79.0,45.0,False,0.0017139225530016,6
0.0,4,4,0.0,8,28,0,MIX_M,107.0,61.0,False,0.0020654648859716,6
0.0,4,4,0.0,8,29,0,MIX_M,88.0,50.0,False,0.0022360161232993,6
0.0,4,4,0.0,8,30,0,MIX_M,84.0,48.0,False,0.0019932436565493,6
0.0,4,4,0.0042831334097904,8,31,0,MIX_M,124.0,71.0,False,0.0098675497999741,6
0.0,4,4,0.0,8,32,0,MIX_M,102.0,58.0,False,0.0017566242851006,6
0.0,4,4,0.0,8,33,0,MIX_M,114.0,65.0,False,0.0037033812359644,6
0.0,4,4,0.0,8,34,0,MIX_M,98.0,56.0,False,0.0018981068322392,6
0.0,4,4,0.0,8,35,0,MIX_M,89.0,51.0,False,0.0034483368062382,6
0.0,4,4,0.0,8,36,0,MIX_M,110.0,63.0,False,0.0009512495085238,6
0.0,4,4,0.0,8,37,0,MIX_M,105.0,60.0,False,0.0016048775388608,6
0.0,4,4,0.0,8,38,0,MIX_M,91.0,52.0,False,0.0025574114693619,6
0.0,4,4,0.0,8,39,0,MIX_M,122.0,70.0,False,0.0032735932798874,6
1.0,4,4,0.9971025022288924,94,0,0,B,6.0,55.0,False,0.600889092167414,7
1.0,4,4,0.9815555215180056,80,1,0,B,6.0,57.0,False,0.5877037146668704,7
1.0,4,4,1.0,86,2,0,B,6.0,55.0,False,0.5650043712071798,7
0.0,4,4,0.958986822248715,58,3,0,B,7.0,67.0,False,0.5773103630027793,7
1.0,4,4,0.8440473848504504,82,4,0,B,6.0,48.0,False,0.5802143190571661,7
1.0,4,4,0.9844754482323232,85,5,0,B,6.0,45.0,False,0.6073853627635893,7
0.0,4,4,1.0,58,6,0,B,6.0,52.0,False,0.5900494719608058,7
1.0,4,4,1.0,89,7,0,B,6.0,63.0,False,0.6006204392981457,7
1.0,4,4,1.0,80,8,0,B,5.0,54.0,False,0.6086093131801782,7
1.0,4,4,1.0,80,9,0,B,6.0,44.0,False,0.5794928329045418,7
1.0,4,4,0.9422425954678764,83,10,0,B,6.0,42.0,False,0.548795688075958,7
0.0,4,4,0.9098061897331358,78,11,0,B,6.0,62.0,False,0.6042497936112798,7
1.0,4,4,0.9034679011352296,80,12,0,B,6.0,63.0,False,0.591744283811552,7
0.0,4,4,1.0,74,13,0,B,5.0,57.0,False,0.586094807643405,7
1.0,4,4,1.0,81,14,0,B,6.0,53.0,False,0.567430558249881,7
0.0,4,4,0.9941984618677164,50,15,0,B,6.0,42.0,False,0.5865986593539358,7
1.0,4,4,1.0,81,16,0,B,6.0,63.0,False,0.5808036003109512,7
1.0,4,4,0.9550009806157508,83,17,0,B,6.0,42.0,False,0.5799019024959037,7
0.0,4,4,0.974634784117436,58,18,0,B,6.0,55.0,False,0.5385629342245319,7
0.0,4,4,0.969169595959596,76,19,0,B,6.0,38.0,False,0.5762088803780069,7
1.0,4,4,1.0,86,20,0,B,6.0,57.0,False,0.5845611112711566,7
1.0,4,4,0.8832555031428342,95,21,0,B,7.0,61.0,False,0.5819218716463095,7
0.0,4,4,0.9306102693602694,69,22,0,B,6.0,47.0,False,0.5497373419024226,7
0.0,4,4,1.0,36,23,0,B,6.0,62.0,False,0.6191962584239152,7
1.0,4,4,0.8991494360136413,80,24,0,B,7.0,52.0,False,0.567858157179432,7
1.0,4,4,0.8601335111495578,82,25,0,B,6.0,61.0,False,0.584275669957876,7
1.0,4,4,0.9021509108482362,86,26,0,B,7.0,58.0,False,0.5823386588752822,7
0.0,4,4,1.0,42,27,0,B,7.0,45.0,False,0.5625179775435891,7
0.0,4,4,0.993581447609408,54,28,0,B,6.0,64.0,False,0.56875633688398,7
1.0,4,4,1.0,96,29,0,B,6.0,42.0,False,0.6055185628075782,7
1.0,4,4,0.903841906156156,86,30,0,B,6.0,66.0,False,0.5909999458611073,7
0.0,4,4,0.9931895374401352,75,31,0,B,7.0,62.0,False,0.5582085163270538,7
1.0,4,4,0.9742572848715388,82,32,0,B,6.0,64.0,False,0.5969258829628441,7
1.0,4,4,0.9456408400175572,80,33,0,B,7.0,47.0,False,0.5686443614448008,7
1.0,4,4,1.0,86,34,0,B,7.0,51.0,False,0.585060636681285,7
1.0,4,4,0.971191607281986,81,35,0,B,6.0,66.0,False,0.6070646167931517,7
1.0,4,4,0.9562948767006804,80,36,0,B,6.0,47.0,False,0.5675517689423065,7
1.0,4,4,0.9268205893607356,81,37,0,B,7.0,44.0,False,0.5846178944973566,7
1.0,4,4,1.0,83,38,0,B,6.0,64.0,False,0.5876426146339105,7
1.0,4,4,0.8859303658812754,83,39,0,B,6.0,41.0,False,0.6051873616275775,7
0.0,4,4,0.0,8,0,0,D,96.0,55.0,False,0.0013787752649169,7
0.0,4,4,0.0467792207508734,8,1,0,D,100.0,57.0,False,0.002399806647665,7
0.0,4,4,0.0,8,2,0,D,96.0,55.0,False,0.0018515926307886,7
0.0,4,4,0.0053209245146487,8,3,0,D,117.0,67.0,False,0.0012267918890266,7
0.0,4,4,0.0159905858834927,8,4,0,D,84.0,48.0,False,0.0036424594907182,7
0.0,4,4,0.0,8,5,0,D,79.0,45.0,False,0.0032709072822413,7
0.0,4,4,0.0,8,6,0,D,91.0,52.0,False,0.0013000423206645,7
0.0,4,4,0.0012963048073307,8,7,0,D,110.0,63.0,False,0.0024128937129602,7
0.0,4,4,0.0013091230572123,8,8,0,D,94.0,54.0,False,0.0016333363966772,7
0.0,4,4,0.0,8,9,0,D,77.0,44.0,False,0.0039460889390921,7
0.0,4,4,0.0,8,10,0,D,74.0,42.0,False,0.0026939095615472,7
0.0,4,4,0.0,8,11,0,D,108.0,62.0,False,0.0015316595482818,7
0.0,4,4,0.0814438412715194,8,12,0,D,110.0,63.0,False,0.0027585260737014,7
0.0,4,4,0.0,8,13,0,D,100.0,57.0,False,0.0021174192688043,7
0.0,4,4,0.0,8,14,0,D,93.0,53.0,False,0.0014545347172746,7
0.0,4,4,0.0,8,15,0,D,74.0,42.0,False,0.0029193919515346,7
0.0,4,4,0.0,8,16,0,D,110.0,63.0,False,0.0018589723110737,7
0.0,4,4,0.0,8,17,0,D,74.0,42.0,False,0.002563908515068,7
0.0,4,4,0.0,8,18,0,D,96.0,55.0,False,0.0027093623843091,7
0.0,4,4,0.0,8,19,0,D,66.0,38.0,False,0.0038454571196718,7
0.0,4,4,0.0001382503304731,8,20,0,D,100.0,57.0,False,0.0035582083720469,7
0.0,4,4,0.052348056812274,8,21,0,D,107.0,61.0,False,0.0021527302299478,7
0.0,4,4,0.0059842265517456,8,22,0,D,82.0,47.0,False,0.0025136992220711,7
0.0,4,4,0.0318246665308848,8,23,0,D,108.0,62.0,False,0.0034788002698906,7
0.0,4,4,0.007892637310071,8,24,0,D,91.0,52.0,False,0.0017537325369273,7
0.0,4,4,0.0,8,25,0,D,107.0,61.0,False,0.0010530121471233,7
0.0,4,4,0.0,8,26,0,D,102.0,58.0,False,0.0029491594912479,7
0.0,4,4,0.0365315343720689,8,27,0,D,79.0,45.0,False,0.0024430568562571,7
0.0,4,4,0.0002684223529679,8,28,0,D,112.0,64.0,False,0.0011043478715097,7
0.0,4,4,0.0,8,29,0,D,74.0,42.0,False,0.0062770707200376,7
0.0,4,4,0.0644241509435875,8,30,0,D,116.0,66.0,False,0.0019943838003917,7
0.0,4,4,0.0008223508977208,8,31,0,D,108.0,62.0,False,0.0022645342477994,7
0.0,4,4,0.0229308001591338,8,32,0,D,112.0,64.0,False,0.0041133338270619,7
0.0,4,4,0.0,8,33,0,D,82.0,47.0,False,0.0022038644643122,7
0.0,4,4,0.0,8,34,0,D,89.0,51.0,False,0.001581423206765,7
0.0,4,4,0.0216407047655791,8,35,0,D,116.0,66.0,False,0.0008560405051879,7
0.0,4,4,0.0,8,36,0,D,82.0,47.0,False,0.0030533981001653,7
0.0,4,4,0.0,8,37,0,D,77.0,44.0,False,0.0032094868052783,7
0.0,4,4,0.0045558972925989,8,38,0,D,112.0,64.0,False,0.0014266409218338,7
0.0,4,4,0.0,8,39,0,D,72.0,41.0,False,0.0041606709454618,7
0.0,4,4,0.0,8,0,0,MIX_F,96.0,55.0,False,0.0013787752649169,7
0.0,4,4,0.0935584415017468,8,1,0,MIX_F,100.0,57.0,False,0.002399806647665,7
0.0,4,4,0.0,8,2,0,MIX_F,96.0,55.0,False,0.0018515926307886,7
0.0,4,4,0.0,8,3,0,MIX_F,117.0,67.0,False,0.0012267918890266,7
0.0,4,4,0.0042548129853236,8,4,0,MIX_F,84.0,48.0,False,0.0036424594907182,7
0.0,4,4,0.0,8,5,0,MIX_F,79.0,45.0,False,0.0032709072822413,7
0.0,4,4,0.0,8,6,0,MIX_F,91.0,52.0,False,0.0013000423206645,7
0.0,4,4,0.0,8,7,0,MIX_F,110.0,63.0,False,0.0024128937129602,7
0.0,4,4,0.0,8,8,0,MIX_F,94.0,54.0,False,0.0016333363966772,7
0.0,4,4,0.0,8,9,0,MIX_F,77.0,44.0,False,0.0039460889390921,7
0.0,4,4,0.0,8,10,0,MIX_F,74.0,42.0,False,0.0026939095615472,7
0.0,4,4,0.0,8,11,0,MIX_F,108.0,62.0,False,0.0015316595482818,7
0.0,4,4,0.0026616901271766,8,12,0,MIX_F,110.0,63.0,False,0.0027585260737014,7
0.0,4,4,0.0,8,13,0,MIX_F,100.0,57.0,False,0.0021174192688043,7
0.0,4,4,0.0,8,14,0,MIX_F,93.0,53.0,False,0.0014545347172746,7
0.0,4,4,0.0,8,15,0,MIX_F,74.0,42.0,False,0.0029193919515346,7
0.0,4,4,0.0,8,16,0,MIX_F,110.0,63.0,False,0.0018589723110737,7
0.0,4,4,0.0,8,17,0,MIX_F,74.0,42.0,False,0.002563908515068,7
0.0,4,4,0.0,8,18,0,MIX_F,96.0,55.0,False,0.0027093623843091,7
0.0,4,4,0.0,8,19,0,MIX_F,66.0,38.0,False,0.0038454571196718,7
0.0,4,4,0.0041453373676981,8,20,0,MIX_F,100.0,57.0,False,0.0035582083720469,7
0.0,4,4,0.0,8,21,0,MIX_F,107.0,61.0,False,0.0021527302299478,7
0.0,4,4,0.0,8,22,0,MIX_F,82.0,47.0,False,0.0025136992220711,7
0.0,4,4,0.0103227446657951,8,23,0,MIX_F,108.0,62.0,False,0.0034788002698906,7
0.0,4,4,0.0,8,24,0,MIX_F,91.0,52.0,False,0.0017537325369273,7
0.0,4,4,0.0,8,25,0,MIX_F,107.0,61.0,False,0.0010530121471233,7
0.0,4,4,0.003848811463564,8,26,0,MIX_F,102.0,58.0,False,0.0029491594912479,7
0.0,4,4,0.0,8,27,0,MIX_F,79.0,45.0,False,0.0024430568562571,7
0.0,4,4,0.0395607284753019,8,28,0,MIX_F,112.0,64.0,False,0.0011043478715097,7
0.0,4,4,0.0,8,29,0,MIX_F,74.0,42.0,False,0.0062770707200376,7
0.0,4,4,0.0638092506747438,8,30,0,MIX_F,116.0,66.0,False,0.0019943838003917,7
0.0,4,4,0.0,8,31,0,MIX_F,108.0,62.0,False,0.0022645342477994,7
0.0,4,4,0.0366279780402467,8,32,0,MIX_F,112.0,64.0,False,0.0041133338270619,7
0.0,4,4,0.0,8,33,0,MIX_F,82.0,47.0,False,0.0022038644643122,7
0.0,4,4,0.0,8,34,0,MIX_F,89.0,51.0,False,0.001581423206765,7
0.0,4,4,0.0,8,35,0,MIX_F,116.0,66.0,False,0.0008560405051879,7
0.0,4,4,0.0,8,36,0,MIX_F,82.0,47.0,False,0.0030533981001653,7
0.0,4,4,0.0,8,37,0,MIX_F,77.0,44.0,False,0.0032094868052783,7
0.0,4,4,0.0,8,38,0,MIX_F,112.0,64.0,False,0.0014266409218338,7
0.0,4,4,0.0,8,39,0,MIX_F,72.0,41.0,False,0.0041606709454618,7
0.0,4,4,0.0046117676793336,8,0,0,MIX_M,96.0,55.0,False,0.0013787752649169,7
0.0,4,4,0.0,8,1,0,MIX_M,100.0,57.0,False,0.002399806647665,7
0.0,4,4,0.0,8,2,0,MIX_M,96.0,55.0,False,0.0018515926307886,7
0.0,4,4,0.0,8,3,0,MIX_M,117.0,67.0,False,0.0012267918890266,7
0.0,4,4,0.0,8,4,0,MIX_M,84.0,48.0,False,0.0036424594907182,7
0.0,4,4,0.0,8,5,0,MIX_M,79.0,45.0,False,0.0032709072822413,7
0.0,4,4,0.023877110448181,8,6,0,MIX_M,91.0,52.0,False,0.0013000423206645,7
0.0,4,4,0.0,8,7,0,MIX_M,110.0,63.0,False,0.0024128937129602,7
0.0,4,4,0.0,8,8,0,MIX_M,94.0,54.0,False,0.0016333363966772,7
0.0,4,4,0.0,8,9,0,MIX_M,77.0,44.0,False,0.0039460889390921,7
0.0,4,4,0.0,8,10,0,MIX_M,74.0,42.0,False,0.0026939095615472,7
0.0,4,4,0.0,8,11,0,MIX_M,108.0,62.0,False,0.0015316595482818,7
0.0,4,4,0.1249598354708179,8,12,0,MIX_M,110.0,63.0,False,0.0027585260737014,7
0.0,4,4,0.0,8,13,0,MIX_M,100.0,57.0,False,0.0021174192688043,7
0.0,4,4,0.0,8,14,0,MIX_M,93.0,53.0,False,0.0014545347172746,7
0.0,4,4,0.0,8,15,0,MIX_M,74.0,42.0,False,0.0029193919515346,7
0.0,4,4,0.0017814729995361,8,16,0,MIX_M,110.0,63.0,False,0.0018589723110737,7
0.0,4,4,0.0231500617536501,8,17,0,MIX_M,74.0,42.0,False,0.002563908515068,7
0.0,4,4,0.0,8,18,0,MIX_M,96.0,55.0,False,0.0027093623843091,7
0.0,4,4,0.0,8,19,0,MIX_M,66.0,38.0,False,0.0038454571196718,7
0.0,4,4,0.0,8,20,0,MIX_M,100.0,57.0,False,0.0035582083720469,7
0.0,4,4,0.0,8,21,0,MIX_M,107.0,61.0,False,0.0021527302299478,7
0.0,4,4,0.0,8,22,0,MIX_M,82.0,47.0,False,0.0025136992220711,7
0.0,4,4,0.0,8,23,0,MIX_M,108.0,62.0,False,0.0034788002698906,7
0.0,4,4,0.0297535887169752,8,24,0,MIX_M,91.0,52.0,False,0.0017537325369273,7
0.0,4,4,0.0,8,25,0,MIX_M,107.0,61.0,False,0.0010530121471233,7
0.0,4,4,0.0,8,26,0,MIX_M,102.0,58.0,False,0.0029491594912479,7
0.0,4,4,0.0,8,27,0,MIX_M,79.0,45.0,False,0.0024430568562571,7
0.0,4,4,0.0,8,28,0,MIX_M,112.0,64.0,False,0.0011043478715097,7
0.0,4,4,0.0,8,29,0,MIX_M,74.0,42.0,False,0.0062770707200376,7
0.0,4,4,0.0604970241024336,8,30,0,MIX_M,116.0,66.0,False,0.0019943838003917,7
0.0,4,4,0.0,8,31,0,MIX_M,108.0,62.0,False,0.0022645342477994,7
0.0,4,4,0.0,8,32,0,MIX_M,112.0,64.0,False,0.0041133338270619,7
0.0,4,4,0.0,8,33,0,MIX_M,82.0,47.0,False,0.0022038644643122,7
0.0,4,4,0.0,8,34,0,MIX_M,89.0,51.0,False,0.001581423206765,7
0.0,4,4,0.0432814095311582,8,35,0,MIX_M,116.0,66.0,False,0.0008560405051879,7
0.0,4,4,0.0,8,36,0,MIX_M,82.0,47.0,False,0.0030533981001653,7
0.0,4,4,0.0,8,37,0,MIX_M,77.0,44.0,False,0.0032094868052783,7
0.0,4,4,0.0,8,38,0,MIX_M,112.0,64.0,False,0.0014266409218338,7
0.0,4,4,0.0,8,39,0,MIX_M,72.0,41.0,False,0.0041606709454618,7
1.0,4,4,0.7522416866674788,98,0,0,B,7.0,50.0,False,0.5440318121245327,8
1.0,4,4,1.0,81,1,0,B,6.0,55.0,False,0.5749359220522031,8
1.0,4,4,1.0,84,2,0,B,6.0,57.0,False,0.5977352632773647,8
1.0,4,4,0.963252421060276,82,3,0,B,6.0,47.0,False,0.5814962364318867,8
1.0,4,4,1.0,84,4,0,B,6.0,50.0,False,0.585858346599643,8
1.0,4,4,1.0,81,5,0,B,7.0,71.0,False,0.5502041366904681,8
1.0,4,4,0.8436410518038233,80,6,0,B,6.0,63.0,False,0.5537358245716112,8
1.0,4,4,0.992109300205483,82,7,0,B,6.0,40.0,False,0.5678945965565535,8
1.0,4,4,0.9808664955421952,80,8,0,B,7.0,54.0,False,0.5981254796688293,8
1.0,4,4,0.9939105557888326,83,9,0,B,7.0,58.0,False,0.5538046695672334,8
0.0,4,4,0.974895226091224,42,10,0,B,7.0,65.0,False,0.5488611406778279,8
1.0,4,4,1.0,84,11,0,B,6.0,59.0,False,0.5846288346280122,8
1.0,4,4,1.0,89,12,0,B,6.0,50.0,False,0.6030681118676272,8
1.0,4,4,0.9468489307261366,85,13,0,B,6.0,48.0,False,0.5662184633616959,8
0.0,4,4,1.0,77,14,0,B,5.0,51.0,False,0.6067715697162614,8
0.0,4,4,0.9385804103194104,42,15,0,B,7.0,59.0,False,0.5820234673137031,8
1.0,4,4,1.0,83,16,0,B,6.0,54.0,False,0.6145587553882206,8
1.0,4,4,0.625,85,17,0,B,7.0,52.0,False,0.5548531446070144,8
1.0,4,4,0.8394491847541645,83,18,0,B,7.0,58.0,False,0.5595737680577083,8
1.0,4,4,1.0,80,19,0,B,7.0,71.0,False,0.5672887054001275,8
1.0,4,4,0.875,82,20,0,B,6.0,52.0,False,0.5507269423640401,8
1.0,4,4,0.9324236837388142,80,21,0,B,6.0,58.0,False,0.5513512354487721,8
1.0,4,4,0.976105255093825,89,22,0,B,6.0,51.0,False,0.5749775545306312,8
0.0,4,4,0.938452993697479,70,23,0,B,6.0,41.0,False,0.550821728137351,8
1.0,4,4,1.0,80,24,0,B,6.0,49.0,False,0.6000082110637965,8
1.0,4,4,1.0,85,25,0,B,6.0,61.0,False,0.5829837098280596,8
1.0,4,4,0.9178396757175316,97,26,0,B,6.0,63.0,False,0.6128944556848313,8
1.0,4,4,0.8802904572290171,81,27,0,B,7.0,66.0,False,0.5440488947428777,8
1.0,4,4,0.9756812994763122,80,28,0,B,6.0,61.0,False,0.562294818339485,8
1.0,4,4,1.0,82,29,0,B,7.0,69.0,False,0.5953967667453457,8
1.0,4,4,1.0,84,30,0,B,6.0,59.0,False,0.5560608572123804,8
0.0,4,4,0.9816239316239316,62,31,0,B,6.0,60.0,False,0.5853920694885333,8
1.0,4,4,1.0,82,32,0,B,6.0,51.0,False,0.5955476821235711,8
1.0,4,4,0.9352310335492532,81,33,0,B,7.0,46.0,False,0.5783427100415311,8
1.0,4,4,1.0,81,34,0,B,6.0,62.0,False,0.5596034196405053,8
1.0,4,4,0.9761666666666666,82,35,0,B,6.0,67.0,False,0.5826084294129593,8
0.0,4,4,0.99525149875301,69,36,0,B,6.0,57.0,False,0.5920048200917134,8
1.0,4,4,0.9125862365809186,83,37,0,B,6.0,56.0,False,0.5669435024497562,8
0.0,4,4,0.9500354753286678,44,38,0,B,6.0,59.0,False,0.6142077615708609,8
1.0,4,4,0.974401719536502,87,39,0,B,6.0,65.0,False,0.6278478934682408,8
0.0,4,4,0.0,8,0,0,D,88.0,50.0,False,0.0034041055295667,8
0.0,4,4,0.0143573895435529,8,1,0,D,96.0,55.0,False,0.0023154929588243,8
0.0,4,4,0.0,8,2,0,D,100.0,57.0,False,0.0018418438627359,8
0.0,4,4,0.0,8,3,0,D,82.0,47.0,False,0.0021213480002226,8
0.0,4,4,0.052693680541158,8,4,0,D,88.0,50.0,False,0.0029310707683717,8
0.0,4,4,0.009177599707347,8,5,0,D,124.0,71.0,False,0.0027209164325218,8
0.0,4,4,0.001661197844494,8,6,0,D,110.0,63.0,False,0.0019097812766332,8
0.0,4,4,0.0,8,7,0,D,70.0,40.0,False,0.0065301337118547,8
0.0,4,4,0.0072253247623043,8,8,0,D,94.0,54.0,False,0.0035588668288148,8
0.0,4,4,0.0,8,9,0,D,102.0,58.0,False,0.0021899134546081,8
0.0,4,4,0.0080680208304668,8,10,0,D,114.0,65.0,False,0.0021974628388595,8
0.0,4,4,0.0,8,11,0,D,103.0,59.0,False,0.0029286412263457,8
0.0,4,4,0.0,8,12,0,D,88.0,50.0,False,0.0032678901146169,8
0.0,4,4,0.0029414774212552,8,13,0,D,84.0,48.0,False,0.003394244037901,8
0.0,4,4,0.0,8,14,0,D,89.0,51.0,False,0.0025370165361832,8
0.0,4,4,0.0215111453724458,8,15,0,D,103.0,59.0,False,0.0028412824164885,8
0.0,4,4,0.0,8,16,0,D,94.0,54.0,False,0.002486350804426,8
0.0,4,4,0.007396926572462,8,17,0,D,91.0,52.0,False,0.0031285944345846,8
0.0,4,4,0.0382647535005008,8,18,0,D,102.0,58.0,False,0.0075875050513514,8
0.0,4,4,0.0320923540734627,8,19,0,D,124.0,71.0,False,0.0085682958488652,8
0.0,4,4,0.0,8,20,0,D,91.0,52.0,False,0.0027703611758636,8
0.0,4,4,0.0,8,21,0,D,102.0,58.0,False,0.0008757291330344,8
0.0,4,4,0.0,8,22,0,D,89.0,51.0,False,0.0046797565809938,8
0.0,4,4,0.0200005719661614,8,23,0,D,72.0,41.0,False,0.0078505763314297,8
0.0,4,4,0.0,8,24,0,D,86.0,49.0,False,0.0018543730109676,8
0.0,4,4,0.0,8,25,0,D,107.0,61.0,False,0.0016805092193814,8
0.0,4,4,0.0109601234113591,8,26,0,D,110.0,63.0,False,0.002931013835877,8
0.0,4,4,0.0304676781396449,8,27,0,D,116.0,66.0,False,0.0031061982651234,8
0.0,4,4,0.0,8,28,0,D,107.0,61.0,False,0.0032477174148498,8
0.0,4,4,0.0021233046387738,8,29,0,D,121.0,69.0,False,0.0039628916157705,8
0.0,4,4,0.0,8,30,0,D,103.0,59.0,False,0.0027669734157273,8
0.0,4,4,0.0,8,31,0,D,105.0,60.0,False,0.0014812249132762,8
0.0,4,4,0.0388624549581649,8,32,0,D,89.0,51.0,False,0.0027215657171317,8
0.0,4,4,0.0,8,33,0,D,80.0,46.0,False,0.0036943021351044,8
0.0,4,4,0.0064139893502042,8,34,0,D,108.0,62.0,False,0.0017646864495382,8
0.0,4,4,0.0,8,35,0,D,117.0,67.0,False,0.0061885686503118,8
0.0,4,4,0.0006481928245004,8,36,0,D,100.0,57.0,False,0.0046372151230747,8
0.0,4,4,0.0,8,37,0,D,98.0,56.0,False,0.0027672752727159,8
0.0,4,4,0.013801279335158,8,38,0,D,103.0,59.0,False,0.0019874265707633,8
0.0,4,4,0.0,8,39,0,D,114.0,65.0,False,0.0032798467196774,8
0.0,4,4,0.0,8,0,0,MIX_F,88.0,50.0,False,0.0034041055295667,8
0.0,4,4,0.0196268411205215,8,1,0,MIX_F,96.0,55.0,False,0.0023154929588243,8
0.0,4,4,0.0,8,2,0,MIX_F,100.0,57.0,False,0.0018418438627359,8
0.0,4,4,0.0,8,3,0,MIX_F,82.0,47.0,False,0.0021213480002226,8
0.0,4,4,0.0194287512825289,8,4,0,MIX_F,88.0,50.0,False,0.0029310707683717,8
0.0,4,4,0.0,8,5,0,MIX_F,124.0,71.0,False,0.0027209164325218,8
0.0,4,4,0.0,8,6,0,MIX_F,110.0,63.0,False,0.0019097812766332,8
0.0,4,4,0.0,8,7,0,MIX_F,70.0,40.0,False,0.0065301337118547,8
0.0,4,4,0.0130619557357397,8,8,0,MIX_F,94.0,54.0,False,0.0035588668288148,8
0.0,4,4,0.0,8,9,0,MIX_F,102.0,58.0,False,0.0021899134546081,8
0.0,4,4,0.0,8,10,0,MIX_F,114.0,65.0,False,0.0021974628388595,8
0.0,4,4,0.0,8,11,0,MIX_F,103.0,59.0,False,0.0029286412263457,8
0.0,4,4,0.0,8,12,0,MIX_F,88.0,50.0,False,0.0032678901146169,8
0.0,4,4,0.0,8,13,0,MIX_F,84.0,48.0,False,0.003394244037901,8
0.0,4,4,0.0,8,14,0,MIX_F,89.0,51.0,False,0.0025370165361832,8
0.0,4,4,0.0,8,15,0,MIX_F,103.0,59.0,False,0.0028412824164885,8
0.0,4,4,0.0,8,16,0,MIX_F,94.0,54.0,False,0.002486350804426,8
0.0,4,4,0.0,8,17,0,MIX_F,91.0,52.0,False,0.0031285944345846,8
0.0,4,4,0.0,8,18,0,MIX_F,102.0,58.0,False,0.0075875050513514,8
0.0,4,4,0.0111393520292923,8,19,0,MIX_F,124.0,71.0,False,0.0085682958488652,8
0.0,4,4,0.0,8,20,0,MIX_F,91.0,52.0,False,0.0027703611758636,8
0.0,4,4,0.0,8,21,0,MIX_F,102.0,58.0,False,0.0008757291330344,8
0.0,4,4,0.0451648441490758,8,22,0,MIX_F,89.0,51.0,False,0.0046797565809938,8
0.0,4,4,0.0,8,23,0,MIX_F,72.0,41.0,False,0.0078505763314297,8
0.0,4,4,0.0,8,24,0,MIX_F,86.0,49.0,False,0.0018543730109676,8
0.0,4,4,0.0,8,25,0,MIX_F,107.0,61.0,False,0.0016805092193814,8
0.0,4,4,0.0319734046070577,8,26,0,MIX_F,110.0,63.0,False,0.002931013835877,8
0.0,4,4,0.0,8,27,0,MIX_F,116.0,66.0,False,0.0031061982651234,8
0.0,4,4,0.0341872083431639,8,28,0,MIX_F,107.0,61.0,False,0.0032477174148498,8
0.0,4,4,0.0,8,29,0,MIX_F,121.0,69.0,False,0.0039628916157705,8
0.0,4,4,0.0,8,30,0,MIX_F,103.0,59.0,False,0.0027669734157273,8
0.0,4,4,0.0,8,31,0,MIX_F,105.0,60.0,False,0.0014812249132762,8
0.0,4,4,0.0074940884168003,8,32,0,MIX_F,89.0,51.0,False,0.0027215657171317,8
0.0,4,4,0.0,8,33,0,MIX_F,80.0,46.0,False,0.0036943021351044,8
0.0,4,4,0.0,8,34,0,MIX_F,108.0,62.0,False,0.0017646864495382,8
0.0,4,4,0.0527866958423077,8,35,0,MIX_F,117.0,67.0,False,0.0061885686503118,8
0.0,4,4,0.0020918939099268,8,36,0,MIX_F,100.0,57.0,False,0.0046372151230747,8
0.0,4,4,0.0,8,37,0,MIX_F,98.0,56.0,False,0.0027672752727159,8
0.0,4,4,0.0,8,38,0,MIX_F,103.0,59.0,False,0.0019874265707633,8
0.0,4,4,0.0,8,39,0,MIX_F,114.0,65.0,False,0.0032798467196774,8
0.0,4,4,0.0,8,0,0,MIX_M,88.0,50.0,False,0.0034041055295667,8
0.0,4,4,0.0,8,1,0,MIX_M,96.0,55.0,False,0.0023154929588243,8
0.0,4,4,0.0,8,2,0,MIX_M,100.0,57.0,False,0.0018418438627359,8
0.0,4,4,0.0,8,3,0,MIX_M,82.0,47.0,False,0.0021213480002226,8
0.0,4,4,0.0,8,4,0,MIX_M,88.0,50.0,False,0.0029310707683717,8
0.0,4,4,0.0,8,5,0,MIX_M,124.0,71.0,False,0.0027209164325218,8
0.0,4,4,0.0,8,6,0,MIX_M,110.0,63.0,False,0.0019097812766332,8
0.0,4,4,0.0,8,7,0,MIX_M,70.0,40.0,False,0.0065301337118547,8
0.0,4,4,0.0,8,8,0,MIX_M,94.0,54.0,False,0.0035588668288148,8
0.0,4,4,0.0,8,9,0,MIX_M,102.0,58.0,False,0.0021899134546081,8
0.0,4,4,0.0,8,10,0,MIX_M,114.0,65.0,False,0.0021974628388595,8
0.0,4,4,0.0,8,11,0,MIX_M,103.0,59.0,False,0.0029286412263457,8
0.0,4,4,0.0,8,12,0,MIX_M,88.0,50.0,False,0.0032678901146169,8
0.0,4,4,0.0,8,13,0,MIX_M,84.0,48.0,False,0.003394244037901,8
0.0,4,4,0.0,8,14,0,MIX_M,89.0,51.0,False,0.0025370165361832,8
0.0,4,4,0.0443740340930615,8,15,0,MIX_M,103.0,59.0,False,0.0028412824164885,8
0.0,4,4,0.0229961481549006,8,16,0,MIX_M,94.0,54.0,False,0.002486350804426,8
0.0,4,4,0.0032210105420996,8,17,0,MIX_M,91.0,52.0,False,0.0031285944345846,8
0.0,4,4,0.0088318636196497,8,18,0,MIX_M,102.0,58.0,False,0.0075875050513514,8
0.0,4,4,0.0,8,19,0,MIX_M,124.0,71.0,False,0.0085682958488652,8
0.0,4,4,0.0,8,20,0,MIX_M,91.0,52.0,False,0.0027703611758636,8
0.0,4,4,0.0,8,21,0,MIX_M,102.0,58.0,False,0.0008757291330344,8
0.0,4,4,0.0,8,22,0,MIX_M,89.0,51.0,False,0.0046797565809938,8
0.0,4,4,0.0,8,23,0,MIX_M,72.0,41.0,False,0.0078505763314297,8
0.0,4,4,0.0,8,24,0,MIX_M,86.0,49.0,False,0.0018543730109676,8
0.0,4,4,0.0,8,25,0,MIX_M,107.0,61.0,False,0.0016805092193814,8
0.0,4,4,0.0,8,26,0,MIX_M,110.0,63.0,False,0.002931013835877,8
0.0,4,4,0.0,8,27,0,MIX_M,116.0,66.0,False,0.0031061982651234,8
0.0,4,4,0.0004110856304386,8,28,0,MIX_M,107.0,61.0,False,0.0032477174148498,8
0.0,4,4,0.0462441690674396,14,29,0,MIX_M,121.0,69.0,False,0.0039628916157705,8
0.0,4,4,0.0,8,30,0,MIX_M,103.0,59.0,False,0.0027669734157273,8
0.0,4,4,0.0,8,31,0,MIX_M,105.0,60.0,False,0.0014812249132762,8
0.0,4,4,0.0,8,32,0,MIX_M,89.0,51.0,False,0.0027215657171317,8
0.0,4,4,0.0,8,33,0,MIX_M,80.0,46.0,False,0.0036943021351044,8
0.0,4,4,0.0,8,34,0,MIX_M,108.0,62.0,False,0.0017646864495382,8
0.0,4,4,0.0162560826675949,8,35,0,MIX_M,117.0,67.0,False,0.0061885686503118,8
0.0,4,4,0.1341110117580302,8,36,0,MIX_M,100.0,57.0,False,0.0046372151230747,8
0.0,4,4,0.0060002276661828,8,37,0,MIX_M,98.0,56.0,False,0.0027672752727159,8
0.0,4,4,0.0168668945382274,8,38,0,MIX_M,103.0,59.0,False,0.0019874265707633,8
0.0,4,4,0.0,8,39,0,MIX_M,114.0,65.0,False,0.0032798467196774,8
1.0,4,4,0.9944268703519108,81,0,0,B,6.0,54.0,False,0.5501461353106961,9
1.0,4,4,0.75,83,1,0,B,6.0,44.0,False,0.5815496707751016,9
1.0,4,4,0.9807398143392718,82,2,0,B,6.0,43.0,False,0.5459414175916221,9
1.0,4,4,1.0,80,3,0,B,6.0,50.0,False,0.5748114662148556,9
0.0,4,4,1.0,52,4,0,B,6.0,64.0,False,0.5644225514161286,9
0.0,4,4,1.0,37,5,0,B,6.0,52.0,False,0.5851558846904404,9
0.0,4,4,0.931,62,6,0,B,6.0,54.0,False,0.5367371650419953,9
1.0,4,4,0.9046299149427236,83,7,0,B,6.0,65.0,False,0.5570020810276352,9
1.0,4,4,1.0,80,8,0,B,7.0,55.0,False,0.582124311483678,9
1.0,4,4,1.0,82,9,0,B,6.0,57.0,False,0.5893760779579694,9
1.0,4,4,1.0,80,10,0,B,6.0,52.0,False,0.5853092470209,9
1.0,4,4,0.9886837022818452,91,11,0,B,6.0,56.0,False,0.5282321713213302,9
1.0,4,4,1.0,86,12,0,B,7.0,51.0,False,0.5788271774561681,9
1.0,4,4,1.0,92,13,0,B,6.0,57.0,False,0.563834741014489,9
1.0,4,4,0.8480621710811007,80,14,0,B,7.0,50.0,False,0.5455558542280249,9
0.0,4,4,1.0,30,15,0,B,6.0,39.0,False,0.5509211323783726,9
1.0,4,4,1.0,82,16,0,B,6.0,64.0,False,0.5265675457515825,9
1.0,4,4,1.0,80,17,0,B,6.0,55.0,False,0.5596537823863953,9
1.0,4,4,0.9980506895661156,80,18,0,B,6.0,57.0,False,0.6010915894604721,9
1.0,4,4,1.0,80,19,0,B,5.0,59.0,False,0.6011199558032468,9
1.0,4,4,1.0,83,20,0,B,5.0,57.0,False,0.5990100340441551,9
1.0,4,4,0.9426315789473684,83,21,0,B,6.0,54.0,False,0.5712313017879456,9
1.0,4,4,0.9817256478194516,80,22,0,B,6.0,53.0,False,0.5765109260420623,9
0.0,4,4,0.978506723962681,28,23,0,B,7.0,60.0,False,0.5835296801461358,9
0.0,4,4,0.9548529411764706,28,24,0,B,5.0,54.0,False,0.5713958097818687,9
1.0,4,4,1.0,81,25,0,B,6.0,42.0,False,0.5686922525026459,9
0.0,4,4,0.9850215717754888,32,26,0,B,6.0,51.0,False,0.5476232507346916,9
0.0,4,4,1.0,50,27,0,B,5.0,55.0,False,0.582529556649271,9
1.0,4,4,0.9783379028964432,89,28,0,B,7.0,54.0,False,0.5277632382635841,9
0.0,4,4,1.0,32,29,0,B,7.0,61.0,False,0.548701536191634,9
1.0,4,4,0.964112789040134,87,30,0,B,6.0,67.0,False,0.6023538496825547,9
0.0,4,4,1.0,59,31,0,B,6.0,70.0,False,0.5402420313294634,9
1.0,4,4,0.9334993453462984,80,32,0,B,6.0,62.0,False,0.6033804827736765,9
1.0,4,4,0.7138605496066434,90,33,0,B,6.0,57.0,False,0.5081602226598374,9
1.0,4,4,1.0,86,34,0,B,6.0,51.0,False,0.5350115337619769,9
1.0,4,4,0.9689116298297976,80,35,0,B,6.0,44.0,False,0.5351158226081594,9
1.0,4,4,0.9931769230769232,83,36,0,B,6.0,47.0,False,0.6022133005051248,9
0.0,4,4,0.9806944928746988,25,37,0,B,5.0,48.0,False,0.6033119634054858,9
0.0,4,4,1.0,55,38,0,B,6.0,41.0,False,0.5801918839998654,9
1.0,4,4,0.9928692827419696,83,39,0,B,6.0,54.0,False,0.5589694594566006,9
0.0,4,4,0.0,8,0,0,D,94.0,54.0,False,0.0024659305681516,9
0.0,4,4,0.0315768937252491,8,1,0,D,77.0,44.0,False,0.0045054566437259,9
0.0,4,4,0.0018848850700111,8,2,0,D,75.0,43.0,False,0.003982466227008,9
0.0,4,4,0.0090518751863088,8,3,0,D,88.0,50.0,False,0.0033275924816466,9
0.0,4,4,0.0,8,4,0,D,112.0,64.0,False,0.002967621369687,9
0.0,4,4,0.0,8,5,0,D,91.0,52.0,False,0.0011182702347125,9
0.0,4,4,0.0128890762308248,8,6,0,D,94.0,54.0,False,0.0024079318371178,9
0.0,4,4,0.0242999646974233,8,7,0,D,114.0,65.0,False,0.004060017904188,9
0.0,4,4,0.0,8,8,0,D,96.0,55.0,False,0.0032697444971582,9
0.0,4,4,0.0082459025752573,8,9,0,D,100.0,57.0,False,0.0021322033860961,9
0.0,4,4,0.0409170247780617,8,10,0,D,91.0,52.0,False,0.0022316864195154,9
0.0,4,4,0.0,8,11,0,D,98.0,56.0,False,0.002763698365329,9
0.0,4,4,0.0104571313980635,8,12,0,D,89.0,51.0,False,0.0034992585806038,9
0.0,4,4,0.0,8,13,0,D,100.0,57.0,False,0.001661794409191,9
0.0,4,4,0.0,8,14,0,D,88.0,50.0,False,0.0028096451199059,9
0.0,4,4,0.0,8,15,0,D,68.0,39.0,False,0.003845455645722,9
0.0,4,4,0.0635684437503836,8,16,0,D,112.0,64.0,False,0.0055615691934826,9
0.0,4,4,0.0071894281906505,8,17,0,D,96.0,55.0,False,0.0026821578855073,9
0.0,4,4,0.1083625559766051,8,18,0,D,100.0,57.0,False,0.0045263995691283,9
0.0,4,4,0.0,8,19,0,D,103.0,59.0,False,0.0017853281127323,9
0.0,4,4,0.0185510547938902,8,20,0,D,100.0,57.0,False,0.0040185567332698,9
0.0,4,4,0.0742864428243377,8,21,0,D,94.0,54.0,False,0.0025849150487516,9
0.0,4,4,0.0,8,22,0,D,93.0,53.0,False,0.0015104169890087,9
0.0,4,4,0.0,8,23,0,D,105.0,60.0,False,0.0029811211741635,9
0.0,4,4,0.0,8,24,0,D,94.0,54.0,False,0.0023005305839978,9
0.0,4,4,0.0,8,25,0,D,74.0,42.0,False,0.0023146258142575,9
0.0,4,4,0.0,8,26,0,D,89.0,51.0,False,0.0021208334561651,9
0.0,4,4,0.0,8,27,0,D,96.0,55.0,False,0.0030426171682869,9
0.0,4,4,0.0003833466226433,8,28,0,D,94.0,54.0,False,0.0028542345032619,9
0.0,4,4,0.0655703744925959,8,29,0,D,107.0,61.0,False,0.0040714994260246,9
0.0,4,4,0.0017272886005627,8,30,0,D,117.0,67.0,False,0.0065289622311577,9
0.0,4,4,0.0348952833221737,8,31,0,D,122.0,70.0,False,0.0022733785379813,9
0.0,4,4,0.0,8,32,0,D,108.0,62.0,False,0.0026627882157343,9
0.0,4,4,0.0,8,33,0,D,100.0,57.0,False,0.0022550116010158,9
0.0,4,4,0.032609852263688,8,34,0,D,89.0,51.0,False,0.0040449382427187,9
0.0,4,4,0.0,8,35,0,D,77.0,44.0,False,0.0025735674217133,9
0.0,4,4,0.0,8,36,0,D,82.0,47.0,False,0.0024997912490893,9
0.0,4,4,0.0,8,37,0,D,84.0,48.0,False,0.0022703795172507,9
0.0,4,4,0.0,8,38,0,D,72.0,41.0,False,0.0032870168089106,9
0.0,4,4,0.0003920923689412,8,39,0,D,94.0,54.0,False,0.0022200737644244,9
0.0,4,4,0.0,8,0,0,MIX_F,94.0,54.0,False,0.0024659305681516,9
0.0,4,4,0.0,8,1,0,MIX_F,77.0,44.0,False,0.0045054566437259,9
0.0,4,4,0.0,8,2,0,MIX_F,75.0,43.0,False,0.003982466227008,9
0.0,4,4,0.0,8,3,0,MIX_F,88.0,50.0,False,0.0033275924816466,9
0.0,4,4,0.0006950492926573,8,4,0,MIX_F,112.0,64.0,False,0.002967621369687,9
0.0,4,4,0.0,8,5,0,MIX_F,91.0,52.0,False,0.0011182702347125,9
0.0,4,4,0.0,8,6,0,MIX_F,94.0,54.0,False,0.0024079318371178,9
0.0,4,4,0.0,8,7,0,MIX_F,114.0,65.0,False,0.004060017904188,9
0.0,4,4,0.0027172800659409,8,8,0,MIX_F,96.0,55.0,False,0.0032697444971582,9
0.0,4,4,0.0,8,9,0,MIX_F,100.0,57.0,False,0.0021322033860961,9
0.0,4,4,0.0,8,10,0,MIX_F,91.0,52.0,False,0.0022316864195154,9
0.0,4,4,0.0,8,11,0,MIX_F,98.0,56.0,False,0.002763698365329,9
0.0,4,4,0.0,8,12,0,MIX_F,89.0,51.0,False,0.0034992585806038,9
0.0,4,4,0.0,8,13,0,MIX_F,100.0,57.0,False,0.001661794409191,9
0.0,4,4,0.0,8,14,0,MIX_F,88.0,50.0,False,0.0028096451199059,9
0.0,4,4,0.0,8,15,0,MIX_F,68.0,39.0,False,0.003845455645722,9
0.0,4,4,0.0518345049307759,8,16,0,MIX_F,112.0,64.0,False,0.0055615691934826,9
0.0,4,4,0.0,8,17,0,MIX_F,96.0,55.0,False,0.0026821578855073,9
0.0,4,4,0.0,8,18,0,MIX_F,100.0,57.0,False,0.0045263995691283,9
0.0,4,4,0.0,8,19,0,MIX_F,103.0,59.0,False,0.0017853281127323,9
0.0,4,4,0.0,8,20,0,MIX_F,100.0,57.0,False,0.0040185567332698,9
0.0,4,4,0.0,8,21,0,MIX_F,94.0,54.0,False,0.0025849150487516,9
0.0,4,4,0.0116748671177879,8,22,0,MIX_F,93.0,53.0,False,0.0015104169890087,9
0.0,4,4,0.0,8,23,0,MIX_F,105.0,60.0,False,0.0029811211741635,9
0.0,4,4,0.0,8,24,0,MIX_F,94.0,54.0,False,0.0023005305839978,9
0.0,4,4,0.0,8,25,0,MIX_F,74.0,42.0,False,0.0023146258142575,9
0.0,4,4,0.0,8,26,0,MIX_F,89.0,51.0,False,0.0021208334561651,9
0.0,4,4,0.0877182934365343,8,27,0,MIX_F,96.0,55.0,False,0.0030426171682869,9
0.0,4,4,0.0,8,28,0,MIX_F,94.0,54.0,False,0.0028542345032619,9
0.0,4,4,0.0,8,29,0,MIX_F,107.0,61.0,False,0.0040714994260246,9
0.0,4,4,0.0733320085710737,8,30,0,MIX_F,117.0,67.0,False,0.0065289622311577,9
0.0,4,4,0.0,8,31,0,MIX_F,122.0,70.0,False,0.0022733785379813,9
0.0,4,4,0.0023936726159176,8,32,0,MIX_F,108.0,62.0,False,0.0026627882157343,9
0.0,4,4,0.0738685401931858,8,33,0,MIX_F,100.0,57.0,False,0.0022550116010158,9
0.0,4,4,0.0,8,34,0,MIX_F,89.0,51.0,False,0.0040449382427187,9
0.0,4,4,0.0,8,35,0,MIX_F,77.0,44.0,False,0.0025735674217133,9
0.0,4,4,0.0,8,36,0,MIX_F,82.0,47.0,False,0.0024997912490893,9
0.0,4,4,0.0,8,37,0,MIX_F,84.0,48.0,False,0.0022703795172507,9
0.0,4,4,0.0087504638128295,8,38,0,MIX_F,72.0,41.0,False,0.0032870168089106,9
0.0,4,4,0.0,8,39,0,MIX_F,94.0,54.0,False,0.0022200737644244,9
0.0,4,4,0.009053645546528,8,0,0,MIX_M,94.0,54.0,False,0.0024659305681516,9
0.0,4,4,0.0,8,1,0,MIX_M,77.0,44.0,False,0.0045054566437259,9
0.0,4,4,0.0,8,2,0,MIX_M,75.0,43.0,False,0.003982466227008,9
0.0,4,4,0.0,8,3,0,MIX_M,88.0,50.0,False,0.0033275924816466,9
0.0,4,4,0.0,8,4,0,MIX_M,112.0,64.0,False,0.002967621369687,9
0.0,4,4,0.0,8,5,0,MIX_M,91.0,52.0,False,0.0011182702347125,9
0.0,4,4,0.0,8,6,0,MIX_M,94.0,54.0,False,0.0024079318371178,9
0.0,4,4,0.0,8,7,0,MIX_M,114.0,65.0,False,0.004060017904188,9
0.0,4,4,0.0,8,8,0,MIX_M,96.0,55.0,False,0.0032697444971582,9
0.0,4,4,0.0,8,9,0,MIX_M,100.0,57.0,False,0.0021322033860961,9
0.0,4,4,0.0,8,10,0,MIX_M,91.0,52.0,False,0.0022316864195154,9
0.0,4,4,0.0,8,11,0,MIX_M,98.0,56.0,False,0.002763698365329,9
0.0,4,4,0.0,8,12,0,MIX_M,89.0,51.0,False,0.0034992585806038,9
0.0,4,4,0.0,8,13,0,MIX_M,100.0,57.0,False,0.001661794409191,9
0.0,4,4,0.0,8,14,0,MIX_M,88.0,50.0,False,0.0028096451199059,9
0.0,4,4,0.0375011886125349,8,15,0,MIX_M,68.0,39.0,False,0.003845455645722,9
0.0,4,4,0.0726297399984292,8,16,0,MIX_M,112.0,64.0,False,0.0055615691934826,9
0.0,4,4,0.0,8,17,0,MIX_M,96.0,55.0,False,0.0026821578855073,9
0.0,4,4,0.0,8,18,0,MIX_M,100.0,57.0,False,0.0045263995691283,9
0.0,4,4,0.0,8,19,0,MIX_M,103.0,59.0,False,0.0017853281127323,9
0.0,4,4,0.0690567426415459,8,20,0,MIX_M,100.0,57.0,False,0.0040185567332698,9
0.0,4,4,0.0,8,21,0,MIX_M,94.0,54.0,False,0.0025849150487516,9
0.0,4,4,0.0,8,22,0,MIX_M,93.0,53.0,False,0.0015104169890087,9
0.0,4,4,0.0,8,23,0,MIX_M,105.0,60.0,False,0.0029811211741635,9
0.0,4,4,0.0,8,24,0,MIX_M,94.0,54.0,False,0.0023005305839978,9
0.0,4,4,0.0,8,25,0,MIX_M,74.0,42.0,False,0.0023146258142575,9
0.0,4,4,0.0,8,26,0,MIX_M,89.0,51.0,False,0.0021208334561651,9
0.0,4,4,0.0,8,27,0,MIX_M,96.0,55.0,False,0.0030426171682869,9
0.0,4,4,0.0,8,28,0,MIX_M,94.0,54.0,False,0.0028542345032619,9
0.0,4,4,0.0007703163515081,8,29,0,MIX_M,107.0,61.0,False,0.0040714994260246,9
0.0,4,4,0.0,8,30,0,MIX_M,117.0,67.0,False,0.0065289622311577,9
0.0,4,4,0.0079187027020774,8,31,0,MIX_M,122.0,70.0,False,0.0022733785379813,9
0.0,4,4,0.0117167343933173,8,32,0,MIX_M,108.0,62.0,False,0.0026627882157343,9
0.0,4,4,0.0,8,33,0,MIX_M,100.0,57.0,False,0.0022550116010158,9
0.0,4,4,0.0,8,34,0,MIX_M,89.0,51.0,False,0.0040449382427187,9
0.0,4,4,0.0,8,35,0,MIX_M,77.0,44.0,False,0.0025735674217133,9
0.0,4,4,0.0,8,36,0,MIX_M,82.0,47.0,False,0.0024997912490893,9
0.0,4,4,0.0305888130627902,8,37,0,MIX_M,84.0,48.0,False,0.0022703795172507,9
0.0,4,4,0.0,8,38,0,MIX_M,72.0,41.0,False,0.0032870168089106,9
0.0,4,4,0.0,8,39,0,MIX_M,94.0,54.0,False,0.0022200737644244,9
1.0,4,4,0.9802092686861068,80,0,0,B,6.0,46.0,False,0.595305527062975,10
1.0,4,4,0.912,82,1,0,B,6.0,64.0,False,0.552386677627214,10
1.0,4,4,0.8769121160130402,87,2,0,B,6.0,53.0,False,0.577530692679698,10
0.0,4,4,1.0,57,3,0,B,5.0,55.0,False,0.5794077911726063,10
1.0,4,4,0.9848618416305917,80,4,0,B,6.0,46.0,False,0.5837016940795053,10
1.0,4,4,1.0,82,5,0,B,7.0,63.0,False,0.5546842721139076,10
0.0,4,4,0.9183270322899062,44,6,0,B,6.0,51.0,False,0.5419898762336127,10
1.0,4,4,0.8355880575203388,81,7,0,B,6.0,50.0,False,0.5562844633647439,10
1.0,4,4,1.0,80,8,0,B,6.0,49.0,False,0.6272046468744035,10
1.0,4,4,1.0,80,9,0,B,6.0,52.0,False,0.555091965080334,10
1.0,4,4,0.9284095894282448,83,10,0,B,6.0,65.0,False,0.6098855557623647,10
1.0,4,4,0.9571636363636364,86,11,0,B,5.0,55.0,False,0.57516516723948,10
1.0,4,4,0.9883692652684344,85,12,0,B,6.0,49.0,False,0.5424213878089836,10
1.0,4,4,0.972675725071225,81,13,0,B,6.0,65.0,False,0.5610381888102622,10
0.0,4,4,0.9675375,75,14,0,B,5.0,53.0,False,0.5664365938349405,10
0.0,4,4,0.9865660226034858,73,15,0,B,6.0,51.0,False,0.5881716871150069,10
1.0,4,4,0.9297480531890387,89,16,0,B,6.0,56.0,False,0.5700935920607799,10
0.0,4,4,0.9654034436089992,65,17,0,B,6.0,57.0,False,0.5786678372288254,10
1.0,4,4,1.0,83,18,0,B,6.0,66.0,False,0.575774306922229,10
0.0,4,4,1.0,44,19,0,B,7.0,47.0,False,0.5360855780276539,10
1.0,4,4,0.994581947102605,83,20,0,B,6.0,57.0,False,0.5968122420189463,10
1.0,4,4,0.889415722204829,82,21,0,B,6.0,64.0,False,0.5772810441048741,10
0.0,4,4,1.0,68,22,0,B,6.0,47.0,False,0.591090557861763,10
0.0,4,4,1.0,55,23,0,B,6.0,46.0,False,0.5575377437237876,10
1.0,4,4,1.0,80,24,0,B,5.0,72.0,False,0.5979974947663669,10
0.0,4,4,0.9311993275076692,58,25,0,B,6.0,69.0,False,0.5446686650885749,10
1.0,4,4,0.9576292221797192,81,26,0,B,6.0,50.0,False,0.5538042190733884,10
0.0,4,4,1.0,67,27,0,B,5.0,64.0,False,0.5599111701535833,10
0.0,4,4,0.9051739130434784,55,28,0,B,5.0,39.0,False,0.6035567178981623,10
1.0,4,4,1.0,82,29,0,B,5.0,55.0,False,0.6062308414905488,10
1.0,4,4,0.966321254026086,80,30,0,B,5.0,61.0,False,0.6011279015698306,10
0.0,4,4,1.0,36,31,0,B,6.0,55.0,False,0.5672197699842687,10
1.0,4,4,0.974786476750656,81,32,0,B,7.0,48.0,False,0.563505812790349,10
1.0,4,4,1.0,88,33,0,B,6.0,48.0,False,0.5949431036315609,10
1.0,4,4,0.993845041322314,81,34,0,B,6.0,63.0,False,0.5468674586074314,10
1.0,4,4,1.0,82,35,0,B,6.0,55.0,False,0.5842336847681701,10
1.0,4,4,1.0,80,36,0,B,6.0,60.0,False,0.5607693576141252,10
0.0,4,4,0.9426083333333332,29,37,0,B,7.0,60.0,False,0.5600275483057552,10
0.0,4,4,0.9415681406465032,42,38,0,B,7.0,62.0,False,0.511964967130995,10
0.0,4,4,0.8873638747724837,23,39,0,B,6.0,56.0,False,0.5914604194528494,10
0.0,4,4,0.0126064330589767,8,0,0,D,80.0,46.0,False,0.0046330710795926,10
0.0,4,4,0.0,8,1,0,D,112.0,64.0,False,0.0021026856558986,10
0.0,4,4,0.0025877305796939,8,2,0,D,93.0,53.0,False,0.0016088779602359,10
0.0,4,4,0.0054684842485978,8,3,0,D,96.0,55.0,False,0.0022289773586363,10
0.0,4,4,0.0004563699664019,8,4,0,D,80.0,46.0,False,0.0043537858057688,10
0.0,4,4,0.005079173444024,8,5,0,D,110.0,63.0,False,0.0017370547693124,10
0.0,4,4,0.0124473110473509,8,6,0,D,89.0,51.0,False,0.0053373934851524,10
0.0,4,4,0.0,8,7,0,D,88.0,50.0,False,0.0031506313388728,10
0.0,4,4,0.0013755271843664,8,8,0,D,86.0,49.0,False,0.0039740119766846,10
0.0,4,4,0.0,8,9,0,D,91.0,52.0,False,0.0033526653056411,10
0.0,4,4,0.0,8,10,0,D,114.0,65.0,False,0.0029750541681012,10
0.0,4,4,0.0,8,11,0,D,96.0,55.0,False,0.002203948509584,10
0.0,4,4,0.0,8,12,0,D,86.0,49.0,False,0.0017083641984478,10
0.0,4,4,0.0254476906570324,8,13,0,D,71.0,65.0,True,0.0052819656474157,10
0.0,4,4,0.0110571643380672,8,14,0,D,93.0,53.0,False,0.0031354592396025,10
0.0,4,4,0.0583665932180625,8,15,0,D,89.0,51.0,False,0.0051545965917013,10
0.0,4,4,0.0,8,16,0,D,98.0,56.0,False,0.0012426573014522,10
0.0,4,4,0.0355431525370381,8,17,0,D,100.0,57.0,False,0.0030863765632073,10
0.0,4,4,0.0098345361291332,8,18,0,D,116.0,66.0,False,0.0044475475779671,10
0.0,4,4,0.0095836516931142,8,19,0,D,82.0,47.0,False,0.0028469050085268,10
0.0,4,4,0.0,8,20,0,D,100.0,57.0,False,0.0018699233260887,10
0.0,4,4,0.0,8,21,0,D,112.0,64.0,False,0.0015785071073883,10
0.0,4,4,0.0,8,22,0,D,82.0,47.0,False,0.0032283098790037,10
0.0,4,4,0.0,8,23,0,D,80.0,46.0,False,0.0018418392885421,10
0.0,4,4,0.0699547722675464,8,24,0,D,126.0,72.0,False,0.0111236465617735,10
0.0,4,4,0.0566956371860309,8,25,0,D,121.0,69.0,False,0.0146345210692292,10
0.0,4,4,0.0,8,26,0,D,88.0,50.0,False,0.0022769493545281,10
0.0,4,4,0.0,8,27,0,D,112.0,64.0,False,0.0015493941436003,10
0.0,4,4,0.0,8,28,0,D,68.0,39.0,False,0.0033467757971679,10
0.0,4,4,0.0,8,29,0,D,96.0,55.0,False,0.0028317054505578,10
0.0,4,4,0.0,8,30,0,D,107.0,61.0,False,0.0033299320455976,10
0.0,4,4,0.0,8,31,0,D,96.0,55.0,False,0.0026961684150069,10
0.0,4,4,0.0542931872450138,8,32,0,D,84.0,48.0,False,0.0055582384157915,10
0.0,4,4,0.0061183132513263,8,33,0,D,84.0,48.0,False,0.0030482680828815,10
0.0,4,4,0.0051529184147934,8,34,0,D,110.0,63.0,False,0.0017929601685588,10
0.0,4,4,0.0,8,35,0,D,96.0,55.0,False,0.0019143498504982,10
0.0,4,4,0.0003743126481705,8,36,0,D,105.0,60.0,False,0.0027911012515552,10
0.0,4,4,0.0,8,37,0,D,105.0,60.0,False,0.0023093432694047,10
0.0,4,4,0.0,8,38,0,D,108.0,62.0,False,0.0024388427348014,10
0.0,4,4,0.0020961128119718,8,39,0,D,98.0,56.0,False,0.0021943439593843,10
0.0,4,4,0.0,8,0,0,MIX_F,80.0,46.0,False,0.0046330710795926,10
0.0,4,4,0.0,8,1,0,MIX_F,112.0,64.0,False,0.0021026856558986,10
0.0,4,4,0.0,8,2,0,MIX_F,93.0,53.0,False,0.0016088779602359,10
0.0,4,4,0.0,8,3,0,MIX_F,96.0,55.0,False,0.0022289773586363,10
0.0,4,4,0.0,8,4,0,MIX_F,80.0,46.0,False,0.0043537858057688,10
0.0,4,4,0.0,8,5,0,MIX_F,110.0,63.0,False,0.0017370547693124,10
0.0,4,4,0.0,8,6,0,MIX_F,89.0,51.0,False,0.0053373934851524,10
0.0,4,4,0.0,8,7,0,MIX_F,88.0,50.0,False,0.0031506313388728,10
0.0,4,4,0.0,8,8,0,MIX_F,86.0,49.0,False,0.0039740119766846,10
0.0,4,4,0.0,8,9,0,MIX_F,91.0,52.0,False,0.0033526653056411,10
0.0,4,4,0.0,8,10,0,MIX_F,114.0,65.0,False,0.0029750541681012,10
0.0,4,4,0.0,8,11,0,MIX_F,96.0,55.0,False,0.002203948509584,10
0.0,4,4,0.0,8,12,0,MIX_F,86.0,49.0,False,0.0017083641984478,10
0.0,4,4,0.0,8,13,0,MIX_F,71.0,65.0,True,0.0052819656474157,10
0.0,4,4,0.0544066831584889,8,14,0,MIX_F,93.0,53.0,False,0.0031354592396025,10
0.0,4,4,0.0,8,15,0,MIX_F,89.0,51.0,False,0.0051545965917013,10
0.0,4,4,0.0,8,16,0,MIX_F,98.0,56.0,False,0.0012426573014522,10
0.0,4,4,0.0,8,17,0,MIX_F,100.0,57.0,False,0.0030863765632073,10
0.0,4,4,0.0,8,18,0,MIX_F,116.0,66.0,False,0.0044475475779671,10
0.0,4,4,0.0,8,19,0,MIX_F,82.0,47.0,False,0.0028469050085268,10
0.0,4,4,0.0,8,20,0,MIX_F,100.0,57.0,False,0.0018699233260887,10
0.0,4,4,0.0,8,21,0,MIX_F,112.0,64.0,False,0.0015785071073883,10
0.0,4,4,0.0,8,22,0,MIX_F,82.0,47.0,False,0.0032283098790037,10
0.0,4,4,0.0,8,23,0,MIX_F,80.0,46.0,False,0.0018418392885421,10
0.0,4,4,0.0501418110478582,8,24,0,MIX_F,126.0,72.0,False,0.0111236465617735,10
0.0,4,4,0.1133912743720619,8,25,0,MIX_F,121.0,69.0,False,0.0146345210692292,10
0.0,4,4,0.0,8,26,0,MIX_F,88.0,50.0,False,0.0022769493545281,10
0.0,4,4,0.0,8,27,0,MIX_F,112.0,64.0,False,0.0015493941436003,10
0.0,4,4,0.0,8,28,0,MIX_F,68.0,39.0,False,0.0033467757971679,10
0.0,4,4,0.0,8,29,0,MIX_F,96.0,55.0,False,0.0028317054505578,10
0.0,4,4,0.1095055626646547,8,30,0,MIX_F,107.0,61.0,False,0.0033299320455976,10
0.0,4,4,0.0,8,31,0,MIX_F,96.0,55.0,False,0.0026961684150069,10
0.0,4,4,0.0,8,32,0,MIX_F,84.0,48.0,False,0.0055582384157915,10
0.0,4,4,0.0,8,33,0,MIX_F,84.0,48.0,False,0.0030482680828815,10
0.0,4,4,0.0,8,34,0,MIX_F,110.0,63.0,False,0.0017929601685588,10
0.0,4,4,0.0,8,35,0,MIX_F,96.0,55.0,False,0.0019143498504982,10
0.0,4,4,0.0654102938779807,8,36,0,MIX_F,105.0,60.0,False,0.0027911012515552,10
0.0,4,4,0.0,8,37,0,MIX_F,105.0,60.0,False,0.0023093432694047,10
0.0,4,4,0.0,8,38,0,MIX_F,108.0,62.0,False,0.0024388427348014,10
0.0,4,4,0.0,8,39,0,MIX_F,98.0,56.0,False,0.0021943439593843,10
0.0,4,4,0.0,8,0,0,MIX_M,80.0,46.0,False,0.0046330710795926,10
0.0,4,4,0.0,8,1,0,MIX_M,112.0,64.0,False,0.0021026856558986,10
0.0,4,4,0.0,8,2,0,MIX_M,93.0,53.0,False,0.0016088779602359,10
0.0,4,4,0.0,8,3,0,MIX_M,96.0,55.0,False,0.0022289773586363,10
0.0,4,4,0.0,8,4,0,MIX_M,80.0,46.0,False,0.0043537858057688,10
0.0,4,4,0.0,8,5,0,MIX_M,110.0,63.0,False,0.0017370547693124,10
0.0,4,4,0.0,8,6,0,MIX_M,89.0,51.0,False,0.0053373934851524,10
0.0,4,4,0.0344164331106711,8,7,0,MIX_M,88.0,50.0,False,0.0031506313388728,10
0.0,4,4,0.0,8,8,0,MIX_M,86.0,49.0,False,0.0039740119766846,10
0.0,4,4,0.0273685303849004,8,9,0,MIX_M,91.0,52.0,False,0.0033526653056411,10
0.0,4,4,0.0045214229832191,8,10,0,MIX_M,114.0,65.0,False,0.0029750541681012,10
0.0,4,4,0.0,8,11,0,MIX_M,96.0,55.0,False,0.002203948509584,10
0.0,4,4,0.0,8,12,0,MIX_M,86.0,49.0,False,0.0017083641984478,10
0.0,4,4,0.0,8,13,0,MIX_M,71.0,65.0,True,0.0052819656474157,10
0.0,4,4,0.0187957580736366,8,14,0,MIX_M,93.0,53.0,False,0.0031354592396025,10
0.0,4,4,0.0118455056608222,8,15,0,MIX_M,89.0,51.0,False,0.0051545965917013,10
0.0,4,4,0.0,8,16,0,MIX_M,98.0,56.0,False,0.0012426573014522,10
0.0,4,4,0.0,8,17,0,MIX_M,100.0,57.0,False,0.0030863765632073,10
0.0,4,4,0.0,8,18,0,MIX_M,116.0,66.0,False,0.0044475475779671,10
0.0,4,4,0.0,8,19,0,MIX_M,82.0,47.0,False,0.0028469050085268,10
0.0,4,4,0.0164761788594954,8,20,0,MIX_M,100.0,57.0,False,0.0018699233260887,10
0.0,4,4,0.0,8,21,0,MIX_M,112.0,64.0,False,0.0015785071073883,10
0.0,4,4,0.0,8,22,0,MIX_M,82.0,47.0,False,0.0032283098790037,10
0.0,4,4,0.0421498996720796,8,23,0,MIX_M,80.0,46.0,False,0.0018418392885421,10
0.0,4,4,0.1399095445350928,8,24,0,MIX_M,126.0,72.0,False,0.0111236465617735,10
0.0,4,4,0.0,8,25,0,MIX_M,121.0,69.0,False,0.0146345210692292,10
0.0,4,4,0.0,8,26,0,MIX_M,88.0,50.0,False,0.0022769493545281,10
0.0,4,4,0.0361897736741815,8,27,0,MIX_M,112.0,64.0,False,0.0015493941436003,10
0.0,4,4,0.0,8,28,0,MIX_M,68.0,39.0,False,0.0033467757971679,10
0.0,4,4,0.0,8,29,0,MIX_M,96.0,55.0,False,0.0028317054505578,10
0.0,4,4,0.0203290907956114,8,30,0,MIX_M,107.0,61.0,False,0.0033299320455976,10
0.0,4,4,0.0,8,31,0,MIX_M,96.0,55.0,False,0.0026961684150069,10
0.0,4,4,0.0,8,32,0,MIX_M,84.0,48.0,False,0.0055582384157915,10
0.0,4,4,0.0,8,33,0,MIX_M,84.0,48.0,False,0.0030482680828815,10
0.0,4,4,0.0,8,34,0,MIX_M,110.0,63.0,False,0.0017929601685588,10
0.0,4,4,0.0,8,35,0,MIX_M,96.0,55.0,False,0.0019143498504982,10
0.0,4,4,0.0,8,36,0,MIX_M,105.0,60.0,False,0.0027911012515552,10
0.0,4,4,0.0,8,37,0,MIX_M,105.0,60.0,False,0.0023093432694047,10
0.0,4,4,0.0,8,38,0,MIX_M,108.0,62.0,False,0.0024388427348014,10
0.0,4,4,0.0003647315638033,8,39,0,MIX_M,98.0,56.0,False,0.0021943439593843,10
0.0,4,4,0.875,67,0,0,B,6.0,57.0,False,0.5708160310069857,11
1.0,4,4,0.9943963971544328,81,1,0,B,6.0,56.0,False,0.5562810885133789,11
1.0,4,4,1.0,81,2,0,B,5.0,54.0,False,0.5897887731851515,11
1.0,4,4,0.9360183946338758,92,3,0,B,7.0,49.0,False,0.5419042773552497,11
0.0,4,4,1.0,72,4,0,B,6.0,59.0,False,0.5744849226419311,11
1.0,4,4,0.9298088970513212,88,5,0,B,6.0,56.0,False,0.5449067996789781,11
1.0,4,4,0.8829216036978059,86,6,0,B,6.0,52.0,False,0.5463832881712822,11
1.0,4,4,0.9678571428571427,92,7,0,B,6.0,46.0,False,0.5629251837085508,11
1.0,4,4,1.0,81,8,0,B,6.0,59.0,False,0.5859291410913692,11
0.0,4,4,1.0,23,9,0,B,6.0,54.0,False,0.5866468845293021,11
1.0,4,4,0.9554973438239578,80,10,0,B,6.0,49.0,False,0.584108440541883,11
1.0,4,4,0.9814557581545016,84,11,0,B,6.0,62.0,False,0.6038670797418098,11
1.0,4,4,0.784298066227431,80,12,0,B,6.0,53.0,False,0.5809019772986687,11
1.0,4,4,0.9970310490738636,80,13,0,B,6.0,62.0,False,0.5905881354476331,11
1.0,4,4,0.875,84,14,0,B,6.0,58.0,False,0.5860630644252809,11
1.0,4,4,1.0,81,15,0,B,5.0,61.0,False,0.6096521889535307,11
1.0,4,4,0.7502504812258843,86,16,0,B,7.0,61.0,False,0.5356606998793948,11
1.0,4,4,1.0,85,17,0,B,5.0,51.0,False,0.5916680827171026,11
0.0,4,4,0.9638023332775192,79,18,0,B,6.0,58.0,False,0.5980605710562441,11
0.0,4,4,1.0,51,19,0,B,6.0,61.0,False,0.6143162622213687,11
0.0,4,4,1.0,79,20,0,B,5.0,56.0,False,0.6176411859537589,11
1.0,4,4,0.8760550941494095,81,21,0,B,6.0,65.0,False,0.5496678798053706,11
1.0,4,4,1.0,82,22,0,B,6.0,55.0,False,0.5853620682739312,11
1.0,4,4,0.875,82,23,0,B,6.0,49.0,False,0.5834637706486427,11
1.0,4,4,1.0,81,24,0,B,6.0,64.0,False,0.5915907517041253,11
1.0,4,4,1.0,81,25,0,B,6.0,53.0,False,0.5769658670912015,11
1.0,4,4,1.0,86,26,0,B,5.0,53.0,False,0.6139838179529647,11
1.0,4,4,0.9945427494643404,88,27,0,B,6.0,60.0,False,0.5788999758067594,11
1.0,4,4,1.0,82,28,0,B,6.0,42.0,False,0.5628364453590164,11
1.0,4,4,1.0,80,29,0,B,6.0,69.0,False,0.59276138185938,11
1.0,4,4,1.0,80,30,0,B,6.0,60.0,False,0.589947871871785,11
0.0,4,4,1.0,22,31,0,B,6.0,65.0,False,0.5781030581035917,11
1.0,4,4,0.875688630810873,85,32,0,B,6.0,58.0,False,0.5591328573476555,11
1.0,4,4,0.9062190658059888,80,33,0,B,6.0,39.0,False,0.5512670823926079,11
1.0,4,4,0.967966386554622,86,34,0,B,6.0,69.0,False,0.5668050694496427,11
1.0,4,4,0.964509751006884,80,35,0,B,6.0,56.0,False,0.5941184004721862,11
0.0,4,4,1.0,41,36,0,B,6.0,58.0,False,0.5420073436248072,11
1.0,4,4,0.921325691261722,82,37,0,B,6.0,52.0,False,0.533793415095363,11
1.0,4,4,0.875,84,38,0,B,6.0,52.0,False,0.6059994249092775,11
1.0,4,4,0.8930893906525573,84,39,0,B,6.0,49.0,False,0.5554711068071212,11
0.0,4,4,0.0,8,0,0,D,100.0,57.0,False,0.0015034303578725,11
0.0,4,4,0.0,8,1,0,D,98.0,56.0,False,0.0031971626087427,11
0.0,4,4,0.0,8,2,0,D,94.0,54.0,False,0.0021130684145061,11
0.0,4,4,0.0384270487586795,8,3,0,D,86.0,49.0,False,0.0046306101878011,11
0.0,4,4,0.0,8,4,0,D,103.0,59.0,False,0.002678176068834,11
0.0,4,4,0.0014274352647359,8,5,0,D,98.0,56.0,False,0.0022350822944331,11
0.0,4,4,0.0,8,6,0,D,91.0,52.0,False,0.0026868457407608,11
0.0,4,4,0.0,8,7,0,D,80.0,46.0,False,0.0034118743418652,11
0.0,4,4,0.0,8,8,0,D,103.0,59.0,False,0.0017973033009129,11
0.0,4,4,0.0332321301418722,8,9,0,D,94.0,54.0,False,0.0043443509929334,11
0.0,4,4,0.0031295643052445,8,10,0,D,86.0,49.0,False,0.0024341111654866,11
0.0,4,4,0.0176943087596375,8,11,0,D,108.0,62.0,False,0.0042148462627455,11
0.0,4,4,0.0063504659644023,8,12,0,D,93.0,53.0,False,0.0032345940198675,11
0.0,4,4,0.0,8,13,0,D,108.0,62.0,False,0.0025199470037873,11
0.0,4,4,0.0024314247474392,8,14,0,D,102.0,58.0,False,0.0020818954710944,11
0.0,4,4,0.0545909017219009,8,15,0,D,107.0,61.0,False,0.0028349505462918,11
0.0,4,4,0.0105350452252977,8,16,0,D,107.0,61.0,False,0.0020942990649984,11
0.0,4,4,0.0489997238699119,8,17,0,D,89.0,51.0,False,0.006969642194016,11
0.0,4,4,0.0,8,18,0,D,102.0,58.0,False,0.0021173482939616,11
0.0,4,4,0.0,8,19,0,D,107.0,61.0,False,0.0023716892936451,11
0.0,4,4,0.0,8,20,0,D,98.0,56.0,False,0.0024481487841562,11
0.0,4,4,0.0335437133173923,8,21,0,D,114.0,65.0,False,0.0029799958781329,11
0.0,4,4,0.0097292376347338,8,22,0,D,96.0,55.0,False,0.0029207383230726,11
0.0,4,4,0.0,8,23,0,D,86.0,49.0,False,0.0027947964822014,11
0.0,4,4,0.0,8,24,0,D,112.0,64.0,False,0.0018876090484545,11
0.0,4,4,0.0036920826789701,8,25,0,D,93.0,53.0,False,0.0064650235381918,11
0.0,4,4,0.0005408302580463,8,26,0,D,93.0,53.0,False,0.0038455616871999,11
0.0,4,4,0.0,8,27,0,D,105.0,60.0,False,0.0022561514818684,11
0.0,4,4,0.0,8,28,0,D,74.0,42.0,False,0.0043722448703746,11
0.0,4,4,0.0040614964437205,8,29,0,D,121.0,69.0,False,0.0024704556874904,11
0.0,4,4,0.0,8,30,0,D,105.0,60.0,False,0.0026241511723213,11
0.0,4,4,0.0,8,31,0,D,114.0,65.0,False,0.0024979858865733,11
0.0,4,4,0.0002471599100547,8,32,0,D,102.0,58.0,False,0.0020754066777101,11
0.0,4,4,0.0,8,33,0,D,68.0,39.0,False,0.006652367497719,11
0.0,4,4,0.0030814354755623,8,34,0,D,121.0,69.0,False,0.007461053435316,11
0.0,4,4,0.0,8,35,0,D,98.0,56.0,False,0.0024645999608094,11
0.0,4,4,0.0078389488493445,8,36,0,D,102.0,58.0,False,0.002942653762735,11
0.0,4,4,0.0,8,37,0,D,91.0,52.0,False,0.0051789761639806,11
0.0,4,4,0.0,8,38,0,D,91.0,52.0,False,0.0022127076311907,11
0.0,4,4,0.0,8,39,0,D,86.0,49.0,False,0.0021068601966734,11
0.0,4,4,0.0482907469289099,8,0,0,MIX_F,100.0,57.0,False,0.0015034303578725,11
0.0,4,4,0.0,8,1,0,MIX_F,98.0,56.0,False,0.0031971626087427,11
0.0,4,4,0.0,8,2,0,MIX_F,94.0,54.0,False,0.0021130684145061,11
0.0,4,4,0.0,8,3,0,MIX_F,86.0,49.0,False,0.0046306101878011,11
0.0,4,4,0.0,8,4,0,MIX_F,103.0,59.0,False,0.002678176068834,11
0.0,4,4,0.0,8,5,0,MIX_F,98.0,56.0,False,0.0022350822944331,11
0.0,4,4,0.0,8,6,0,MIX_F,91.0,52.0,False,0.0026868457407608,11
0.0,4,4,0.0,8,7,0,MIX_F,80.0,46.0,False,0.0034118743418652,11
0.0,4,4,0.0128065389523586,8,8,0,MIX_F,103.0,59.0,False,0.0017973033009129,11
0.0,4,4,0.0,8,9,0,MIX_F,94.0,54.0,False,0.0043443509929334,11
0.0,4,4,0.0,8,10,0,MIX_F,86.0,49.0,False,0.0024341111654866,11
0.0,4,4,0.0,8,11,0,MIX_F,108.0,62.0,False,0.0042148462627455,11
0.0,4,4,0.0,8,12,0,MIX_F,93.0,53.0,False,0.0032345940198675,11
0.0,4,4,0.0,8,13,0,MIX_F,108.0,62.0,False,0.0025199470037873,11
0.0,4,4,0.0,8,14,0,MIX_F,102.0,58.0,False,0.0020818954710944,11
0.0,4,4,0.0,8,15,0,MIX_F,107.0,61.0,False,0.0028349505462918,11
0.0,4,4,0.0,8,16,0,MIX_F,107.0,61.0,False,0.0020942990649984,11
0.0,4,4,0.0006085684016908,8,17,0,MIX_F,89.0,51.0,False,0.006969642194016,11
0.0,4,4,0.0,8,18,0,MIX_F,102.0,58.0,False,0.0021173482939616,11
0.0,4,4,0.0,8,19,0,MIX_F,107.0,61.0,False,0.0023716892936451,11
0.0,4,4,0.0,8,20,0,MIX_F,98.0,56.0,False,0.0024481487841562,11
0.0,4,4,0.0515738873092459,8,21,0,MIX_F,114.0,65.0,False,0.0029799958781329,11
0.0,4,4,0.0,8,22,0,MIX_F,96.0,55.0,False,0.0029207383230726,11
0.0,4,4,0.0,8,23,0,MIX_F,86.0,49.0,False,0.0027947964822014,11
0.0,4,4,0.0260192914646996,8,24,0,MIX_F,112.0,64.0,False,0.0018876090484545,11
0.0,4,4,0.0,8,25,0,MIX_F,93.0,53.0,False,0.0064650235381918,11
0.0,4,4,0.0,8,26,0,MIX_F,93.0,53.0,False,0.0038455616871999,11
0.0,4,4,0.0022604811524235,8,27,0,MIX_F,105.0,60.0,False,0.0022561514818684,11
0.0,4,4,0.0,8,28,0,MIX_F,74.0,42.0,False,0.0043722448703746,11
0.0,4,4,0.0,8,29,0,MIX_F,121.0,69.0,False,0.0024704556874904,11
0.0,4,4,0.0,8,30,0,MIX_F,105.0,60.0,False,0.0026241511723213,11
0.0,4,4,0.0916844225831508,8,31,0,MIX_F,114.0,65.0,False,0.0024979858865733,11
0.0,4,4,0.0052595781179237,8,32,0,MIX_F,102.0,58.0,False,0.0020754066777101,11
0.0,4,4,0.0,8,33,0,MIX_F,68.0,39.0,False,0.006652367497719,11
0.0,4,4,0.025877058337934,8,34,0,MIX_F,121.0,69.0,False,0.007461053435316,11
0.0,4,4,0.0069094042026149,8,35,0,MIX_F,98.0,56.0,False,0.0024645999608094,11
0.0,4,4,0.0,8,36,0,MIX_F,102.0,58.0,False,0.002942653762735,11
0.0,4,4,0.0,8,37,0,MIX_F,91.0,52.0,False,0.0051789761639806,11
0.0,4,4,0.0,8,38,0,MIX_F,91.0,52.0,False,0.0022127076311907,11
0.0,4,4,0.0,8,39,0,MIX_F,86.0,49.0,False,0.0021068601966734,11
0.0,4,4,0.0,8,0,0,MIX_M,100.0,57.0,False,0.0015034303578725,11
0.0,4,4,0.0,8,1,0,MIX_M,98.0,56.0,False,0.0031971626087427,11
0.0,4,4,0.0,8,2,0,MIX_M,94.0,54.0,False,0.0021130684145061,11
0.0,4,4,0.0,8,3,0,MIX_M,86.0,49.0,False,0.0046306101878011,11
0.0,4,4,0.0,8,4,0,MIX_M,103.0,59.0,False,0.002678176068834,11
0.0,4,4,0.0,8,5,0,MIX_M,98.0,56.0,False,0.0022350822944331,11
0.0,4,4,0.0,8,6,0,MIX_M,91.0,52.0,False,0.0026868457407608,11
0.0,4,4,0.0,8,7,0,MIX_M,80.0,46.0,False,0.0034118743418652,11
0.0,4,4,0.0,8,8,0,MIX_M,103.0,59.0,False,0.0017973033009129,11
0.0,4,4,0.0,8,9,0,MIX_M,94.0,54.0,False,0.0043443509929334,11
0.0,4,4,0.0,8,10,0,MIX_M,86.0,49.0,False,0.0024341111654866,11
0.0,4,4,0.0,8,11,0,MIX_M,108.0,62.0,False,0.0042148462627455,11
0.0,4,4,0.0,8,12,0,MIX_M,93.0,53.0,False,0.0032345940198675,11
0.0,4,4,0.0,8,13,0,MIX_M,108.0,62.0,False,0.0025199470037873,11
0.0,4,4,0.0710536976215722,8,14,0,MIX_M,102.0,58.0,False,0.0020818954710944,11
0.0,4,4,0.0532221728896249,8,15,0,MIX_M,107.0,61.0,False,0.0028349505462918,11
0.0,4,4,0.0,8,16,0,MIX_M,107.0,61.0,False,0.0020942990649984,11
0.0,4,4,0.0,8,17,0,MIX_M,89.0,51.0,False,0.006969642194016,11
0.0,4,4,0.0,8,18,0,MIX_M,102.0,58.0,False,0.0021173482939616,11
0.0,4,4,0.0,8,19,0,MIX_M,107.0,61.0,False,0.0023716892936451,11
0.0,4,4,0.0594282665293966,8,20,0,MIX_M,98.0,56.0,False,0.0024481487841562,11
0.0,4,4,0.0605167172547315,8,21,0,MIX_M,114.0,65.0,False,0.0029799958781329,11
0.0,4,4,0.0,8,22,0,MIX_M,96.0,55.0,False,0.0029207383230726,11
0.0,4,4,0.0,8,23,0,MIX_M,86.0,49.0,False,0.0027947964822014,11
0.0,4,4,0.0,8,24,0,MIX_M,112.0,64.0,False,0.0018876090484545,11
0.0,4,4,0.0939559829161234,8,25,0,MIX_M,93.0,53.0,False,0.0064650235381918,11
0.0,4,4,0.0,8,26,0,MIX_M,93.0,53.0,False,0.0038455616871999,11
0.0,4,4,0.0,8,27,0,MIX_M,105.0,60.0,False,0.0022561514818684,11
0.0,4,4,0.0219858354688883,8,28,0,MIX_M,74.0,42.0,False,0.0043722448703746,11
0.0,4,4,0.0155461478887273,8,29,0,MIX_M,121.0,69.0,False,0.0024704556874904,11
0.0,4,4,0.0023724177471105,8,30,0,MIX_M,105.0,60.0,False,0.0026241511723213,11
0.0,4,4,0.0,8,31,0,MIX_M,114.0,65.0,False,0.0024979858865733,11
0.0,4,4,0.0235542064911831,8,32,0,MIX_M,102.0,58.0,False,0.0020754066777101,11
0.0,4,4,0.0,8,33,0,MIX_M,68.0,39.0,False,0.006652367497719,11
0.0,4,4,0.0074392172032766,8,34,0,MIX_M,121.0,69.0,False,0.007461053435316,11
0.0,4,4,0.0,8,35,0,MIX_M,98.0,56.0,False,0.0024645999608094,11
0.0,4,4,0.0332902598933598,8,36,0,MIX_M,102.0,58.0,False,0.002942653762735,11
0.0,4,4,0.0034269513563397,8,37,0,MIX_M,91.0,52.0,False,0.0051789761639806,11
0.0,4,4,0.0,8,38,0,MIX_M,91.0,52.0,False,0.0022127076311907,11
0.0,4,4,0.0,8,39,0,MIX_M,86.0,49.0,False,0.0021068601966734,11
