point,label,n,rec,inherit_weight,gamma,f_O1,lo_O1,hi_O1,n_O1,k_O1,f_O2,lo_O2,hi_O2,n_O2,k_O2,f_O3,lo_O3,hi_O3,n_O3,k_O3,f_O4,lo_O4,hi_O4,n_O4,k_O4,f_O5,lo_O5,hi_O5,n_O5,k_O5,f_O6,lo_O6,hi_O6,n_O6,k_O6,f_O7,lo_O7,hi_O7,n_O7,k_O7,f_O8,lo_O8,hi_O8,n_O8,k_O8,f_O8b,lo_O8b,hi_O8b,n_O8b,k_O8b,f_O9,lo_O9,hi_O9,n_O9,k_O9,f_O10,lo_O10,hi_O10,n_O10,k_O10,f_O11,lo_O11,hi_O11,n_O11,k_O11,f_O11b,lo_O11b,hi_O11b,n_O11b,k_O11b,f_O13,lo_O13,hi_O13,n_O13,k_O13,f_O13b,lo_O13b,hi_O13b,n_O13b,k_O13b,f_O13p,lo_O13p,hi_O13p,n_O13p,k_O13p,f_O14,lo_O14,hi_O14,n_O14,k_O14,f_O15,lo_O15,hi_O15,n_O15,k_O15,f_O15b,lo_O15b,hi_O15b,n_O15b,k_O15b,f_O17_run,lo_O17_run,hi_O17_run,n_O17_run,k_O17_run,f_O17p,lo_O17p,hi_O17p,n_O17p,k_O17p,trig_A1,trig_A2,trig_A3,trig_A4,f_PRIMARIO,lo_PRIMARIO,hi_PRIMARIO,k_PRIMARIO,n_PRIMARIO,P_ext,P_ext_lo,P_ext_hi,k_ext,f_exploded,t_ext_med,t_ext_med_lo,t_ext_med_hi,t_ext_mean,t_ext_sd,t_ext_cv,N_max_mean,t_peak_mean,x_rho_pk_mean,x_f0_pk_mean,x_BO_mean,x_BO4_mean,x_CR_mean,x_in_ref_pk_mean,x_S_adult_pk_mean,x_rho8_mean,x_D_last_mean,x_smat_B_mean,x_smat_sen_mean,S_at_peak_mean,mstar_at_peak_mean,wall_time_s_mean,f_rho8_ge_1.84,x_D_last_sd
0,rec=0.02 w=0 g=0.1,30,0.02,0.0,0.1,,,,0,0,,,,0,0,,,,0,0,1.0,0.8864866068260312,0.9999999999999999,30,30,0.9,0.7437891742081593,0.9654001112526658,30,27,1.0,0.8864866068260312,0.9999999999999999,30,30,1.0,0.8864866068260312,0.9999999999999999,30,30,0.4,0.24590628116801852,0.5767963974667752,30,12,1.0,0.8864866068260312,0.9999999999999999,30,30,0.4,0.24590628116801852,0.5767963974667752,30,12,1.0,0.8864866068260312,0.9999999999999999,30,30,1.0,0.8864866068260312,0.9999999999999999,30,30,1.0,0.8864866068260312,0.9999999999999999,30,30,1.0,0.8864866068260312,0.9999999999999999,30,30,0.0,0.0,0.11351339317396876,30,0,1.0,0.8864866068260312,0.9999999999999999,30,30,0.9666666666666667,0.8332960900859082,0.9940914096183874,30,29,0.0,0.0,0.11351339317396876,30,0,0.6,0.42320360253322475,0.7540937188319815,30,18,0.9,0.7437891742081593,0.9654001112526658,30,27,0.9,0.7437891742081593,0.9654001112526658,30,27,0.0,0.0,0.0,0.0,0.9,0.7437891742081593,0.9654001112526658,27,30,1.0,0.8864866068260312,0.9999999999999999,30,0.0,171.0,166.0,176.0,170.66666666666666,8.76644595675144,0.05136589427784047,2119.9,57.86666666666667,0.29443055555555553,0.23114814814814805,0.3643543305078121,0.23078667655258864,0.14366932540397478,0.2390289105749097,0.019108374513782663,1.9827140127953273,110.93333333333334,0.020416568788605295,-0.0006470181083642536,0.01903635156666985,3.7943796174482327,0.6420529552667783,0.6666666666666666,3.194103763276127
1,rec=0.02 w=0.1 g=0.1,30,0.02,0.1,0.1,,,,0,0,,,,0,0,,,,0,0,1.0,0.8864866068260312,0.9999999999999999,30,30,0.9333333333333333,0.7867654163738308,0.9815229762087295,30,28,1.0,0.8864866068260312,0.9999999999999999,30,30,1.0,0.8864866068260312,0.9999999999999999,30,30,0.26666666666666666,0.14182663319596317,0.4444796169518888,30,8,1.0,0.8864866068260312,0.9999999999999999,30,30,0.36666666666666664,0.21873920806100708,0.5448643634520511,30,11,1.0,0.8864866068260312,0.9999999999999999,30,30,0.9,0.7437891742081593,0.9654001112526658,30,27,1.0,0.8864866068260312,0.9999999999999999,30,30,1.0,0.8864866068260312,0.9999999999999999,30,30,0.0,0.0,0.11351339317396876,30,0,1.0,0.8864866068260312,0.9999999999999999,30,30,1.0,0.8864866068260312,0.9999999999999999,30,30,0.0,0.0,0.11351339317396876,30,0,0.8,0.6269430358685175,0.9049489282271013,30,24,0.8333333333333334,0.6643564949358398,0.9266345762815145,30,25,0.8333333333333334,0.6643564949358398,0.9266345762815145,30,25,0.0,0.0,0.0,0.0,0.8333333333333334,0.6643564949358398,0.9266345762815145,25,30,1.0,0.8864866068260312,0.9999999999999999,30,0.0,175.0,172.0,181.0,176.13333333333333,9.744081610741036,0.05532218931155017,2111.3333333333335,57.93333333333333,0.2932407407407407,0.23148148148148145,0.3625243283043548,0.2288775848424269,0.14747477822375485,0.24146205094326637,0.02338053639599448,2.0854301753403415,109.93333333333334,0.07877251268763481,-0.0018892461609496334,0.023523775696933934,3.8047427745113986,0.6191497451332604,0.7333333333333333,5.278017740058081
2,rec=0.02 w=0.2 g=0.1,30,0.02,0.2,0.1,,,,0,0,,,,0,0,,,,0,0,1.0,0.8864866068260312,0.9999999999999999,30,30,0.8333333333333334,0.6643564949358398,0.9266345762815145,30,25,1.0,0.8864866068260312,0.9999999999999999,30,30,1.0,0.8864866068260312,0.9999999999999999,30,30,0.13333333333333333,0.053096554840547455,0.296813266820363,30,4,1.0,0.8864866068260312,0.9999999999999999,30,30,0.3333333333333333,0.19230498083676134,0.5121994835545616,30,10,1.0,0.8864866068260312,0.9999999999999999,30,30,0.9666666666666667,0.8332960900859082,0.9940914096183874,30,29,1.0,0.8864866068260312,0.9999999999999999,30,30,1.0,0.8864866068260312,0.9999999999999999,30,30,0.0,0.0,0.11351339317396876,30,0,1.0,0.8864866068260312,0.9999999999999999,30,30,1.0,0.8864866068260312,0.9999999999999999,30,30,0.03333333333333333,0.005908590381612455,0.16670390991409173,30,1,0.7333333333333333,0.555520383048111,0.8581733668040368,30,22,0.8333333333333334,0.6643564949358398,0.9266345762815145,30,25,0.8333333333333334,0.6643564949358398,0.9266345762815145,30,25,0.0,0.0,0.0,0.0,0.8333333333333334,0.6643564949358398,0.9266345762815145,25,30,1.0,0.8864866068260312,0.9999999999999999,30,0.0,187.0,184.0,189.0,184.53333333333333,8.712786217861707,0.047215243232632084,2094.6,62.266666666666666,0.29091666666666666,0.22877777777777775,0.3636540929000608,0.2291100126856451,0.13869637091545176,0.24208694814182424,0.0209777493024365,1.9943917607260568,110.1,0.13340786854141878,-0.002902541373760603,0.021254440746205906,3.71770287323973,0.6177139172000049,0.6333333333333333,4.2046771986476665
3,rec=0.02 w=0.3 g=0.1,30,0.02,0.3,0.1,,,,0,0,,,,0,0,,,,0,0,1.0,0.8864866068260312,0.9999999999999999,30,30,0.9,0.7437891742081593,0.9654001112526658,30,27,1.0,0.8864866068260312,0.9999999999999999,30,30,1.0,0.8864866068260312,0.9999999999999999,30,30,0.23333333333333334,0.11792388144489496,0.40928326158122164,30,7,1.0,0.8864866068260312,0.9999999999999999,30,30,0.16666666666666666,0.0733654237184855,0.3356435050641603,30,5,1.0,0.8864866068260312,0.9999999999999999,30,30,0.9666666666666667,0.8332960900859082,0.9940914096183874,30,29,1.0,0.8864866068260312,0.9999999999999999,30,30,1.0,0.8864866068260312,0.9999999999999999,30,30,0.0,0.0,0.11351339317396876,30,0,1.0,0.8864866068260312,0.9999999999999999,30,30,1.0,0.8864866068260312,0.9999999999999999,30,30,0.0,0.0,0.11351339317396876,30,0,0.7,0.5212421254128504,0.8333525173175619,30,21,0.8666666666666667,0.703186733179637,0.9469034451594526,30,26,0.8666666666666667,0.703186733179637,0.9469034451594526,30,26,0.0,0.0,0.0,0.0,0.8666666666666667,0.703186733179637,0.9469034451594526,26,30,1.0,0.8864866068260312,0.9999999999999999,30,0.0,181.0,172.0,187.0,180.36666666666667,11.769285957696118,0.065252001243926,2141.4,58.3,0.2974166666666667,0.22366666666666662,0.35555541099936266,0.222107959808838,0.14687530269948737,0.23672564516874656,0.02247597935426017,2.129374114239497,107.83333333333333,0.1857160218369031,-0.004000639565246827,0.022768831615993086,3.8166963501374904,0.6413196646001477,0.7666666666666667,6.379294812034522
4,rec=0.02 w=0.5 g=0.1,30,0.02,0.5,0.1,,,,0,0,,,,0,0,,,,0,0,1.0,0.8864866068260312,0.9999999999999999,30,30,1.0,0.8864866068260312,0.9999999999999999,30,30,1.0,0.8864866068260312,0.9999999999999999,30,30,1.0,0.8864866068260312,0.9999999999999999,30,30,0.5,0.33154125640533766,0.6684587435946623,30,15,1.0,0.8864866068260312,0.9999999999999999,30,30,0.4666666666666667,0.30232388907699753,0.638577003801267,30,14,1.0,0.8864866068260312,0.9999999999999999,30,30,0.3333333333333333,0.19230498083676134,0.5121994835545616,30,10,0.9666666666666667,0.8332960900859082,0.9940914096183874,30,29,1.0,0.8864866068260312,0.9999999999999999,30,30,0.0,0.0,0.11351339317396876,30,0,1.0,0.8864866068260312,0.9999999999999999,30,30,1.0,0.8864866068260312,0.9999999999999999,30,30,0.0,0.0,0.11351339317396876,30,0,0.8333333333333334,0.6643564949358398,0.9266345762815145,30,25,0.3333333333333333,0.19230498083676134,0.5121994835545616,30,10,0.3333333333333333,0.19230498083676134,0.5121994835545616,30,10,0.0,0.0,0.0,0.0,0.3333333333333333,0.19230498083676134,0.5121994835545616,10,30,1.0,0.8864866068260312,0.9999999999999999,30,0.0,173.0,169.0,176.0,173.03333333333333,10.486389646398418,0.060603292119428345,2369.9,58.766666666666666,0.32915277777777774,0.19288888888888883,0.32103774356842846,0.19838612741709585,0.17231172414208562,0.21482324845127962,0.014278468987297645,1.974789603985762,108.23333333333333,0.28096925457125227,-0.006431450978503732,0.014732052141791022,4.141784358478075,0.6707126499000575,0.6666666666666666,5.811304876515781
5,rec=0.02 w=0.75 g=0.1,30,0.02,0.75,0.1,,,,0,0,,,,0,0,,,,0,0,1.0,0.8864866068260312,0.9999999999999999,30,30,0.9666666666666667,0.8332960900859082,0.9940914096183874,30,29,1.0,0.8864866068260312,0.9999999999999999,30,30,1.0,0.8864866068260312,0.9999999999999999,30,30,0.5333333333333333,0.36142299619873297,0.6976761109230025,30,16,1.0,0.8864866068260312,0.9999999999999999,30,30,0.5,0.33154125640533766,0.6684587435946623,30,15,1.0,0.8864866068260312,0.9999999999999999,30,30,0.0,0.0,0.11351339317396876,30,0,1.0,0.8864866068260312,0.9999999999999999,30,30,1.0,0.8864866068260312,0.9999999999999999,30,30,0.0,0.0,0.11351339317396876,30,0,1.0,0.8864866068260312,0.9999999999999999,30,30,1.0,0.8864866068260312,0.9999999999999999,30,30,0.0,0.0,0.11351339317396876,30,0,0.3333333333333333,0.19230498083676134,0.5121994835545616,30,10,0.0,0.0,0.11351339317396876,30,0,0.0,0.0,0.11351339317396876,30,0,0.0,0.0,0.0,0.0,0.0,0.0,0.11351339317396876,0,30,1.0,0.8864866068260312,0.9999999999999999,30,0.0,173.0,164.0,176.0,172.93333333333334,15.285632950998256,0.08839032161332838,2767.3333333333335,52.86666666666667,0.38435185185185194,0.15114814814814811,0.26613350279682113,0.16324073597600747,0.21418973444584657,0.1835516510666561,0.015889878596380375,2.3599972824107978,111.6,0.38342542157128,-0.00764354697179748,0.017116576780725513,4.648764920973662,0.8014593609666918,0.8,4.123941870555906
6,rec=0.02 w=1 g=0.1,30,0.02,1.0,0.1,,,,0,0,,,,0,0,,,,0,0,1.0,0.8864866068260312,0.9999999999999999,30,30,1.0,0.8864866068260312,0.9999999999999999,30,30,1.0,0.8864866068260312,0.9999999999999999,30,30,1.0,0.8864866068260312,0.9999999999999999,30,30,0.9333333333333333,0.7867654163738308,0.9815229762087295,30,28,1.0,0.8864866068260312,0.9999999999999999,30,30,0.5333333333333333,0.36142299619873297,0.6976761109230025,30,16,1.0,0.8864866068260312,0.9999999999999999,30,30,0.0,0.0,0.11351339317396876,30,0,1.0,0.8864866068260312,0.9999999999999999,30,30,1.0,0.8864866068260312,0.9999999999999999,30,30,0.0,0.0,0.11351339317396876,30,0,1.0,0.8864866068260312,0.9999999999999999,30,30,1.0,0.8864866068260312,0.9999999999999999,30,30,0.0,0.0,0.11351339317396876,30,0,0.26666666666666666,0.14182663319596317,0.4444796169518888,30,8,0.0,0.0,0.11351339317396876,30,0,0.0,0.0,0.11351339317396876,30,0,0.0,0.0,0.0,0.0,0.0,0.0,0.11351339317396876,0,30,1.0,0.8864866068260312,0.9999999999999999,30,0.0,165.0,160.0,169.0,165.2,8.24788374111181,0.04992665702852186,3140.0,51.96666666666667,0.43611111111111106,0.12059259259259257,0.22697523602250094,0.14031606089629145,0.26154403632648043,0.16189347211360766,0.013106917527208444,2.2299853345668006,112.06666666666666,0.4732422836065864,-0.008027647767733041,0.015037937093727825,5.20059160099238,0.8920424954666184,0.8333333333333334,4.48701831212369
7,rec=0.03 w=0 g=0.1,30,0.03,0.0,0.1,,,,0,0,,,,0,0,,,,0,0,1.0,0.8864866068260312,0.9999999999999999,30,30,1.0,0.8864866068260312,0.9999999999999999,30,30,1.0,0.8864866068260312,0.9999999999999999,30,30,1.0,0.8864866068260312,0.9999999999999999,30,30,0.43333333333333335,0.2737748557646652,0.6080269299918639,30,13,1.0,0.8864866068260312,0.9999999999999999,30,30,0.5666666666666667,0.3919730700081361,0.7262251442353347,30,17,1.0,0.8864866068260312,0.9999999999999999,30,30,1.0,0.8864866068260312,0.9999999999999999,30,30,1.0,0.8864866068260312,0.9999999999999999,30,30,1.0,0.8864866068260312,0.9999999999999999,30,30,0.0,0.0,0.11351339317396876,30,0,1.0,0.8864866068260312,0.9999999999999999,30,30,1.0,0.8864866068260312,0.9999999999999999,30,30,0.03333333333333333,0.005908590381612455,0.16670390991409173,30,1,0.8,0.6269430358685175,0.9049489282271013,30,24,1.0,0.8864866068260312,0.9999999999999999,30,30,1.0,0.8864866068260312,0.9999999999999999,30,30,0.0,0.0,0.0,0.0,1.0,0.8864866068260312,0.9999999999999999,30,30,1.0,0.8864866068260312,0.9999999999999999,30,0.0,172.0,169.0,179.0,174.46666666666667,9.67661002671883,0.05546394742100973,2105.1666666666665,59.7,0.29238425925925926,0.22907407407407404,0.3655193122755005,0.2332910731870775,0.14581998721886089,0.24227871393020395,0.019916176973327353,1.949430658982186,110.96666666666667,0.031540482553773716,-0.0009074484724647232,0.01985299463438933,3.764818987321468,0.5892132996999256,0.6666666666666666,4.902380374199184
8,rec=0.03 w=0.1 g=0.1,30,0.03,0.1,0.1,,,,0,0,,,,0,0,,,,0,0,1.0,0.8864866068260312,0.9999999999999999,30,30,0.9333333333333333,0.7867654163738308,0.9815229762087295,30,28,1.0,0.8864866068260312,0.9999999999999999,30,30,1.0,0.8864866068260312,0.9999999999999999,30,30,0.16666666666666666,0.0733654237184855,0.3356435050641603,30,5,1.0,0.8864866068260312,0.9999999999999999,30,30,0.26666666666666666,0.14182663319596317,0.4444796169518888,30,8,1.0,0.8864866068260312,0.9999999999999999,30,30,1.0,0.8864866068260312,0.9999999999999999,30,30,1.0,0.8864866068260312,0.9999999999999999,30,30,1.0,0.8864866068260312,0.9999999999999999,30,30,0.0,0.0,0.11351339317396876,30,0,1.0,0.8864866068260312,0.9999999999999999,30,30,1.0,0.8864866068260312,0.9999999999999999,30,30,0.0,0.0,0.11351339317396876,30,0,0.8,0.6269430358685175,0.9049489282271013,30,24,0.9333333333333333,0.7867654163738308,0.9815229762087295,30,28,0.9333333333333333,0.7867654163738308,0.9815229762087295,30,28,0.0,0.0,0.0,0.0,0.9333333333333333,0.7867654163738308,0.9815229762087295,28,30,1.0,0.8864866068260312,0.9999999999999999,30,0.0,181.0,177.0,183.0,182.3,15.7395833095613,0.0863389100908464,2100.9666666666667,59.93333333333333,0.2918009259259259,0.2316666666666666,0.35981082677533255,0.22519294905297935,0.14337767899039858,0.24188749694814815,0.02296341059905397,2.087172324430905,109.2,0.08910872836198168,-0.0020780216408841333,0.023058205491635963,3.7910715597297444,0.6026696107000438,0.5666666666666667,6.13300848714954
9,rec=0.03 w=0.2 g=0.1,30,0.03,0.2,0.1,,,,0,0,,,,0,0,,,,0,0,1.0,0.8864866068260312,0.9999999999999999,30,30,0.9333333333333333,0.7867654163738308,0.9815229762087295,30,28,1.0,0.8864866068260312,0.9999999999999999,30,30,1.0,0.8864866068260312,0.9999999999999999,30,30,0.06666666666666667,0.018477023791270378,0.2132345836261692,30,2,1.0,0.8864866068260312,0.9999999999999999,30,30,0.23333333333333334,0.11792388144489496,0.40928326158122164,30,7,1.0,0.8864866068260312,0.9999999999999999,30,30,1.0,0.8864866068260312,0.9999999999999999,30,30,1.0,0.8864866068260312,0.9999999999999999,30,30,1.0,0.8864866068260312,0.9999999999999999,30,30,0.0,0.0,0.11351339317396876,30,0,1.0,0.8864866068260312,0.9999999999999999,30,30,1.0,0.8864866068260312,0.9999999999999999,30,30,0.0,0.0,0.11351339317396876,30,0,0.9333333333333333,0.7867654163738308,0.9815229762087295,30,28,0.9333333333333333,0.7867654163738308,0.9815229762087295,30,28,0.9333333333333333,0.7867654163738308,0.9815229762087295,30,28,0.0,0.0,0.0,0.0,0.9333333333333333,0.7867654163738308,0.9815229762087295,28,30,1.0,0.8864866068260312,0.9999999999999999,30,0.0,179.0,177.0,186.0,182.0,9.526731899746899,0.0523446807678401,2147.4666666666667,62.766666666666666,0.2982592592592592,0.21829629629629627,0.35606423378798685,0.2218764535511551,0.14101301773302627,0.2365303588736687,0.018218868023560056,1.9256934645178605,109.83333333333333,0.14589530050922794,-0.00325079964152241,0.018388653483933395,3.771421748869981,0.629246871433467,0.5,4.720339944898281
10,rec=0.03 w=0.3 g=0.1,30,0.03,0.3,0.1,,,,0,0,,,,0,0,,,,0,0,1.0,0.8864866068260312,0.9999999999999999,30,30,0.9333333333333333,0.7867654163738308,0.9815229762087295,30,28,1.0,0.8864866068260312,0.9999999999999999,30,30,1.0,0.8864866068260312,0.9999999999999999,30,30,0.23333333333333334,0.11792388144489496,0.40928326158122164,30,7,1.0,0.8864866068260312,0.9999999999999999,30,30,0.43333333333333335,0.2737748557646652,0.6080269299918639,30,13,1.0,0.8864866068260312,0.9999999999999999,30,30,1.0,0.8864866068260312,0.9999999999999999,30,30,1.0,0.8864866068260312,0.9999999999999999,30,30,1.0,0.8864866068260312,0.9999999999999999,30,30,0.0,0.0,0.11351339317396876,30,0,1.0,0.8864866068260312,0.9999999999999999,30,30,0.9666666666666667,0.8332960900859082,0.9940914096183874,30,29,0.0,0.0,0.11351339317396876,30,0,0.8333333333333334,0.6643564949358398,0.9266345762815145,30,25,0.9333333333333333,0.7867654163738308,0.9815229762087295,30,28,0.9333333333333333,0.7867654163738308,0.9815229762087295,30,28,0.0,0.0,0.0,0.0,0.9333333333333333,0.7867654163738308,0.9815229762087295,28,30,1.0,0.8864866068260312,0.9999999999999999,30,0.0,182.0,174.0,188.0,181.4,12.915107432770352,0.07119684362056423,2207.6666666666665,60.93333333333333,0.3066203703703703,0.21337037037037032,0.346572275177541,0.21468419226086907,0.15155245214909838,0.2313140451825824,0.01864094395281667,2.0102921947223273,108.96666666666667,0.19664265163966987,-0.0041391103431122536,0.01892391203619417,3.883050582858628,0.6475326177000776,0.5666666666666667,4.909409216043689
11,rec=0.03 w=0.5 g=0.1,30,0.03,0.5,0.1,,,,0,0,,,,0,0,,,,0,0,1.0,0.8864866068260312,0.9999999999999999,30,30,1.0,0.8864866068260312,0.9999999999999999,30,30,1.0,0.8864866068260312,0.9999999999999999,30,30,1.0,0.8864866068260312,0.9999999999999999,30,30,0.5,0.33154125640533766,0.6684587435946623,30,15,1.0,0.8864866068260312,0.9999999999999999,30,30,0.43333333333333335,0.2737748557646652,0.6080269299918639,30,13,1.0,0.8864866068260312,0.9999999999999999,30,30,0.13333333333333333,0.053096554840547455,0.296813266820363,30,4,0.9666666666666667,0.8332960900859082,0.9940914096183874,30,29,1.0,0.8864866068260312,0.9999999999999999,30,30,0.0,0.0,0.11351339317396876,30,0,1.0,0.8864866068260312,0.9999999999999999,30,30,1.0,0.8864866068260312,0.9999999999999999,30,30,0.03333333333333333,0.005908590381612455,0.16670390991409173,30,1,0.7666666666666667,0.5907167384187784,0.8820761185551049,30,23,0.13333333333333333,0.053096554840547455,0.296813266820363,30,4,0.13333333333333333,0.053096554840547455,0.296813266820363,30,4,0.0,0.0,0.0,0.0,0.13333333333333333,0.053096554840547455,0.296813266820363,4,30,1.0,0.8864866068260312,0.9999999999999999,30,0.0,174.0,171.0,181.0,175.3,12.357184145265458,0.07049163802205052,2457.8,55.166666666666664,0.34136111111111106,0.18422222222222215,0.30470997436193836,0.18766830024275688,0.18512910737744398,0.20677836142346395,0.01800831864118885,2.206633105638524,111.9,0.29093386601028304,-0.005940217492821787,0.018662439811051038,4.264754094215014,0.7076851160667502,0.9,4.028775804479398
12,rec=0.03 w=0.75 g=0.1,30,0.03,0.75,0.1,,,,0,0,,,,0,0,,,,0,0,1.0,0.8864866068260312,0.9999999999999999,30,30,1.0,0.8864866068260312,0.9999999999999999,30,30,1.0,0.8864866068260312,0.9999999999999999,30,30,1.0,0.8864866068260312,0.9999999999999999,30,30,0.7666666666666667,0.5907167384187784,0.8820761185551049,30,23,1.0,0.8864866068260312,0.9999999999999999,30,30,0.4666666666666667,0.30232388907699753,0.638577003801267,30,14,1.0,0.8864866068260312,0.9999999999999999,30,30,0.0,0.0,0.11351339317396876,30,0,1.0,0.8864866068260312,0.9999999999999999,30,30,1.0,0.8864866068260312,0.9999999999999999,30,30,0.0,0.0,0.11351339317396876,30,0,1.0,0.8864866068260312,0.9999999999999999,30,30,1.0,0.8864866068260312,0.9999999999999999,30,30,0.0,0.0,0.11351339317396876,30,0,0.5,0.33154125640533766,0.6684587435946623,30,15,0.0,0.0,0.11351339317396876,30,0,0.0,0.0,0.11351339317396876,30,0,0.0,0.0,0.0,0.0,0.0,0.0,0.11351339317396876,0,30,1.0,0.8864866068260312,0.9999999999999999,30,0.0,173.0,164.0,174.0,171.3,11.86460979203452,0.06926217041467904,2917.266666666667,56.1,0.405175925925926,0.13866666666666663,0.2512683536230223,0.1527700536692343,0.23617010551802103,0.17415104632035677,0.010434010182275171,2.0989848324223597,111.06666666666666,0.39512182190203154,-0.008268379864704141,0.01125007979876729,4.8731765529460755,0.7843630338333242,0.7,3.7594325812991163
13,rec=0.03 w=1 g=0.1,30,0.03,1.0,0.1,,,,0,0,,,,0,0,,,,0,0,0.9666666666666667,0.8332960900859082,0.9940914096183874,30,29,0.9666666666666667,0.8332960900859082,0.9940914096183874,30,29,1.0,0.8864866068260312,0.9999999999999999,30,30,1.0,0.8864866068260312,0.9999999999999999,30,30,0.7666666666666667,0.5907167384187784,0.8820761185551049,30,23,1.0,0.8864866068260312,0.9999999999999999,30,30,0.5666666666666667,0.3919730700081361,0.7262251442353347,30,17,1.0,0.8864866068260312,0.9999999999999999,30,30,0.0,0.0,0.11351339317396876,30,0,1.0,0.8864866068260312,0.9999999999999999,30,30,1.0,0.8864866068260312,0.9999999999999999,30,30,0.0,0.0,0.11351339317396876,30,0,1.0,0.8864866068260312,0.9999999999999999,30,30,1.0,0.8864866068260312,0.9999999999999999,30,30,0.0,0.0,0.11351339317396876,30,0,0.13333333333333333,0.053096554840547455,0.296813266820363,30,4,0.0,0.0,0.11351339317396876,30,0,0.0,0.0,0.11351339317396876,30,0,0.0,0.0,0.0,0.0,0.0,0.0,0.11351339317396876,0,30,1.0,0.8864866068260312,0.9999999999999999,30,0.0,169.0,164.0,175.0,171.03333333333333,10.529051217475859,0.061561398659964094,3198.5333333333333,55.56666666666667,0.44424074074074066,0.11396296296296292,0.22367765132141523,0.137775593121316,0.26323898218217917,0.1589820890957147,0.012356313892717618,2.1279185269001535,112.9,0.47350177721443226,-0.0059188720343950575,0.01502473654326275,5.223300888520007,0.8906921847999304,0.8,3.632705840573653
14,rec=0.05 w=0 g=0.1,30,0.05,0.0,0.1,,,,0,0,,,,0,0,,,,0,0,1.0,0.8864866068260312,0.9999999999999999,30,30,0.9333333333333333,0.7867654163738308,0.9815229762087295,30,28,1.0,0.8864866068260312,0.9999999999999999,30,30,1.0,0.8864866068260312,0.9999999999999999,30,30,0.13333333333333333,0.053096554840547455,0.296813266820363,30,4,1.0,0.8864866068260312,0.9999999999999999,30,30,0.23333333333333334,0.11792388144489496,0.40928326158122164,30,7,1.0,0.8864866068260312,0.9999999999999999,30,30,1.0,0.8864866068260312,0.9999999999999999,30,30,1.0,0.8864866068260312,0.9999999999999999,30,30,1.0,0.8864866068260312,0.9999999999999999,30,30,0.0,0.0,0.11351339317396876,30,0,1.0,0.8864866068260312,0.9999999999999999,30,30,1.0,0.8864866068260312,0.9999999999999999,30,30,0.03333333333333333,0.005908590381612455,0.16670390991409173,30,1,0.8666666666666667,0.703186733179637,0.9469034451594526,30,26,0.9333333333333333,0.7867654163738308,0.9815229762087295,30,28,0.9333333333333333,0.7867654163738308,0.9815229762087295,30,28,0.0,0.0,0.0,0.0,0.9333333333333333,0.7867654163738308,0.9815229762087295,28,30,1.0,0.8864866068260312,0.9999999999999999,30,0.0,182.0,178.0,187.0,181.7,10.748375979974673,0.05915451832677311,2120.733333333333,59.2,0.29454629629629625,0.22677777777777772,0.36025026655754644,0.2258396347161356,0.1494464662002283,0.2397142883849547,0.022902293459453875,2.1215488503808158,108.83333333333333,0.053672989455675675,-0.0014869563464590364,0.022837567485054767,3.8008419555455637,0.59676144836673,0.6666666666666666,3.860349576213884
15,rec=0.05 w=0.1 g=0.1,30,0.05,0.1,0.1,,,,0,0,,,,0,0,,,,0,0,1.0,0.8864866068260312,0.9999999999999999,30,30,0.9666666666666667,0.8332960900859082,0.9940914096183874,30,29,1.0,0.8864866068260312,0.9999999999999999,30,30,1.0,0.8864866068260312,0.9999999999999999,30,30,0.23333333333333334,0.11792388144489496,0.40928326158122164,30,7,1.0,0.8864866068260312,0.9999999999999999,30,30,0.43333333333333335,0.2737748557646652,0.6080269299918639,30,13,1.0,0.8864866068260312,0.9999999999999999,30,30,0.9666666666666667,0.8332960900859082,0.9940914096183874,30,29,1.0,0.8864866068260312,0.9999999999999999,30,30,1.0,0.8864866068260312,0.9999999999999999,30,30,0.0,0.0,0.11351339317396876,30,0,1.0,0.8864866068260312,0.9999999999999999,30,30,1.0,0.8864866068260312,0.9999999999999999,30,30,0.06666666666666667,0.018477023791270378,0.2132345836261692,30,2,0.9,0.7437891742081593,0.9654001112526658,30,27,0.9333333333333333,0.7867654163738308,0.9815229762087295,30,28,0.9333333333333333,0.7867654163738308,0.9815229762087295,30,28,0.0,0.0,0.0,0.0,0.9333333333333333,0.7867654163738308,0.9815229762087295,28,30,1.0,0.8864866068260312,0.9999999999999999,30,0.0,181.0,172.0,189.0,179.96666666666667,10.84207428090417,0.060244902468443245,2164.633333333333,59.333333333333336,0.3006435185185185,0.2206296296296296,0.346498255272001,0.21596097968480327,0.150036796256379,0.2344712489111819,0.021550663574443265,2.0606911607192844,109.2,0.1114439644244778,-0.0025049643618782636,0.021623210179057138,3.862180772508103,0.6003345116000977,0.7,5.7679255818050725
16,rec=0.05 w=0.2 g=0.1,30,0.05,0.2,0.1,,,,0,0,,,,0,0,,,,0,0,1.0,0.8864866068260312,0.9999999999999999,30,30,0.9666666666666667,0.8332960900859082,0.9940914096183874,30,29,1.0,0.8864866068260312,0.9999999999999999,30,30,1.0,0.8864866068260312,0.9999999999999999,30,30,0.2,0.0950510717728987,0.3730569641314825,30,6,1.0,0.8864866068260312,0.9999999999999999,30,30,0.4666666666666667,0.30232388907699753,0.638577003801267,30,14,1.0,0.8864866068260312,0.9999999999999999,30,30,1.0,0.8864866068260312,0.9999999999999999,30,30,1.0,0.8864866068260312,0.9999999999999999,30,30,1.0,0.8864866068260312,0.9999999999999999,30,30,0.0,0.0,0.11351339317396876,30,0,1.0,0.8864866068260312,0.9999999999999999,30,30,1.0,0.8864866068260312,0.9999999999999999,30,30,0.03333333333333333,0.005908590381612455,0.16670390991409173,30,1,0.8333333333333334,0.6643564949358398,0.9266345762815145,30,25,0.9666666666666667,0.8332960900859082,0.9940914096183874,30,29,0.9666666666666667,0.8332960900859082,0.9940914096183874,30,29,0.0,0.0,0.0,0.0,0.9666666666666667,0.8332960900859082,0.9940914096183874,29,30,1.0,0.8864866068260312,0.9999999999999999,30,0.0,178.0,171.0,182.0,178.53333333333333,10.630902687637724,0.05954575814584236,2214.233333333333,60.93333333333333,0.3075324074074074,0.20922222222222223,0.345239890892408,0.21423873952488307,0.15149180523196443,0.22901613957077907,0.018934089095716256,1.9464502545743785,108.86666666666666,0.1685820312291807,-0.0038993670345041937,0.019103144749116584,3.8783677790074607,0.6464533244665593,0.6,5.817531964752711
17,rec=0.05 w=0.3 g=0.1,30,0.05,0.3,0.1,,,,0,0,,,,0,0,,,,0,0,1.0,0.8864866068260312,0.9999999999999999,30,30,0.9666666666666667,0.8332960900859082,0.9940914096183874,30,29,1.0,0.8864866068260312,0.9999999999999999,30,30,1.0,0.8864866068260312,0.9999999999999999,30,30,0.3333333333333333,0.19230498083676134,0.5121994835545616,30,10,1.0,0.8864866068260312,0.9999999999999999,30,30,0.4,0.24590628116801852,0.5767963974667752,30,12,1.0,0.8864866068260312,0.9999999999999999,30,30,1.0,0.8864866068260312,0.9999999999999999,30,30,1.0,0.8864866068260312,0.9999999999999999,30,30,1.0,0.8864866068260312,0.9999999999999999,30,30,0.0,0.0,0.11351339317396876,30,0,1.0,0.8864866068260312,0.9999999999999999,30,30,1.0,0.8864866068260312,0.9999999999999999,30,30,0.03333333333333333,0.005908590381612455,0.16670390991409173,30,1,0.8,0.6269430358685175,0.9049489282271013,30,24,0.9666666666666667,0.8332960900859082,0.9940914096183874,30,29,0.9666666666666667,0.8332960900859082,0.9940914096183874,30,29,0.0,0.0,0.0,0.0,0.9666666666666667,0.8332960900859082,0.9940914096183874,29,30,1.0,0.8864866068260312,0.9999999999999999,30,0.0,177.0,170.0,184.0,177.93333333333334,13.98997999390582,0.07862484073008141,2351.133333333333,58.733333333333334,0.32654629629629633,0.19322222222222213,0.3224826471637857,0.19852160114141226,0.16703343704633372,0.21603748879411624,0.016763229551661405,2.0643109872056518,109.36666666666666,0.21784447637012372,-0.00519499903954805,0.017021581378451334,4.0707601383404075,0.6756729791001513,0.7,4.752373877470538
18,rec=0.05 w=0.5 g=0.1,30,0.05,0.5,0.1,,,,0,0,,,,0,0,,,,0,0,1.0,0.8864866068260312,0.9999999999999999,30,30,0.9666666666666667,0.8332960900859082,0.9940914096183874,30,29,1.0,0.8864866068260312,0.9999999999999999,30,30,1.0,0.8864866068260312,0.9999999999999999,30,30,0.7333333333333333,0.555520383048111,0.8581733668040368,30,22,1.0,0.8864866068260312,0.9999999999999999,30,30,0.23333333333333334,0.11792388144489496,0.40928326158122164,30,7,1.0,0.8864866068260312,0.9999999999999999,30,30,0.1,0.03459988874733419,0.25621082579184085,30,3,1.0,0.8864866068260312,0.9999999999999999,30,30,1.0,0.8864866068260312,0.9999999999999999,30,30,0.0,0.0,0.11351339317396876,30,0,1.0,0.8864866068260312,0.9999999999999999,30,30,1.0,0.8864866068260312,0.9999999999999999,30,30,0.0,0.0,0.11351339317396876,30,0,0.7,0.5212421254128504,0.8333525173175619,30,21,0.1,0.03459988874733419,0.25621082579184085,30,3,0.1,0.03459988874733419,0.25621082579184085,30,3,0.0,0.0,0.0,0.0,0.1,0.03459988874733419,0.25621082579184085,3,30,1.0,0.8864866068260312,0.9999999999999999,30,0.0,169.0,166.0,174.0,173.4,17.686152775547317,0.10199626744836976,2622.766666666667,55.53333333333333,0.36427314814814815,0.1627777777777778,0.28605174215808443,0.17458564979094204,0.19429425126012884,0.1934889431897552,0.01372979827680439,2.1628188266346333,110.53333333333333,0.3082009149855791,-0.007770898625598379,0.014260965221865787,4.474500415762793,0.7391854781001105,0.7666666666666667,4.97395515511122
19,rec=0.05 w=0.75 g=0.1,30,0.05,0.75,0.1,,,,0,0,,,,0,0,,,,0,0,1.0,0.8864866068260312,0.9999999999999999,30,30,1.0,0.8864866068260312,0.9999999999999999,30,30,1.0,0.8864866068260312,0.9999999999999999,30,30,1.0,0.8864866068260312,0.9999999999999999,30,30,0.8333333333333334,0.6643564949358398,0.9266345762815145,30,25,1.0,0.8864866068260312,0.9999999999999999,30,30,0.4666666666666667,0.30232388907699753,0.638577003801267,30,14,1.0,0.8864866068260312,0.9999999999999999,30,30,0.0,0.0,0.11351339317396876,30,0,1.0,0.8864866068260312,0.9999999999999999,30,30,1.0,0.8864866068260312,0.9999999999999999,30,30,0.0,0.0,0.11351339317396876,30,0,1.0,0.8864866068260312,0.9999999999999999,30,30,1.0,0.8864866068260312,0.9999999999999999,30,30,0.0,0.0,0.11351339317396876,30,0,0.3,0.16664748268243793,0.47875787458714947,30,9,0.0,0.0,0.11351339317396876,30,0,0.0,0.0,0.11351339317396876,30,0,0.0,0.0,0.0,0.0,0.0,0.0,0.11351339317396876,0,30,1.0,0.8864866068260312,0.9999999999999999,30,0.0,165.0,162.0,169.0,166.43333333333334,8.552810924640136,0.05138880988167516,3135.133333333333,51.96666666666667,0.4354351851851852,0.1165185185185185,0.22773378516926096,0.14044912457920955,0.2570517363847369,0.16140620694415556,0.011946387557148075,2.24733109287645,112.76666666666667,0.4116134792162183,-0.010630531888467208,0.013287821918758139,5.163280916246199,0.8491759143667271,0.8666666666666667,3.002106540108282
20,rec=0.05 w=1 g=0.1,30,0.05,1.0,0.1,,,,0,0,,,,0,0,,,,0,0,1.0,0.8864866068260312,0.9999999999999999,30,30,0.9666666666666667,0.8332960900859082,0.9940914096183874,30,29,1.0,0.8864866068260312,0.9999999999999999,30,30,1.0,0.8864866068260312,0.9999999999999999,30,30,0.7333333333333333,0.555520383048111,0.8581733668040368,30,22,1.0,0.8864866068260312,0.9999999999999999,30,30,0.4666666666666667,0.30232388907699753,0.638577003801267,30,14,1.0,0.8864866068260312,0.9999999999999999,30,30,0.0,0.0,0.11351339317396876,30,0,1.0,0.8864866068260312,0.9999999999999999,30,30,1.0,0.8864866068260312,0.9999999999999999,30,30,0.0,0.0,0.11351339317396876,30,0,1.0,0.8864866068260312,0.9999999999999999,30,30,1.0,0.8864866068260312,0.9999999999999999,30,30,0.0,0.0,0.11351339317396876,30,0,0.16666666666666666,0.0733654237184855,0.3356435050641603,30,5,0.0,0.0,0.11351339317396876,30,0,0.0,0.0,0.11351339317396876,30,0,0.0,0.0,0.0,0.0,0.0,0.0,0.11351339317396876,0,30,1.0,0.8864866068260312,0.9999999999999999,30,0.0,167.0,162.0,172.0,170.66666666666666,19.670270466617513,0.115255491015337,3242.633333333333,53.13333333333333,0.4503657407407407,0.11540740740740736,0.2176993978522007,0.1349897365436396,0.27407225413179526,0.15592463019413233,0.01344233323778893,2.2831506119721108,110.1,0.47456385999376927,-0.007026579533190796,0.016064380283225446,5.346757668623073,0.9105714496666527,0.7666666666666667,5.228238972983226
21,rec=0.07 w=0 g=0.1,30,0.07,0.0,0.1,,,,0,0,,,,0,0,,,,0,0,1.0,0.8864866068260312,0.9999999999999999,30,30,0.9666666666666667,0.8332960900859082,0.9940914096183874,30,29,1.0,0.8864866068260312,0.9999999999999999,30,30,1.0,0.8864866068260312,0.9999999999999999,30,30,0.2,0.0950510717728987,0.3730569641314825,30,6,1.0,0.8864866068260312,0.9999999999999999,30,30,0.26666666666666666,0.14182663319596317,0.4444796169518888,30,8,1.0,0.8864866068260312,0.9999999999999999,30,30,1.0,0.8864866068260312,0.9999999999999999,30,30,1.0,0.8864866068260312,0.9999999999999999,30,30,1.0,0.8864866068260312,0.9999999999999999,30,30,0.0,0.0,0.11351339317396876,30,0,1.0,0.8864866068260312,0.9999999999999999,30,30,1.0,0.8864866068260312,0.9999999999999999,30,30,0.03333333333333333,0.005908590381612455,0.16670390991409173,30,1,0.9666666666666667,0.8332960900859082,0.9940914096183874,30,29,0.9666666666666667,0.8332960900859082,0.9940914096183874,30,29,0.9666666666666667,0.8332960900859082,0.9940914096183874,30,29,0.0,0.0,0.0,0.0,0.9666666666666667,0.8332960900859082,0.9940914096183874,29,30,1.0,0.8864866068260312,0.9999999999999999,30,0.0,181.0,178.0,184.0,179.6,11.553772335147244,0.06433058093066395,2170.4333333333334,60.4,0.301449074074074,0.22114814814814812,0.3493192689405437,0.21707687244332716,0.15254927125631793,0.2341516908619545,0.02161151261966052,2.0140019922357117,107.96666666666667,0.0778232823456415,-0.0020059197156419933,0.021572075774367604,3.864481614315498,0.6007649843333335,0.5666666666666667,6.2005746860094835
22,rec=0.07 w=0.1 g=0.1,30,0.07,0.1,0.1,,,,0,0,,,,0,0,,,,0,0,1.0,0.8864866068260312,0.9999999999999999,30,30,0.9333333333333333,0.7867654163738308,0.9815229762087295,30,28,1.0,0.8864866068260312,0.9999999999999999,30,30,1.0,0.8864866068260312,0.9999999999999999,30,30,0.2,0.0950510717728987,0.3730569641314825,30,6,1.0,0.8864866068260312,0.9999999999999999,30,30,0.3333333333333333,0.19230498083676134,0.5121994835545616,30,10,1.0,0.8864866068260312,0.9999999999999999,30,30,1.0,0.8864866068260312,0.9999999999999999,30,30,1.0,0.8864866068260312,0.9999999999999999,30,30,1.0,0.8864866068260312,0.9999999999999999,30,30,0.0,0.0,0.11351339317396876,30,0,1.0,0.8864866068260312,0.9999999999999999,30,30,1.0,0.8864866068260312,0.9999999999999999,30,30,0.06666666666666667,0.018477023791270378,0.2132345836261692,30,2,0.7333333333333333,0.555520383048111,0.8581733668040368,30,22,0.9333333333333333,0.7867654163738308,0.9815229762087295,30,28,0.9333333333333333,0.7867654163738308,0.9815229762087295,30,28,0.0,0.0,0.0,0.0,0.9333333333333333,0.7867654163738308,0.9815229762087295,28,30,1.0,0.8864866068260312,0.9999999999999999,30,0.0,186.0,179.0,188.0,183.23333333333332,11.094215123000017,0.06054692626705486,2242.1666666666665,61.63333333333333,0.31141203703703696,0.20944444444444438,0.3394071994796622,0.2093581143582277,0.15781919505368514,0.22577611844647524,0.01809821473210449,2.014695593738975,109.56666666666666,0.13720410862634674,-0.003202084591200617,0.01816258183395054,3.9539938393981715,0.6465664536999005,0.5666666666666667,5.34778931659734
23,rec=0.07 w=0.2 g=0.1,30,0.07,0.2,0.1,,,,0,0,,,,0,0,,,,0,0,1.0,0.8864866068260312,0.9999999999999999,30,30,1.0,0.8864866068260312,0.9999999999999999,30,30,1.0,0.8864866068260312,0.9999999999999999,30,30,1.0,0.8864866068260312,0.9999999999999999,30,30,0.5333333333333333,0.36142299619873297,0.6976761109230025,30,16,1.0,0.8864866068260312,0.9999999999999999,30,30,0.36666666666666664,0.21873920806100708,0.5448643634520511,30,11,1.0,0.8864866068260312,0.9999999999999999,30,30,1.0,0.8864866068260312,0.9999999999999999,30,30,1.0,0.8864866068260312,0.9999999999999999,30,30,1.0,0.8864866068260312,0.9999999999999999,30,30,0.0,0.0,0.11351339317396876,30,0,1.0,0.8864866068260312,0.9999999999999999,30,30,1.0,0.8864866068260312,0.9999999999999999,30,30,0.03333333333333333,0.005908590381612455,0.16670390991409173,30,1,0.8333333333333334,0.6643564949358398,0.9266345762815145,30,25,1.0,0.8864866068260312,0.9999999999999999,30,30,1.0,0.8864866068260312,0.9999999999999999,30,30,0.0,0.0,0.0,0.0,1.0,0.8864866068260312,0.9999999999999999,30,30,1.0,0.8864866068260312,0.9999999999999999,30,0.0,170.0,165.0,178.0,173.76666666666668,12.821542575797519,0.07378597300478142,2388.633333333333,57.233333333333334,0.33175462962962954,0.1867407407407407,0.314761838542285,0.19340784285432233,0.16677756884921963,0.21312256020676135,0.017057811645749214,2.061570551066959,109.4,0.1895894561826221,-0.004718109089544459,0.017199460221276327,4.076425128379515,0.6583915746334241,0.6666666666666666,4.522739481088105
24,rec=0.07 w=0.3 g=0.1,30,0.07,0.3,0.1,,,,0,0,,,,0,0,,,,0,0,1.0,0.8864866068260312,0.9999999999999999,30,30,0.9333333333333333,0.7867654163738308,0.9815229762087295,30,28,1.0,0.8864866068260312,0.9999999999999999,30,30,1.0,0.8864866068260312,0.9999999999999999,30,30,0.5666666666666667,0.3919730700081361,0.7262251442353347,30,17,1.0,0.8864866068260312,0.9999999999999999,30,30,0.43333333333333335,0.2737748557646652,0.6080269299918639,30,13,1.0,0.8864866068260312,0.9999999999999999,30,30,0.9666666666666667,0.8332960900859082,0.9940914096183874,30,29,1.0,0.8864866068260312,0.9999999999999999,30,30,1.0,0.8864866068260312,0.9999999999999999,30,30,0.0,0.0,0.11351339317396876,30,0,1.0,0.8864866068260312,0.9999999999999999,30,30,1.0,0.8864866068260312,0.9999999999999999,30,30,0.0,0.0,0.11351339317396876,30,0,0.8,0.6269430358685175,0.9049489282271013,30,24,0.9,0.7437891742081593,0.9654001112526658,30,27,0.9,0.7437891742081593,0.9654001112526658,30,27,0.0,0.0,0.0,0.0,0.9,0.7437891742081593,0.9654001112526658,27,30,1.0,0.8864866068260312,0.9999999999999999,30,0.0,168.0,166.0,178.0,173.83333333333334,13.154475659829906,0.07567291846498507,2484.4333333333334,56.53333333333333,0.34506018518518533,0.17925925925925926,0.3027670886760086,0.18524647806546604,0.18415823986710764,0.20443306624754715,0.015180199599787943,2.1005521846324196,109.93333333333334,0.24033824544810875,-0.006175590130179422,0.01547351915289268,4.271656778495373,0.6671252646666289,0.7666666666666667,5.375123628623671
25,rec=0.07 w=0.5 g=0.1,30,0.07,0.5,0.1,,,,0,0,,,,0,0,,,,0,0,1.0,0.8864866068260312,0.9999999999999999,30,30,0.9666666666666667,0.8332960900859082,0.9940914096183874,30,29,1.0,0.8864866068260312,0.9999999999999999,30,30,1.0,0.8864866068260312,0.9999999999999999,30,30,0.6333333333333333,0.4551356365479487,0.7812607919389929,30,19,1.0,0.8864866068260312,0.9999999999999999,30,30,0.43333333333333335,0.2737748557646652,0.6080269299918639,30,13,1.0,0.8864866068260312,0.9999999999999999,30,30,0.03333333333333333,0.005908590381612455,0.16670390991409173,30,1,1.0,0.8864866068260312,0.9999999999999999,30,30,1.0,0.8864866068260312,0.9999999999999999,30,30,0.0,0.0,0.11351339317396876,30,0,1.0,0.8864866068260312,0.9999999999999999,30,30,1.0,0.8864866068260312,0.9999999999999999,30,30,0.0,0.0,0.11351339317396876,30,0,0.43333333333333335,0.2737748557646652,0.6080269299918639,30,13,0.03333333333333333,0.005908590381612455,0.16670390991409173,30,1,0.03333333333333333,0.005908590381612455,0.16670390991409173,30,1,0.0,0.03333333333333333,0.0,0.0,0.03333333333333333,0.005908590381612455,0.16670390991409173,1,30,1.0,0.8864866068260312,0.9999999999999999,30,0.0,167.0,163.0,175.0,169.9,13.012858362351475,0.07659127935462905,2820.633333333333,54.96666666666667,0.39175462962962954,0.14259259259259255,0.2611910061823202,0.1586421287847575,0.2153295333489552,0.17925100270939956,0.012384995288121382,2.1414018311536953,109.4,0.32549978628514914,-0.008257415078057774,0.013103700086955872,4.720384481604998,0.7823032462000811,0.7666666666666667,7.43059843508235
26,rec=0.07 w=0.75 g=0.1,30,0.07,0.75,0.1,,,,0,0,,,,0,0,,,,0,0,0.9333333333333333,0.7867654163738308,0.9815229762087295,30,28,1.0,0.8864866068260312,0.9999999999999999,30,30,1.0,0.8864866068260312,0.9999999999999999,30,30,1.0,0.8864866068260312,0.9999999999999999,30,30,0.7666666666666667,0.5907167384187784,0.8820761185551049,30,23,1.0,0.8864866068260312,0.9999999999999999,30,30,0.43333333333333335,0.2737748557646652,0.6080269299918639,30,13,1.0,0.8864866068260312,0.9999999999999999,30,30,0.0,0.0,0.11351339317396876,30,0,1.0,0.8864866068260312,0.9999999999999999,30,30,1.0,0.8864866068260312,0.9999999999999999,30,30,0.0,0.0,0.11351339317396876,30,0,1.0,0.8864866068260312,0.9999999999999999,30,30,1.0,0.8864866068260312,0.9999999999999999,30,30,0.0,0.0,0.11351339317396876,30,0,0.26666666666666666,0.14182663319596317,0.4444796169518888,30,8,0.0,0.0,0.11351339317396876,30,0,0.0,0.0,0.11351339317396876,30,0,0.0,0.0,0.0,0.0,0.0,0.0,0.11351339317396876,0,30,1.0,0.8864866068260312,0.9999999999999999,30,0.0,166.0,165.0,168.0,167.83333333333334,10.488362461625588,0.062492725689924054,3207.0,52.5,0.4454166666666666,0.1113333333333333,0.22077667735580875,0.13651233570025126,0.26516834862374655,0.15877571695238207,0.010813152860184654,2.232622885006045,110.6,0.4339356936368061,-0.010128591967023839,0.012129030390730254,5.258371580560501,0.9715938924333992,0.9333333333333333,6.641561926805034
27,rec=0.07 w=1 g=0.1,30,0.07,1.0,0.1,,,,0,0,,,,0,0,,,,0,0,0.9333333333333333,0.7867654163738308,0.9815229762087295,30,28,0.9666666666666667,0.8332960900859082,0.9940914096183874,30,29,1.0,0.8864866068260312,0.9999999999999999,30,30,1.0,0.8864866068260312,0.9999999999999999,30,30,0.5,0.33154125640533766,0.6684587435946623,30,15,1.0,0.8864866068260312,0.9999999999999999,30,30,0.3333333333333333,0.19230498083676134,0.5121994835545616,30,10,1.0,0.8864866068260312,0.9999999999999999,30,30,0.0,0.0,0.11351339317396876,30,0,1.0,0.8864866068260312,0.9999999999999999,30,30,1.0,0.8864866068260312,0.9999999999999999,30,30,0.0,0.0,0.11351339317396876,30,0,1.0,0.8864866068260312,0.9999999999999999,30,30,1.0,0.8864866068260312,0.9999999999999999,30,30,0.0,0.0,0.11351339317396876,30,0,0.23333333333333334,0.11792388144489496,0.40928326158122164,30,7,0.0,0.0,0.11351339317396876,30,0,0.0,0.0,0.11351339317396876,30,0,0.0,0.0,0.0,0.0,0.0,0.0,0.11351339317396876,0,30,1.0,0.8864866068260312,0.9999999999999999,30,0.0,177.0,170.0,182.0,176.1,10.443113553421469,0.05930217804327921,3288.766666666667,58.43333333333333,0.4567731481481481,0.10807407407407403,0.21585972957776367,0.13336640892332924,0.284427767050324,0.1544505407949791,0.008886234913112226,2.055879983147728,111.9,0.4752792116277105,-0.005836591149275213,0.011156566001405032,5.362133059080509,0.9692890222998661,0.6666666666666666,5.4982755917431625
28,rec=0.1 w=0 g=0.1,30,0.1,0.0,0.1,,,,0,0,,,,0,0,,,,0,0,1.0,0.8864866068260312,0.9999999999999999,30,30,0.9333333333333333,0.7867654163738308,0.9815229762087295,30,28,1.0,0.8864866068260312,0.9999999999999999,30,30,1.0,0.8864866068260312,0.9999999999999999,30,30,0.26666666666666666,0.14182663319596317,0.4444796169518888,30,8,1.0,0.8864866068260312,0.9999999999999999,30,30,0.2,0.0950510717728987,0.3730569641314825,30,6,1.0,0.8864866068260312,0.9999999999999999,30,30,1.0,0.8864866068260312,0.9999999999999999,30,30,1.0,0.8864866068260312,0.9999999999999999,30,30,1.0,0.8864866068260312,0.9999999999999999,30,30,0.0,0.0,0.11351339317396876,30,0,1.0,0.8864866068260312,0.9999999999999999,30,30,1.0,0.8864866068260312,0.9999999999999999,30,30,0.06666666666666667,0.018477023791270378,0.2132345836261692,30,2,0.8666666666666667,0.703186733179637,0.9469034451594526,30,26,0.9333333333333333,0.7867654163738308,0.9815229762087295,30,28,0.9333333333333333,0.7867654163738308,0.9815229762087295,30,28,0.0,0.0,0.0,0.0,0.9333333333333333,0.7867654163738308,0.9815229762087295,28,30,1.0,0.8864866068260312,0.9999999999999999,30,0.0,178.0,172.0,185.0,178.6,12.824007658052652,0.07180295441238888,2328.233333333333,60.63333333333333,0.3233657407407407,0.19466666666666665,0.3236278230424566,0.20015187591392555,0.16161182777858224,0.21718865671593254,0.017911999705229702,1.9760935493235663,109.76666666666667,0.11371045711377435,-0.0028486099438011364,0.01789406820586154,4.025163804014023,0.6441710466000283,0.5666666666666667,4.746565606569793
29,rec=0.1 w=0.1 g=0.1,30,0.1,0.1,0.1,,,,0,0,,,,0,0,,,,0,0,1.0,0.8864866068260312,0.9999999999999999,30,30,1.0,0.8864866068260312,0.9999999999999999,30,30,1.0,0.8864866068260312,0.9999999999999999,30,30,1.0,0.8864866068260312,0.9999999999999999,30,30,0.3333333333333333,0.19230498083676134,0.5121994835545616,30,10,1.0,0.8864866068260312,0.9999999999999999,30,30,0.3,0.16664748268243793,0.47875787458714947,30,9,1.0,0.8864866068260312,0.9999999999999999,30,30,1.0,0.8864866068260312,0.9999999999999999,30,30,1.0,0.8864866068260312,0.9999999999999999,30,30,1.0,0.8864866068260312,0.9999999999999999,30,30,0.0,0.0,0.11351339317396876,30,0,1.0,0.8864866068260312,0.9999999999999999,30,30,1.0,0.8864866068260312,0.9999999999999999,30,30,0.0,0.0,0.11351339317396876,30,0,0.8333333333333334,0.6643564949358398,0.9266345762815145,30,25,1.0,0.8864866068260312,0.9999999999999999,30,30,1.0,0.8864866068260312,0.9999999999999999,30,30,0.0,0.0,0.0,0.0,1.0,0.8864866068260312,0.9999999999999999,30,30,1.0,0.8864866068260312,0.9999999999999999,30,0.0,175.0,173.0,181.0,176.5,11.047702210773561,0.06259321365877372,2447.8,57.7,0.33997222222222223,0.18081481481481484,0.3065647120191739,0.18708044131117937,0.17885172687495027,0.20750265131073664,0.01670425948365303,2.081631511965712,109.2,0.1706926494978688,-0.00440449771382023,0.01681915561000679,4.219192376170237,0.6769115884666159,0.8333333333333334,4.8237916121285105
30,rec=0.1 w=0.2 g=0.1,30,0.1,0.2,0.1,,,,0,0,,,,0,0,,,,0,0,1.0,0.8864866068260312,0.9999999999999999,30,30,1.0,0.8864866068260312,0.9999999999999999,30,30,1.0,0.8864866068260312,0.9999999999999999,30,30,1.0,0.8864866068260312,0.9999999999999999,30,30,0.6333333333333333,0.4551356365479487,0.7812607919389929,30,19,1.0,0.8864866068260312,0.9999999999999999,30,30,0.43333333333333335,0.2737748557646652,0.6080269299918639,30,13,1.0,0.8864866068260312,0.9999999999999999,30,30,1.0,0.8864866068260312,0.9999999999999999,30,30,1.0,0.8864866068260312,0.9999999999999999,30,30,1.0,0.8864866068260312,0.9999999999999999,30,30,0.0,0.0,0.11351339317396876,30,0,1.0,0.8864866068260312,0.9999999999999999,30,30,1.0,0.8864866068260312,0.9999999999999999,30,30,0.0,0.0,0.11351339317396876,30,0,0.7,0.5212421254128504,0.8333525173175619,30,21,1.0,0.8864866068260312,0.9999999999999999,30,30,1.0,0.8864866068260312,0.9999999999999999,30,30,0.0,0.0,0.0,0.0,1.0,0.8864866068260312,0.9999999999999999,30,30,1.0,0.8864866068260312,0.9999999999999999,30,0.0,171.0,167.0,175.0,171.4,11.672543675740476,0.06810118830653719,2605.366666666667,56.43333333333333,0.3618564814814815,0.16051851851851848,0.2887198200619961,0.1735208141777948,0.1899614759040373,0.19502605154812108,0.013584334145360996,2.0625842975647375,110.53333333333333,0.2236766897944526,-0.006256777495460994,0.013742044391844666,4.387768326135548,0.7077356939999845,0.7666666666666667,4.328998716222665
31,rec=0.1 w=0.3 g=0.1,30,0.1,0.3,0.1,,,,0,0,,,,0,0,,,,0,0,1.0,0.8864866068260312,0.9999999999999999,30,30,1.0,0.8864866068260312,0.9999999999999999,30,30,1.0,0.8864866068260312,0.9999999999999999,30,30,1.0,0.8864866068260312,0.9999999999999999,30,30,0.7333333333333333,0.555520383048111,0.8581733668040368,30,22,1.0,0.8864866068260312,0.9999999999999999,30,30,0.43333333333333335,0.2737748557646652,0.6080269299918639,30,13,1.0,0.8864866068260312,0.9999999999999999,30,30,0.9333333333333333,0.7867654163738308,0.9815229762087295,30,28,1.0,0.8864866068260312,0.9999999999999999,30,30,1.0,0.8864866068260312,0.9999999999999999,30,30,0.0,0.0,0.11351339317396876,30,0,1.0,0.8864866068260312,0.9999999999999999,30,30,1.0,0.8864866068260312,0.9999999999999999,30,30,0.0,0.0,0.11351339317396876,30,0,0.4666666666666667,0.30232388907699753,0.638577003801267,30,14,0.9333333333333333,0.7867654163738308,0.9815229762087295,30,28,0.9333333333333333,0.7867654163738308,0.9815229762087295,30,28,0.0,0.0,0.0,0.0,0.9333333333333333,0.7867654163738308,0.9815229762087295,28,30,1.0,0.8864866068260312,0.9999999999999999,30,0.0,165.0,163.0,173.0,168.06666666666666,8.792368686903249,0.05231476806963456,2737.633333333333,51.766666666666666,0.3802268518518518,0.1523333333333333,0.2680040864077389,0.16359683676616477,0.21101039808258626,0.18432642295257193,0.016105727876621317,2.3117163509726546,111.3,0.2667245483710589,-0.008154908863609148,0.01639445811744953,4.616872965252665,0.7310593941333839,0.9,4.153519488088509
32,rec=0.1 w=0.5 g=0.1,30,0.1,0.5,0.1,,,,0,0,,,,0,0,,,,0,0,1.0,0.8864866068260312,0.9999999999999999,30,30,0.9666666666666667,0.8332960900859082,0.9940914096183874,30,29,1.0,0.8864866068260312,0.9999999999999999,30,30,1.0,0.8864866068260312,0.9999999999999999,30,30,0.8,0.6269430358685175,0.9049489282271013,30,24,1.0,0.8864866068260312,0.9999999999999999,30,30,0.4,0.24590628116801852,0.5767963974667752,30,12,1.0,0.8864866068260312,0.9999999999999999,30,30,0.0,0.0,0.11351339317396876,30,0,1.0,0.8864866068260312,0.9999999999999999,30,30,1.0,0.8864866068260312,0.9999999999999999,30,30,0.0,0.0,0.11351339317396876,30,0,1.0,0.8864866068260312,0.9999999999999999,30,30,1.0,0.8864866068260312,0.9999999999999999,30,30,0.0,0.0,0.11351339317396876,30,0,0.23333333333333334,0.11792388144489496,0.40928326158122164,30,7,0.0,0.0,0.11351339317396876,30,0,0.0,0.0,0.11351339317396876,30,0,0.0,0.0,0.0,0.0,0.0,0.0,0.11351339317396876,0,30,1.0,0.8864866068260312,0.9999999999999999,30,0.0,164.0,160.0,172.0,167.36666666666667,11.466543035954746,0.0685115098742566,2989.9666666666667,52.13333333333333,0.4152731481481481,0.12759259259259256,0.2423319252945672,0.1481318690839772,0.24255328823425668,0.16974138054638957,0.012115003082109482,2.261467545218824,111.4,0.353599196560217,-0.009771242445925827,0.012902047774433123,4.9872953004250995,0.8194111919332803,0.9,4.8749889478212465
33,rec=0.1 w=0.75 g=0.1,30,0.1,0.75,0.1,,,,0,0,,,,0,0,,,,0,0,1.0,0.8864866068260312,0.9999999999999999,30,30,1.0,0.8864866068260312,0.9999999999999999,30,30,1.0,0.8864866068260312,0.9999999999999999,30,30,1.0,0.8864866068260312,0.9999999999999999,30,30,0.9,0.7437891742081593,0.9654001112526658,30,27,1.0,0.8864866068260312,0.9999999999999999,30,30,0.5333333333333333,0.36142299619873297,0.6976761109230025,30,16,1.0,0.8864866068260312,0.9999999999999999,30,30,0.0,0.0,0.11351339317396876,30,0,1.0,0.8864866068260312,0.9999999999999999,30,30,1.0,0.8864866068260312,0.9999999999999999,30,30,0.0,0.0,0.11351339317396876,30,0,1.0,0.8864866068260312,0.9999999999999999,30,30,1.0,0.8864866068260312,0.9999999999999999,30,30,0.0,0.0,0.11351339317396876,30,0,0.36666666666666664,0.21873920806100708,0.5448643634520511,30,11,0.0,0.0,0.11351339317396876,30,0,0.0,0.0,0.11351339317396876,30,0,0.0,0.0,0.0,0.0,0.0,0.0,0.11351339317396876,0,30,1.0,0.8864866068260312,0.9999999999999999,30,0.0,165.0,162.0,167.0,164.83333333333334,7.900603788944556,0.04793086221806606,3260.766666666667,51.13333333333333,0.45288425925925935,0.11088888888888886,0.21560583346973122,0.13347311087618405,0.2771882211962819,0.15485899066543782,0.01213763889680081,2.25615458632732,112.13333333333334,0.44250927475466534,-0.010452062664314447,0.013396734040990604,5.377725750228445,0.8977681430998624,0.9333333333333333,4.191397868486601
34,rec=0.1 w=1 g=0.1,30,0.1,1.0,0.1,,,,0,0,,,,0,0,,,,0,0,0.9,0.7437891742081593,0.9654001112526658,30,27,0.9333333333333333,0.7867654163738308,0.9815229762087295,30,28,1.0,0.8864866068260312,0.9999999999999999,30,30,1.0,0.8864866068260312,0.9999999999999999,30,30,0.6666666666666666,0.4878005164454384,0.8076950191632386,30,20,1.0,0.8864866068260312,0.9999999999999999,30,30,0.4,0.24590628116801852,0.5767963974667752,30,12,1.0,0.8864866068260312,0.9999999999999999,30,30,0.0,0.0,0.11351339317396876,30,0,0.9666666666666667,0.8332960900859082,0.9940914096183874,30,29,1.0,0.8864866068260312,0.9999999999999999,30,30,0.0,0.0,0.11351339317396876,30,0,1.0,0.8864866068260312,0.9999999999999999,30,30,1.0,0.8864866068260312,0.9999999999999999,30,30,0.0,0.0,0.11351339317396876,30,0,0.13333333333333333,0.053096554840547455,0.296813266820363,30,4,0.0,0.0,0.11351339317396876,30,0,0.0,0.0,0.11351339317396876,30,0,0.0,0.0,0.0,0.0,0.0,0.0,0.11351339317396876,0,30,1.0,0.8864866068260312,0.9999999999999999,30,0.0,167.0,163.0,183.0,174.23333333333332,20.057990639786105,0.11512143087690514,3400.233333333333,56.53333333333333,0.47225462962962955,0.10185185185185183,0.20608143640688315,0.1276835751193714,0.2923634167465945,0.14927607564654383,0.00944853447687318,2.1143727446303324,111.86666666666666,0.4779118323917777,-0.007370877317278057,0.011522192808310794,5.5187381356326455,0.9684840906999852,0.8333333333333334,4.629242384826189
35,rec=0.15 w=0 g=0.1,30,0.15,0.0,0.1,,,,0,0,,,,0,0,,,,0,0,1.0,0.8864866068260312,0.9999999999999999,30,30,1.0,0.8864866068260312,0.9999999999999999,30,30,1.0,0.8864866068260312,0.9999999999999999,30,30,1.0,0.8864866068260312,0.9999999999999999,30,30,0.6666666666666666,0.4878005164454384,0.8076950191632386,30,20,1.0,0.8864866068260312,0.9999999999999999,30,30,0.4666666666666667,0.30232388907699753,0.638577003801267,30,14,1.0,0.8864866068260312,0.9999999999999999,30,30,1.0,0.8864866068260312,0.9999999999999999,30,30,1.0,0.8864866068260312,0.9999999999999999,30,30,1.0,0.8864866068260312,0.9999999999999999,30,30,0.0,0.0,0.11351339317396876,30,0,1.0,0.8864866068260312,0.9999999999999999,30,30,1.0,0.8864866068260312,0.9999999999999999,30,30,0.0,0.0,0.11351339317396876,30,0,0.6,0.42320360253322475,0.7540937188319815,30,18,1.0,0.8864866068260312,0.9999999999999999,30,30,1.0,0.8864866068260312,0.9999999999999999,30,30,0.0,0.0,0.0,0.0,1.0,0.8864866068260312,0.9999999999999999,30,30,1.0,0.8864866068260312,0.9999999999999999,30,0.0,168.0,165.0,173.0,170.03333333333333,8.860930648302297,0.05211290324427934,2709.4333333333334,53.733333333333334,0.3763101851851852,0.14959259259259255,0.27320487660708076,0.16488530515500338,0.2024123454025625,0.18657889233245584,0.016208999654245278,2.2127949850472777,111.1,0.17016173853645544,-0.005308514404610054,0.016199774715734777,4.557223429383266,0.7364851044666466,0.9,4.520833002277651
36,rec=0.15 w=0.1 g=0.1,30,0.15,0.1,0.1,,,,0,0,,,,0,0,,,,0,0,1.0,0.8864866068260312,0.9999999999999999,30,30,1.0,0.8864866068260312,0.9999999999999999,30,30,1.0,0.8864866068260312,0.9999999999999999,30,30,1.0,0.8864866068260312,0.9999999999999999,30,30,0.9,0.7437891742081593,0.9654001112526658,30,27,1.0,0.8864866068260312,0.9999999999999999,30,30,0.43333333333333335,0.2737748557646652,0.6080269299918639,30,13,1.0,0.8864866068260312,0.9999999999999999,30,30,1.0,0.8864866068260312,0.9999999999999999,30,30,1.0,0.8864866068260312,0.9999999999999999,30,30,1.0,0.8864866068260312,0.9999999999999999,30,30,0.0,0.0,0.11351339317396876,30,0,1.0,0.8864866068260312,0.9999999999999999,30,30,1.0,0.8864866068260312,0.9999999999999999,30,30,0.0,0.0,0.11351339317396876,30,0,0.4,0.24590628116801852,0.5767963974667752,30,12,1.0,0.8864866068260312,0.9999999999999999,30,30,1.0,0.8864866068260312,0.9999999999999999,30,30,0.0,0.0,0.0,0.0,1.0,0.8864866068260312,0.9999999999999999,30,30,1.0,0.8864866068260312,0.9999999999999999,30,0.0,165.0,161.0,170.0,166.83333333333334,12.100394217953605,0.07252983547224938,2919.5666666666666,51.733333333333334,0.4054953703703703,0.12885185185185183,0.24990083113954864,0.150403265358841,0.22738662205017743,0.17280456049995785,0.015001412172220625,2.2841321006517177,111.56666666666666,0.21979127668868778,-0.007268224680095139,0.015217856078471776,4.816019921676824,0.7784221350999663,0.8666666666666667,4.500446976524192
37,rec=0.15 w=0.2 g=0.1,30,0.15,0.2,0.1,,,,0,0,,,,0,0,,,,0,0,1.0,0.8864866068260312,0.9999999999999999,30,30,1.0,0.8864866068260312,0.9999999999999999,30,30,1.0,0.8864866068260312,0.9999999999999999,30,30,1.0,0.8864866068260312,0.9999999999999999,30,30,0.8333333333333334,0.6643564949358398,0.9266345762815145,30,25,1.0,0.8864866068260312,0.9999999999999999,30,30,0.3,0.16664748268243793,0.47875787458714947,30,9,1.0,0.8864866068260312,0.9999999999999999,30,30,0.9666666666666667,0.8332960900859082,0.9940914096183874,30,29,1.0,0.8864866068260312,0.9999999999999999,30,30,1.0,0.8864866068260312,0.9999999999999999,30,30,0.0,0.0,0.11351339317396876,30,0,1.0,0.8864866068260312,0.9999999999999999,30,30,1.0,0.8864866068260312,0.9999999999999999,30,30,0.0,0.0,0.11351339317396876,30,0,0.4,0.24590628116801852,0.5767963974667752,30,12,0.9666666666666667,0.8332960900859082,0.9940914096183874,30,29,0.9666666666666667,0.8332960900859082,0.9940914096183874,30,29,0.0,0.0,0.0,0.0,0.9666666666666667,0.8332960900859082,0.9940914096183874,29,30,1.0,0.8864866068260312,0.9999999999999999,30,0.0,166.0,162.0,173.0,167.66666666666666,11.360346441212425,0.0677555453750244,2993.6666666666665,55.13333333333333,0.415787037037037,0.12466666666666663,0.2439153860434206,0.14633787957337682,0.23314915742120115,0.1687538170353319,0.010273999607087612,2.080151875338573,110.06666666666666,0.2704750386398433,-0.008785961129795761,0.010438847741261999,4.928424900429741,0.8071961301332825,0.8333333333333334,4.168298531016962
38,rec=0.15 w=0.3 g=0.1,30,0.15,0.3,0.1,,,,0,0,,,,0,0,,,,0,0,1.0,0.8864866068260312,0.9999999999999999,30,30,0.9666666666666667,0.8332960900859082,0.9940914096183874,30,29,1.0,0.8864866068260312,0.9999999999999999,30,30,1.0,0.8864866068260312,0.9999999999999999,30,30,0.8666666666666667,0.703186733179637,0.9469034451594526,30,26,1.0,0.8864866068260312,0.9999999999999999,30,30,0.5333333333333333,0.36142299619873297,0.6976761109230025,30,16,1.0,0.8864866068260312,0.9999999999999999,30,30,0.3333333333333333,0.19230498083676134,0.5121994835545616,30,10,1.0,0.8864866068260312,0.9999999999999999,30,30,1.0,0.8864866068260312,0.9999999999999999,30,30,0.0,0.0,0.11351339317396876,30,0,1.0,0.8864866068260312,0.9999999999999999,30,30,1.0,0.8864866068260312,0.9999999999999999,30,30,0.0,0.0,0.11351339317396876,30,0,0.4666666666666667,0.30232388907699753,0.638577003801267,30,14,0.3,0.16664748268243793,0.47875787458714947,30,9,0.3,0.16664748268243793,0.47875787458714947,30,9,0.0,0.0,0.0,0.0,0.3,0.16664748268243793,0.47875787458714947,9,30,1.0,0.8864866068260312,0.9999999999999999,30,0.0,163.0,159.0,169.0,166.6,12.056190282918195,0.07236608813276227,3094.266666666667,50.766666666666666,0.42975925925925923,0.11711111111111107,0.23055103595671855,0.14047252474148555,0.24735671686027783,0.1631731928201784,0.013066392857646386,2.3275191148365755,111.6,0.3115313857897094,-0.010059949922349602,0.01359046328232599,5.048814840448062,0.8333221947666061,0.9333333333333333,5.353696756963103
39,rec=0.15 w=0.5 g=0.1,30,0.15,0.5,0.1,,,,0,0,,,,0,0,,,,0,0,0.9,0.7437891742081593,0.9654001112526658,30,27,0.9666666666666667,0.8332960900859082,0.9940914096183874,30,29,1.0,0.8864866068260312,0.9999999999999999,30,30,1.0,0.8864866068260312,0.9999999999999999,30,30,0.8666666666666667,0.703186733179637,0.9469034451594526,30,26,1.0,0.8864866068260312,0.9999999999999999,30,30,0.4,0.24590628116801852,0.5767963974667752,30,12,1.0,0.8864866068260312,0.9999999999999999,30,30,0.0,0.0,0.11351339317396876,30,0,1.0,0.8864866068260312,0.9999999999999999,30,30,1.0,0.8864866068260312,0.9999999999999999,30,30,0.0,0.0,0.11351339317396876,30,0,1.0,0.8864866068260312,0.9999999999999999,30,30,1.0,0.8864866068260312,0.9999999999999999,30,30,0.0,0.0,0.11351339317396876,30,0,0.2,0.0950510717728987,0.3730569641314825,30,6,0.0,0.0,0.11351339317396876,30,0,0.0,0.0,0.11351339317396876,30,0,0.0,0.0,0.0,0.0,0.0,0.0,0.11351339317396876,0,30,1.0,0.8864866068260312,0.9999999999999999,30,0.0,164.0,159.0,170.0,165.96666666666667,12.141360865988661,0.07315541795132754,3248.2,52.36666666666667,0.4511388888888889,0.11170370370370367,0.21784033327996757,0.1328917663733684,0.2711394441209958,0.1560576118030309,0.011747460953204832,2.228794670224405,112.5,0.39475428626017717,-0.011597678474708039,0.012442187930869564,5.303581970037566,0.8956682300332128,0.8666666666666667,3.2029081612895447
40,rec=0.15 w=0.75 g=0.1,30,0.15,0.75,0.1,,,,0,0,,,,0,0,,,,0,0,0.8666666666666667,0.703186733179637,0.9469034451594526,30,26,1.0,0.8864866068260312,0.9999999999999999,30,30,1.0,0.8864866068260312,0.9999999999999999,30,30,1.0,0.8864866068260312,0.9999999999999999,30,30,0.8,0.6269430358685175,0.9049489282271013,30,24,1.0,0.8864866068260312,0.9999999999999999,30,30,0.43333333333333335,0.2737748557646652,0.6080269299918639,30,13,1.0,0.8864866068260312,0.9999999999999999,30,30,0.0,0.0,0.11351339317396876,30,0,0.9666666666666667,0.8332960900859082,0.9940914096183874,30,29,1.0,0.8864866068260312,0.9999999999999999,30,30,0.0,0.0,0.11351339317396876,30,0,1.0,0.8864866068260312,0.9999999999999999,30,30,1.0,0.8864866068260312,0.9999999999999999,30,30,0.0,0.0,0.11351339317396876,30,0,0.26666666666666666,0.14182663319596317,0.4444796169518888,30,8,0.0,0.0,0.11351339317396876,30,0,0.0,0.0,0.11351339317396876,30,0,0.0,0.0,0.0,0.0,0.0,0.0,0.11351339317396876,0,30,1.0,0.8864866068260312,0.9999999999999999,30,0.0,166.0,162.0,171.0,167.63333333333333,8.961539789695678,0.05345917552015716,3451.5333333333333,52.46666666666667,0.4793796296296295,0.10007407407407404,0.20088667491469744,0.12498823320848275,0.2978704989031662,0.14728029742474347,0.010798021591942021,2.2313346496291104,111.0,0.4596362967105686,-0.010311996791511643,0.012280204083646646,5.597261052326923,0.9606488723000742,0.9,7.066189530628132
41,rec=0.15 w=1 g=0.1,30,0.15,1.0,0.1,,,,0,0,,,,0,0,,,,0,0,0.7333333333333333,0.555520383048111,0.8581733668040368,30,22,0.9333333333333333,0.7867654163738308,0.9815229762087295,30,28,1.0,0.8864866068260312,0.9999999999999999,30,30,1.0,0.8864866068260312,0.9999999999999999,30,30,0.7666666666666667,0.5907167384187784,0.8820761185551049,30,23,1.0,0.8864866068260312,0.9999999999999999,30,30,0.5,0.33154125640533766,0.6684587435946623,30,15,1.0,0.8864866068260312,0.9999999999999999,30,30,0.0,0.0,0.11351339317396876,30,0,1.0,0.8864866068260312,0.9999999999999999,30,30,1.0,0.8864866068260312,0.9999999999999999,30,30,0.0,0.0,0.11351339317396876,30,0,1.0,0.8864866068260312,0.9999999999999999,30,30,1.0,0.8864866068260312,0.9999999999999999,30,30,0.0,0.0,0.11351339317396876,30,0,0.26666666666666666,0.14182663319596317,0.4444796169518888,30,8,0.0,0.0,0.11351339317396876,30,0,0.0,0.0,0.11351339317396876,30,0,0.0,0.0,0.0,0.0,0.0,0.0,0.11351339317396876,0,30,1.0,0.8864866068260312,0.9999999999999999,30,0.0,168.0,163.0,173.0,169.86666666666667,11.264020637389663,0.06631095351681512,3563.1,55.13333333333333,0.494875,0.08929629629629625,0.19184071930552196,0.1199556622812851,0.3132221558385958,0.14153980573263208,0.00937436217917777,2.106084142055622,111.73333333333333,0.4847667334371152,-0.006844652760577347,0.011502706486696459,5.74694267342345,1.0167083265999888,0.8666666666666667,3.9298445466607888
42,rec=0.2 w=0 g=0.1,30,0.2,0.0,0.1,,,,0,0,,,,0,0,,,,0,0,1.0,0.8864866068260312,0.9999999999999999,30,30,1.0,0.8864866068260312,0.9999999999999999,30,30,1.0,0.8864866068260312,0.9999999999999999,30,30,1.0,0.8864866068260312,0.9999999999999999,30,30,0.9333333333333333,0.7867654163738308,0.9815229762087295,30,28,1.0,0.8864866068260312,0.9999999999999999,30,30,0.6333333333333333,0.4551356365479487,0.7812607919389929,30,19,1.0,0.8864866068260312,0.9999999999999999,30,30,1.0,0.8864866068260312,0.9999999999999999,30,30,1.0,0.8864866068260312,0.9999999999999999,30,30,1.0,0.8864866068260312,0.9999999999999999,30,30,0.0,0.0,0.11351339317396876,30,0,1.0,0.8864866068260312,0.9999999999999999,30,30,1.0,0.8864866068260312,0.9999999999999999,30,30,0.0,0.0,0.11351339317396876,30,0,0.36666666666666664,0.21873920806100708,0.5448643634520511,30,11,1.0,0.8864866068260312,0.9999999999999999,30,30,1.0,0.8864866068260312,0.9999999999999999,30,30,0.0,0.0,0.0,0.0,1.0,0.8864866068260312,0.9999999999999999,30,30,1.0,0.8864866068260312,0.9999999999999999,30,0.0,162.0,159.0,168.0,163.83333333333334,6.828355349687742,0.04167866947927411,3119.5333333333333,51.8,0.4332685185185185,0.11337037037037032,0.22914680700523088,0.13897774102105037,0.2491401800945126,0.16255990452419503,0.012218598929015511,2.2040469498417954,110.0,0.21597968649845115,-0.007837641750711473,0.012230122330875419,5.043989110454819,0.8383799817333359,0.9,3.8774324956884407
43,rec=0.2 w=0.1 g=0.1,30,0.2,0.1,0.1,,,,0,0,,,,0,0,,,,0,0,1.0,0.8864866068260312,0.9999999999999999,30,30,0.9666666666666667,0.8332960900859082,0.9940914096183874,30,29,1.0,0.8864866068260312,0.9999999999999999,30,30,1.0,0.8864866068260312,0.9999999999999999,30,30,0.8333333333333334,0.6643564949358398,0.9266345762815145,30,25,1.0,0.8864866068260312,0.9999999999999999,30,30,0.23333333333333334,0.11792388144489496,0.40928326158122164,30,7,1.0,0.8864866068260312,0.9999999999999999,30,30,0.9666666666666667,0.8332960900859082,0.9940914096183874,30,29,1.0,0.8864866068260312,0.9999999999999999,30,30,1.0,0.8864866068260312,0.9999999999999999,30,30,0.0,0.0,0.11351339317396876,30,0,1.0,0.8864866068260312,0.9999999999999999,30,30,1.0,0.8864866068260312,0.9999999999999999,30,30,0.0,0.0,0.11351339317396876,30,0,0.3333333333333333,0.19230498083676134,0.5121994835545616,30,10,0.9333333333333333,0.7867654163738308,0.9815229762087295,30,28,0.9333333333333333,0.7867654163738308,0.9815229762087295,30,28,0.0,0.0,0.0,0.0,0.9333333333333333,0.7867654163738308,0.9815229762087295,28,30,1.0,0.8864866068260312,0.9999999999999999,30,0.0,166.0,163.0,169.0,168.13333333333333,10.708466947598806,0.06369032680966777,3147.6666666666665,54.5,0.4371759259259259,0.10888888888888884,0.22725265991326937,0.13753756859093252,0.24747083659946215,0.16003552541904748,0.00985308552775165,2.1295003740961906,110.9,0.26575460783864857,-0.00870691608237154,0.00996269503995046,5.114126557783654,0.8565422404000249,0.7333333333333333,5.081066952846651
44,rec=0.2 w=0.2 g=0.1,30,0.2,0.2,0.1,,,,0,0,,,,0,0,,,,0,0,1.0,0.8864866068260312,0.9999999999999999,30,30,1.0,0.8864866068260312,0.9999999999999999,30,30,1.0,0.8864866068260312,0.9999999999999999,30,30,1.0,0.8864866068260312,0.9999999999999999,30,30,0.9,0.7437891742081593,0.9654001112526658,30,27,1.0,0.8864866068260312,0.9999999999999999,30,30,0.6,0.42320360253322475,0.7540937188319815,30,18,1.0,0.8864866068260312,0.9999999999999999,30,30,0.5666666666666667,0.3919730700081361,0.7262251442353347,30,17,1.0,0.8864866068260312,0.9999999999999999,30,30,1.0,0.8864866068260312,0.9999999999999999,30,30,0.0,0.0,0.11351339317396876,30,0,1.0,0.8864866068260312,0.9999999999999999,30,30,1.0,0.8864866068260312,0.9999999999999999,30,30,0.0,0.0,0.11351339317396876,30,0,0.36666666666666664,0.21873920806100708,0.5448643634520511,30,11,0.5666666666666667,0.3919730700081361,0.7262251442353347,30,17,0.5666666666666667,0.3919730700081361,0.7262251442353347,30,17,0.0,0.0,0.0,0.0,0.5666666666666667,0.3919730700081361,0.7262251442353347,17,30,1.0,0.8864866068260312,0.9999999999999999,30,0.0,163.0,158.0,169.0,164.03333333333333,9.260532990296392,0.05645518994287579,3252.9666666666667,51.3,0.4518009259259259,0.10514814814814813,0.21780547258649557,0.13277374464593944,0.2687001162301563,0.15510243647003813,0.011632943171957278,2.2410782611691413,111.5,0.31764009276080685,-0.010728440982893323,0.011890064335310587,5.2771256416798185,0.8837677004333273,0.9,4.066261521178967
45,rec=0.2 w=0.3 g=0.1,30,0.2,0.3,0.1,,,,0,0,,,,0,0,,,,0,0,1.0,0.8864866068260312,0.9999999999999999,30,30,0.9666666666666667,0.8332960900859082,0.9940914096183874,30,29,1.0,0.8864866068260312,0.9999999999999999,30,30,1.0,0.8864866068260312,0.9999999999999999,30,30,0.8666666666666667,0.703186733179637,0.9469034451594526,30,26,1.0,0.8864866068260312,0.9999999999999999,30,30,0.5333333333333333,0.36142299619873297,0.6976761109230025,30,16,1.0,0.8864866068260312,0.9999999999999999,30,30,0.06666666666666667,0.018477023791270378,0.2132345836261692,30,2,1.0,0.8864866068260312,0.9999999999999999,30,30,1.0,0.8864866068260312,0.9999999999999999,30,30,0.0,0.0,0.11351339317396876,30,0,1.0,0.8864866068260312,0.9999999999999999,30,30,1.0,0.8864866068260312,0.9999999999999999,30,30,0.03333333333333333,0.005908590381612455,0.16670390991409173,30,1,0.3,0.16664748268243793,0.47875787458714947,30,9,0.06666666666666667,0.018477023791270378,0.2132345836261692,30,2,0.06666666666666667,0.018477023791270378,0.2132345836261692,30,2,0.0,0.0,0.0,0.0,0.06666666666666667,0.018477023791270378,0.2132345836261692,2,30,1.0,0.8864866068260312,0.9999999999999999,30,0.0,164.0,161.0,172.0,171.43333333333334,34.77581733423914,0.20285329963584955,3301.6,51.6,0.45855555555555555,0.10270370370370366,0.21210648499507248,0.13021148709445007,0.27494649771522467,0.1530773207038595,0.010054174426267496,2.3496537919498763,112.13333333333334,0.35747752566675844,-0.011603295220741253,0.010548768488636832,5.354953540708954,0.8870482250666707,0.9333333333333333,3.501067160790808
46,rec=0.2 w=0.5 g=0.1,30,0.2,0.5,0.1,,,,0,0,,,,0,0,,,,0,0,1.0,0.8864866068260312,0.9999999999999999,30,30,1.0,0.8864866068260312,0.9999999999999999,30,30,1.0,0.8864866068260312,0.9999999999999999,30,30,1.0,0.8864866068260312,0.9999999999999999,30,30,0.7666666666666667,0.5907167384187784,0.8820761185551049,30,23,1.0,0.8864866068260312,0.9999999999999999,30,30,0.5,0.33154125640533766,0.6684587435946623,30,15,1.0,0.8864866068260312,0.9999999999999999,30,30,0.0,0.0,0.11351339317396876,30,0,1.0,0.8864866068260312,0.9999999999999999,30,30,1.0,0.8864866068260312,0.9999999999999999,30,30,0.0,0.0,0.11351339317396876,30,0,1.0,0.8864866068260312,0.9999999999999999,30,30,1.0,0.8864866068260312,0.9999999999999999,30,30,0.03333333333333333,0.005908590381612455,0.16670390991409173,30,1,0.16666666666666666,0.0733654237184855,0.3356435050641603,30,5,0.0,0.0,0.11351339317396876,30,0,0.0,0.0,0.11351339317396876,30,0,0.0,0.0,0.0,0.0,0.0,0.0,0.11351339317396876,0,30,1.0,0.8864866068260312,0.9999999999999999,30,0.0,166.0,161.0,170.0,166.46666666666667,9.712179816169447,0.058343090605743574,3406.6666666666665,53.36666666666667,0.47314814814814804,0.094074074074074,0.20475295295716242,0.12542301138006373,0.2910181789353687,0.14800147106662023,0.010766547741261892,2.1664876412299914,110.6,0.4155675396015157,-0.011203707587658073,0.011813980715861063,5.492000031549939,0.9839583325333479,0.8,4.367592250767638
47,rec=0.2 w=0.75 g=0.1,30,0.2,0.75,0.1,,,,0,0,,,,0,0,,,,0,0,0.7666666666666667,0.5907167384187784,0.8820761185551049,30,23,0.9666666666666667,0.8332960900859082,0.9940914096183874,30,29,1.0,0.8864866068260312,0.9999999999999999,30,30,1.0,0.8864866068260312,0.9999999999999999,30,30,0.8333333333333334,0.6643564949358398,0.9266345762815145,30,25,1.0,0.8864866068260312,0.9999999999999999,30,30,0.5333333333333333,0.36142299619873297,0.6976761109230025,30,16,1.0,0.8864866068260312,0.9999999999999999,30,30,0.0,0.0,0.11351339317396876,30,0,1.0,0.8864866068260312,0.9999999999999999,30,30,1.0,0.8864866068260312,0.9999999999999999,30,30,0.0,0.0,0.11351339317396876,30,0,0.9666666666666667,0.8332960900859082,0.9940914096183874,30,29,1.0,0.8864866068260312,0.9999999999999999,30,30,0.0,0.0,0.11351339317396876,30,0,0.16666666666666666,0.0733654237184855,0.3356435050641603,30,5,0.0,0.0,0.11351339317396876,30,0,0.0,0.0,0.11351339317396876,30,0,0.0,0.0,0.0,0.0,0.0,0.0,0.11351339317396876,0,30,1.0,0.8864866068260312,0.9999999999999999,30,0.0,163.0,160.0,169.0,167.6,13.200313475901584,0.07876082026194263,3611.633333333333,53.5,0.5016157407407407,0.08962962962962957,0.1889353102039692,0.1185544606449928,0.3154316980790053,0.14053273578962983,0.010156671452008083,2.1797142355638983,111.13333333333334,0.46650555678412625,-0.009485364264628402,0.011950640837757754,5.797147119942321,1.028252119866617,0.8666666666666667,4.790315901564489
48,rec=0.2 w=1 g=0.1,30,0.2,1.0,0.1,,,,0,0,,,,0,0,,,,0,0,0.7333333333333333,0.555520383048111,0.8581733668040368,30,22,1.0,0.8864866068260312,0.9999999999999999,30,30,1.0,0.8864866068260312,0.9999999999999999,30,30,1.0,0.8864866068260312,0.9999999999999999,30,30,0.8333333333333334,0.6643564949358398,0.9266345762815145,30,25,1.0,0.8864866068260312,0.9999999999999999,30,30,0.6,0.42320360253322475,0.7540937188319815,30,18,1.0,0.8864866068260312,0.9999999999999999,30,30,0.0,0.0,0.11351339317396876,30,0,1.0,0.8864866068260312,0.9999999999999999,30,30,1.0,0.8864866068260312,0.9999999999999999,30,30,0.0,0.0,0.11351339317396876,30,0,0.9666666666666667,0.8332960900859082,0.9940914096183874,30,29,1.0,0.8864866068260312,0.9999999999999999,30,30,0.0,0.0,0.11351339317396876,30,0,0.3,0.16664748268243793,0.47875787458714947,30,9,0.0,0.0,0.11351339317396876,30,0,0.0,0.0,0.11351339317396876,30,0,0.0,0.0,0.0,0.0,0.0,0.0,0.11351339317396876,0,30,1.0,0.8864866068260312,0.9999999999999999,30,0.0,166.0,164.0,170.0,168.5,10.254519609118367,0.060857683140168345,3685.266666666667,53.333333333333336,0.5118425925925926,0.08688888888888883,0.1822101629526975,0.11551527496566323,0.3314157540127101,0.1371636881602423,0.009458670894884596,2.1875952298511625,111.5,0.486660722640476,-0.007187514958568098,0.011487923274904655,5.952465763354563,1.0504244022000422,0.9333333333333333,4.761555816443135
49,rec=0.3 w=0 g=0.1,30,0.3,0.0,0.1,,,,0,0,,,,0,0,,,,0,0,0.7666666666666667,0.5907167384187784,0.8820761185551049,30,23,1.0,0.8864866068260312,0.9999999999999999,30,30,1.0,0.8864866068260312,0.9999999999999999,30,30,1.0,0.8864866068260312,0.9999999999999999,30,30,0.9333333333333333,0.7867654163738308,0.9815229762087295,30,28,1.0,0.8864866068260312,0.9999999999999999,30,30,0.4,0.24590628116801852,0.5767963974667752,30,12,1.0,0.8864866068260312,0.9999999999999999,30,30,0.9,0.7437891742081593,0.9654001112526658,30,27,1.0,0.8864866068260312,0.9999999999999999,30,30,1.0,0.8864866068260312,0.9999999999999999,30,30,0.0,0.0,0.11351339317396876,30,0,0.9333333333333333,0.7867654163738308,0.9815229762087295,30,28,1.0,0.8864866068260312,0.9999999999999999,30,30,0.0,0.0,0.11351339317396876,30,0,0.16666666666666666,0.0733654237184855,0.3356435050641603,30,5,0.7,0.5212421254128504,0.8333525173175619,30,21,0.6666666666666666,0.4878005164454384,0.8076950191632386,30,20,0.0,0.0,0.0,0.0,0.6666666666666666,0.4878005164454384,0.8076950191632386,20,30,1.0,0.8864866068260312,0.9999999999999999,30,0.0,160.0,156.0,167.0,162.13333333333333,7.955624049877453,0.04906840491289548,3640.733333333333,48.6,0.5056574074074075,0.07951851851851847,0.18535330547903978,0.11613867146652647,0.3202791938255889,0.1385609432358996,0.00995839132584333,2.359690759150886,110.13333333333334,0.3053036577615974,-0.011893442004514946,0.010058674887123765,5.776706296518037,1.0058526525666214,1.0,5.23735477674286
50,rec=0.3 w=0.1 g=0.1,30,0.3,0.1,0.1,,,,0,0,,,,0,0,,,,0,0,0.7,0.5212421254128504,0.8333525173175619,30,21,1.0,0.8864866068260312,0.9999999999999999,30,30,1.0,0.8864866068260312,0.9999999999999999,30,30,1.0,0.8864866068260312,0.9999999999999999,30,30,0.9666666666666667,0.8332960900859082,0.9940914096183874,30,29,1.0,0.8864866068260312,0.9999999999999999,30,30,0.5,0.33154125640533766,0.6684587435946623,30,15,1.0,0.8864866068260312,0.9999999999999999,30,30,0.3333333333333333,0.19230498083676134,0.5121994835545616,30,10,1.0,0.8864866068260312,0.9999999999999999,30,30,1.0,0.8864866068260312,0.9999999999999999,30,30,0.0,0.0,0.11351339317396876,30,0,1.0,0.8864866068260312,0.9999999999999999,30,30,1.0,0.8864866068260312,0.9999999999999999,30,30,0.03333333333333333,0.005908590381612455,0.16670390991409173,30,1,0.3,0.16664748268243793,0.47875787458714947,30,9,0.23333333333333334,0.11792388144489496,0.40928326158122164,30,7,0.23333333333333334,0.11792388144489496,0.40928326158122164,30,7,0.0,0.0,0.0,0.0,0.23333333333333334,0.11792388144489496,0.40928326158122164,7,30,1.0,0.8864866068260312,0.9999999999999999,30,0.0,162.0,159.0,168.0,163.53333333333333,8.348996773651118,0.05105379193019436,3647.6666666666665,49.733333333333334,0.5066203703703703,0.07896296296296293,0.18614067582044713,0.11480446838176595,0.3152409609110362,0.13834546957232588,0.009782430039084654,2.32623551109094,112.33333333333333,0.3531215724985622,-0.01422358736228389,0.009989808775484338,5.760632714399562,1.0263740044332734,0.9666666666666667,3.744728095035356
51,rec=0.3 w=0.2 g=0.1,30,0.3,0.2,0.1,,,,0,0,,,,0,0,,,,0,0,0.9,0.7437891742081593,0.9654001112526658,30,27,0.9666666666666667,0.8332960900859082,0.9940914096183874,30,29,1.0,0.8864866068260312,0.9999999999999999,30,30,1.0,0.8864866068260312,0.9999999999999999,30,30,0.9,0.7437891742081593,0.9654001112526658,30,27,1.0,0.8864866068260312,0.9999999999999999,30,30,0.36666666666666664,0.21873920806100708,0.5448643634520511,30,11,1.0,0.8864866068260312,0.9999999999999999,30,30,0.0,0.0,0.11351339317396876,30,0,1.0,0.8864866068260312,0.9999999999999999,30,30,1.0,0.8864866068260312,0.9999999999999999,30,30,0.0,0.0,0.11351339317396876,30,0,1.0,0.8864866068260312,0.9999999999999999,30,30,1.0,0.8864866068260312,0.9999999999999999,30,30,0.0,0.0,0.11351339317396876,30,0,0.23333333333333334,0.11792388144489496,0.40928326158122164,30,7,0.0,0.0,0.11351339317396876,30,0,0.0,0.0,0.11351339317396876,30,0,0.0,0.0,0.0,0.0,0.0,0.0,0.11351339317396876,0,30,1.0,0.8864866068260312,0.9999999999999999,30,0.0,163.0,159.0,164.0,163.63333333333333,10.568278277331954,0.0645851188266365,3601.4,51.3,0.5001944444444445,0.08322222222222217,0.18962527760684142,0.11781885119852584,0.30969311716936027,0.14024194285347485,0.00902881347605323,2.2443691273067716,111.56666666666666,0.3827041836920044,-0.014448939145366806,0.009309920682237167,5.706246268847814,1.0067743386331434,0.8666666666666667,3.5494859592217924
52,rec=0.3 w=0.3 g=0.1,30,0.3,0.3,0.1,,,,0,0,,,,0,0,,,,0,0,0.8,0.6269430358685175,0.9049489282271013,30,24,1.0,0.8864866068260312,0.9999999999999999,30,30,1.0,0.8864866068260312,0.9999999999999999,30,30,1.0,0.8864866068260312,0.9999999999999999,30,30,0.9333333333333333,0.7867654163738308,0.9815229762087295,30,28,1.0,0.8864866068260312,0.9999999999999999,30,30,0.36666666666666664,0.21873920806100708,0.5448643634520511,30,11,1.0,0.8864866068260312,0.9999999999999999,30,30,0.0,0.0,0.11351339317396876,30,0,1.0,0.8864866068260312,0.9999999999999999,30,30,1.0,0.8864866068260312,0.9999999999999999,30,30,0.0,0.0,0.11351339317396876,30,0,1.0,0.8864866068260312,0.9999999999999999,30,30,1.0,0.8864866068260312,0.9999999999999999,30,30,0.0,0.0,0.11351339317396876,30,0,0.16666666666666666,0.0733654237184855,0.3356435050641603,30,5,0.0,0.0,0.11351339317396876,30,0,0.0,0.0,0.11351339317396876,30,0,0.0,0.0,0.0,0.0,0.0,0.0,0.11351339317396876,0,30,1.0,0.8864866068260312,0.9999999999999999,30,0.0,163.0,160.0,167.0,164.26666666666668,7.343462179490624,0.04470451813813285,3568.633333333333,51.56666666666667,0.4956435185185185,0.08696296296296292,0.19254018863062722,0.11988165048947502,0.3147320523055158,0.1415003008162384,0.008804245789245243,2.2247856244503272,112.03333333333333,0.40424407693535547,-0.014101764646726316,0.009505788105201241,5.737178480085881,0.9976659140000266,0.8666666666666667,3.123695129869082
53,rec=0.3 w=0.5 g=0.1,30,0.3,0.5,0.1,,,,0,0,,,,0,0,,,,0,0,0.7333333333333333,0.555520383048111,0.8581733668040368,30,22,0.9666666666666667,0.8332960900859082,0.9940914096183874,30,29,1.0,0.8864866068260312,0.9999999999999999,30,30,1.0,0.8864866068260312,0.9999999999999999,30,30,0.8333333333333334,0.6643564949358398,0.9266345762815145,30,25,1.0,0.8864866068260312,0.9999999999999999,30,30,0.4666666666666667,0.30232388907699753,0.638577003801267,30,14,1.0,0.8864866068260312,0.9999999999999999,30,30,0.0,0.0,0.11351339317396876,30,0,1.0,0.8864866068260312,0.9999999999999999,30,30,1.0,0.8864866068260312,0.9999999999999999,30,30,0.0,0.0,0.11351339317396876,30,0,1.0,0.8864866068260312,0.9999999999999999,30,30,1.0,0.8864866068260312,0.9999999999999999,30,30,0.0,0.0,0.11351339317396876,30,0,0.2,0.0950510717728987,0.3730569641314825,30,6,0.0,0.0,0.11351339317396876,30,0,0.0,0.0,0.11351339317396876,30,0,0.0,0.0,0.0,0.0,0.0,0.0,0.11351339317396876,0,30,1.0,0.8864866068260312,0.9999999999999999,30,0.0,165.0,162.0,170.0,167.1,10.662050006674495,0.06380640339122977,3686.9333333333334,52.766666666666666,0.512074074074074,0.08281481481481476,0.18398292460809346,0.11484168779080924,0.3296489887585496,0.1371992334605123,0.009409366003185565,2.225886030172607,111.93333333333334,0.4377107710091309,-0.01205297614836989,0.010764440218879977,5.917754624868108,1.031687219833384,0.8333333333333334,4.126728129822859
54,rec=0.3 w=0.75 g=0.1,30,0.3,0.75,0.1,,,,0,0,,,,0,0,,,,0,0,0.4666666666666667,0.30232388907699753,0.638577003801267,30,14,1.0,0.8864866068260312,0.9999999999999999,30,30,1.0,0.8864866068260312,0.9999999999999999,30,30,1.0,0.8864866068260312,0.9999999999999999,30,30,1.0,0.8864866068260312,0.9999999999999999,30,30,1.0,0.8864866068260312,0.9999999999999999,30,30,0.6333333333333333,0.4551356365479487,0.7812607919389929,30,19,1.0,0.8864866068260312,0.9999999999999999,30,30,0.0,0.0,0.11351339317396876,30,0,1.0,0.8864866068260312,0.9999999999999999,30,30,1.0,0.8864866068260312,0.9999999999999999,30,30,0.0,0.0,0.11351339317396876,30,0,0.8666666666666667,0.703186733179637,0.9469034451594526,30,26,1.0,0.8864866068260312,0.9999999999999999,30,30,0.0,0.0,0.11351339317396876,30,0,0.2,0.0950510717728987,0.3730569641314825,30,6,0.0,0.0,0.11351339317396876,30,0,0.0,0.0,0.11351339317396876,30,0,0.0,0.0,0.0,0.0,0.0,0.0,0.11351339317396876,0,30,1.0,0.8864866068260312,0.9999999999999999,30,0.0,163.0,160.0,167.0,163.23333333333332,5.379932914165337,0.03295854348069433,3915.5666666666666,50.13333333333333,0.5438287037037036,0.07640740740740734,0.16860085350723206,0.1073373979404888,0.36648073868930015,0.12900134402543978,0.009433822399520115,2.2811305480684143,113.1,0.4778710721985206,-0.010296843922885919,0.01120399083873993,6.24841335469981,1.1351762680334105,0.9666666666666667,3.397260559678169
55,rec=0.3 w=1 g=0.1,30,0.3,1.0,0.1,,,,0,0,,,,0,0,,,,0,0,0.6,0.42320360253322475,0.7540937188319815,30,18,0.9666666666666667,0.8332960900859082,0.9940914096183874,30,29,1.0,0.8864866068260312,0.9999999999999999,30,30,1.0,0.8864866068260312,0.9999999999999999,30,30,0.8666666666666667,0.703186733179637,0.9469034451594526,30,26,1.0,0.8864866068260312,0.9999999999999999,30,30,0.6333333333333333,0.4551356365479487,0.7812607919389929,30,19,1.0,0.8864866068260312,0.9999999999999999,30,30,0.0,0.0,0.11351339317396876,30,0,1.0,0.8864866068260312,0.9999999999999999,30,30,1.0,0.8864866068260312,0.9999999999999999,30,30,0.0,0.0,0.11351339317396876,30,0,0.7666666666666667,0.5907167384187784,0.8820761185551049,30,23,1.0,0.8864866068260312,0.9999999999999999,30,30,0.0,0.0,0.11351339317396876,30,0,0.2,0.0950510717728987,0.3730569641314825,30,6,0.0,0.0,0.11351339317396876,30,0,0.0,0.0,0.11351339317396876,30,0,0.0,0.0,0.0,0.0,0.0,0.0,0.11351339317396876,0,30,1.0,0.8864866068260312,0.9999999999999999,30,0.0,171.0,166.0,174.0,171.7,12.876468781302663,0.0749939940669928,3933.6666666666665,55.53333333333333,0.5463425925925925,0.07374074074074068,0.16837154068187996,0.10751199039339597,0.36521430541167355,0.1285286417659887,0.007546139950717565,2.1387195023253605,113.63333333333334,0.48965362152092684,-0.007958077678676258,0.009401098958778083,6.236260193575841,1.1501474677999795,0.8,3.5280485309561165
56,rec=0.02 w=0 g=0,30,0.02,0.0,0.0,,,,0,0,,,,0,0,,,,0,0,0.0,0.0,0.11351339317396876,30,0,1.0,0.8864866068260312,0.9999999999999999,30,30,1.0,0.8864866068260312,0.9999999999999999,30,30,1.0,0.8864866068260312,0.9999999999999999,30,30,0.0,0.0,0.11351339317396876,30,0,1.0,0.8864866068260312,0.9999999999999999,30,30,0.13333333333333333,0.053096554840547455,0.296813266820363,30,4,1.0,0.8864866068260312,0.9999999999999999,30,30,1.0,0.8864866068260312,0.9999999999999999,30,30,1.0,0.8864866068260312,0.9999999999999999,30,30,0.0,0.0,0.11351339317396876,30,0,0.0,0.0,0.11351339317396876,30,0,0.0,0.0,0.11351339317396876,30,0,0.9333333333333333,0.7867654163738308,0.9815229762087295,30,28,1.0,0.8864866068260312,0.9999999999999999,30,30,1.0,0.8864866068260312,0.9999999999999999,30,30,0.0,0.0,0.11351339317396876,30,0,0.0,0.0,0.11351339317396876,30,0,0.0,0.0,0.0,0.0,0.0,0.0,0.11351339317396876,0,30,1.0,0.8864866068260312,0.9999999999999999,30,0.0,214.0,206.0,227.0,217.9,16.129540258963278,0.07402267213842716,6509.333333333333,77.16666666666667,0.904074074074074,0.030703703703703684,0.08824616290896727,0.06020618307089153,0.6611228809537367,0.07696917706935497,0.0999780630404782,1.8231830669330669,104.7,0.018889688844515883,-0.0001866590581727966,0.09628802443122376,11.294756165357862,2.3449676330332294,0.43333333333333335,6.798326366048512
57,rec=0.02 w=0.1 g=0,30,0.02,0.1,0.0,,,,0,0,1.0,0.8864866068260312,0.9999999999999999,30,30,1.0,0.8864866068260312,0.9999999999999999,30,30,0.0,0.0,0.11351339317396876,30,0,0.03333333333333333,0.005908590381612455,0.16670390991409173,30,1,1.0,0.8864866068260312,0.9999999999999999,30,30,1.0,0.8864866068260312,0.9999999999999999,30,30,0.0,0.0,0.11351339317396876,30,0,1.0,0.8864866068260312,0.9999999999999999,30,30,0.26666666666666666,0.14182663319596317,0.4444796169518888,30,8,1.0,0.8864866068260312,0.9999999999999999,30,30,1.0,0.8864866068260312,0.9999999999999999,30,30,1.0,0.8864866068260312,0.9999999999999999,30,30,0.0,0.0,0.11351339317396876,30,0,0.0,0.0,0.11351339317396876,30,0,0.0,0.0,0.11351339317396876,30,0,0.9666666666666667,0.8332960900859082,0.9940914096183874,30,29,0.4,0.24590628116801852,0.5767963974667752,30,12,0.6333333333333333,0.4551356365479487,0.7812607919389929,30,19,0.0,0.0,0.11351339317396876,30,0,0.0,0.0,0.11351339317396876,30,0,0.0,0.0,0.0,0.0,0.0,0.0,0.11351339317396876,0,30,1.0,0.8864866068260312,0.9999999999999999,30,0.0,273.0,268.0,276.0,272.1666666666667,10.242182328516453,0.03763202325235684,9546.266666666666,91.66666666666667,1.3258703703703703,0.028518518518518478,0.05668904130486467,0.031041990897788592,0.8578684350006349,0.04921697720731698,0.17021951928654794,1.969709411010228,109.26666666666667,0.10949843051813021,-0.0008933488625935733,0.1684951099768928,16.05798505348539,4.826119597800122,0.8666666666666667,5.800911541528941
58,rec=0.02 w=0.2 g=0,30,0.02,0.2,0.0,,,,0,0,1.0,0.8864866068260312,0.9999999999999999,30,30,1.0,0.8864866068260312,0.9999999999999999,30,30,0.0,0.0,0.11351339317396876,30,0,0.9333333333333333,0.7867654163738308,0.9815229762087295,30,28,0.0,0.0,0.11696979849974075,29,0,0.0,0.0,0.11351339317396876,30,0,,,,0,0,,,,0,0,,,,0,0,1.0,0.8864866068260312,0.9999999999999999,30,30,1.0,0.8864866068260312,0.9999999999999999,30,30,1.0,0.8864866068260312,0.9999999999999999,30,30,0.0,0.0,0.11351339317396876,30,0,0.0,0.0,0.11351339317396876,30,0,0.0,0.0,0.11351339317396876,30,0,0.43333333333333335,0.2737748557646652,0.6080269299918639,30,13,0.0,0.0,0.11351339317396876,30,0,,,,0,0,0.0,0.0,0.11351339317396876,30,0,0.0,0.0,0.11351339317396876,30,0,0.0,0.0,0.0,0.0,0.0,0.0,0.11351339317396876,0,30,0.0,0.0,0.11351339317396876,0,1.0,,,,,,,15114.833333333334,74.33333333333333,2.0992824074074075,0.02059259259259255,0.026573040524029038,0.018351550781436094,0.3431283068903156,0.031101139745319993,0.23074187074867672,,,0.17242774819976125,-0.00185911848314273,0.22179081085044774,26.41556859970415,2.8980457754332445,0.0,
59,rec=0.02 w=0.3 g=0,30,0.02,0.3,0.0,,,,0,0,1.0,0.8864866068260312,0.9999999999999999,30,30,1.0,0.8864866068260312,0.9999999999999999,30,30,0.0,0.0,0.11351339317396876,30,0,1.0,0.8864866068260312,0.9999999999999999,30,30,,,,0,0,0.0,0.0,0.11351339317396876,30,0,,,,0,0,,,,0,0,,,,0,0,1.0,0.8864866068260312,0.9999999999999999,30,30,0.03333333333333333,0.005908590381612455,0.16670390991409173,30,1,1.0,0.8864866068260312,0.9999999999999999,30,30,0.0,0.0,0.11351339317396876,30,0,0.0,0.0,0.11351339317396876,30,0,0.0,0.0,0.11351339317396876,30,0,1.0,0.8864866068260312,0.9999999999999999,30,30,0.0,0.0,0.11351339317396876,30,0,,,,0,0,0.0,0.0,0.11351339317396876,30,0,0.0,0.0,0.11351339317396876,30,0,0.0,0.0,0.0,0.0,0.0,0.0,0.11351339317396876,0,30,0.0,0.0,0.11351339317396876,0,1.0,,,,,,,15242.733333333334,50.13333333333333,2.117046296296296,0.05196296296296292,0.023886912173359136,0.013502881223430564,0.2926946175594667,0.03017673696261557,0.3100897571872745,,,0.24654519286835205,-0.004343740352236387,0.289611257611077,29.974602511003248,1.625440807833335,0.0,
60,rec=0.02 w=0.5 g=0,30,0.02,0.5,0.0,,,,0,0,1.0,0.8864866068260312,0.9999999999999999,30,30,0.0,0.0,0.11351339317396876,30,0,0.0,0.0,0.11351339317396876,30,0,1.0,0.8864866068260312,0.9999999999999999,30,30,,,,0,0,0.0,0.0,0.11351339317396876,30,0,,,,0,0,,,,0,0,,,,0,0,0.0,0.0,0.11351339317396876,30,0,0.0,0.0,0.11351339317396876,30,0,1.0,0.8864866068260312,0.9999999999999999,30,30,0.0,0.0,0.11351339317396876,30,0,,,,0,0,0.0,0.0,0.11351339317396876,30,0,1.0,0.8864866068260312,0.9999999999999999,30,30,0.0,0.0,0.11351339317396876,30,0,,,,0,0,0.0,0.0,0.11351339317396876,30,0,0.0,0.0,0.11351339317396876,30,0,0.0,0.0,0.0,0.0,0.0,0.0,0.11351339317396876,0,30,0.0,0.0,0.11351339317396876,0,1.0,,,,,,,15648.5,30.533333333333335,2.173402777777778,0.15407407407407403,1.8108947475633334e-05,1.4292444918576666e-05,5.178633890728666e-05,0.025641360684688183,0.5101888246250053,,,0.4431482477527951,-0.009479750620424656,0.4473137771636005,52.192279278319056,0.9000572696999977,0.0,
61,rec=0.02 w=0.75 g=0,30,0.02,0.75,0.0,,,,0,0,1.0,0.8864866068260312,0.9999999999999999,30,30,0.0,0.0,0.11351339317396876,30,0,0.0,0.0,0.11351339317396876,30,0,1.0,0.8864866068260312,0.9999999999999999,30,30,,,,0,0,0.0,0.0,0.11351339317396876,30,0,,,,0,0,,,,0,0,,,,0,0,0.0,0.0,0.11351339317396876,30,0,,,,0,0,1.0,0.8864866068260312,0.9999999999999999,30,30,0.0,0.0,0.11351339317396876,30,0,,,,0,0,0.0,0.0,0.11351339317396876,30,0,1.0,0.8864866068260312,0.9999999999999999,30,30,0.0,0.0,0.11351339317396876,30,0,,,,0,0,0.0,0.0,0.11351339317396876,30,0,0.0,0.0,0.11351339317396876,30,0,0.0,0.0,0.0,0.0,0.0,0.0,0.11351339317396876,0,30,0.0,0.0,0.11351339317396876,0,1.0,,,,,,,16315.333333333334,22.133333333333333,2.2660185185185187,0.3377037037037037,0.0,0.0,0.0,0.013949204462817326,0.8444953476700596,,,0.7843543408658443,-0.006013666663561521,0.7482108411571716,130.67531403905707,0.7292003679332689,0.0,
62,rec=0.02 w=1 g=0,30,0.02,1.0,0.0,,,,0,0,1.0,0.8864866068260312,0.9999999999999999,30,30,0.0,0.0,0.11351339317396876,30,0,0.0,0.0,0.11351339317396876,30,0,1.0,0.8864866068260312,0.9999999999999999,30,30,,,,0,0,0.0,0.0,0.11351339317396876,30,0,,,,0,0,,,,0,0,,,,0,0,0.0,0.0,0.11351339317396876,30,0,,,,0,0,1.0,0.8864866068260312,0.9999999999999999,30,30,0.0,0.0,0.11351339317396876,30,0,,,,0,0,0.0,0.0,0.11351339317396876,30,0,1.0,0.8864866068260312,0.9999999999999999,30,30,0.0,0.0,0.11351339317396876,30,0,,,,0,0,0.0,0.0,0.11351339317396876,30,0,0.0,0.0,0.11351339317396876,30,0,0.0,0.0,0.0,0.0,0.0,0.0,0.11351339317396876,0,30,0.0,0.0,0.11351339317396876,0,1.0,,,,,,,16914.3,20.366666666666667,2.349208333333334,0.355074074074074,0.0,0.0,0.0,0.011679350921052102,1.0,,,1.0,0.0,1.0,142.13121968143327,0.5623890525666866,0.0,
63,rec=0.03 w=0 g=0,30,0.03,0.0,0.0,,,,0,0,,,,0,0,,,,0,0,0.0,0.0,0.11351339317396876,30,0,1.0,0.8864866068260312,0.9999999999999999,30,30,1.0,0.8864866068260312,0.9999999999999999,30,30,1.0,0.8864866068260312,0.9999999999999999,30,30,0.0,0.0,0.11351339317396876,30,0,1.0,0.8864866068260312,0.9999999999999999,30,30,0.03333333333333333,0.005908590381612455,0.16670390991409173,30,1,1.0,0.8864866068260312,0.9999999999999999,30,30,1.0,0.8864866068260312,0.9999999999999999,30,30,1.0,0.8864866068260312,0.9999999999999999,30,30,0.0,0.0,0.11351339317396876,30,0,0.0,0.0,0.11351339317396876,30,0,0.0,0.0,0.11351339317396876,30,0,0.9666666666666667,0.8332960900859082,0.9940914096183874,30,29,1.0,0.8864866068260312,0.9999999999999999,30,30,1.0,0.8864866068260312,0.9999999999999999,30,30,0.0,0.0,0.11351339317396876,30,0,0.0,0.0,0.11351339317396876,30,0,0.0,0.0,0.0,0.0,0.0,0.0,0.11351339317396876,0,30,1.0,0.8864866068260312,0.9999999999999999,30,0.0,236.0,233.0,240.0,238.06666666666666,10.282000789237717,0.043189586065126226,7000.533333333334,77.96666666666667,0.9722962962962963,0.03611111111111108,0.0799491096539923,0.05320358338808585,0.7137631082858957,0.07060153055084453,0.11817352624854333,2.0535466840811423,103.76666666666667,0.029654013949990326,-0.0002447194069494,0.11439014290022308,12.451763959767936,2.5662873695667563,1.0,6.584639038274446
64,rec=0.03 w=0.1 g=0,30,0.03,0.1,0.0,,,,0,0,1.0,0.8864866068260312,0.9999999999999999,30,30,1.0,0.8864866068260312,0.9999999999999999,30,30,0.0,0.0,0.11351339317396876,30,0,0.03333333333333333,0.005908590381612455,0.16670390991409173,30,1,1.0,0.8864866068260312,0.9999999999999999,30,30,1.0,0.8864866068260312,0.9999999999999999,30,30,0.0,0.0,0.11351339317396876,30,0,1.0,0.8864866068260312,0.9999999999999999,30,30,0.06666666666666667,0.018477023791270378,0.2132345836261692,30,2,1.0,0.8864866068260312,0.9999999999999999,30,30,1.0,0.8864866068260312,0.9999999999999999,30,30,1.0,0.8864866068260312,0.9999999999999999,30,30,0.0,0.0,0.11351339317396876,30,0,0.0,0.0,0.11351339317396876,30,0,0.0,0.0,0.11351339317396876,30,0,0.8333333333333334,0.6643564949358398,0.9266345762815145,30,25,0.6666666666666666,0.4878005164454384,0.8076950191632386,30,20,1.0,0.8864866068260312,0.9999999999999999,30,30,0.0,0.0,0.11351339317396876,30,0,0.0,0.0,0.11351339317396876,30,0,0.0,0.0,0.0,0.0,0.0,0.0,0.11351339317396876,0,30,1.0,0.8864866068260312,0.9999999999999999,30,0.0,287.0,281.0,295.0,289.2,14.679096091686487,0.05075759367803073,11485.666666666666,95.86666666666666,1.5952314814814812,0.021592592592592545,0.04358347556824334,0.023357771121881196,0.8248998038408479,0.04020882764737698,0.18356025364441145,2.017063000038942,105.83333333333333,0.11521853714426661,-0.0008914651796083468,0.1810392926234629,19.05450669585969,6.784143193533388,0.9333333333333333,5.186742605005064
65,rec=0.03 w=0.2 g=0,30,0.03,0.2,0.0,,,,0,0,1.0,0.8864866068260312,0.9999999999999999,30,30,1.0,0.8864866068260312,0.9999999999999999,30,30,0.0,0.0,0.11351339317396876,30,0,1.0,0.8864866068260312,0.9999999999999999,30,30,0.0,2.7755575615628914e-17,0.3903342879021653,6,0,0.0,0.0,0.11351339317396876,30,0,,,,0,0,,,,0,0,,,,0,0,1.0,0.8864866068260312,0.9999999999999999,30,30,1.0,0.8864866068260312,0.9999999999999999,30,30,1.0,0.8864866068260312,0.9999999999999999,30,30,0.0,0.0,0.11351339317396876,30,0,0.0,0.0,0.11351339317396876,30,0,0.0,0.0,0.11351339317396876,30,0,0.9333333333333333,0.7867654163738308,0.9815229762087295,30,28,0.0,0.0,0.11351339317396876,30,0,,,,0,0,0.0,0.0,0.11351339317396876,30,0,0.0,0.0,0.11351339317396876,30,0,0.0,0.0,0.0,0.0,0.0,0.0,0.11351339317396876,0,30,0.0,0.0,0.11351339317396876,0,1.0,,,,,,,15170.1,62.1,2.1069583333333335,0.03377777777777773,0.026579670186329604,0.016045515861107265,0.37605355760879117,0.030226693128251172,0.2668885072031249,,,0.18752363612651826,-0.0025904101014483033,0.25127059341104796,27.75955023743631,2.2488333391334283,0.0,
66,rec=0.03 w=0.3 g=0,30,0.03,0.3,0.0,,,,0,0,1.0,0.8864866068260312,0.9999999999999999,30,30,0.9,0.7437891742081593,0.9654001112526658,30,27,0.0,0.0,0.11351339317396876,30,0,1.0,0.8864866068260312,0.9999999999999999,30,30,,,,0,0,0.0,0.0,0.11351339317396876,30,0,,,,0,0,,,,0,0,,,,0,0,1.0,0.8864866068260312,0.9999999999999999,30,30,0.0,0.0,0.11351339317396876,30,0,1.0,0.8864866068260312,0.9999999999999999,30,30,0.0,0.0,0.11351339317396876,30,0,0.0,0.0,0.11351339317396876,30,0,0.0,0.0,0.11351339317396876,30,0,1.0,0.8864866068260312,0.9999999999999999,30,30,0.0,0.0,0.11351339317396876,30,0,,,,0,0,0.0,0.0,0.11351339317396876,30,0,0.0,0.0,0.11351339317396876,30,0,0.0,0.0,0.0,0.0,0.0,0.0,0.11351339317396876,0,30,0.0,0.0,0.11351339317396876,0,1.0,,,,,,,15295.3,42.93333333333333,2.124347222222222,0.07118518518518514,0.006785067244006149,0.0036119910066757955,0.057123819942476825,0.028713051092812754,0.3579900282415245,,,0.27242533783005146,-0.00549035708326442,0.3228318000118601,32.98595217490991,1.3029619466334528,0.0,
67,rec=0.03 w=0.5 g=0,30,0.03,0.5,0.0,,,,0,0,1.0,0.8864866068260312,0.9999999999999999,30,30,0.0,0.0,0.11351339317396876,30,0,0.0,0.0,0.11351339317396876,30,0,1.0,0.8864866068260312,0.9999999999999999,30,30,,,,0,0,0.0,0.0,0.11351339317396876,30,0,,,,0,0,,,,0,0,,,,0,0,0.0,0.0,0.11351339317396876,30,0,0.0,0.0,0.7934506856227626,1,0,1.0,0.8864866068260312,0.9999999999999999,30,30,0.0,0.0,0.11351339317396876,30,0,,,,0,0,0.0,0.0,0.11351339317396876,30,0,1.0,0.8864866068260312,0.9999999999999999,30,30,0.0,0.0,0.11351339317396876,30,0,,,,0,0,0.0,0.0,0.11351339317396876,30,0,0.0,0.0,0.11351339317396876,30,0,0.0,0.0,0.0,0.0,0.0,0.0,0.11351339317396876,0,30,0.0,0.0,0.11351339317396876,0,1.0,,,,,,,15840.666666666666,27.7,2.200092592592592,0.1775555555555555,0.0,0.0,0.0,0.02439910085712815,0.5790677839666081,,,0.4914637137614319,-0.009559864669628272,0.4897684096797679,58.840978895378406,0.7635938080666771,0.0,
68,rec=0.03 w=0.75 g=0,30,0.03,0.75,0.0,,,,0,0,1.0,0.8864866068260312,0.9999999999999999,30,30,0.0,0.0,0.11351339317396876,30,0,0.0,0.0,0.11351339317396876,30,0,1.0,0.8864866068260312,0.9999999999999999,30,30,,,,0,0,0.0,0.0,0.11351339317396876,30,0,,,,0,0,,,,0,0,,,,0,0,0.0,0.0,0.11351339317396876,30,0,,,,0,0,1.0,0.8864866068260312,0.9999999999999999,30,30,0.0,0.0,0.11351339317396876,30,0,,,,0,0,0.0,0.0,0.11351339317396876,30,0,1.0,0.8864866068260312,0.9999999999999999,30,30,0.0,0.0,0.11351339317396876,30,0,,,,0,0,0.0,0.0,0.11351339317396876,30,0,0.0,0.0,0.11351339317396876,30,0,0.0,0.0,0.0,0.0,0.0,0.0,0.11351339317396876,0,30,0.0,0.0,0.11351339317396876,0,1.0,,,,,,,16769.6,21.0,2.329111111111111,0.35048148148148156,0.0,0.0,0.0,0.01239838502932043,0.9263597819954819,,,0.8568886119869156,-0.0028255142772845103,0.8094898333639406,146.42101341798917,0.6624048518999188,0.0,
69,rec=0.03 w=1 g=0,30,0.03,1.0,0.0,,,,0,0,1.0,0.8864866068260312,0.9999999999999999,30,30,0.0,0.0,0.11351339317396876,30,0,0.0,0.0,0.11351339317396876,30,0,1.0,0.8864866068260312,0.9999999999999999,30,30,,,,0,0,0.0,0.0,0.11351339317396876,30,0,,,,0,0,,,,0,0,,,,0,0,0.0,0.0,0.11351339317396876,30,0,,,,0,0,1.0,0.8864866068260312,0.9999999999999999,30,30,0.0,0.0,0.11351339317396876,30,0,,,,0,0,0.0,0.0,0.11351339317396876,30,0,1.0,0.8864866068260312,0.9999999999999999,30,30,0.0,0.0,0.11351339317396876,30,0,,,,0,0,0.0,0.0,0.11351339317396876,30,0,0.0,0.0,0.11351339317396876,30,0,0.0,0.0,0.0,0.0,0.0,0.0,0.11351339317396876,0,30,0.0,0.0,0.11351339317396876,0,1.0,,,,,,,17224.733333333334,20.433333333333334,2.3923240740740743,0.3555185185185186,0.0,0.0,0.0,0.011123607985244564,1.0,,,1.0,0.0,1.0,150.2821208229463,0.5991805125667573,0.0,
70,rec=0.05 w=0 g=0,30,0.05,0.0,0.0,,,,0,0,1.0,0.8830302015002593,1.0,29,29,1.0,0.8830302015002593,1.0,29,29,0.0,0.0,0.11351339317396876,30,0,0.9,0.7437891742081593,0.9654001112526658,30,27,1.0,0.8864866068260312,0.9999999999999999,30,30,1.0,0.8864866068260312,0.9999999999999999,30,30,0.0,0.0,0.11351339317396876,30,0,1.0,0.8864866068260312,0.9999999999999999,30,30,0.2,0.0950510717728987,0.3730569641314825,30,6,1.0,0.8864866068260312,0.9999999999999999,30,30,1.0,0.8864866068260312,0.9999999999999999,30,30,1.0,0.8864866068260312,0.9999999999999999,30,30,0.0,0.0,0.11351339317396876,30,0,0.0,0.0,0.11351339317396876,30,0,0.0,0.0,0.11351339317396876,30,0,0.9333333333333333,0.7867654163738308,0.9815229762087295,30,28,0.7333333333333333,0.555520383048111,0.8581733668040368,30,22,0.9,0.7437891742081593,0.9654001112526658,30,27,0.0,0.0,0.11351339317396876,30,0,0.0,0.0,0.11351339317396876,30,0,0.0,0.0,0.0,0.0,0.0,0.0,0.11351339317396876,0,30,1.0,0.8864866068260312,0.9999999999999999,30,0.0,263.0,259.0,265.0,265.53333333333336,11.428136280714137,0.043038424356191825,8867.3,88.46666666666667,1.2315694444444447,0.02448148148148143,0.06018584703246281,0.03356066542830612,0.8087847705145684,0.053597712481258636,0.15826625697502109,2.001994389451656,109.93333333333334,0.05429416602960026,-0.00028427655328091997,0.15713711660355853,15.244450764857364,3.908909524066621,0.9666666666666667,4.697272380445054
71,rec=0.05 w=0.1 g=0,30,0.05,0.1,0.0,,,,0,0,1.0,0.8864866068260312,0.9999999999999999,30,30,1.0,0.8864866068260312,0.9999999999999999,30,30,0.0,0.0,0.11351339317396876,30,0,0.9,0.7437891742081593,0.9654001112526658,30,27,0.0,0.0,0.1287289218592153,26,0,0.0,0.0,0.11351339317396876,30,0,,,,0,0,,,,0,0,,,,0,0,1.0,0.8864866068260312,0.9999999999999999,30,30,1.0,0.8864866068260312,0.9999999999999999,30,30,1.0,0.8864866068260312,0.9999999999999999,30,30,0.0,0.0,0.11351339317396876,30,0,0.0,0.0,0.11351339317396876,30,0,0.0,0.0,0.11351339317396876,30,0,0.8666666666666667,0.703186733179637,0.9469034451594526,30,26,0.0,0.0,0.11351339317396876,30,0,,,,0,0,0.0,0.0,0.11351339317396876,30,0,0.0,0.0,0.11351339317396876,30,0,0.0,0.0,0.0,0.0,0.0,0.0,0.11351339317396876,0,30,0.0,0.0,0.11351339317396876,0,1.0,,,,,,,15135.833333333334,69.56666666666666,2.102199074074074,0.030999999999999955,0.019861815547488414,0.011156218366584649,0.31922139709732594,0.02979101033082615,0.25334674431959,,,0.1425180316222491,-0.0014711117000095633,0.23702997621278216,26.766796192184618,2.4427967392665475,0.0,
72,rec=0.05 w=0.2 g=0,30,0.05,0.2,0.0,,,,0,0,1.0,0.8864866068260312,0.9999999999999999,30,30,0.7,0.5212421254128504,0.8333525173175619,30,21,0.0,0.0,0.11351339317396876,30,0,1.0,0.8864866068260312,0.9999999999999999,30,30,,,,0,0,0.0,0.0,0.11351339317396876,30,0,,,,0,0,,,,0,0,,,,0,0,1.0,0.8864866068260312,0.9999999999999999,30,30,0.4666666666666667,0.30232388907699753,0.638577003801267,30,14,1.0,0.8864866068260312,0.9999999999999999,30,30,0.0,0.0,0.11351339317396876,30,0,0.0,0.0,0.11351339317396876,30,0,0.0,0.0,0.11351339317396876,30,0,1.0,0.8864866068260312,0.9999999999999999,30,30,0.0,0.0,0.11351339317396876,30,0,,,,0,0,0.0,0.0,0.11351339317396876,30,0,0.0,0.0,0.11351339317396876,30,0,0.0,0.0,0.0,0.0,0.0,0.0,0.11351339317396876,0,30,0.0,0.0,0.11351339317396876,0,1.0,,,,,,,15306.4,44.43333333333333,2.125888888888889,0.06062962962962958,0.006164717665295887,0.0030635764376985473,0.05522850960063939,0.02868342250655035,0.3559089138839303,,,0.23319273231343082,-0.0042839242760127965,0.31338650560322606,31.78370055241229,1.318861073166651,0.0,
73,rec=0.05 w=0.3 g=0,30,0.05,0.3,0.0,,,,0,0,1.0,0.8864866068260312,0.9999999999999999,30,30,0.0,0.0,0.11351339317396876,30,0,0.0,0.0,0.11351339317396876,30,0,1.0,0.8864866068260312,0.9999999999999999,30,30,,,,0,0,0.0,0.0,0.11351339317396876,30,0,,,,0,0,,,,0,0,,,,0,0,1.0,0.8864866068260312,0.9999999999999999,30,30,0.0,0.0,0.11351339317396876,30,0,1.0,0.8864866068260312,0.9999999999999999,30,30,0.0,0.0,0.11351339317396876,30,0,,,,0,0,0.0,0.0,0.11351339317396876,30,0,1.0,0.8864866068260312,0.9999999999999999,30,30,0.0,0.0,0.11351339317396876,30,0,,,,0,0,0.0,0.0,0.11351339317396876,30,0,0.0,0.0,0.11351339317396876,30,0,0.0,0.0,0.0,0.0,0.0,0.0,0.11351339317396876,0,30,0.0,0.0,0.11351339317396876,0,1.0,,,,,,,15629.966666666667,33.733333333333334,2.170828703703704,0.09877777777777771,0.00014895552464821044,6.399553721444582e-05,0.0005820168909516033,0.02712356654052694,0.4644978787682501,,,0.3378161235549141,-0.006968371201798393,0.38587707432910245,40.18848150535764,0.8788075466334704,0.0,
74,rec=0.05 w=0.5 g=0,30,0.05,0.5,0.0,,,,0,0,1.0,0.8864866068260312,0.9999999999999999,30,30,0.0,0.0,0.11351339317396876,30,0,0.0,0.0,0.11351339317396876,30,0,1.0,0.8864866068260312,0.9999999999999999,30,30,,,,0,0,0.0,0.0,0.11351339317396876,30,0,,,,0,0,,,,0,0,,,,0,0,0.0,0.0,0.11351339317396876,30,0,,,,0,0,1.0,0.8864866068260312,0.9999999999999999,30,30,0.0,0.0,0.11351339317396876,30,0,,,,0,0,0.0,0.0,0.11351339317396876,30,0,1.0,0.8864866068260312,0.9999999999999999,30,30,0.0,0.0,0.11351339317396876,30,0,,,,0,0,0.0,0.0,0.11351339317396876,30,0,0.0,0.0,0.11351339317396876,30,0,0.0,0.0,0.0,0.0,0.0,0.0,0.11351339317396876,0,30,0.0,0.0,0.11351339317396876,0,1.0,,,,,,,16129.766666666666,23.966666666666665,2.24024537037037,0.23029629629629628,0.0,0.0,0.0,0.02090482130812045,0.7304877772806554,,,0.6059145186349911,-0.007679226577736915,0.5776064428886598,77.06067384644582,0.5751415565668746,0.0,
75,rec=0.05 w=0.75 g=0,30,0.05,0.75,0.0,,,,0,0,1.0,0.8864866068260312,0.9999999999999999,30,30,0.0,0.0,0.11351339317396876,30,0,0.0,0.0,0.11351339317396876,30,0,1.0,0.8864866068260312,0.9999999999999999,30,30,,,,0,0,0.0,0.0,0.11351339317396876,30,0,,,,0,0,,,,0,0,,,,0,0,0.0,0.0,0.11351339317396876,30,0,,,,0,0,1.0,0.8864866068260312,0.9999999999999999,30,30,0.0,0.0,0.11351339317396876,30,0,,,,0,0,0.0,0.0,0.11351339317396876,30,0,1.0,0.8864866068260312,0.9999999999999999,30,30,0.0,0.0,0.11351339317396876,30,0,,,,0,0,0.0,0.0,0.11351339317396876,30,0,0.0,0.0,0.11351339317396876,30,0,0.0,0.0,0.0,0.0,0.0,0.0,0.11351339317396876,0,30,0.0,0.0,0.11351339317396876,0,1.0,,,,,,,16772.933333333334,20.366666666666667,2.329574074074074,0.34700000000000003,0.0,0.0,0.0,0.012053656365302026,0.9938001908753247,,,0.9699161561938734,-0.0005034517421950934,0.8699045696669171,136.58944042304523,0.5532420610666425,0.0,
76,rec=0.05 w=1 g=0,30,0.05,1.0,0.0,,,,0,0,1.0,0.8864866068260312,0.9999999999999999,30,30,0.0,0.0,0.11351339317396876,30,0,0.0,0.0,0.11351339317396876,30,0,1.0,0.8864866068260312,0.9999999999999999,30,30,,,,0,0,0.0,0.0,0.11351339317396876,30,0,,,,0,0,,,,0,0,,,,0,0,0.0,0.0,0.11351339317396876,30,0,,,,0,0,1.0,0.8864866068260312,0.9999999999999999,30,30,0.0,0.0,0.11351339317396876,30,0,,,,0,0,0.0,0.0,0.11351339317396876,30,0,1.0,0.8864866068260312,0.9999999999999999,30,30,0.0,0.0,0.11351339317396876,30,0,,,,0,0,0.0,0.0,0.11351339317396876,30,0,0.0,0.0,0.11351339317396876,30,0,0.0,0.0,0.0,0.0,0.0,0.0,0.11351339317396876,0,30,0.0,0.0,0.11351339317396876,0,1.0,,,,,,,16993.733333333334,20.366666666666667,2.360240740740741,0.3508148148148148,0.0,0.0,0.0,0.011791784303675243,1.0,,,1.0,0.0,1.0,149.6183809988691,0.6054438271665883,0.0,
77,rec=0.07 w=0 g=0,30,0.07,0.0,0.0,,,,0,0,1.0,0.8864866068260312,0.9999999999999999,30,30,1.0,0.8864866068260312,0.9999999999999999,30,30,0.0,0.0,0.11351339317396876,30,0,0.1,0.03459988874733419,0.25621082579184085,30,3,0.9,0.7437891742081593,0.9654001112526658,30,27,0.9,0.7437891742081593,0.9654001112526658,30,27,0.0,0.0,0.12455502974186705,27,0,1.0,0.8754449702581328,0.9999999999999998,27,27,0.0,0.0,0.12455502974186705,27,0,1.0,0.8864866068260312,0.9999999999999999,30,30,1.0,0.8864866068260312,0.9999999999999999,30,30,0.26666666666666666,0.14182663319596317,0.4444796169518888,30,8,0.0,0.0,0.11351339317396876,30,0,0.0,0.0,0.11351339317396876,30,0,0.0,0.0,0.11351339317396876,30,0,0.5,0.33154125640533766,0.6684587435946623,30,15,0.26666666666666666,0.14182663319596317,0.4444796169518888,30,8,0.5555555555555556,0.3731302451322448,0.72414141822977,27,15,0.0,0.0,0.11351339317396876,30,0,0.0,0.0,0.11351339317396876,30,0,0.0,0.0,0.0,0.0,0.0,0.0,0.11351339317396876,0,30,0.9,0.7437891742081593,0.9654001112526658,27,0.1,359.0,349.0,367.0,359.22222222222223,14.710889042143457,0.04095205733971268,14514.866666666667,102.4,2.0159537037037034,0.017962962962962917,0.02837661735148358,0.012762719992488234,0.7195516647130841,0.03114007008755944,0.20435252622903727,2.4887856797340695,106.22222222222223,0.0847668839550303,-0.00021953372541815,0.19987696522133558,23.640042538439737,10.295844326100026,1.0,5.989306710446116
78,rec=0.07 w=0.1 g=0,30,0.07,0.1,0.0,,,,0,0,1.0,0.8864866068260312,0.9999999999999999,30,30,0.8333333333333334,0.6643564949358398,0.9266345762815145,30,25,0.0,0.0,0.11351339317396876,30,0,1.0,0.8864866068260312,0.9999999999999999,30,30,,,,0,0,0.0,0.0,0.11351339317396876,30,0,,,,0,0,,,,0,0,,,,0,0,1.0,0.8864866068260312,0.9999999999999999,30,30,1.0,0.8864866068260312,0.9999999999999999,30,30,1.0,0.8864866068260312,0.9999999999999999,30,30,0.0,0.0,0.11351339317396876,30,0,0.0,0.0,0.11351339317396876,30,0,0.0,0.0,0.11351339317396876,30,0,1.0,0.8864866068260312,0.9999999999999999,30,30,0.0,0.0,0.11351339317396876,30,0,,,,0,0,0.0,0.0,0.11351339317396876,30,0,0.0,0.0,0.11351339317396876,30,0,0.0,0.0,0.0,0.0,0.0,0.0,0.11351339317396876,0,30,0.0,0.0,0.11351339317396876,0,1.0,,,,,,,15275.033333333333,48.43333333333333,2.121532407407407,0.05022222222222216,0.006164884070127122,0.0031948212626679534,0.05579851749599889,0.028828035243253915,0.34211385946557743,,,0.1869877784984267,-0.0024653665219982164,0.29804641229969303,30.10502162968962,1.3932488886666154,0.0,
79,rec=0.07 w=0.2 g=0,30,0.07,0.2,0.0,,,,0,0,1.0,0.8864866068260312,0.9999999999999999,30,30,0.0,0.0,0.11351339317396876,30,0,0.0,0.0,0.11351339317396876,30,0,1.0,0.8864866068260312,0.9999999999999999,30,30,,,,0,0,0.0,0.0,0.11351339317396876,30,0,,,,0,0,,,,0,0,,,,0,0,1.0,0.8864866068260312,0.9999999999999999,30,30,0.0,0.0,0.11351339317396876,30,0,1.0,0.8864866068260312,0.9999999999999999,30,30,0.0,0.0,0.11351339317396876,30,0,,,,0,0,0.0,0.0,0.11351339317396876,30,0,1.0,0.8864866068260312,0.9999999999999999,30,30,0.0,0.0,0.11351339317396876,30,0,,,,0,0,0.0,0.0,0.11351339317396876,30,0,0.0,0.0,0.11351339317396876,30,0,0.0,0.0,0.0,0.0,0.0,0.0,0.11351339317396876,0,30,0.0,0.0,0.11351339317396876,0,1.0,,,,,,,15497.033333333333,34.666666666666664,2.152365740740741,0.08155555555555552,0.00013351681657291874,8.014975042823444e-05,0.0006312200219238058,0.028162049955552704,0.45490211306876727,,,0.29354177021686906,-0.005629951263583901,0.3664243761131659,37.20489023378591,0.8868176241665424,0.0,
80,rec=0.07 w=0.3 g=0,30,0.07,0.3,0.0,,,,0,0,1.0,0.8864866068260312,0.9999999999999999,30,30,0.0,0.0,0.11351339317396876,30,0,0.0,0.0,0.11351339317396876,30,0,1.0,0.8864866068260312,0.9999999999999999,30,30,,,,0,0,0.0,0.0,0.11351339317396876,30,0,,,,0,0,,,,0,0,,,,0,0,0.0,0.0,0.11351339317396876,30,0,0.0,0.0,0.7934506856227626,1,0,1.0,0.8864866068260312,0.9999999999999999,30,30,0.0,0.0,0.11351339317396876,30,0,,,,0,0,0.0,0.0,0.11351339317396876,30,0,1.0,0.8864866068260312,0.9999999999999999,30,30,0.0,0.0,0.11351339317396876,30,0,,,,0,0,0.0,0.0,0.11351339317396876,30,0,0.0,0.0,0.11351339317396876,30,0,0.0,0.0,0.0,0.0,0.0,0.0,0.11351339317396876,0,30,0.0,0.0,0.11351339317396876,0,1.0,,,,,,,15789.466666666667,28.0,2.192981481481482,0.13333333333333328,0.0,0.0,0.0,0.025877672841846593,0.5813487640365905,,,0.4199873354662158,-0.007403403051754455,0.4419242303334861,47.97694965518203,0.6516188850998635,0.0,
81,rec=0.07 w=0.5 g=0,30,0.07,0.5,0.0,,,,0,0,1.0,0.8864866068260312,0.9999999999999999,30,30,0.0,0.0,0.11351339317396876,30,0,0.0,0.0,0.11351339317396876,30,0,1.0,0.8864866068260312,0.9999999999999999,30,30,,,,0,0,0.0,0.0,0.11351339317396876,30,0,,,,0,0,,,,0,0,,,,0,0,0.0,0.0,0.11351339317396876,30,0,,,,0,0,1.0,0.8864866068260312,0.9999999999999999,30,30,0.0,0.0,0.11351339317396876,30,0,,,,0,0,0.0,0.0,0.11351339317396876,30,0,1.0,0.8864866068260312,0.9999999999999999,30,30,0.0,0.0,0.11351339317396876,30,0,,,,0,0,0.0,0.0,0.11351339317396876,30,0,0.0,0.0,0.11351339317396876,30,0,0.0,0.0,0.0,0.0,0.0,0.0,0.11351339317396876,0,30,0.0,0.0,0.11351339317396876,0,1.0,,,,,,,16973.733333333334,21.866666666666667,2.3574629629629626,0.2714074074074074,0.0,0.0,0.0,0.017534737076661755,0.8548500610648558,,,0.7147946885955702,-0.005349234289649721,0.6471747842631144,99.1586738990529,0.5559925468667036,0.0,
82,rec=0.07 w=0.75 g=0,30,0.07,0.75,0.0,,,,0,0,1.0,0.8864866068260312,0.9999999999999999,30,30,0.0,0.0,0.11351339317396876,30,0,0.0,0.0,0.11351339317396876,30,0,1.0,0.8864866068260312,0.9999999999999999,30,30,,,,0,0,0.0,0.0,0.11351339317396876,30,0,,,,0,0,,,,0,0,,,,0,0,0.0,0.0,0.11351339317396876,30,0,,,,0,0,1.0,0.8864866068260312,0.9999999999999999,30,30,0.0,0.0,0.11351339317396876,30,0,,,,0,0,0.0,0.0,0.11351339317396876,30,0,1.0,0.8864866068260312,0.9999999999999999,30,30,0.0,0.0,0.11351339317396876,30,0,,,,0,0,0.0,0.0,0.11351339317396876,30,0,0.0,0.0,0.11351339317396876,30,0,0.0,0.0,0.0,0.0,0.0,0.0,0.11351339317396876,0,30,0.0,0.0,0.11351339317396876,0,1.0,,,,,,,16701.833333333332,20.166666666666668,2.319699074074074,0.36285185185185187,0.0,0.0,0.0,0.011796763765561826,0.9999988429260072,,,0.9999862748983971,0.0,0.8916418794747608,146.92427250970746,0.5885165569666545,0.0,
83,rec=0.07 w=1 g=0,30,0.07,1.0,0.0,,,,0,0,1.0,0.8864866068260312,0.9999999999999999,30,30,0.0,0.0,0.11351339317396876,30,0,0.0,0.0,0.11351339317396876,30,0,1.0,0.8864866068260312,0.9999999999999999,30,30,,,,0,0,0.0,0.0,0.11351339317396876,30,0,,,,0,0,,,,0,0,,,,0,0,0.0,0.0,0.11351339317396876,30,0,,,,0,0,1.0,0.8864866068260312,0.9999999999999999,30,30,0.0,0.0,0.11351339317396876,30,0,,,,0,0,0.0,0.0,0.11351339317396876,30,0,1.0,0.8864866068260312,0.9999999999999999,30,30,0.0,0.0,0.11351339317396876,30,0,,,,0,0,0.0,0.0,0.11351339317396876,30,0,0.0,0.0,0.11351339317396876,30,0,0.0,0.0,0.0,0.0,0.0,0.0,0.11351339317396876,0,30,0.0,0.0,0.11351339317396876,0,1.0,,,,,,,17117.733333333334,20.3,2.377462962962963,0.3543333333333332,0.0,0.0,0.0,0.011616258437142432,1.0,,,1.0,0.0,1.0,140.4322771433914,0.6142413460330014,0.0,
84,rec=0.1 w=0 g=0,30,0.1,0.0,0.0,,,,0,0,1.0,0.8864866068260312,0.9999999999999999,30,30,0.3,0.16664748268243793,0.47875787458714947,30,9,0.0,0.0,0.11351339317396876,30,0,1.0,0.8864866068260312,0.9999999999999999,30,30,,,,0,0,0.0,0.0,0.11351339317396876,30,0,,,,0,0,,,,0,0,,,,0,0,1.0,0.8864866068260312,0.9999999999999999,30,30,1.0,0.8864866068260312,0.9999999999999999,30,30,1.0,0.8864866068260312,0.9999999999999999,30,30,0.0,0.0,0.11351339317396876,30,0,0.0,0.0,0.11351339317396876,30,0,0.0,0.0,0.11351339317396876,30,0,1.0,0.8864866068260312,0.9999999999999999,30,30,0.0,0.0,0.11351339317396876,30,0,,,,0,0,0.0,0.0,0.11351339317396876,30,0,0.0,0.0,0.11351339317396876,30,0,0.0,0.0,0.0,0.0,0.0,0.0,0.11351339317396876,0,30,0.0,0.0,0.11351339317396876,0,1.0,,,,,,,15301.133333333333,48.43333333333333,2.1251574074074076,0.04803703703703698,0.005118120545524009,0.002537768860916297,0.04575299558936579,0.02852233032643225,0.3573922147877253,,,0.155885741391226,-0.0005897799440377865,0.2996901479255096,29.143721254431934,1.2369650020333212,0.0,
85,rec=0.1 w=0.1 g=0,30,0.1,0.1,0.0,,,,0,0,1.0,0.8864866068260312,0.9999999999999999,30,30,0.0,0.0,0.11351339317396876,30,0,0.0,0.0,0.11351339317396876,30,0,1.0,0.8864866068260312,0.9999999999999999,30,30,,,,0,0,0.0,0.0,0.11351339317396876,30,0,,,,0,0,,,,0,0,,,,0,0,1.0,0.8864866068260312,0.9999999999999999,30,30,0.0,0.0,0.11351339317396876,30,0,1.0,0.8864866068260312,0.9999999999999999,30,30,0.0,0.0,0.11351339317396876,30,0,,,,0,0,0.0,0.0,0.11351339317396876,30,0,1.0,0.8864866068260312,0.9999999999999999,30,30,0.0,0.0,0.11351339317396876,30,0,,,,0,0,0.0,0.0,0.11351339317396876,30,0,0.0,0.0,0.11351339317396876,30,0,0.0,0.0,0.0,0.0,0.0,0.0,0.11351339317396876,0,30,0.0,0.0,0.11351339317396876,0,1.0,,,,,,,15481.233333333334,33.8,2.1501712962962967,0.07570370370370365,8.882004330860667e-05,6.761512172313333e-05,0.00020082170396826336,0.027989836999473126,0.4766861121902703,,,0.2691745767236979,-0.0036838664160436497,0.3592585371378617,35.60161573122374,0.7175100351668031,0.0,
86,rec=0.1 w=0.2 g=0,30,0.1,0.2,0.0,,,,0,0,1.0,0.8864866068260312,0.9999999999999999,30,30,0.0,0.0,0.11351339317396876,30,0,0.0,0.0,0.11351339317396876,30,0,1.0,0.8864866068260312,0.9999999999999999,30,30,,,,0,0,0.0,0.0,0.11351339317396876,30,0,,,,0,0,,,,0,0,,,,0,0,0.0,0.0,0.11351339317396876,30,0,,,,0,0,1.0,0.8864866068260312,0.9999999999999999,30,30,0.0,0.0,0.11351339317396876,30,0,,,,0,0,0.0,0.0,0.11351339317396876,30,0,1.0,0.8864866068260312,0.9999999999999999,30,30,0.0,0.0,0.11351339317396876,30,0,,,,0,0,0.0,0.0,0.11351339317396876,30,0,0.0,0.0,0.11351339317396876,30,0,0.0,0.0,0.0,0.0,0.0,0.0,0.11351339317396876,0,30,0.0,0.0,0.11351339317396876,0,1.0,,,,,,,16091.733333333334,27.266666666666666,2.234962962962963,0.11340740740740736,0.0,0.0,0.0,0.025647484722215494,0.6042798023005564,,,0.4000111037516412,-0.006387187772845167,0.4240039883642376,44.81529897258597,0.5621373218666121,0.0,
87,rec=0.1 w=0.3 g=0,30,0.1,0.3,0.0,,,,0,0,1.0,0.8864866068260312,0.9999999999999999,30,30,0.0,0.0,0.11351339317396876,30,0,0.0,0.0,0.11351339317396876,30,0,1.0,0.8864866068260312,0.9999999999999999,30,30,,,,0,0,0.0,0.0,0.11351339317396876,30,0,,,,0,0,,,,0,0,,,,0,0,0.0,0.0,0.11351339317396876,30,0,,,,0,0,1.0,0.8864866068260312,0.9999999999999999,30,30,0.0,0.0,0.11351339317396876,30,0,,,,0,0,0.0,0.0,0.11351339317396876,30,0,1.0,0.8864866068260312,0.9999999999999999,30,30,0.0,0.0,0.11351339317396876,30,0,,,,0,0,0.0,0.0,0.11351339317396876,30,0,0.0,0.0,0.11351339317396876,30,0,0.0,0.0,0.0,0.0,0.0,0.0,0.11351339317396876,0,30,0.0,0.0,0.11351339317396876,0,1.0,,,,,,,16563.366666666665,23.566666666666666,2.3004675925925926,0.1709629629629629,0.0,0.0,0.0,0.02289066256614745,0.7476844081451708,,,0.5495963829409255,-0.006642291761425012,0.512286527234854,59.83449020339618,0.4742531626333099,0.0,
88,rec=0.1 w=0.5 g=0,30,0.1,0.5,0.0,,,,0,0,1.0,0.8864866068260312,0.9999999999999999,30,30,0.0,0.0,0.11351339317396876,30,0,0.0,0.0,0.11351339317396876,30,0,1.0,0.8864866068260312,0.9999999999999999,30,30,,,,0,0,0.0,0.0,0.11351339317396876,30,0,,,,0,0,,,,0,0,,,,0,0,0.0,0.0,0.11351339317396876,30,0,,,,0,0,1.0,0.8864866068260312,0.9999999999999999,30,30,0.0,0.0,0.11351339317396876,30,0,,,,0,0,0.0,0.0,0.11351339317396876,30,0,1.0,0.8864866068260312,0.9999999999999999,30,30,0.0,0.0,0.11351339317396876,30,0,,,,0,0,0.0,0.0,0.11351339317396876,30,0,0.0,0.0,0.11351339317396876,30,0,0.0,0.0,0.0,0.0,0.0,0.0,0.11351339317396876,0,30,0.0,0.0,0.11351339317396876,0,1.0,,,,,,,16791.6,20.233333333333334,2.3321666666666667,0.3048148148148148,0.0,0.0,0.0,0.01536249008208298,0.9605529229538736,,,0.8645009214757766,-0.0027802442756957564,0.7137795475027259,116.30372592921402,0.5315721417666889,0.0,
89,rec=0.1 w=0.75 g=0,30,0.1,0.75,0.0,,,,0,0,1.0,0.8864866068260312,0.9999999999999999,30,30,0.0,0.0,0.11351339317396876,30,0,0.0,0.0,0.11351339317396876,30,0,1.0,0.8864866068260312,0.9999999999999999,30,30,,,,0,0,0.0,0.0,0.11351339317396876,30,0,,,,0,0,,,,0,0,,,,0,0,0.0,0.0,0.11351339317396876,30,0,,,,0,0,1.0,0.8864866068260312,0.9999999999999999,30,30,0.0,0.0,0.11351339317396876,30,0,,,,0,0,0.0,0.0,0.11351339317396876,30,0,1.0,0.8864866068260312,0.9999999999999999,30,30,0.0,0.0,0.11351339317396876,30,0,,,,0,0,0.0,0.0,0.11351339317396876,30,0,0.0,0.0,0.11351339317396876,30,0,0.0,0.0,0.0,0.0,0.0,0.0,0.11351339317396876,0,30,0.0,0.0,0.11351339317396876,0,1.0,,,,,,,16846.866666666665,20.266666666666666,2.3398425925925923,0.3512962962962963,0.0,0.0,0.0,0.012170571761702297,0.9999995474527011,,,0.9999974600151852,0.0,0.9107657419796901,145.4865936469436,0.5593958503665514,0.0,
90,rec=0.1 w=1 g=0,30,0.1,1.0,0.0,,,,0,0,1.0,0.8864866068260312,0.9999999999999999,30,30,0.0,0.0,0.11351339317396876,30,0,0.0,0.0,0.11351339317396876,30,0,1.0,0.8864866068260312,0.9999999999999999,30,30,,,,0,0,0.0,0.0,0.11351339317396876,30,0,,,,0,0,,,,0,0,,,,0,0,0.0,0.0,0.11351339317396876,30,0,,,,0,0,1.0,0.8864866068260312,0.9999999999999999,30,30,0.0,0.0,0.11351339317396876,30,0,,,,0,0,0.0,0.0,0.11351339317396876,30,0,1.0,0.8864866068260312,0.9999999999999999,30,30,0.0,0.0,0.11351339317396876,30,0,,,,0,0,0.0,0.0,0.11351339317396876,30,0,0.0,0.0,0.11351339317396876,30,0,0.0,0.0,0.0,0.0,0.0,0.0,0.11351339317396876,0,30,0.0,0.0,0.11351339317396876,0,1.0,,,,,,,16813.566666666666,20.366666666666667,2.3352175925925924,0.35492592592592587,0.0,0.0,0.0,0.011651083897953792,1.0,,,1.0,0.0,1.0,149.82091873735453,0.5881882290999784,0.0,
91,rec=0.15 w=0 g=0,30,0.15,0.0,0.0,,,,0,0,1.0,0.8864866068260312,0.9999999999999999,30,30,0.0,0.0,0.11351339317396876,30,0,0.0,0.0,0.11351339317396876,30,0,1.0,0.8864866068260312,0.9999999999999999,30,30,,,,0,0,0.0,0.0,0.11351339317396876,30,0,,,,0,0,,,,0,0,,,,0,0,0.0,0.0,0.11351339317396876,30,0,0.0,0.0,0.16112515805281938,20,0,1.0,0.8864866068260312,0.9999999999999999,30,30,0.0,0.0,0.11351339317396876,30,0,,,,0,0,0.0,0.0,0.11351339317396876,30,0,1.0,0.8864866068260312,0.9999999999999999,30,30,0.0,0.0,0.11351339317396876,30,0,,,,0,0,0.0,0.0,0.11351339317396876,30,0,0.0,0.0,0.11351339317396876,30,0,0.0,0.0,0.0,0.0,0.0,0.0,0.11351339317396876,0,30,0.0,0.0,0.11351339317396876,0,1.0,,,,,,,15960.8,30.233333333333334,2.216777777777778,0.06451851851851848,0.00010507855060441335,7.637635214925334e-05,0.00021537746735248,0.027374353838227783,0.5407142236457407,,,0.2737280699878133,-0.002335449596919084,0.35353766506514506,35.66585440877318,0.5431693030664974,0.0,
92,rec=0.15 w=0.1 g=0,30,0.15,0.1,0.0,,,,0,0,1.0,0.8864866068260312,0.9999999999999999,30,30,0.0,0.0,0.11351339317396876,30,0,0.0,0.0,0.11351339317396876,30,0,1.0,0.8864866068260312,0.9999999999999999,30,30,,,,0,0,0.0,0.0,0.11351339317396876,30,0,,,,0,0,,,,0,0,,,,0,0,0.0,0.0,0.11351339317396876,30,0,,,,0,0,1.0,0.8864866068260312,0.9999999999999999,30,30,0.0,0.0,0.11351339317396876,30,0,,,,0,0,0.0,0.0,0.11351339317396876,30,0,1.0,0.8864866068260312,0.9999999999999999,30,30,0.0,0.0,0.11351339317396876,30,0,,,,0,0,0.0,0.0,0.11351339317396876,30,0,0.0,0.0,0.11351339317396876,30,0,0.0,0.0,0.0,0.0,0.0,0.0,0.11351339317396876,0,30,0.0,0.0,0.11351339317396876,0,1.0,,,,,,,16463.733333333334,24.933333333333334,2.28662962962963,0.10792592592592588,0.0,0.0,0.0,0.025284698728947612,0.6751101339182395,,,0.4190920439820061,-0.005672793647643881,0.4105883079441101,45.14508880546241,0.45976157883317986,0.0,
93,rec=0.15 w=0.2 g=0,30,0.15,0.2,0.0,,,,0,0,1.0,0.8864866068260312,0.9999999999999999,30,30,0.0,0.0,0.11351339317396876,30,0,0.0,0.0,0.11351339317396876,30,0,1.0,0.8864866068260312,0.9999999999999999,30,30,,,,0,0,0.0,0.0,0.11351339317396876,30,0,,,,0,0,,,,0,0,,,,0,0,0.0,0.0,0.11351339317396876,30,0,,,,0,0,1.0,0.8864866068260312,0.9999999999999999,30,30,0.0,0.0,0.11351339317396876,30,0,,,,0,0,0.0,0.0,0.11351339317396876,30,0,1.0,0.8864866068260312,0.9999999999999999,30,30,0.0,0.0,0.11351339317396876,30,0,,,,0,0,0.0,0.0,0.11351339317396876,30,0,0.0,0.0,0.11351339317396876,30,0,0.0,0.0,0.0,0.0,0.0,0.0,0.11351339317396876,0,30,0.0,0.0,0.11351339317396876,0,1.0,,,,,,,16647.7,22.3,2.312180555555556,0.1591481481481481,0.0,0.0,0.0,0.023268628337861356,0.8045848878845471,,,0.5818375325859526,-0.007180710168317727,0.4907961967518155,57.35031881347205,0.40691380173320796,0.0,
94,rec=0.15 w=0.3 g=0,30,0.15,0.3,0.0,,,,0,0,1.0,0.8864866068260312,0.9999999999999999,30,30,0.0,0.0,0.11351339317396876,30,0,0.0,0.0,0.11351339317396876,30,0,1.0,0.8864866068260312,0.9999999999999999,30,30,,,,0,0,0.0,0.0,0.11351339317396876,30,0,,,,0,0,,,,0,0,,,,0,0,0.0,0.0,0.11351339317396876,30,0,,,,0,0,1.0,0.8864866068260312,0.9999999999999999,30,30,0.0,0.0,0.11351339317396876,30,0,,,,0,0,0.0,0.0,0.11351339317396876,30,0,1.0,0.8864866068260312,0.9999999999999999,30,30,0.0,0.0,0.11351339317396876,30,0,,,,0,0,0.0,0.0,0.11351339317396876,30,0,0.0,0.0,0.11351339317396876,30,0,0.0,0.0,0.0,0.0,0.0,0.0,0.11351339317396876,0,30,0.0,0.0,0.11351339317396876,0,1.0,,,,,,,17062.733333333334,20.9,2.369824074074074,0.2188148148148148,0.0,0.0,0.0,0.01991605833994236,0.9146313176421562,,,0.7575724160689252,-0.005650563439846647,0.5849894805563741,79.62885213990694,0.4415262661999198,0.0,
95,rec=0.15 w=0.5 g=0,30,0.15,0.5,0.0,,,,0,0,1.0,0.8864866068260312,0.9999999999999999,30,30,0.0,0.0,0.11351339317396876,30,0,0.0,0.0,0.11351339317396876,30,0,1.0,0.8864866068260312,0.9999999999999999,30,30,,,,0,0,0.0,0.0,0.11351339317396876,30,0,,,,0,0,,,,0,0,,,,0,0,0.0,0.0,0.11351339317396876,30,0,,,,0,0,1.0,0.8864866068260312,0.9999999999999999,30,30,0.0,0.0,0.11351339317396876,30,0,,,,0,0,0.0,0.0,0.11351339317396876,30,0,1.0,0.8864866068260312,0.9999999999999999,30,30,0.0,0.0,0.11351339317396876,30,0,,,,0,0,0.0,0.0,0.11351339317396876,30,0,0.0,0.0,0.11351339317396876,30,0,0.0,0.0,0.0,0.0,0.0,0.0,0.11351339317396876,0,30,0.0,0.0,0.11351339317396876,0,1.0,,,,,,,16741.966666666667,20.166666666666668,2.325273148148148,0.3298148148148148,0.0,0.0,0.0,0.013975765462099027,0.9999947030989611,,,0.9999400956949546,1.8455356939666929e-07,0.7735549804833399,135.0989918793913,0.49551549863311567,0.0,
96,rec=0.15 w=0.75 g=0,30,0.15,0.75,0.0,,,,0,0,1.0,0.8864866068260312,0.9999999999999999,30,30,0.0,0.0,0.11351339317396876,30,0,0.0,0.0,0.11351339317396876,30,0,1.0,0.8864866068260312,0.9999999999999999,30,30,,,,0,0,0.0,0.0,0.11351339317396876,30,0,,,,0,0,,,,0,0,,,,0,0,0.0,0.0,0.11351339317396876,30,0,,,,0,0,1.0,0.8864866068260312,0.9999999999999999,30,30,0.0,0.0,0.11351339317396876,30,0,,,,0,0,0.0,0.0,0.11351339317396876,30,0,1.0,0.8864866068260312,0.9999999999999999,30,30,0.0,0.0,0.11351339317396876,30,0,,,,0,0,0.0,0.0,0.11351339317396876,30,0,0.0,0.0,0.11351339317396876,30,0,0.0,0.0,0.0,0.0,0.0,0.0,0.11351339317396876,0,30,0.0,0.0,0.11351339317396876,0,1.0,,,,,,,17008.833333333332,20.366666666666667,2.362337962962963,0.34748148148148145,0.0,0.0,0.0,0.011931685850465494,1.0,,,0.999999206860909,0.0,0.9278447689097582,141.6648046708753,0.5558234204002171,0.0,
97,rec=0.15 w=1 g=0,30,0.15,1.0,0.0,,,,0,0,1.0,0.8864866068260312,0.9999999999999999,30,30,0.0,0.0,0.11351339317396876,30,0,0.0,0.0,0.11351339317396876,30,0,1.0,0.8864866068260312,0.9999999999999999,30,30,,,,0,0,0.0,0.0,0.11351339317396876,30,0,,,,0,0,,,,0,0,,,,0,0,0.0,0.0,0.11351339317396876,30,0,,,,0,0,1.0,0.8864866068260312,0.9999999999999999,30,30,0.0,0.0,0.11351339317396876,30,0,,,,0,0,0.0,0.0,0.11351339317396876,30,0,1.0,0.8864866068260312,0.9999999999999999,30,30,0.0,0.0,0.11351339317396876,30,0,,,,0,0,0.0,0.0,0.11351339317396876,30,0,0.0,0.0,0.11351339317396876,30,0,0.0,0.0,0.0,0.0,0.0,0.0,0.11351339317396876,0,30,0.0,0.0,0.11351339317396876,0,1.0,,,,,,,16647.333333333332,20.4,2.3121296296296294,0.35140740740740734,0.0,0.0,0.0,0.011622657390583513,1.0,,,1.0,0.0,1.0,135.92702739732317,0.5004126562998863,0.0,
98,rec=0.2 w=0 g=0,30,0.2,0.0,0.0,,,,0,0,1.0,0.8864866068260312,0.9999999999999999,30,30,0.0,0.0,0.11351339317396876,30,0,0.0,0.0,0.11351339317396876,30,0,1.0,0.8864866068260312,0.9999999999999999,30,30,,,,0,0,0.0,0.0,0.11351339317396876,30,0,,,,0,0,,,,0,0,,,,0,0,0.0,0.0,0.11351339317396876,30,0,,,,0,0,1.0,0.8864866068260312,0.9999999999999999,30,30,0.0,0.0,0.11351339317396876,30,0,,,,0,0,0.0,0.0,0.11351339317396876,30,0,1.0,0.8864866068260312,0.9999999999999999,30,30,0.0,0.0,0.11351339317396876,30,0,,,,0,0,0.0,0.0,0.11351339317396876,30,0,0.0,0.0,0.11351339317396876,30,0,0.0,0.0,0.0,0.0,0.0,0.0,0.11351339317396876,0,30,0.0,0.0,0.11351339317396876,0,1.0,,,,,,,16221.966666666667,24.333333333333332,2.2530509259259266,0.09359259259259255,0.0,0.0,0.0,0.0261704326446708,0.6884388650418768,,,0.3991121009005617,-0.00681456231950077,0.3704292078100486,42.824884390678406,0.40025788200006596,0.0,
99,rec=0.2 w=0.1 g=0,30,0.2,0.1,0.0,,,,0,0,1.0,0.8864866068260312,0.9999999999999999,30,30,0.0,0.0,0.11351339317396876,30,0,0.0,0.0,0.11351339317396876,30,0,1.0,0.8864866068260312,0.9999999999999999,30,30,,,,0,0,0.0,0.0,0.11351339317396876,30,0,,,,0,0,,,,0,0,,,,0,0,0.0,0.0,0.11351339317396876,30,0,,,,0,0,1.0,0.8864866068260312,0.9999999999999999,30,30,0.0,0.0,0.11351339317396876,30,0,,,,0,0,0.0,0.0,0.11351339317396876,30,0,1.0,0.8864866068260312,0.9999999999999999,30,30,0.0,0.0,0.11351339317396876,30,0,,,,0,0,0.0,0.0,0.11351339317396876,30,0,0.0,0.0,0.11351339317396876,30,0,0.0,0.0,0.0,0.0,0.0,0.0,0.11351339317396876,0,30,0.0,0.0,0.11351339317396876,0,1.0,,,,,,,16746.7,21.933333333333334,2.325930555555556,0.14670370370370367,0.0,0.0,0.0,0.023299793041630195,0.8160840795208879,,,0.5787230457719174,-0.008426124183399969,0.44949184676055604,56.05598930137074,0.36936771186653156,0.0,
100,rec=0.2 w=0.2 g=0,30,0.2,0.2,0.0,,,,0,0,1.0,0.8864866068260312,0.9999999999999999,30,30,0.0,0.0,0.11351339317396876,30,0,0.0,0.0,0.11351339317396876,30,0,1.0,0.8864866068260312,0.9999999999999999,30,30,,,,0,0,0.0,0.0,0.11351339317396876,30,0,,,,0,0,,,,0,0,,,,0,0,0.0,0.0,0.11351339317396876,30,0,,,,0,0,1.0,0.8864866068260312,0.9999999999999999,30,30,0.0,0.0,0.11351339317396876,30,0,,,,0,0,0.0,0.0,0.11351339317396876,30,0,1.0,0.8864866068260312,0.9999999999999999,30,30,0.0,0.0,0.11351339317396876,30,0,,,,0,0,0.0,0.0,0.11351339317396876,30,0,0.0,0.0,0.11351339317396876,30,0,0.0,0.0,0.0,0.0,0.0,0.0,0.11351339317396876,0,30,0.0,0.0,0.11351339317396876,0,1.0,,,,,,,17480.2,20.766666666666666,2.427805555555556,0.19511111111111112,0.0,0.0,0.0,0.020251153982100596,0.9304240315545741,,,0.775361506042811,-0.006893753578833658,0.543091214594542,74.30325196019011,0.4378175768000195,0.0,
101,rec=0.2 w=0.3 g=0,30,0.2,0.3,0.0,,,,0,0,1.0,0.8864866068260312,0.9999999999999999,30,30,0.0,0.0,0.11351339317396876,30,0,0.0,0.0,0.11351339317396876,30,0,1.0,0.8864866068260312,0.9999999999999999,30,30,,,,0,0,0.0,0.0,0.11351339317396876,30,0,,,,0,0,,,,0,0,,,,0,0,0.0,0.0,0.11351339317396876,30,0,,,,0,0,1.0,0.8864866068260312,0.9999999999999999,30,30,0.0,0.0,0.11351339317396876,30,0,,,,0,0,0.0,0.0,0.11351339317396876,30,0,1.0,0.8864866068260312,0.9999999999999999,30,30,0.0,0.0,0.11351339317396876,30,0,,,,0,0,0.0,0.0,0.11351339317396876,30,0,0.0,0.0,0.11351339317396876,30,0,0.0,0.0,0.0,0.0,0.0,0.0,0.11351339317396876,0,30,0.0,0.0,0.11351339317396876,0,1.0,,,,,,,16778.7,20.2,2.3303750000000005,0.2585925925925926,0.0,0.0,0.0,0.018438247468644368,0.9921361263761536,,,0.9635906648150133,-0.0015768859208120565,0.6497343302374348,99.86630747807263,0.4413119160666611,0.0,
102,rec=0.2 w=0.5 g=0,30,0.2,0.5,0.0,,,,0,0,1.0,0.8864866068260312,0.9999999999999999,30,30,0.0,0.0,0.11351339317396876,30,0,0.0,0.0,0.11351339317396876,30,0,1.0,0.8864866068260312,0.9999999999999999,30,30,,,,0,0,0.0,0.0,0.11351339317396876,30,0,,,,0,0,,,,0,0,,,,0,0,0.0,0.0,0.11351339317396876,30,0,,,,0,0,1.0,0.8864866068260312,0.9999999999999999,30,30,0.0,0.0,0.11351339317396876,30,0,,,,0,0,0.0,0.0,0.11351339317396876,30,0,1.0,0.8864866068260312,0.9999999999999999,30,30,0.0,0.0,0.11351339317396876,30,0,,,,0,0,0.0,0.0,0.11351339317396876,30,0,0.0,0.0,0.11351339317396876,30,0,0.0,0.0,0.0,0.0,0.0,0.0,0.11351339317396876,0,30,0.0,0.0,0.11351339317396876,0,1.0,,,,,,,16841.166666666668,20.133333333333333,2.339050925925926,0.34918518518518515,0.0,0.0,0.0,0.013177905206856445,0.9999982552930902,,,0.9999913030989978,0.0,0.8099665975992144,157.65794110591358,0.565619732300244,0.0,
103,rec=0.2 w=0.75 g=0,30,0.2,0.75,0.0,,,,0,0,1.0,0.8864866068260312,0.9999999999999999,30,30,0.0,0.0,0.11351339317396876,30,0,0.0,0.0,0.11351339317396876,30,0,1.0,0.8864866068260312,0.9999999999999999,30,30,,,,0,0,0.0,0.0,0.11351339317396876,30,0,,,,0,0,,,,0,0,,,,0,0,0.0,0.0,0.11351339317396876,30,0,,,,0,0,1.0,0.8864866068260312,0.9999999999999999,30,30,0.0,0.0,0.11351339317396876,30,0,,,,0,0,0.0,0.0,0.11351339317396876,30,0,1.0,0.8864866068260312,0.9999999999999999,30,30,0.0,0.0,0.11351339317396876,30,0,,,,0,0,0.0,0.0,0.11351339317396876,30,0,0.0,0.0,0.11351339317396876,30,0,0.0,0.0,0.0,0.0,0.0,0.0,0.11351339317396876,0,30,0.0,0.0,0.11351339317396876,0,1.0,,,,,,,16843.266666666666,20.4,2.3393425925925926,0.3496296296296295,0.0,0.0,0.0,0.011822306889975705,1.0,,,1.0,0.0,0.9358827760425142,147.26598701628137,0.5652771342664589,0.0,
104,rec=0.2 w=1 g=0,30,0.2,1.0,0.0,,,,0,0,1.0,0.8864866068260312,0.9999999999999999,30,30,0.0,0.0,0.11351339317396876,30,0,0.0,0.0,0.11351339317396876,30,0,1.0,0.8864866068260312,0.9999999999999999,30,30,,,,0,0,0.0,0.0,0.11351339317396876,30,0,,,,0,0,,,,0,0,,,,0,0,0.0,0.0,0.11351339317396876,30,0,,,,0,0,1.0,0.8864866068260312,0.9999999999999999,30,30,0.0,0.0,0.11351339317396876,30,0,,,,0,0,0.0,0.0,0.11351339317396876,30,0,1.0,0.8864866068260312,0.9999999999999999,30,30,0.0,0.0,0.11351339317396876,30,0,,,,0,0,0.0,0.0,0.11351339317396876,30,0,0.0,0.0,0.11351339317396876,30,0,0.0,0.0,0.0,0.0,0.0,0.0,0.11351339317396876,0,30,0.0,0.0,0.11351339317396876,0,1.0,,,,,,,16983.733333333334,20.366666666666667,2.358851851851852,0.35118518518518516,0.0,0.0,0.0,0.011467132727267994,1.0,,,1.0,0.0,1.0,142.96458865576687,0.5298357496331543,0.0,
105,rec=0.3 w=0 g=0,30,0.3,0.0,0.0,,,,0,0,1.0,0.8864866068260312,0.9999999999999999,30,30,0.0,0.0,0.11351339317396876,30,0,0.0,0.0,0.11351339317396876,30,0,1.0,0.8864866068260312,0.9999999999999999,30,30,,,,0,0,0.0,0.0,0.11351339317396876,30,0,,,,0,0,,,,0,0,,,,0,0,0.0,0.0,0.11351339317396876,30,0,,,,0,0,1.0,0.8864866068260312,0.9999999999999999,30,30,0.0,0.0,0.11351339317396876,30,0,,,,0,0,0.0,0.0,0.11351339317396876,30,0,1.0,0.8864866068260312,0.9999999999999999,30,30,0.0,0.0,0.11351339317396876,30,0,,,,0,0,0.0,0.0,0.11351339317396876,30,0,0.0,0.0,0.11351339317396876,30,0,0.0,0.0,0.0,0.0,0.0,0.0,0.11351339317396876,0,30,0.0,0.0,0.11351339317396876,0,1.0,,,,,,,16646.033333333333,20.666666666666668,2.3119490740740742,0.14959259259259255,0.0,0.0,0.0,0.023651102632585543,0.9013151577947683,,,0.7080803372434163,-0.010932489519294973,0.43229349372156317,60.76514559348433,0.3493134614999993,0.0,
106,rec=0.3 w=0.1 g=0,30,0.3,0.1,0.0,,,,0,0,1.0,0.8864866068260312,0.9999999999999999,30,30,0.0,0.0,0.11351339317396876,30,0,0.0,0.0,0.11351339317396876,30,0,1.0,0.8864866068260312,0.9999999999999999,30,30,,,,0,0,0.0,0.0,0.11351339317396876,30,0,,,,0,0,,,,0,0,,,,0,0,0.0,0.0,0.11351339317396876,30,0,,,,0,0,1.0,0.8864866068260312,0.9999999999999999,30,30,0.0,0.0,0.11351339317396876,30,0,,,,0,0,0.0,0.0,0.11351339317396876,30,0,1.0,0.8864866068260312,0.9999999999999999,30,30,0.0,0.0,0.11351339317396876,30,0,,,,0,0,0.0,0.0,0.11351339317396876,30,0,0.0,0.0,0.11351339317396876,30,0,0.0,0.0,0.0,0.0,0.0,0.0,0.11351339317396876,0,30,0.0,0.0,0.11351339317396876,0,1.0,,,,,,,16722.966666666667,20.066666666666666,2.3226342592592593,0.2075555555555555,0.0,0.0,0.0,0.021265766626452635,0.9872476285256272,,,0.9431768988721166,-0.0014786282430977432,0.5454115303544518,78.5339962793931,0.39864172079978744,0.0,
107,rec=0.3 w=0.2 g=0,30,0.3,0.2,0.0,,,,0,0,1.0,0.8864866068260312,0.9999999999999999,30,30,0.0,0.0,0.11351339317396876,30,0,0.0,0.0,0.11351339317396876,30,0,1.0,0.8864866068260312,0.9999999999999999,30,30,,,,0,0,0.0,0.0,0.11351339317396876,30,0,,,,0,0,,,,0,0,,,,0,0,0.0,0.0,0.11351339317396876,30,0,,,,0,0,1.0,0.8864866068260312,0.9999999999999999,30,30,0.0,0.0,0.11351339317396876,30,0,,,,0,0,0.0,0.0,0.11351339317396876,30,0,1.0,0.8864866068260312,0.9999999999999999,30,30,0.0,0.0,0.11351339317396876,30,0,,,,0,0,0.0,0.0,0.11351339317396876,30,0,0.0,0.0,0.11351339317396876,30,0,0.0,0.0,0.0,0.0,0.0,0.0,0.11351339317396876,0,30,0.0,0.0,0.11351339317396876,0,1.0,,,,,,,17272.8,20.2,2.399,0.24955555555555556,0.0,0.0,0.0,0.018193133865404658,0.9999540398455509,,,0.9996451423202799,1.2131200342781535e-05,0.6485251584886019,104.52889754922063,0.510885346833129,0.0,
108,rec=0.3 w=0.3 g=0,30,0.3,0.3,0.0,,,,0,0,1.0,0.8864866068260312,0.9999999999999999,30,30,0.0,0.0,0.11351339317396876,30,0,0.0,0.0,0.11351339317396876,30,0,1.0,0.8864866068260312,0.9999999999999999,30,30,,,,0,0,0.0,0.0,0.11351339317396876,30,0,,,,0,0,,,,0,0,,,,0,0,0.0,0.0,0.11351339317396876,30,0,,,,0,0,1.0,0.8864866068260312,0.9999999999999999,30,30,0.0,0.0,0.11351339317396876,30,0,,,,0,0,0.0,0.0,0.11351339317396876,30,0,1.0,0.8864866068260312,0.9999999999999999,30,30,0.0,0.0,0.11351339317396876,30,0,,,,0,0,0.0,0.0,0.11351339317396876,30,0,0.0,0.0,0.11351339317396876,30,0,0.0,0.0,0.0,0.0,0.0,0.0,0.11351339317396876,0,30,0.0,0.0,0.11351339317396876,0,1.0,,,,,,,17062.266666666666,20.266666666666666,2.3697592592592596,0.30633333333333324,0.0,0.0,0.0,0.01573220220848428,0.9999944678288536,,,0.9999772191755691,0.0,0.7303756222736356,130.4953926496668,0.507469503600017,0.0,
109,rec=0.3 w=0.5 g=0,30,0.3,0.5,0.0,,,,0,0,1.0,0.8864866068260312,0.9999999999999999,30,30,0.0,0.0,0.11351339317396876,30,0,0.0,0.0,0.11351339317396876,30,0,1.0,0.8864866068260312,0.9999999999999999,30,30,,,,0,0,0.0,0.0,0.11351339317396876,30,0,,,,0,0,,,,0,0,,,,0,0,0.0,0.0,0.11351339317396876,30,0,,,,0,0,1.0,0.8864866068260312,0.9999999999999999,30,30,0.0,0.0,0.11351339317396876,30,0,,,,0,0,0.0,0.0,0.11351339317396876,30,0,1.0,0.8864866068260312,0.9999999999999999,30,30,0.0,0.0,0.11351339317396876,30,0,,,,0,0,0.0,0.0,0.11351339317396876,30,0,0.0,0.0,0.11351339317396876,30,0,0.0,0.0,0.0,0.0,0.0,0.0,0.11351339317396876,0,30,0.0,0.0,0.11351339317396876,0,1.0,,,,,,,16763.433333333334,20.133333333333333,2.328254629629629,0.3716296296296296,0.0,0.0,0.0,0.012284270435299966,1.0,,,0.999997784222837,0.0,0.8503423055839855,171.05217221992643,0.5510911583001264,0.0,
110,rec=0.3 w=0.75 g=0,30,0.3,0.75,0.0,,,,0,0,1.0,0.8864866068260312,0.9999999999999999,30,30,0.0,0.0,0.11351339317396876,30,0,0.0,0.0,0.11351339317396876,30,0,1.0,0.8864866068260312,0.9999999999999999,30,30,,,,0,0,0.0,0.0,0.11351339317396876,30,0,,,,0,0,,,,0,0,,,,0,0,0.0,0.0,0.11351339317396876,30,0,,,,0,0,1.0,0.8864866068260312,0.9999999999999999,30,30,0.0,0.0,0.11351339317396876,30,0,,,,0,0,0.0,0.0,0.11351339317396876,30,0,1.0,0.8864866068260312,0.9999999999999999,30,30,0.0,0.0,0.11351339317396876,30,0,,,,0,0,0.0,0.0,0.11351339317396876,30,0,0.0,0.0,0.11351339317396876,30,0,0.0,0.0,0.0,0.0,0.0,0.0,0.11351339317396876,0,30,0.0,0.0,0.11351339317396876,0,1.0,,,,,,,16885.566666666666,20.233333333333334,2.3452175925925927,0.3552592592592593,0.0,0.0,0.0,0.01170201530566351,1.0,,,1.0,0.0,0.9463308354720618,140.9305406822656,0.5493084152999775,0.0,
111,rec=0.3 w=1 g=0,30,0.3,1.0,0.0,,,,0,0,1.0,0.8864866068260312,0.9999999999999999,30,30,0.0,0.0,0.11351339317396876,30,0,0.0,0.0,0.11351339317396876,30,0,1.0,0.8864866068260312,0.9999999999999999,30,30,,,,0,0,0.0,0.0,0.11351339317396876,30,0,,,,0,0,,,,0,0,,,,0,0,0.0,0.0,0.11351339317396876,30,0,,,,0,0,1.0,0.8864866068260312,0.9999999999999999,30,30,0.0,0.0,0.11351339317396876,30,0,,,,0,0,0.0,0.0,0.11351339317396876,30,0,1.0,0.8864866068260312,0.9999999999999999,30,30,0.0,0.0,0.11351339317396876,30,0,,,,0,0,0.0,0.0,0.11351339317396876,30,0,0.0,0.0,0.11351339317396876,30,0,0.0,0.0,0.0,0.0,0.0,0.0,0.11351339317396876,0,30,0.0,0.0,0.11351339317396876,0,1.0,,,,,,,16941.933333333334,20.4,2.3530462962962964,0.3575185185185185,0.0,0.0,0.0,0.011493446472175763,1.0,,,1.0,0.0,1.0,145.33192259499768,0.5496400352001122,0.0,
