point,label,n,alpha,crowd_aversion,crowd_power,f_O1,lo_O1,hi_O1,n_O1,k_O1,f_O2,lo_O2,hi_O2,n_O2,k_O2,f_O3,lo_O3,hi_O3,n_O3,k_O3,f_O4,lo_O4,hi_O4,n_O4,k_O4,f_O5,lo_O5,hi_O5,n_O5,k_O5,f_O6,lo_O6,hi_O6,n_O6,k_O6,f_O7,lo_O7,hi_O7,n_O7,k_O7,f_O8,lo_O8,hi_O8,n_O8,k_O8,f_O8b,lo_O8b,hi_O8b,n_O8b,k_O8b,f_O9,lo_O9,hi_O9,n_O9,k_O9,f_O10,lo_O10,hi_O10,n_O10,k_O10,f_O11,lo_O11,hi_O11,n_O11,k_O11,f_O11b,lo_O11b,hi_O11b,n_O11b,k_O11b,f_O13,lo_O13,hi_O13,n_O13,k_O13,f_O13b,lo_O13b,hi_O13b,n_O13b,k_O13b,f_O13p,lo_O13p,hi_O13p,n_O13p,k_O13p,f_O14,lo_O14,hi_O14,n_O14,k_O14,f_O15,lo_O15,hi_O15,n_O15,k_O15,f_O15b,lo_O15b,hi_O15b,n_O15b,k_O15b,f_O17_run,lo_O17_run,hi_O17_run,n_O17_run,k_O17_run,f_O17p,lo_O17p,hi_O17p,n_O17p,k_O17p,trig_A1,trig_A2,trig_A3,trig_A4,f_PRIMARIO,lo_PRIMARIO,hi_PRIMARIO,k_PRIMARIO,n_PRIMARIO,P_ext,P_ext_lo,P_ext_hi,k_ext,f_exploded,t_ext_med,t_ext_med_lo,t_ext_med_hi,t_ext_mean,t_ext_sd,t_ext_cv,N_max_mean,t_peak_mean,x_rho_pk_mean,x_f0_pk_mean,x_BO_mean,x_BO4_mean,x_CR_mean,x_in_ref_pk_mean,x_S_adult_pk_mean,x_rho8_mean,x_D_last_mean,x_smat_B_mean,x_smat_sen_mean,S_at_peak_mean,mstar_at_peak_mean,wall_time_s_mean,f_rho8_ge_1.84,x_D_last_sd
0,a=1 k=0,30,1.0,0.0,4.0,,,,0,0,,,,0,0,,,,0,0,1.0,0.8864866068260312,0.9999999999999999,30,30,1.0,0.8864866068260312,0.9999999999999999,30,30,1.0,0.8864866068260312,0.9999999999999999,30,30,1.0,0.8864866068260312,0.9999999999999999,30,30,0.6333333333333333,0.4551356365479487,0.7812607919389929,30,19,1.0,0.8864866068260312,0.9999999999999999,30,30,0.26666666666666666,0.14182663319596317,0.4444796169518888,30,8,1.0,0.8864866068260312,0.9999999999999999,30,30,1.0,0.8864866068260312,0.9999999999999999,30,30,1.0,0.8864866068260312,0.9999999999999999,30,30,1.0,0.8864866068260312,0.9999999999999999,30,30,0.0,0.0,0.11351339317396876,30,0,0.8666666666666667,0.703186733179637,0.9469034451594526,30,26,1.0,0.8864866068260312,0.9999999999999999,30,30,0.0,0.0,0.11351339317396876,30,0,0.5,0.33154125640533766,0.6684587435946623,30,15,1.0,0.8864866068260312,0.9999999999999999,30,30,0.8666666666666667,0.703186733179637,0.9469034451594526,30,26,0.0,0.0,0.0,0.0,0.8666666666666667,0.703186733179637,0.9469034451594526,26,30,1.0,0.8864866068260312,0.9999999999999999,30,0.0,178.0,169.0,181.0,176.93333333333334,12.64620246483541,0.07147439222778114,3685.6,56.36666666666667,0.511888888888889,0.2909259259259259,0.19324101439384567,0.11306632260704583,0.7205992430552316,0.13089887604632047,0.007529378481451678,2.183121957326554,109.8,0.22502310694598027,-0.008020323047461104,0.007765717542099175,32.04081711282143,1.1991816583667363,0.8,5.221969505583251
1,a=1 k=0.05,30,1.0,0.05,4.0,,,,0,0,,,,0,0,,,,0,0,0.03333333333333333,0.005908590381612455,0.16670390991409173,30,1,1.0,0.8864866068260312,0.9999999999999999,30,30,1.0,0.8864866068260312,0.9999999999999999,30,30,1.0,0.8864866068260312,0.9999999999999999,30,30,0.9333333333333333,0.7867654163738308,0.9815229762087295,30,28,1.0,0.8864866068260312,0.9999999999999999,30,30,0.4,0.24590628116801852,0.5767963974667752,30,12,1.0,0.8864866068260312,0.9999999999999999,30,30,1.0,0.8864866068260312,0.9999999999999999,30,30,1.0,0.8864866068260312,0.9999999999999999,30,30,1.0,0.8864866068260312,0.9999999999999999,30,30,0.0,0.0,0.11351339317396876,30,0,0.9666666666666667,0.8332960900859082,0.9940914096183874,30,29,1.0,0.8864866068260312,0.9999999999999999,30,30,0.0,0.0,0.11351339317396876,30,0,0.23333333333333334,0.11792388144489496,0.40928326158122164,30,7,0.03333333333333333,0.005908590381612455,0.16670390991409173,30,1,0.03333333333333333,0.005908590381612455,0.16670390991409173,30,1,0.0,0.0,0.0,0.0,0.03333333333333333,0.005908590381612455,0.16670390991409173,1,30,1.0,0.8864866068260312,0.9999999999999999,30,0.0,162.0,158.0,164.0,163.3,9.738476833390463,0.05963549806117858,3716.5666666666666,51.63333333333333,0.5161898148148147,0.07474074074074072,0.19822062922754596,0.11229235823584233,0.42371612167567785,0.1342963891345227,0.009828627406979687,2.198989468076438,109.0,0.227842781377353,-0.009406508336436494,0.010084707410938287,6.916902936178315,1.0989853365668145,0.8333333333333334,5.819112386396849
2,a=1 k=0.1,30,1.0,0.1,4.0,,,,0,0,,,,0,0,,,,0,0,0.0,0.0,0.11351339317396876,30,0,1.0,0.8864866068260312,0.9999999999999999,30,30,1.0,0.8864866068260312,0.9999999999999999,30,30,1.0,0.8864866068260312,0.9999999999999999,30,30,0.9333333333333333,0.7867654163738308,0.9815229762087295,30,28,1.0,0.8864866068260312,0.9999999999999999,30,30,0.43333333333333335,0.2737748557646652,0.6080269299918639,30,13,1.0,0.8864866068260312,0.9999999999999999,30,30,1.0,0.8864866068260312,0.9999999999999999,30,30,1.0,0.8864866068260312,0.9999999999999999,30,30,1.0,0.8864866068260312,0.9999999999999999,30,30,0.0,0.0,0.11351339317396876,30,0,0.9666666666666667,0.8332960900859082,0.9940914096183874,30,29,0.26666666666666666,0.14182663319596317,0.4444796169518888,30,8,0.0,0.0,0.11351339317396876,30,0,0.4666666666666667,0.30232388907699753,0.638577003801267,30,14,0.0,0.0,0.11351339317396876,30,0,0.0,0.0,0.11351339317396876,30,0,0.0,0.0,0.0,0.0,0.0,0.0,0.11351339317396876,0,30,1.0,0.8864866068260312,0.9999999999999999,30,0.0,164.0,160.0,165.0,164.36666666666667,8.503481369550876,0.05173482885551131,3870.866666666667,51.733333333333334,0.5376203703703705,0.030962962962962914,0.176767328814138,0.10927455326647474,0.31319842062530406,0.13039004540861607,0.011562728133171636,2.2013339361414115,110.66666666666667,0.22876516871994995,-0.009334355587331426,0.011697099575078872,5.746256998445632,1.1271861561000454,0.9333333333333333,4.020064618912224
3,a=1 k=0.125,30,1.0,0.125,4.0,,,,0,0,,,,0,0,,,,0,0,0.0,0.0,0.11351339317396876,30,0,1.0,0.8864866068260312,0.9999999999999999,30,30,1.0,0.8864866068260312,0.9999999999999999,30,30,1.0,0.8864866068260312,0.9999999999999999,30,30,0.9333333333333333,0.7867654163738308,0.9815229762087295,30,28,1.0,0.8864866068260312,0.9999999999999999,30,30,0.4,0.24590628116801852,0.5767963974667752,30,12,1.0,0.8864866068260312,0.9999999999999999,30,30,1.0,0.8864866068260312,0.9999999999999999,30,30,1.0,0.8864866068260312,0.9999999999999999,30,30,1.0,0.8864866068260312,0.9999999999999999,30,30,0.0,0.0,0.11351339317396876,30,0,0.9,0.7437891742081593,0.9654001112526658,30,27,0.1,0.03459988874733419,0.25621082579184085,30,3,0.03333333333333333,0.005908590381612455,0.16670390991409173,30,1,0.4,0.24590628116801852,0.5767963974667752,30,12,0.0,0.0,0.11351339317396876,30,0,0.0,0.0,0.11351339317396876,30,0,0.0,0.0,0.0,0.0,0.0,0.0,0.11351339317396876,0,30,1.0,0.8864866068260312,0.9999999999999999,30,0.0,164.0,160.0,169.0,166.36666666666667,10.400541542045591,0.06251577765204723,3949.9333333333334,51.833333333333336,0.5486018518518517,0.022888888888888844,0.16850882822027416,0.10932508468194788,0.2914420860024638,0.12832861853589428,0.011600903082184868,2.2336419673212693,110.36666666666666,0.2289977091760484,-0.00977001170512293,0.011758259381099447,5.587252592684465,1.122211996033487,0.9333333333333333,4.951372734305405
4,a=1 k=0.15,30,1.0,0.15,4.0,,,,0,0,,,,0,0,,,,0,0,0.0,0.0,0.11351339317396876,30,0,1.0,0.8864866068260312,0.9999999999999999,30,30,1.0,0.8864866068260312,0.9999999999999999,30,30,1.0,0.8864866068260312,0.9999999999999999,30,30,0.9666666666666667,0.8332960900859082,0.9940914096183874,30,29,1.0,0.8864866068260312,0.9999999999999999,30,30,0.26666666666666666,0.14182663319596317,0.4444796169518888,30,8,1.0,0.8864866068260312,0.9999999999999999,30,30,1.0,0.8864866068260312,0.9999999999999999,30,30,1.0,0.8864866068260312,0.9999999999999999,30,30,1.0,0.8864866068260312,0.9999999999999999,30,30,0.0,0.0,0.11351339317396876,30,0,0.9333333333333333,0.7867654163738308,0.9815229762087295,30,28,0.03333333333333333,0.005908590381612455,0.16670390991409173,30,1,0.0,0.0,0.11351339317396876,30,0,0.36666666666666664,0.21873920806100708,0.5448643634520511,30,11,0.0,0.0,0.11351339317396876,30,0,0.0,0.0,0.11351339317396876,30,0,0.0,0.0,0.0,0.0,0.0,0.0,0.11351339317396876,0,30,1.0,0.8864866068260312,0.9999999999999999,30,0.0,164.0,160.0,166.0,164.06666666666666,7.926095413616159,0.04831021178555156,4006.1,50.833333333333336,0.5564027777777778,0.016370370370370316,0.16376621955402132,0.10895386779278872,0.279333714649855,0.12700901330932718,0.014567225489262436,2.256749828460956,111.13333333333334,0.22802858245540086,-0.010107769063978558,0.014703351304740769,5.5202965977027825,1.1516896638001224,0.9666666666666667,4.074591863067357
5,a=1 k=0.175,30,1.0,0.175,4.0,,,,0,0,,,,0,0,,,,0,0,0.0,0.0,0.11351339317396876,30,0,1.0,0.8864866068260312,0.9999999999999999,30,30,1.0,0.8864866068260312,0.9999999999999999,30,30,1.0,0.8864866068260312,0.9999999999999999,30,30,0.9333333333333333,0.7867654163738308,0.9815229762087295,30,28,1.0,0.8864866068260312,0.9999999999999999,30,30,0.4,0.24590628116801852,0.5767963974667752,30,12,1.0,0.8864866068260312,0.9999999999999999,30,30,1.0,0.8864866068260312,0.9999999999999999,30,30,1.0,0.8864866068260312,0.9999999999999999,30,30,1.0,0.8864866068260312,0.9999999999999999,30,30,0.0,0.0,0.11351339317396876,30,0,0.9,0.7437891742081593,0.9654001112526658,30,27,0.0,0.0,0.11351339317396876,30,0,0.0,0.0,0.11351339317396876,30,0,0.4,0.24590628116801852,0.5767963974667752,30,12,0.0,0.0,0.11351339317396876,30,0,0.0,0.0,0.11351339317396876,30,0,0.0,0.0,0.0,0.0,0.0,0.0,0.11351339317396876,0,30,1.0,0.8864866068260312,0.9999999999999999,30,0.0,163.0,162.0,168.0,167.4,10.940591927502728,0.06535598523000435,4095.866666666667,52.36666666666667,0.5688703703703705,0.012333333333333288,0.15731302769444405,0.10917868163795838,0.28630691648418094,0.12465269335087997,0.011980831110632311,2.2401609137736895,112.26666666666667,0.22934806084131515,-0.010417043201784297,0.012134644455090621,5.600223428229383,1.2333528478998537,0.9,4.8631856547579675
6,a=1 k=0.2,30,1.0,0.2,4.0,,,,0,0,,,,0,0,,,,0,0,0.0,0.0,0.11351339317396876,30,0,1.0,0.8864866068260312,0.9999999999999999,30,30,1.0,0.8864866068260312,0.9999999999999999,30,30,1.0,0.8864866068260312,0.9999999999999999,30,30,0.9333333333333333,0.7867654163738308,0.9815229762087295,30,28,1.0,0.8864866068260312,0.9999999999999999,30,30,0.3,0.16664748268243793,0.47875787458714947,30,9,1.0,0.8864866068260312,0.9999999999999999,30,30,1.0,0.8864866068260312,0.9999999999999999,30,30,1.0,0.8864866068260312,0.9999999999999999,30,30,1.0,0.8864866068260312,0.9999999999999999,30,30,0.0,0.0,0.11351339317396876,30,0,1.0,0.8864866068260312,0.9999999999999999,30,30,0.0,0.0,0.11351339317396876,30,0,0.0,0.0,0.11351339317396876,30,0,0.5,0.33154125640533766,0.6684587435946623,30,15,0.0,0.0,0.11351339317396876,30,0,0.0,0.0,0.11351339317396876,30,0,0.0,0.0,0.0,0.0,0.0,0.0,0.11351339317396876,0,30,1.0,0.8864866068260312,0.9999999999999999,30,0.0,163.0,159.0,169.0,166.83333333333334,13.143985994213928,0.07878513083444912,4146.9,51.666666666666664,0.5759583333333332,0.009037037037037001,0.15403051260866993,0.10854153516644335,0.2880579653961454,0.12377098466632198,0.012987865411638082,2.2571125594590487,109.83333333333333,0.22672025323111203,-0.009969757102002453,0.013105018549544888,5.614814556446556,1.251610960166666,0.8666666666666667,4.631848765720417
7,a=1 k=0.3,30,1.0,0.3,4.0,,,,0,0,,,,0,0,,,,0,0,0.0,0.0,0.11351339317396876,30,0,1.0,0.8864866068260312,0.9999999999999999,30,30,1.0,0.8864866068260312,0.9999999999999999,30,30,1.0,0.8864866068260312,0.9999999999999999,30,30,0.9,0.7437891742081593,0.9654001112526658,30,27,1.0,0.8864866068260312,0.9999999999999999,30,30,0.5666666666666667,0.3919730700081361,0.7262251442353347,30,17,1.0,0.8864866068260312,0.9999999999999999,30,30,1.0,0.8864866068260312,0.9999999999999999,30,30,1.0,0.8864866068260312,0.9999999999999999,30,30,1.0,0.8864866068260312,0.9999999999999999,30,30,0.0,0.0,0.11351339317396876,30,0,1.0,0.8864866068260312,0.9999999999999999,30,30,0.0,0.0,0.11351339317396876,30,0,0.03333333333333333,0.005908590381612455,0.16670390991409173,30,1,0.5,0.33154125640533766,0.6684587435946623,30,15,0.0,0.0,0.11351339317396876,30,0,0.0,0.0,0.11351339317396876,30,0,0.0,0.0,0.0,0.0,0.0,0.0,0.11351339317396876,0,30,1.0,0.8864866068260312,0.9999999999999999,30,0.0,164.0,161.0,167.0,166.46666666666667,10.682674769451939,0.06417305628425274,4304.466666666666,51.53333333333333,0.5978425925925924,0.018888888888888847,0.15785075472547885,0.11070986457413187,0.39525244715031366,0.12038414906777807,0.012800600957841274,2.272602349848376,111.63333333333334,0.22427431525186584,-0.011055852027980682,0.012906178356359477,6.4298630214316255,1.247884272399824,0.8666666666666667,4.795711685945335
8,a=2 k=0,30,2.0,0.0,4.0,,,,0,0,,,,0,0,,,,0,0,1.0,0.8864866068260312,0.9999999999999999,30,30,0.9666666666666667,0.8332960900859082,0.9940914096183874,30,29,1.0,0.8864866068260312,0.9999999999999999,30,30,1.0,0.8864866068260312,0.9999999999999999,30,30,0.5,0.33154125640533766,0.6684587435946623,30,15,1.0,0.8864866068260312,0.9999999999999999,30,30,0.23333333333333334,0.11792388144489496,0.40928326158122164,30,7,1.0,0.8864866068260312,0.9999999999999999,30,30,1.0,0.8864866068260312,0.9999999999999999,30,30,0.9666666666666667,0.8332960900859082,0.9940914096183874,30,29,1.0,0.8864866068260312,0.9999999999999999,30,30,0.0,0.0,0.11351339317396876,30,0,1.0,0.8864866068260312,0.9999999999999999,30,30,1.0,0.8864866068260312,0.9999999999999999,30,30,0.0,0.0,0.11351339317396876,30,0,0.5333333333333333,0.36142299619873297,0.6976761109230025,30,16,0.9666666666666667,0.8332960900859082,0.9940914096183874,30,29,0.9666666666666667,0.8332960900859082,0.9940914096183874,30,29,0.0,0.0,0.0,0.0,0.9666666666666667,0.8332960900859082,0.9940914096183874,29,30,1.0,0.8864866068260312,0.9999999999999999,30,0.0,182.0,167.0,185.0,179.96666666666667,16.9817007663997,0.09436025615706446,2946.9666666666667,57.666666666666664,0.4093009259259259,0.42574074074074075,0.21264419101741272,0.13137680107707694,0.7303528934653779,0.16277372607153098,0.008539685664208875,2.1632567756410666,107.93333333333334,0.22132300127047166,-0.006309968944681127,0.008807113240788632,31.964456972681226,0.7789108868001373,0.8,5.064639642920677
9,a=2 k=0.05,30,2.0,0.05,4.0,,,,0,0,,,,0,0,,,,0,0,1.0,0.8864866068260312,0.9999999999999999,30,30,1.0,0.8864866068260312,0.9999999999999999,30,30,1.0,0.8864866068260312,0.9999999999999999,30,30,1.0,0.8864866068260312,0.9999999999999999,30,30,0.7,0.5212421254128504,0.8333525173175619,30,21,1.0,0.8864866068260312,0.9999999999999999,30,30,0.3,0.16664748268243793,0.47875787458714947,30,9,1.0,0.8864866068260312,0.9999999999999999,30,30,1.0,0.8864866068260312,0.9999999999999999,30,30,1.0,0.8864866068260312,0.9999999999999999,30,30,1.0,0.8864866068260312,0.9999999999999999,30,30,0.0,0.0,0.11351339317396876,30,0,1.0,0.8864866068260312,0.9999999999999999,30,30,1.0,0.8864866068260312,0.9999999999999999,30,30,0.0,0.0,0.11351339317396876,30,0,0.4666666666666667,0.30232388907699753,0.638577003801267,30,14,1.0,0.8864866068260312,0.9999999999999999,30,30,1.0,0.8864866068260312,0.9999999999999999,30,30,0.0,0.0,0.0,0.0,1.0,0.8864866068260312,0.9999999999999999,30,30,1.0,0.8864866068260312,0.9999999999999999,30,0.0,170.0,161.0,174.0,172.4,17.327673700242308,0.100508548145257,2963.366666666667,53.9,0.41157870370370375,0.2017777777777778,0.24690936333893715,0.1472315242091809,0.48530043351728464,0.16821574544713128,0.010178957396948836,2.2500122057681904,111.53333333333333,0.22689109707184948,-0.007745792145188967,0.010449154701258807,7.423507237114348,0.8261556956333151,0.8333333333333334,4.960070448146349
10,a=2 k=0.1,30,2.0,0.1,4.0,,,,0,0,,,,0,0,,,,0,0,0.9,0.7437891742081593,0.9654001112526658,30,27,1.0,0.8864866068260312,0.9999999999999999,30,30,1.0,0.8864866068260312,0.9999999999999999,30,30,1.0,0.8864866068260312,0.9999999999999999,30,30,0.8333333333333334,0.6643564949358398,0.9266345762815145,30,25,1.0,0.8864866068260312,0.9999999999999999,30,30,0.43333333333333335,0.2737748557646652,0.6080269299918639,30,13,1.0,0.8864866068260312,0.9999999999999999,30,30,1.0,0.8864866068260312,0.9999999999999999,30,30,1.0,0.8864866068260312,0.9999999999999999,30,30,1.0,0.8864866068260312,0.9999999999999999,30,30,0.0,0.0,0.11351339317396876,30,0,1.0,0.8864866068260312,0.9999999999999999,30,30,1.0,0.8864866068260312,0.9999999999999999,30,30,0.03333333333333333,0.005908590381612455,0.16670390991409173,30,1,0.3333333333333333,0.19230498083676134,0.5121994835545616,30,10,0.9,0.7437891742081593,0.9654001112526658,30,27,0.9,0.7437891742081593,0.9654001112526658,30,27,0.0,0.0,0.0,0.0,0.9,0.7437891742081593,0.9654001112526658,27,30,1.0,0.8864866068260312,0.9999999999999999,30,0.0,164.0,159.0,169.0,166.63333333333333,11.53251276065683,0.0692089183476105,3130.4,51.666666666666664,0.4347777777777777,0.102037037037037,0.23689150994551103,0.13855561185019322,0.28235687374688884,0.15997624934146468,0.013679010208554313,2.25324350674616,110.26666666666667,0.2306215665923072,-0.007945257706429234,0.013933652040590706,5.2959403011745705,0.8643669798664633,0.9,4.697272380445055
11,a=2 k=0.125,30,2.0,0.125,4.0,,,,0,0,,,,0,0,,,,0,0,0.3333333333333333,0.19230498083676134,0.5121994835545616,30,10,1.0,0.8864866068260312,0.9999999999999999,30,30,1.0,0.8864866068260312,0.9999999999999999,30,30,1.0,0.8864866068260312,0.9999999999999999,30,30,0.9333333333333333,0.7867654163738308,0.9815229762087295,30,28,1.0,0.8864866068260312,0.9999999999999999,30,30,0.43333333333333335,0.2737748557646652,0.6080269299918639,30,13,1.0,0.8864866068260312,0.9999999999999999,30,30,1.0,0.8864866068260312,0.9999999999999999,30,30,1.0,0.8864866068260312,0.9999999999999999,30,30,1.0,0.8864866068260312,0.9999999999999999,30,30,0.0,0.0,0.11351339317396876,30,0,1.0,0.8864866068260312,0.9999999999999999,30,30,0.9666666666666667,0.8332960900859082,0.9940914096183874,30,29,0.0,0.0,0.11351339317396876,30,0,0.26666666666666666,0.14182663319596317,0.4444796169518888,30,8,0.3333333333333333,0.19230498083676134,0.5121994835545616,30,10,0.3333333333333333,0.19230498083676134,0.5121994835545616,30,10,0.0,0.0,0.0,0.0,0.3333333333333333,0.19230498083676134,0.5121994835545616,10,30,1.0,0.8864866068260312,0.9999999999999999,30,0.0,168.0,166.0,172.0,168.63333333333333,7.91107182822052,0.04691285923040435,3247.5333333333333,55.0,0.45104629629629633,0.07448148148148145,0.22597808305539252,0.13490617082447248,0.2456516903369421,0.1555391617896384,0.01223712036878177,2.099604066327298,111.03333333333333,0.22858608957317247,-0.007862462438274905,0.012369766866640876,5.054079812858943,0.9310695026666508,0.8,5.7684237572909085
12,a=2 k=0.15,30,2.0,0.15,4.0,,,,0,0,,,,0,0,,,,0,0,0.0,0.0,0.11351339317396876,30,0,1.0,0.8864866068260312,0.9999999999999999,30,30,1.0,0.8864866068260312,0.9999999999999999,30,30,1.0,0.8864866068260312,0.9999999999999999,30,30,0.8,0.6269430358685175,0.9049489282271013,30,24,1.0,0.8864866068260312,0.9999999999999999,30,30,0.4,0.24590628116801852,0.5767963974667752,30,12,1.0,0.8864866068260312,0.9999999999999999,30,30,1.0,0.8864866068260312,0.9999999999999999,30,30,1.0,0.8864866068260312,0.9999999999999999,30,30,1.0,0.8864866068260312,0.9999999999999999,30,30,0.0,0.0,0.11351339317396876,30,0,1.0,0.8864866068260312,0.9999999999999999,30,30,0.6666666666666666,0.4878005164454384,0.8076950191632386,30,20,0.0,0.0,0.11351339317396876,30,0,0.4,0.24590628116801852,0.5767963974667752,30,12,0.0,0.0,0.11351339317396876,30,0,0.0,0.0,0.11351339317396876,30,0,0.0,0.0,0.0,0.0,0.0,0.0,0.11351339317396876,0,30,1.0,0.8864866068260312,0.9999999999999999,30,0.0,167.0,163.0,172.0,169.93333333333334,10.378802446808834,0.06107573036568557,3290.3,56.3,0.4569861111111111,0.05522222222222218,0.2218781363186328,0.1328207014788575,0.21281917526138225,0.15362620853157782,0.01395573625517173,2.041339714957778,109.4,0.23049865502264127,-0.007403116366273154,0.014139374748486934,4.792390994178349,0.912980445666714,0.7,4.206726960968341
13,a=2 k=0.175,30,2.0,0.175,4.0,,,,0,0,,,,0,0,,,,0,0,0.0,0.0,0.11351339317396876,30,0,1.0,0.8864866068260312,0.9999999999999999,30,30,1.0,0.8864866068260312,0.9999999999999999,30,30,1.0,0.8864866068260312,0.9999999999999999,30,30,0.7,0.5212421254128504,0.8333525173175619,30,21,1.0,0.8864866068260312,0.9999999999999999,30,30,0.5,0.33154125640533766,0.6684587435946623,30,15,1.0,0.8864866068260312,0.9999999999999999,30,30,1.0,0.8864866068260312,0.9999999999999999,30,30,1.0,0.8864866068260312,0.9999999999999999,30,30,1.0,0.8864866068260312,0.9999999999999999,30,30,0.0,0.0,0.11351339317396876,30,0,1.0,0.8864866068260312,0.9999999999999999,30,30,0.23333333333333334,0.11792388144489496,0.40928326158122164,30,7,0.0,0.0,0.11351339317396876,30,0,0.36666666666666664,0.21873920806100708,0.5448643634520511,30,11,0.0,0.0,0.11351339317396876,30,0,0.0,0.0,0.11351339317396876,30,0,0.0,0.0,0.0,0.0,0.0,0.0,0.11351339317396876,0,30,1.0,0.8864866068260312,0.9999999999999999,30,0.0,173.0,168.0,178.0,173.16666666666666,9.951895793518814,0.057470043080955616,3375.366666666667,57.6,0.468800925925926,0.04088888888888886,0.21330482996087094,0.13104940259488299,0.1907543538088393,0.1509619013545186,0.013751555766286476,2.0294946811021295,109.83333333333333,0.22866799181030215,-0.007274959908159929,0.013901388478074032,4.680147511153916,0.9707954892667355,0.7333333333333333,3.8424429489703495
14,a=2 k=0.2,30,2.0,0.2,4.0,,,,0,0,,,,0,0,,,,0,0,0.0,0.0,0.11351339317396876,30,0,1.0,0.8864866068260312,0.9999999999999999,30,30,1.0,0.8864866068260312,0.9999999999999999,30,30,1.0,0.8864866068260312,0.9999999999999999,30,30,0.8333333333333334,0.6643564949358398,0.9266345762815145,30,25,1.0,0.8864866068260312,0.9999999999999999,30,30,0.4666666666666667,0.30232388907699753,0.638577003801267,30,14,1.0,0.8864866068260312,0.9999999999999999,30,30,1.0,0.8864866068260312,0.9999999999999999,30,30,1.0,0.8864866068260312,0.9999999999999999,30,30,1.0,0.8864866068260312,0.9999999999999999,30,30,0.0,0.0,0.11351339317396876,30,0,1.0,0.8864866068260312,0.9999999999999999,30,30,0.13333333333333333,0.053096554840547455,0.296813266820363,30,4,0.0,0.0,0.11351339317396876,30,0,0.4,0.24590628116801852,0.5767963974667752,30,12,0.0,0.0,0.11351339317396876,30,0,0.0,0.0,0.11351339317396876,30,0,0.0,0.0,0.0,0.0,0.0,0.0,0.11351339317396876,0,30,1.0,0.8864866068260312,0.9999999999999999,30,0.0,170.0,166.0,174.0,170.46666666666667,6.836682666692778,0.04010568635134598,3450.133333333333,58.766666666666666,0.4791851851851851,0.031074074074074035,0.20826407774496253,0.1302723729660076,0.18580696950802303,0.1483522613941531,0.012744882017266979,1.919931149423251,109.66666666666667,0.22947901325012168,-0.0071859067696806765,0.012893654825332621,4.663026354429714,0.94436672076669,0.6,4.866021056216283
15,a=2 k=0.3,30,2.0,0.3,4.0,,,,0,0,,,,0,0,,,,0,0,0.0,0.0,0.11351339317396876,30,0,1.0,0.8864866068260312,0.9999999999999999,30,30,1.0,0.8864866068260312,0.9999999999999999,30,30,1.0,0.8864866068260312,0.9999999999999999,30,30,0.8333333333333334,0.6643564949358398,0.9266345762815145,30,25,1.0,0.8864866068260312,0.9999999999999999,30,30,0.43333333333333335,0.2737748557646652,0.6080269299918639,30,13,1.0,0.8864866068260312,0.9999999999999999,30,30,1.0,0.8864866068260312,0.9999999999999999,30,30,1.0,0.8864866068260312,0.9999999999999999,30,30,1.0,0.8864866068260312,0.9999999999999999,30,30,0.0,0.0,0.11351339317396876,30,0,1.0,0.8864866068260312,0.9999999999999999,30,30,0.0,0.0,0.11351339317396876,30,0,0.0,0.0,0.11351339317396876,30,0,0.6,0.42320360253322475,0.7540937188319815,30,18,0.0,0.0,0.11351339317396876,30,0,0.0,0.0,0.11351339317396876,30,0,0.0,0.0,0.0,0.0,0.0,0.0,0.11351339317396876,0,30,1.0,0.8864866068260312,0.9999999999999999,30,0.0,169.0,165.0,173.0,170.66666666666666,8.899179866642239,0.05214363203110687,3708.7,56.53333333333333,0.5150972222222222,0.015629629629629594,0.18679989527674276,0.12507498775470435,0.22359964067324328,0.13929701751555873,0.01643155970295319,2.048175812693729,110.4,0.22725180377884938,-0.00784839355123718,0.016545181853126666,4.990269472879873,1.0129735202999048,0.7333333333333333,4.803734179673716
16,a=3 k=0,30,3.0,0.0,4.0,,,,0,0,,,,0,0,,,,0,0,1.0,0.8864866068260312,0.9999999999999999,30,30,0.8666666666666667,0.703186733179637,0.9469034451594526,30,26,1.0,0.8864866068260312,0.9999999999999999,30,30,1.0,0.8864866068260312,0.9999999999999999,30,30,0.3333333333333333,0.19230498083676134,0.5121994835545616,30,10,1.0,0.8864866068260312,0.9999999999999999,30,30,0.36666666666666664,0.21873920806100708,0.5448643634520511,30,11,1.0,0.8864866068260312,0.9999999999999999,30,30,0.9666666666666667,0.8332960900859082,0.9940914096183874,30,29,0.9666666666666667,0.8332960900859082,0.9940914096183874,30,29,1.0,0.8864866068260312,0.9999999999999999,30,30,0.0,0.0,0.11351339317396876,30,0,1.0,0.8864866068260312,0.9999999999999999,30,30,1.0,0.8864866068260312,0.9999999999999999,30,30,0.0,0.0,0.11351339317396876,30,0,0.7333333333333333,0.555520383048111,0.8581733668040368,30,22,0.8333333333333334,0.6643564949358398,0.9266345762815145,30,25,0.8333333333333334,0.6643564949358398,0.9266345762815145,30,25,0.0,0.0,0.0,0.0,0.8333333333333334,0.6643564949358398,0.9266345762815145,25,30,1.0,0.8864866068260312,0.9999999999999999,30,0.0,178.0,173.0,185.0,185.8,30.00390779146311,0.16148497196697045,2575.6666666666665,58.43333333333333,0.3577314814814814,0.485,0.22776989001721634,0.1444059264779841,0.7170527100509723,0.1862844425058752,0.00963151905779477,2.222452376717131,109.4,0.2148361769293044,-0.0050174437285523425,0.009922704017647395,31.107760615073925,0.6625818810663986,0.7,6.043520326021455
17,a=3 k=0.05,30,3.0,0.05,4.0,,,,0,0,,,,0,0,,,,0,0,1.0,0.8864866068260312,0.9999999999999999,30,30,0.9333333333333333,0.7867654163738308,0.9815229762087295,30,28,0.9666666666666667,0.8332960900859082,0.9940914096183874,30,29,0.9666666666666667,0.8332960900859082,0.9940914096183874,30,29,0.6896551724137931,0.5076986576690685,0.8272438325551679,29,20,1.0,0.8864866068260312,0.9999999999999999,30,30,0.3,0.16664748268243793,0.47875787458714947,30,9,1.0,0.8864866068260312,0.9999999999999999,30,30,1.0,0.8864866068260312,0.9999999999999999,30,30,1.0,0.8864866068260312,0.9999999999999999,30,30,1.0,0.8864866068260312,0.9999999999999999,30,30,0.0,0.0,0.11351339317396876,30,0,1.0,0.8864866068260312,0.9999999999999999,30,30,1.0,0.8864866068260312,0.9999999999999999,30,30,0.0,0.0,0.11351339317396876,30,0,0.6551724137931034,0.47345104090476137,0.80059281473325,29,19,0.9333333333333333,0.7867654163738308,0.9815229762087295,30,28,0.9333333333333333,0.7867654163738308,0.9815229762087295,30,28,0.0,0.03333333333333333,0.0,0.0,0.9333333333333333,0.7867654163738308,0.9815229762087295,28,30,0.9666666666666667,0.8332960900859082,0.9940914096183874,29,0.0,164.0,161.0,174.0,167.68965517241378,12.513145796880583,0.07462085710662902,2573.733333333333,50.53333333333333,0.3574629629629629,0.2921111111111111,0.2655085421960955,0.17015499880645915,0.51651526932922,0.1933753811529205,0.011640724598556893,2.4245669486703845,110.10344827586206,0.2206909892481076,-0.00703383666852494,0.011968308738603316,7.855720510619586,0.7133041854665862,0.896551724137931,5.3608689833046315
18,a=3 k=0.1,30,3.0,0.1,4.0,,,,0,0,,,,0,0,,,,0,0,1.0,0.8864866068260312,0.9999999999999999,30,30,1.0,0.8864866068260312,0.9999999999999999,30,30,1.0,0.8864866068260312,0.9999999999999999,30,30,1.0,0.8864866068260312,0.9999999999999999,30,30,0.8,0.6269430358685175,0.9049489282271013,30,24,1.0,0.8864866068260312,0.9999999999999999,30,30,0.23333333333333334,0.11792388144489496,0.40928326158122164,30,7,1.0,0.8864866068260312,0.9999999999999999,30,30,1.0,0.8864866068260312,0.9999999999999999,30,30,1.0,0.8864866068260312,0.9999999999999999,30,30,1.0,0.8864866068260312,0.9999999999999999,30,30,0.0,0.0,0.11351339317396876,30,0,1.0,0.8864866068260312,0.9999999999999999,30,30,1.0,0.8864866068260312,0.9999999999999999,30,30,0.0,0.0,0.11351339317396876,30,0,0.6666666666666666,0.4878005164454384,0.8076950191632386,30,20,1.0,0.8864866068260312,0.9999999999999999,30,30,1.0,0.8864866068260312,0.9999999999999999,30,30,0.0,0.0,0.0,0.0,1.0,0.8864866068260312,0.9999999999999999,30,30,1.0,0.8864866068260312,0.9999999999999999,30,0.0,167.0,165.0,172.0,169.93333333333334,11.996934474340067,0.07059788823660298,2698.9333333333334,53.833333333333336,0.3748518518518518,0.18351851851851847,0.272310696590626,0.16592608346771504,0.29674025981631313,0.18696025982444728,0.011898123176060555,2.1987044509867038,111.96666666666667,0.2239990628419015,-0.007025422805054724,0.012110021796780475,5.25380807531296,0.7345912332334289,0.8666666666666667,5.248864135471948
19,a=3 k=0.125,30,3.0,0.125,4.0,,,,0,0,,,,0,0,,,,0,0,1.0,0.8864866068260312,0.9999999999999999,30,30,1.0,0.8864866068260312,0.9999999999999999,30,30,1.0,0.8864866068260312,0.9999999999999999,30,30,1.0,0.8864866068260312,0.9999999999999999,30,30,0.8,0.6269430358685175,0.9049489282271013,30,24,1.0,0.8864866068260312,0.9999999999999999,30,30,0.36666666666666664,0.21873920806100708,0.5448643634520511,30,11,1.0,0.8864866068260312,0.9999999999999999,30,30,1.0,0.8864866068260312,0.9999999999999999,30,30,1.0,0.8864866068260312,0.9999999999999999,30,30,1.0,0.8864866068260312,0.9999999999999999,30,30,0.0,0.0,0.11351339317396876,30,0,1.0,0.8864866068260312,0.9999999999999999,30,30,1.0,0.8864866068260312,0.9999999999999999,30,30,0.0,0.0,0.11351339317396876,30,0,0.4666666666666667,0.30232388907699753,0.638577003801267,30,14,1.0,0.8864866068260312,0.9999999999999999,30,30,1.0,0.8864866068260312,0.9999999999999999,30,30,0.0,0.0,0.0,0.0,1.0,0.8864866068260312,0.9999999999999999,30,30,1.0,0.8864866068260312,0.9999999999999999,30,0.0,166.0,163.0,170.0,165.93333333333334,8.489073436841736,0.05115954260852793,2805.3333333333335,53.833333333333336,0.3896296296296296,0.13855555555555552,0.2674735098189736,0.15872935109253797,0.23566342168517532,0.18037593671356011,0.013848340453838991,2.135142684885244,108.46666666666667,0.22440407061515094,-0.007305573356038693,0.014064661406507221,4.779545077768892,0.7482807054999284,0.7666666666666667,5.02911065925065
20,a=3 k=0.15,30,3.0,0.15,4.0,,,,0,0,,,,0,0,,,,0,0,1.0,0.8864866068260312,0.9999999999999999,30,30,1.0,0.8864866068260312,0.9999999999999999,30,30,1.0,0.8864866068260312,0.9999999999999999,30,30,1.0,0.8864866068260312,0.9999999999999999,30,30,0.8333333333333334,0.6643564949358398,0.9266345762815145,30,25,1.0,0.8864866068260312,0.9999999999999999,30,30,0.3,0.16664748268243793,0.47875787458714947,30,9,1.0,0.8864866068260312,0.9999999999999999,30,30,1.0,0.8864866068260312,0.9999999999999999,30,30,1.0,0.8864866068260312,0.9999999999999999,30,30,1.0,0.8864866068260312,0.9999999999999999,30,30,0.0,0.0,0.11351339317396876,30,0,1.0,0.8864866068260312,0.9999999999999999,30,30,1.0,0.8864866068260312,0.9999999999999999,30,30,0.06666666666666667,0.018477023791270378,0.2132345836261692,30,2,0.5333333333333333,0.36142299619873297,0.6976761109230025,30,16,1.0,0.8864866068260312,0.9999999999999999,30,30,1.0,0.8864866068260312,0.9999999999999999,30,30,0.0,0.0,0.0,0.0,1.0,0.8864866068260312,0.9999999999999999,30,30,1.0,0.8864866068260312,0.9999999999999999,30,0.0,166.0,162.0,170.0,166.53333333333333,8.435284404719603,0.05065222821088633,2892.0666666666666,54.233333333333334,0.40167592592592594,0.10914814814814812,0.25981039280954216,0.15372870197040048,0.19232108385835872,0.17544016190383052,0.016167529593958768,2.106750114922718,108.96666666666667,0.22507162885768672,-0.006836447212473262,0.016386719827491757,4.542437380914733,0.7945060107999476,0.7,5.991277184278038
21,a=3 k=0.175,30,3.0,0.175,4.0,,,,0,0,,,,0,0,,,,0,0,0.8333333333333334,0.6643564949358398,0.9266345762815145,30,25,1.0,0.8864866068260312,0.9999999999999999,30,30,1.0,0.8864866068260312,0.9999999999999999,30,30,1.0,0.8864866068260312,0.9999999999999999,30,30,0.6,0.42320360253322475,0.7540937188319815,30,18,1.0,0.8864866068260312,0.9999999999999999,30,30,0.3,0.16664748268243793,0.47875787458714947,30,9,1.0,0.8864866068260312,0.9999999999999999,30,30,1.0,0.8864866068260312,0.9999999999999999,30,30,1.0,0.8864866068260312,0.9999999999999999,30,30,1.0,0.8864866068260312,0.9999999999999999,30,30,0.0,0.0,0.11351339317396876,30,0,1.0,0.8864866068260312,0.9999999999999999,30,30,0.9333333333333333,0.7867654163738308,0.9815229762087295,30,28,0.06666666666666667,0.018477023791270378,0.2132345836261692,30,2,0.6,0.42320360253322475,0.7540937188319815,30,18,0.8333333333333334,0.6643564949358398,0.9266345762815145,30,25,0.8333333333333334,0.6643564949358398,0.9266345762815145,30,25,0.0,0.0,0.0,0.0,0.8333333333333334,0.6643564949358398,0.9266345762815145,25,30,1.0,0.8864866068260312,0.9999999999999999,30,0.0,170.0,165.0,177.0,172.56666666666666,12.678201039942355,0.07346842402902659,2938.9666666666667,55.03333333333333,0.40818981481481464,0.0882592592592592,0.25673004310132186,0.1513964136726419,0.16736663437309707,0.1726491092682561,0.01885604940393627,2.1683850788842975,108.43333333333334,0.22699047574507153,-0.006861737206218239,0.018991549322024553,4.338399070672526,0.7825432192335332,0.8,3.8835047567116874
22,a=3 k=0.2,30,3.0,0.2,4.0,,,,0,0,,,,0,0,,,,0,0,0.36666666666666664,0.21873920806100708,0.5448643634520511,30,11,1.0,0.8864866068260312,0.9999999999999999,30,30,1.0,0.8864866068260312,0.9999999999999999,30,30,1.0,0.8864866068260312,0.9999999999999999,30,30,0.6333333333333333,0.4551356365479487,0.7812607919389929,30,19,1.0,0.8864866068260312,0.9999999999999999,30,30,0.4,0.24590628116801852,0.5767963974667752,30,12,1.0,0.8864866068260312,0.9999999999999999,30,30,1.0,0.8864866068260312,0.9999999999999999,30,30,1.0,0.8864866068260312,0.9999999999999999,30,30,1.0,0.8864866068260312,0.9999999999999999,30,30,0.0,0.0,0.11351339317396876,30,0,1.0,0.8864866068260312,0.9999999999999999,30,30,0.6666666666666666,0.4878005164454384,0.8076950191632386,30,20,0.0,0.0,0.11351339317396876,30,0,0.6666666666666666,0.4878005164454384,0.8076950191632386,30,20,0.36666666666666664,0.21873920806100708,0.5448643634520511,30,11,0.36666666666666664,0.21873920806100708,0.5448643634520511,30,11,0.0,0.0,0.0,0.0,0.36666666666666664,0.21873920806100708,0.5448643634520511,11,30,1.0,0.8864866068260312,0.9999999999999999,30,0.0,170.0,168.0,176.0,172.23333333333332,9.000702399155355,0.05225877142919695,3034.4666666666667,59.1,0.4214537037037038,0.06588888888888884,0.2488568065271401,0.147940915695171,0.1501332542323552,0.16781705795281723,0.015674410988791646,1.9301382288551021,109.6,0.22687321188939907,-0.00656050524447947,0.015832325549491502,4.253055220634569,0.8636481840666117,0.7,4.492138727246476
23,a=3 k=0.3,30,3.0,0.3,4.0,,,,0,0,,,,0,0,,,,0,0,0.0,0.0,0.11351339317396876,30,0,1.0,0.8864866068260312,0.9999999999999999,30,30,1.0,0.8864866068260312,0.9999999999999999,30,30,1.0,0.8864866068260312,0.9999999999999999,30,30,0.3,0.16664748268243793,0.47875787458714947,30,9,1.0,0.8864866068260312,0.9999999999999999,30,30,0.3,0.16664748268243793,0.47875787458714947,30,9,1.0,0.8864866068260312,0.9999999999999999,30,30,1.0,0.8864866068260312,0.9999999999999999,30,30,1.0,0.8864866068260312,0.9999999999999999,30,30,0.9666666666666667,0.8332960900859082,0.9940914096183874,30,29,0.0,0.0,0.11351339317396876,30,0,0.9666666666666667,0.8332960900859082,0.9940914096183874,30,29,0.0,0.0,0.11351339317396876,30,0,0.0,0.0,0.11351339317396876,30,0,0.5,0.33154125640533766,0.6684587435946623,30,15,0.0,0.0,0.11351339317396876,30,0,0.0,0.0,0.11351339317396876,30,0,0.0,0.0,0.0,0.0,0.0,0.0,0.11351339317396876,0,30,1.0,0.8864866068260312,0.9999999999999999,30,0.0,183.0,175.0,186.0,182.9,12.2202488828428,0.06681382658744013,3308.8333333333335,61.53333333333333,0.4595601851851852,0.030407407407407362,0.22422497733468857,0.1390588449748951,0.15171009868344887,0.1558172946113598,0.018849129340138774,2.0002422509795195,109.23333333333333,0.2274395087614161,-0.006191936803905536,0.019008878870101557,4.359565208272297,0.9679335343333757,0.5666666666666667,4.710101641288048
24,a=4 k=0,30,4.0,0.0,4.0,,,,0,0,,,,0,0,,,,0,0,1.0,0.8864866068260312,0.9999999999999999,30,30,0.9333333333333333,0.7867654163738308,0.9815229762087295,30,28,1.0,0.8864866068260312,0.9999999999999999,30,30,1.0,0.8864866068260312,0.9999999999999999,30,30,0.3,0.16664748268243793,0.47875787458714947,30,9,1.0,0.8864866068260312,0.9999999999999999,30,30,0.3,0.16664748268243793,0.47875787458714947,30,9,1.0,0.8864866068260312,0.9999999999999999,30,30,0.9666666666666667,0.8332960900859082,0.9940914096183874,30,29,0.9666666666666667,0.8332960900859082,0.9940914096183874,30,29,1.0,0.8864866068260312,0.9999999999999999,30,30,0.0,0.0,0.11351339317396876,30,0,1.0,0.8864866068260312,0.9999999999999999,30,30,1.0,0.8864866068260312,0.9999999999999999,30,30,0.0,0.0,0.11351339317396876,30,0,0.8333333333333334,0.6643564949358398,0.9266345762815145,30,25,0.9,0.7437891742081593,0.9654001112526658,30,27,0.9,0.7437891742081593,0.9654001112526658,30,27,0.0,0.0,0.0,0.0,0.9,0.7437891742081593,0.9654001112526658,27,30,1.0,0.8864866068260312,0.9999999999999999,30,0.0,183.0,173.0,190.0,183.76666666666668,19.70766231756036,0.10724285679789783,2349.8,58.03333333333333,0.3263611111111111,0.5124444444444445,0.23979236561976922,0.15554633640862983,0.706303829141565,0.20525851158421732,0.01054236605422502,2.210658706302979,110.23333333333333,0.20774798704301675,-0.005032710957867684,0.010854665412954302,28.32631763452827,0.6436810852000538,0.7666666666666667,5.49409296165112
25,a=4 k=0.05,30,4.0,0.05,4.0,,,,0,0,,,,0,0,,,,0,0,1.0,0.8864866068260312,0.9999999999999999,30,30,1.0,0.8864866068260312,0.9999999999999999,30,30,1.0,0.8864866068260312,0.9999999999999999,30,30,1.0,0.8864866068260312,0.9999999999999999,30,30,0.5666666666666667,0.3919730700081361,0.7262251442353347,30,17,1.0,0.8864866068260312,0.9999999999999999,30,30,0.3333333333333333,0.19230498083676134,0.5121994835545616,30,10,1.0,0.8864866068260312,0.9999999999999999,30,30,1.0,0.8864866068260312,0.9999999999999999,30,30,1.0,0.8864866068260312,0.9999999999999999,30,30,1.0,0.8864866068260312,0.9999999999999999,30,30,0.0,0.0,0.11351339317396876,30,0,1.0,0.8864866068260312,0.9999999999999999,30,30,1.0,0.8864866068260312,0.9999999999999999,30,30,0.0,0.0,0.11351339317396876,30,0,0.7333333333333333,0.555520383048111,0.8581733668040368,30,22,1.0,0.8864866068260312,0.9999999999999999,30,30,1.0,0.8864866068260312,0.9999999999999999,30,30,0.0,0.0,0.0,0.0,1.0,0.8864866068260312,0.9999999999999999,30,30,1.0,0.8864866068260312,0.9999999999999999,30,0.0,167.0,161.0,177.0,170.83333333333334,13.297869503545796,0.07784118733782905,2374.6666666666665,53.93333333333333,0.3298148148148148,0.35992592592592587,0.2707032696119658,0.18143011947360557,0.5389902390604235,0.21021344355456376,0.009365486524977245,2.19377493800491,111.23333333333333,0.21716914728382944,-0.006621226416576107,0.009612351406731837,8.34911883542728,0.668827568066566,0.8666666666666667,5.237025566255066
26,a=4 k=0.1,30,4.0,0.1,4.0,,,,0,0,,,,0,0,,,,0,0,1.0,0.8864866068260312,0.9999999999999999,30,30,0.9666666666666667,0.8332960900859082,0.9940914096183874,30,29,1.0,0.8864866068260312,0.9999999999999999,30,30,1.0,0.8864866068260312,0.9999999999999999,30,30,0.5666666666666667,0.3919730700081361,0.7262251442353347,30,17,1.0,0.8864866068260312,0.9999999999999999,30,30,0.4,0.24590628116801852,0.5767963974667752,30,12,1.0,0.8864866068260312,0.9999999999999999,30,30,1.0,0.8864866068260312,0.9999999999999999,30,30,1.0,0.8864866068260312,0.9999999999999999,30,30,1.0,0.8864866068260312,0.9999999999999999,30,30,0.0,0.0,0.11351339317396876,30,0,1.0,0.8864866068260312,0.9999999999999999,30,30,1.0,0.8864866068260312,0.9999999999999999,30,30,0.0,0.0,0.11351339317396876,30,0,0.7,0.5212421254128504,0.8333525173175619,30,21,0.9666666666666667,0.8332960900859082,0.9940914096183874,30,29,0.9666666666666667,0.8332960900859082,0.9940914096183874,30,29,0.0,0.0,0.0,0.0,0.9666666666666667,0.8332960900859082,0.9940914096183874,29,30,1.0,0.8864866068260312,0.9999999999999999,30,0.0,174.0,165.0,177.0,172.96666666666667,14.140875779671214,0.0817549187493036,2494.233333333333,54.06666666666667,0.3464212962962963,0.24181481481481476,0.28220235199785204,0.17797035723329674,0.3245461275131742,0.20199145878046734,0.012549807952972501,2.273533942758706,109.93333333333334,0.21916159407814967,-0.006266137830002111,0.012777601019999911,5.39892256297007,0.7210683862999455,0.7666666666666667,4.479326714595838
27,a=4 k=0.125,30,4.0,0.125,4.0,,,,0,0,,,,0,0,,,,0,0,1.0,0.8864866068260312,0.9999999999999999,30,30,1.0,0.8864866068260312,0.9999999999999999,30,30,1.0,0.8864866068260312,0.9999999999999999,30,30,1.0,0.8864866068260312,0.9999999999999999,30,30,0.7666666666666667,0.5907167384187784,0.8820761185551049,30,23,1.0,0.8864866068260312,0.9999999999999999,30,30,0.43333333333333335,0.2737748557646652,0.6080269299918639,30,13,1.0,0.8864866068260312,0.9999999999999999,30,30,1.0,0.8864866068260312,0.9999999999999999,30,30,1.0,0.8864866068260312,0.9999999999999999,30,30,1.0,0.8864866068260312,0.9999999999999999,30,30,0.0,0.0,0.11351339317396876,30,0,1.0,0.8864866068260312,0.9999999999999999,30,30,1.0,0.8864866068260312,0.9999999999999999,30,30,0.0,0.0,0.11351339317396876,30,0,0.6,0.42320360253322475,0.7540937188319815,30,18,1.0,0.8864866068260312,0.9999999999999999,30,30,1.0,0.8864866068260312,0.9999999999999999,30,30,0.0,0.0,0.0,0.0,1.0,0.8864866068260312,0.9999999999999999,30,30,1.0,0.8864866068260312,0.9999999999999999,30,0.0,166.0,162.0,168.0,166.26666666666668,10.385445164477439,0.062462581181700706,2558.3,53.56666666666667,0.3553194444444444,0.19388888888888886,0.2870293009578751,0.17617340456724107,0.24074002631458977,0.1977981855182916,0.012547703444021584,2.1411420278178266,109.3,0.2202194163848608,-0.006618255084878497,0.012763381473766182,4.780532824825789,0.7177123480331526,0.7666666666666667,3.9579688277422433
28,a=4 k=0.15,30,4.0,0.15,4.0,,,,0,0,,,,0,0,,,,0,0,1.0,0.8864866068260312,0.9999999999999999,30,30,0.9666666666666667,0.8332960900859082,0.9940914096183874,30,29,1.0,0.8864866068260312,0.9999999999999999,30,30,1.0,0.8864866068260312,0.9999999999999999,30,30,0.7,0.5212421254128504,0.8333525173175619,30,21,1.0,0.8864866068260312,0.9999999999999999,30,30,0.3,0.16664748268243793,0.47875787458714947,30,9,1.0,0.8864866068260312,0.9999999999999999,30,30,1.0,0.8864866068260312,0.9999999999999999,30,30,1.0,0.8864866068260312,0.9999999999999999,30,30,1.0,0.8864866068260312,0.9999999999999999,30,30,0.0,0.0,0.11351339317396876,30,0,1.0,0.8864866068260312,0.9999999999999999,30,30,1.0,0.8864866068260312,0.9999999999999999,30,30,0.03333333333333333,0.005908590381612455,0.16670390991409173,30,1,0.7,0.5212421254128504,0.8333525173175619,30,21,0.9666666666666667,0.8332960900859082,0.9940914096183874,30,29,0.9666666666666667,0.8332960900859082,0.9940914096183874,30,29,0.0,0.0,0.0,0.0,0.9666666666666667,0.8332960900859082,0.9940914096183874,29,30,1.0,0.8864866068260312,0.9999999999999999,30,0.0,169.0,165.0,175.0,170.7,10.745167317899485,0.06294767028646447,2602.133333333333,55.56666666666667,0.3614074074074074,0.1625925925925925,0.2865886442470775,0.17463890370117402,0.19270428736616335,0.19463987675793923,0.014816166142207977,2.115679202326827,106.96666666666667,0.22091022259046833,-0.006520135977489056,0.015021188522207608,4.4040021437948464,0.7467291593666232,0.8333333333333334,8.576163169660642
29,a=4 k=0.175,30,4.0,0.175,4.0,,,,0,0,,,,0,0,,,,0,0,1.0,0.8864866068260312,0.9999999999999999,30,30,1.0,0.8864866068260312,0.9999999999999999,30,30,1.0,0.8864866068260312,0.9999999999999999,30,30,1.0,0.8864866068260312,0.9999999999999999,30,30,0.6,0.42320360253322475,0.7540937188319815,30,18,1.0,0.8864866068260312,0.9999999999999999,30,30,0.36666666666666664,0.21873920806100708,0.5448643634520511,30,11,1.0,0.8864866068260312,0.9999999999999999,30,30,1.0,0.8864866068260312,0.9999999999999999,30,30,1.0,0.8864866068260312,0.9999999999999999,30,30,1.0,0.8864866068260312,0.9999999999999999,30,30,0.0,0.0,0.11351339317396876,30,0,1.0,0.8864866068260312,0.9999999999999999,30,30,1.0,0.8864866068260312,0.9999999999999999,30,30,0.03333333333333333,0.005908590381612455,0.16670390991409173,30,1,0.5,0.33154125640533766,0.6684587435946623,30,15,1.0,0.8864866068260312,0.9999999999999999,30,30,1.0,0.8864866068260312,0.9999999999999999,30,30,0.0,0.0,0.0,0.0,1.0,0.8864866068260312,0.9999999999999999,30,30,1.0,0.8864866068260312,0.9999999999999999,30,0.0,170.0,165.0,182.0,173.03333333333333,11.415305313582238,0.06597171246531827,2725.1,54.46666666666667,0.3784861111111111,0.12844444444444442,0.2795333136729127,0.16466595865638378,0.16411282807997316,0.18684996041899674,0.01714168114972503,2.213973341992767,110.3,0.22499437048506726,-0.006627822361794434,0.017375822266163802,4.25699786793762,0.7519643239666645,0.8333333333333334,4.496358680011009
30,a=4 k=0.2,30,4.0,0.2,4.0,,,,0,0,,,,0,0,,,,0,0,1.0,0.8864866068260312,0.9999999999999999,30,30,1.0,0.8864866068260312,0.9999999999999999,30,30,1.0,0.8864866068260312,0.9999999999999999,30,30,1.0,0.8864866068260312,0.9999999999999999,30,30,0.5666666666666667,0.3919730700081361,0.7262251442353347,30,17,1.0,0.8864866068260312,0.9999999999999999,30,30,0.3333333333333333,0.19230498083676134,0.5121994835545616,30,10,1.0,0.8864866068260312,0.9999999999999999,30,30,1.0,0.8864866068260312,0.9999999999999999,30,30,1.0,0.8864866068260312,0.9999999999999999,30,30,1.0,0.8864866068260312,0.9999999999999999,30,30,0.0,0.0,0.11351339317396876,30,0,1.0,0.8864866068260312,0.9999999999999999,30,30,1.0,0.8864866068260312,0.9999999999999999,30,30,0.0,0.0,0.11351339317396876,30,0,0.6,0.42320360253322475,0.7540937188319815,30,18,1.0,0.8864866068260312,0.9999999999999999,30,30,1.0,0.8864866068260312,0.9999999999999999,30,30,0.0,0.0,0.0,0.0,1.0,0.8864866068260312,0.9999999999999999,30,30,1.0,0.8864866068260312,0.9999999999999999,30,0.0,173.0,169.0,179.0,174.33333333333334,8.264311863350308,0.047405230573711134,2733.9,58.9,0.37970833333333326,0.10840740740740737,0.28024228045322214,0.16678354044111732,0.13390298002863618,0.1862675527298518,0.017951681120446806,1.9879327109289042,109.5,0.2225944764492714,-0.005579366194354788,0.01809880910883572,4.033878074733478,0.744756255266778,0.6,4.360876216921359
31,a=4 k=0.3,30,4.0,0.3,4.0,,,,0,0,,,,0,0,,,,0,0,0.0,0.0,0.11351339317396876,30,0,1.0,0.8864866068260312,0.9999999999999999,30,30,1.0,0.8864866068260312,0.9999999999999999,30,30,1.0,0.8864866068260312,0.9999999999999999,30,30,0.2,0.0950510717728987,0.3730569641314825,30,6,1.0,0.8864866068260312,0.9999999999999999,30,30,0.4666666666666667,0.30232388907699753,0.638577003801267,30,14,1.0,0.8864866068260312,0.9999999999999999,30,30,1.0,0.8864866068260312,0.9999999999999999,30,30,1.0,0.8864866068260312,0.9999999999999999,30,30,1.0,0.8864866068260312,0.9999999999999999,30,30,0.0,0.0,0.11351339317396876,30,0,1.0,0.8864866068260312,0.9999999999999999,30,30,0.06666666666666667,0.018477023791270378,0.2132345836261692,30,2,0.03333333333333333,0.005908590381612455,0.16670390991409173,30,1,0.6,0.42320360253322475,0.7540937188319815,30,18,0.0,0.0,0.11351339317396876,30,0,0.0,0.0,0.11351339317396876,30,0,0.0,0.0,0.0,0.0,0.0,0.0,0.11351339317396876,0,30,1.0,0.8864866068260312,0.9999999999999999,30,0.0,184.0,177.0,191.0,184.66666666666666,10.684611342497673,0.057858906186810506,3080.733333333333,63.233333333333334,0.4278796296296296,0.04618518518518514,0.2489303112229864,0.1506895241780282,0.124938302076493,0.16703891922815614,0.019817273680819203,1.9382270529922223,109.8,0.22476139600417466,-0.00559111134403458,0.019966624090947124,4.055764505940898,0.8812021814667484,0.5666666666666667,4.413146504362338
32,a=5 k=0,30,5.0,0.0,4.0,,,,0,0,,,,0,0,,,,0,0,1.0,0.8864866068260312,0.9999999999999999,30,30,0.7333333333333333,0.555520383048111,0.8581733668040368,30,22,1.0,0.8864866068260312,0.9999999999999999,30,30,1.0,0.8864866068260312,0.9999999999999999,30,30,0.36666666666666664,0.21873920806100708,0.5448643634520511,30,11,1.0,0.8864866068260312,0.9999999999999999,30,30,0.43333333333333335,0.2737748557646652,0.6080269299918639,30,13,1.0,0.8864866068260312,0.9999999999999999,30,30,0.9333333333333333,0.7867654163738308,0.9815229762087295,30,28,1.0,0.8864866068260312,0.9999999999999999,30,30,1.0,0.8864866068260312,0.9999999999999999,30,30,0.0,0.0,0.11351339317396876,30,0,1.0,0.8864866068260312,0.9999999999999999,30,30,1.0,0.8864866068260312,0.9999999999999999,30,30,0.0,0.0,0.11351339317396876,30,0,0.8,0.6269430358685175,0.9049489282271013,30,24,0.6666666666666666,0.4878005164454384,0.8076950191632386,30,20,0.6666666666666666,0.4878005164454384,0.8076950191632386,30,20,0.0,0.0,0.0,0.0,0.6666666666666666,0.4878005164454384,0.8076950191632386,20,30,1.0,0.8864866068260312,0.9999999999999999,30,0.0,184.0,169.0,193.0,185.66666666666666,24.53194024030759,0.13212894204833533,2193.9666666666667,59.733333333333334,0.30471759259259257,0.534074074074074,0.25063701833938645,0.16500819812277057,0.6969989285857886,0.21954696240948587,0.011206652637144453,2.1359921425537665,107.9,0.19846021001302674,-0.003924749268768757,0.011587409619991095,25.837930177651156,0.6110854710000543,0.7333333333333333,5.585387338774092
33,a=5 k=0.05,30,5.0,0.05,4.0,,,,0,0,,,,0,0,,,,0,0,1.0,0.8864866068260312,0.9999999999999999,30,30,0.9333333333333333,0.7867654163738308,0.9815229762087295,30,28,1.0,0.8864866068260312,0.9999999999999999,30,30,1.0,0.8864866068260312,0.9999999999999999,30,30,0.5333333333333333,0.36142299619873297,0.6976761109230025,30,16,1.0,0.8864866068260312,0.9999999999999999,30,30,0.4666666666666667,0.30232388907699753,0.638577003801267,30,14,1.0,0.8864866068260312,0.9999999999999999,30,30,1.0,0.8864866068260312,0.9999999999999999,30,30,1.0,0.8864866068260312,0.9999999999999999,30,30,1.0,0.8864866068260312,0.9999999999999999,30,30,0.0,0.0,0.11351339317396876,30,0,1.0,0.8864866068260312,0.9999999999999999,30,30,1.0,0.8864866068260312,0.9999999999999999,30,30,0.0,0.0,0.11351339317396876,30,0,0.6,0.42320360253322475,0.7540937188319815,30,18,0.9333333333333333,0.7867654163738308,0.9815229762087295,30,28,0.9333333333333333,0.7867654163738308,0.9815229762087295,30,28,0.0,0.0,0.0,0.0,0.9333333333333333,0.7867654163738308,0.9815229762087295,28,30,1.0,0.8864866068260312,0.9999999999999999,30,0.0,171.0,161.0,179.0,172.2,15.892743952660522,0.09229235744866739,2231.1,54.166666666666664,0.30987499999999996,0.4012222222222222,0.2768563596266451,0.19140580718981923,0.5560321572049276,0.222772398947162,0.010683200368153373,2.254570840047354,112.6,0.2074635532547958,-0.005832007874919153,0.011009478959687019,8.53041738942816,0.6277206584334636,0.8,4.530357373434736
34,a=5 k=0.1,30,5.0,0.1,4.0,,,,0,0,,,,0,0,,,,0,0,1.0,0.8864866068260312,0.9999999999999999,30,30,1.0,0.8864866068260312,0.9999999999999999,30,30,1.0,0.8864866068260312,0.9999999999999999,30,30,1.0,0.8864866068260312,0.9999999999999999,30,30,0.6666666666666666,0.4878005164454384,0.8076950191632386,30,20,1.0,0.8864866068260312,0.9999999999999999,30,30,0.4,0.24590628116801852,0.5767963974667752,30,12,1.0,0.8864866068260312,0.9999999999999999,30,30,1.0,0.8864866068260312,0.9999999999999999,30,30,1.0,0.8864866068260312,0.9999999999999999,30,30,1.0,0.8864866068260312,0.9999999999999999,30,30,0.0,0.0,0.11351339317396876,30,0,1.0,0.8864866068260312,0.9999999999999999,30,30,1.0,0.8864866068260312,0.9999999999999999,30,30,0.03333333333333333,0.005908590381612455,0.16670390991409173,30,1,0.7666666666666667,0.5907167384187784,0.8820761185551049,30,23,1.0,0.8864866068260312,0.9999999999999999,30,30,1.0,0.8864866068260312,0.9999999999999999,30,30,0.0,0.0,0.0,0.0,1.0,0.8864866068260312,0.9999999999999999,30,30,1.0,0.8864866068260312,0.9999999999999999,30,0.0,167.0,165.0,171.0,168.56666666666666,10.921927748668109,0.06479292712280864,2303.9333333333334,52.53333333333333,0.3199907407407407,0.29085185185185186,0.2956202068696906,0.1953245067848077,0.3318390211513253,0.21972177994073375,0.012380279901150029,2.2358242083690905,110.26666666666667,0.21236604784145552,-0.005649399657851759,0.012728252601445656,5.447109604282996,0.6540922448334338,0.9666666666666667,4.820454502346786
35,a=5 k=0.125,30,5.0,0.125,4.0,,,,0,0,,,,0,0,,,,0,0,1.0,0.8864866068260312,0.9999999999999999,30,30,1.0,0.8864866068260312,0.9999999999999999,30,30,1.0,0.8864866068260312,0.9999999999999999,30,30,1.0,0.8864866068260312,0.9999999999999999,30,30,0.7,0.5212421254128504,0.8333525173175619,30,21,1.0,0.8864866068260312,0.9999999999999999,30,30,0.3333333333333333,0.19230498083676134,0.5121994835545616,30,10,1.0,0.8864866068260312,0.9999999999999999,30,30,1.0,0.8864866068260312,0.9999999999999999,30,30,1.0,0.8864866068260312,0.9999999999999999,30,30,1.0,0.8864866068260312,0.9999999999999999,30,30,0.0,0.0,0.11351339317396876,30,0,1.0,0.8864866068260312,0.9999999999999999,30,30,1.0,0.8864866068260312,0.9999999999999999,30,30,0.06666666666666667,0.018477023791270378,0.2132345836261692,30,2,0.7,0.5212421254128504,0.8333525173175619,30,21,1.0,0.8864866068260312,0.9999999999999999,30,30,1.0,0.8864866068260312,0.9999999999999999,30,30,0.0,0.0,0.0,0.0,1.0,0.8864866068260312,0.9999999999999999,30,30,1.0,0.8864866068260312,0.9999999999999999,30,0.0,164.0,160.0,170.0,167.3,16.146206984923737,0.09651050200193506,2401.733333333333,49.93333333333333,0.33357407407407413,0.2439629629629629,0.29267878537895636,0.18748356213069226,0.2602473588104182,0.2102536354421853,0.016007595143815206,2.400381594977681,110.8,0.21710140656359164,-0.0066777488841024265,0.016251586864729627,4.90239289269205,0.6679186679665388,0.9,5.3006180511462935
36,a=5 k=0.15,30,5.0,0.15,4.0,,,,0,0,,,,0,0,,,,0,0,1.0,0.8864866068260312,0.9999999999999999,30,30,0.9666666666666667,0.8332960900859082,0.9940914096183874,30,29,1.0,0.8864866068260312,0.9999999999999999,30,30,1.0,0.8864866068260312,0.9999999999999999,30,30,0.4666666666666667,0.30232388907699753,0.638577003801267,30,14,1.0,0.8864866068260312,0.9999999999999999,30,30,0.4,0.24590628116801852,0.5767963974667752,30,12,1.0,0.8864866068260312,0.9999999999999999,30,30,1.0,0.8864866068260312,0.9999999999999999,30,30,1.0,0.8864866068260312,0.9999999999999999,30,30,1.0,0.8864866068260312,0.9999999999999999,30,30,0.0,0.0,0.11351339317396876,30,0,1.0,0.8864866068260312,0.9999999999999999,30,30,1.0,0.8864866068260312,0.9999999999999999,30,30,0.0,0.0,0.11351339317396876,30,0,0.6666666666666666,0.4878005164454384,0.8076950191632386,30,20,0.9666666666666667,0.8332960900859082,0.9940914096183874,30,29,0.9666666666666667,0.8332960900859082,0.9940914096183874,30,29,0.0,0.0,0.0,0.0,0.9666666666666667,0.8332960900859082,0.9940914096183874,29,30,1.0,0.8864866068260312,0.9999999999999999,30,0.0,172.0,169.0,177.0,175.6,13.875306768898282,0.07901655335363486,2433.8333333333335,56.0,0.33803240740740736,0.20548148148148146,0.30260650921339655,0.18843677457508365,0.19951516429408736,0.20833551449254178,0.013320353011557675,2.1725178682739195,110.9,0.2165230894944035,-0.005683131856219427,0.013531946296650676,4.396463850140018,0.6849465368666036,0.8333333333333334,4.611455002640632
37,a=5 k=0.175,30,5.0,0.175,4.0,,,,0,0,,,,0,0,,,,0,0,1.0,0.8864866068260312,0.9999999999999999,30,30,0.9333333333333333,0.7867654163738308,0.9815229762087295,30,28,1.0,0.8864866068260312,0.9999999999999999,30,30,1.0,0.8864866068260312,0.9999999999999999,30,30,0.43333333333333335,0.2737748557646652,0.6080269299918639,30,13,1.0,0.8864866068260312,0.9999999999999999,30,30,0.3,0.16664748268243793,0.47875787458714947,30,9,1.0,0.8864866068260312,0.9999999999999999,30,30,1.0,0.8864866068260312,0.9999999999999999,30,30,1.0,0.8864866068260312,0.9999999999999999,30,30,1.0,0.8864866068260312,0.9999999999999999,30,30,0.0,0.0,0.11351339317396876,30,0,1.0,0.8864866068260312,0.9999999999999999,30,30,1.0,0.8864866068260312,0.9999999999999999,30,30,0.03333333333333333,0.005908590381612455,0.16670390991409173,30,1,0.7666666666666667,0.5907167384187784,0.8820761185551049,30,23,0.9333333333333333,0.7867654163738308,0.9815229762087295,30,28,0.9333333333333333,0.7867654163738308,0.9815229762087295,30,28,0.0,0.0,0.0,0.0,0.9333333333333333,0.7867654163738308,0.9815229762087295,28,30,1.0,0.8864866068260312,0.9999999999999999,30,0.0,178.0,172.0,182.0,180.73333333333332,21.360507118694915,0.11818797741808328,2499.233333333333,55.86666666666667,0.34711574074074064,0.1746296296296296,0.29733241080035655,0.1819345563041022,0.16053002515587222,0.20285591485669452,0.017779639611609187,2.2726799600943286,111.3,0.21845792423156477,-0.0053890152606468796,0.01799120270160223,4.156005681568939,0.6818958901332735,0.8333333333333334,3.640291765495045
38,a=5 k=0.2,30,5.0,0.2,4.0,,,,0,0,,,,0,0,,,,0,0,1.0,0.8864866068260312,0.9999999999999999,30,30,1.0,0.8864866068260312,0.9999999999999999,30,30,1.0,0.8864866068260312,0.9999999999999999,30,30,1.0,0.8864866068260312,0.9999999999999999,30,30,0.43333333333333335,0.2737748557646652,0.6080269299918639,30,13,1.0,0.8864866068260312,0.9999999999999999,30,30,0.4,0.24590628116801852,0.5767963974667752,30,12,1.0,0.8864866068260312,0.9999999999999999,30,30,1.0,0.8864866068260312,0.9999999999999999,30,30,1.0,0.8864866068260312,0.9999999999999999,30,30,1.0,0.8864866068260312,0.9999999999999999,30,30,0.0,0.0,0.11351339317396876,30,0,1.0,0.8864866068260312,0.9999999999999999,30,30,1.0,0.8864866068260312,0.9999999999999999,30,30,0.0,0.0,0.11351339317396876,30,0,0.6,0.42320360253322475,0.7540937188319815,30,18,1.0,0.8864866068260312,0.9999999999999999,30,30,1.0,0.8864866068260312,0.9999999999999999,30,30,0.0,0.0,0.0,0.0,1.0,0.8864866068260312,0.9999999999999999,30,30,1.0,0.8864866068260312,0.9999999999999999,30,0.0,173.0,168.0,176.0,176.76666666666668,20.17797251243652,0.11415032535792863,2624.7,58.333333333333336,0.36454166666666665,0.1381111111111111,0.28944651031165947,0.17359896125877716,0.14416041538698768,0.19437504870519495,0.016243493035901977,2.0544054831153513,108.13333333333334,0.21901507787842842,-0.005604693922404577,0.016493073649903284,4.046387403736461,0.7037743923667829,0.6666666666666666,5.940703158969358
39,a=5 k=0.3,30,5.0,0.3,4.0,,,,0,0,,,,0,0,,,,0,0,0.3333333333333333,0.19230498083676134,0.5121994835545616,30,10,1.0,0.8864866068260312,0.9999999999999999,30,30,1.0,0.8864866068260312,0.9999999999999999,30,30,1.0,0.8864866068260312,0.9999999999999999,30,30,0.23333333333333334,0.11792388144489496,0.40928326158122164,30,7,1.0,0.8864866068260312,0.9999999999999999,30,30,0.4,0.24590628116801852,0.5767963974667752,30,12,1.0,0.8864866068260312,0.9999999999999999,30,30,1.0,0.8864866068260312,0.9999999999999999,30,30,1.0,0.8864866068260312,0.9999999999999999,30,30,0.9333333333333333,0.7867654163738308,0.9815229762087295,30,28,0.0,0.0,0.11351339317396876,30,0,0.9333333333333333,0.7867654163738308,0.9815229762087295,30,28,0.13333333333333333,0.053096554840547455,0.296813266820363,30,4,0.0,0.0,0.11351339317396876,30,0,0.6666666666666666,0.4878005164454384,0.8076950191632386,30,20,0.3333333333333333,0.19230498083676134,0.5121994835545616,30,10,0.3333333333333333,0.19230498083676134,0.5121994835545616,30,10,0.0,0.0,0.0,0.0,0.3333333333333333,0.19230498083676134,0.5121994835545616,10,30,1.0,0.8864866068260312,0.9999999999999999,30,0.0,183.0,179.0,188.0,183.16666666666666,11.014358444958244,0.06013298514080934,2906.8,61.36666666666667,0.4037222222222222,0.06388888888888886,0.2644392536877371,0.15775933263869302,0.110656020539605,0.17630043825013206,0.023046712428385945,2.002676922086448,109.96666666666667,0.22264706754988176,-0.004950884003079933,0.023243604983306847,3.8847232529167726,0.7883359553667711,0.6,5.39145769638917
40,a=6 k=0,30,6.0,0.0,4.0,,,,0,0,,,,0,0,,,,0,0,1.0,0.8864866068260312,0.9999999999999999,30,30,0.6666666666666666,0.4878005164454384,0.8076950191632386,30,20,1.0,0.8864866068260312,0.9999999999999999,30,30,1.0,0.8864866068260312,0.9999999999999999,30,30,0.2,0.0950510717728987,0.3730569641314825,30,6,1.0,0.8864866068260312,0.9999999999999999,30,30,0.26666666666666666,0.14182663319596317,0.4444796169518888,30,8,1.0,0.8864866068260312,0.9999999999999999,30,30,0.9666666666666667,0.8332960900859082,0.9940914096183874,30,29,1.0,0.8864866068260312,0.9999999999999999,30,30,1.0,0.8864866068260312,0.9999999999999999,30,30,0.0,0.0,0.11351339317396876,30,0,1.0,0.8864866068260312,0.9999999999999999,30,30,1.0,0.8864866068260312,0.9999999999999999,30,30,0.0,0.0,0.11351339317396876,30,0,0.7666666666666667,0.5907167384187784,0.8820761185551049,30,23,0.6333333333333333,0.4551356365479487,0.7812607919389929,30,19,0.6333333333333333,0.4551356365479487,0.7812607919389929,30,19,0.0,0.0,0.0,0.0,0.6333333333333333,0.4551356365479487,0.7812607919389929,19,30,1.0,0.8864866068260312,0.9999999999999999,30,0.0,186.0,176.0,198.0,207.4,87.3536608790125,0.42118447868376324,2103.3333333333335,61.2,0.2921296296296296,0.5485185185185185,0.2577265573824154,0.1738924800764,0.6923806723043723,0.22903872127381028,0.010813173276553949,2.396310727273135,108.03333333333333,0.19411732336857976,-0.0034358507195090798,0.011163161470316686,26.28149338843244,0.5888729442666469,0.7666666666666667,6.850539034081279
41,a=6 k=0.05,30,6.0,0.05,4.0,,,,0,0,,,,0,0,,,,0,0,1.0,0.8864866068260312,0.9999999999999999,30,30,0.9666666666666667,0.8332960900859082,0.9940914096183874,30,29,1.0,0.8864866068260312,0.9999999999999999,30,30,1.0,0.8864866068260312,0.9999999999999999,30,30,0.5333333333333333,0.36142299619873297,0.6976761109230025,30,16,1.0,0.8864866068260312,0.9999999999999999,30,30,0.26666666666666666,0.14182663319596317,0.4444796169518888,30,8,1.0,0.8864866068260312,0.9999999999999999,30,30,1.0,0.8864866068260312,0.9999999999999999,30,30,1.0,0.8864866068260312,0.9999999999999999,30,30,1.0,0.8864866068260312,0.9999999999999999,30,30,0.0,0.0,0.11351339317396876,30,0,1.0,0.8864866068260312,0.9999999999999999,30,30,1.0,0.8864866068260312,0.9999999999999999,30,30,0.03333333333333333,0.005908590381612455,0.16670390991409173,30,1,0.8,0.6269430358685175,0.9049489282271013,30,24,0.9666666666666667,0.8332960900859082,0.9940914096183874,30,29,0.9666666666666667,0.8332960900859082,0.9940914096183874,30,29,0.0,0.0,0.0,0.0,0.9666666666666667,0.8332960900859082,0.9940914096183874,29,30,1.0,0.8864866068260312,0.9999999999999999,30,0.0,168.0,160.0,185.0,175.2,18.364884032229593,0.10482239744423284,2140.1,54.0,0.2972361111111111,0.4291481481481481,0.28287295352813774,0.1996518831741045,0.5572891768044563,0.23307110364158642,0.00964266698245363,2.3009663160994083,109.43333333333334,0.19823448671345165,-0.00586847951775822,0.009890709588701722,8.694404723322979,0.570254308433141,0.9,6.5162043814040915
42,a=6 k=0.1,30,6.0,0.1,4.0,,,,0,0,,,,0,0,,,,0,0,1.0,0.8864866068260312,0.9999999999999999,30,30,0.9333333333333333,0.7867654163738308,0.9815229762087295,30,28,1.0,0.8864866068260312,0.9999999999999999,30,30,1.0,0.8864866068260312,0.9999999999999999,30,30,0.5,0.33154125640533766,0.6684587435946623,30,15,1.0,0.8864866068260312,0.9999999999999999,30,30,0.23333333333333334,0.11792388144489496,0.40928326158122164,30,7,1.0,0.8864866068260312,0.9999999999999999,30,30,1.0,0.8864866068260312,0.9999999999999999,30,30,1.0,0.8864866068260312,0.9999999999999999,30,30,1.0,0.8864866068260312,0.9999999999999999,30,30,0.0,0.0,0.11351339317396876,30,0,1.0,0.8864866068260312,0.9999999999999999,30,30,1.0,0.8864866068260312,0.9999999999999999,30,30,0.03333333333333333,0.005908590381612455,0.16670390991409173,30,1,0.8,0.6269430358685175,0.9049489282271013,30,24,0.9333333333333333,0.7867654163738308,0.9815229762087295,30,28,0.9333333333333333,0.7867654163738308,0.9815229762087295,30,28,0.0,0.0,0.0,0.0,0.9333333333333333,0.7867654163738308,0.9815229762087295,28,30,1.0,0.8864866068260312,0.9999999999999999,30,0.0,174.0,167.0,179.0,172.9,11.952059409906354,0.06912700641935428,2216.7,55.56666666666667,0.30787500000000007,0.3287407407407407,0.2970288903719545,0.20109135707974365,0.3517630305401844,0.22715589680227105,0.010707235919138742,2.1623439896339334,111.03333333333333,0.206981740591111,-0.005775401994592186,0.010867207038308653,5.637246850148829,0.5989021824335092,0.7666666666666667,5.05475763144423
43,a=6 k=0.125,30,6.0,0.125,4.0,,,,0,0,,,,0,0,,,,0,0,1.0,0.8864866068260312,0.9999999999999999,30,30,1.0,0.8864866068260312,0.9999999999999999,30,30,1.0,0.8864866068260312,0.9999999999999999,30,30,1.0,0.8864866068260312,0.9999999999999999,30,30,0.43333333333333335,0.2737748557646652,0.6080269299918639,30,13,1.0,0.8864866068260312,0.9999999999999999,30,30,0.23333333333333334,0.11792388144489496,0.40928326158122164,30,7,1.0,0.8864866068260312,0.9999999999999999,30,30,1.0,0.8864866068260312,0.9999999999999999,30,30,1.0,0.8864866068260312,0.9999999999999999,30,30,1.0,0.8864866068260312,0.9999999999999999,30,30,0.0,0.0,0.11351339317396876,30,0,1.0,0.8864866068260312,0.9999999999999999,30,30,1.0,0.8864866068260312,0.9999999999999999,30,30,0.0,0.0,0.11351339317396876,30,0,0.8,0.6269430358685175,0.9049489282271013,30,24,1.0,0.8864866068260312,0.9999999999999999,30,30,1.0,0.8864866068260312,0.9999999999999999,30,30,0.0,0.0,0.0,0.0,1.0,0.8864866068260312,0.9999999999999999,30,30,1.0,0.8864866068260312,0.9999999999999999,30,0.0,173.0,166.0,182.0,175.2,16.99371080419317,0.09699606623397929,2251.9,54.93333333333333,0.3127638888888889,0.28218518518518515,0.3053978968908767,0.2026403781486694,0.2699160313987454,0.2261197570884529,0.012421700421423845,2.24846675711192,109.13333333333334,0.21030155921187496,-0.005683884944009126,0.012600678872200625,4.921075698032805,0.6094486427998466,0.8333333333333334,5.787819155322032
44,a=6 k=0.15,30,6.0,0.15,4.0,,,,0,0,,,,0,0,,,,0,0,1.0,0.8864866068260312,0.9999999999999999,30,30,0.9,0.7437891742081593,0.9654001112526658,30,27,1.0,0.8864866068260312,0.9999999999999999,30,30,1.0,0.8864866068260312,0.9999999999999999,30,30,0.5666666666666667,0.3919730700081361,0.7262251442353347,30,17,1.0,0.8864866068260312,0.9999999999999999,30,30,0.36666666666666664,0.21873920806100708,0.5448643634520511,30,11,1.0,0.8864866068260312,0.9999999999999999,30,30,1.0,0.8864866068260312,0.9999999999999999,30,30,1.0,0.8864866068260312,0.9999999999999999,30,30,1.0,0.8864866068260312,0.9999999999999999,30,30,0.0,0.0,0.11351339317396876,30,0,1.0,0.8864866068260312,0.9999999999999999,30,30,1.0,0.8864866068260312,0.9999999999999999,30,30,0.03333333333333333,0.005908590381612455,0.16670390991409173,30,1,0.7666666666666667,0.5907167384187784,0.8820761185551049,30,23,0.9,0.7437891742081593,0.9654001112526658,30,27,0.9,0.7437891742081593,0.9654001112526658,30,27,0.0,0.0,0.0,0.0,0.9,0.7437891742081593,0.9654001112526658,27,30,1.0,0.8864866068260312,0.9999999999999999,30,0.0,172.0,164.0,176.0,169.23333333333332,10.95030572186452,0.0647053716084175,2346.233333333333,54.166666666666664,0.32586574074074076,0.23677777777777775,0.3017156735361411,0.19323083788825732,0.2114750383261219,0.21628004055718522,0.01466234287348687,2.1931160431647307,110.03333333333333,0.21428545773973495,-0.005918298506802777,0.01488997494456545,4.463837528649348,0.6672676952666734,0.7666666666666667,3.528048530956116
45,a=6 k=0.175,30,6.0,0.175,4.0,,,,0,0,,,,0,0,,,,0,0,1.0,0.8864866068260312,0.9999999999999999,30,30,0.9333333333333333,0.7867654163738308,0.9815229762087295,30,28,1.0,0.8864866068260312,0.9999999999999999,30,30,1.0,0.8864866068260312,0.9999999999999999,30,30,0.4,0.24590628116801852,0.5767963974667752,30,12,1.0,0.8864866068260312,0.9999999999999999,30,30,0.3,0.16664748268243793,0.47875787458714947,30,9,1.0,0.8864866068260312,0.9999999999999999,30,30,1.0,0.8864866068260312,0.9999999999999999,30,30,1.0,0.8864866068260312,0.9999999999999999,30,30,1.0,0.8864866068260312,0.9999999999999999,30,30,0.0,0.0,0.11351339317396876,30,0,1.0,0.8864866068260312,0.9999999999999999,30,30,1.0,0.8864866068260312,0.9999999999999999,30,30,0.0,0.0,0.11351339317396876,30,0,0.7333333333333333,0.555520383048111,0.8581733668040368,30,22,0.9333333333333333,0.7867654163738308,0.9815229762087295,30,28,0.9333333333333333,0.7867654163738308,0.9815229762087295,30,28,0.0,0.0,0.0,0.0,0.9333333333333333,0.7867654163738308,0.9815229762087295,28,30,1.0,0.8864866068260312,0.9999999999999999,30,0.0,177.0,171.0,179.0,177.53333333333333,22.96584170148073,0.12936073057537026,2364.9333333333334,57.2,0.32846296296296296,0.20670370370370367,0.3114899758230613,0.19402084330802738,0.16393773298024286,0.21556810349475214,0.01584701630158156,2.1454370740678397,109.76666666666667,0.21214219625805372,-0.0052285177247665396,0.016037084546997683,4.132171854730535,0.6782870645666965,0.7333333333333333,4.973608509844277
46,a=6 k=0.2,30,6.0,0.2,4.0,,,,0,0,,,,0,0,,,,0,0,1.0,0.8864866068260312,0.9999999999999999,30,30,0.9666666666666667,0.8332960900859082,0.9940914096183874,30,29,1.0,0.8864866068260312,0.9999999999999999,30,30,1.0,0.8864866068260312,0.9999999999999999,30,30,0.4666666666666667,0.30232388907699753,0.638577003801267,30,14,1.0,0.8864866068260312,0.9999999999999999,30,30,0.23333333333333334,0.11792388144489496,0.40928326158122164,30,7,1.0,0.8864866068260312,0.9999999999999999,30,30,1.0,0.8864866068260312,0.9999999999999999,30,30,1.0,0.8864866068260312,0.9999999999999999,30,30,1.0,0.8864866068260312,0.9999999999999999,30,30,0.0,0.0,0.11351339317396876,30,0,1.0,0.8864866068260312,0.9999999999999999,30,30,1.0,0.8864866068260312,0.9999999999999999,30,30,0.03333333333333333,0.005908590381612455,0.16670390991409173,30,1,0.8,0.6269430358685175,0.9049489282271013,30,24,0.9666666666666667,0.8332960900859082,0.9940914096183874,30,29,0.9666666666666667,0.8332960900859082,0.9940914096183874,30,29,0.0,0.0,0.0,0.0,0.9666666666666667,0.8332960900859082,0.9940914096183874,29,30,1.0,0.8864866068260312,0.9999999999999999,30,0.0,174.0,168.0,180.0,179.66666666666666,23.122363161254075,0.1286958988567017,2431.766666666667,58.1,0.3377453703703704,0.17848148148148146,0.30940903779565704,0.1898203828517319,0.14085316839359552,0.2095393540537462,0.016669077850032347,2.1227352120620138,108.4,0.21498829087190266,-0.0056817704934086,0.01685245384071399,3.953930440052031,0.751566943133245,0.7666666666666667,4.966091920768004
47,a=6 k=0.3,30,6.0,0.3,4.0,,,,0,0,,,,0,0,,,,0,0,0.9,0.7437891742081593,0.9654001112526658,30,27,0.9333333333333333,0.7867654163738308,0.9815229762087295,30,28,1.0,0.8864866068260312,0.9999999999999999,30,30,1.0,0.8864866068260312,0.9999999999999999,30,30,0.2,0.0950510717728987,0.3730569641314825,30,6,1.0,0.8864866068260312,0.9999999999999999,30,30,0.6,0.42320360253322475,0.7540937188319815,30,18,1.0,0.8864866068260312,0.9999999999999999,30,30,1.0,0.8864866068260312,0.9999999999999999,30,30,1.0,0.8864866068260312,0.9999999999999999,30,30,0.9,0.7437891742081593,0.9654001112526658,30,27,0.0,0.0,0.11351339317396876,30,0,0.9,0.7437891742081593,0.9654001112526658,30,27,0.3,0.16664748268243793,0.47875787458714947,30,9,0.06666666666666667,0.018477023791270378,0.2132345836261692,30,2,0.6,0.42320360253322475,0.7540937188319815,30,18,0.7333333333333333,0.555520383048111,0.8581733668040368,30,22,0.7333333333333333,0.555520383048111,0.8581733668040368,30,22,0.0,0.0,0.0,0.0,0.7333333333333333,0.555520383048111,0.8581733668040368,22,30,1.0,0.8864866068260312,0.9999999999999999,30,0.0,181.0,179.0,186.0,181.66666666666666,8.470367550276766,0.04662587642354183,2748.366666666667,62.7,0.38171759259259264,0.0855185185185185,0.28537841801676517,0.16871817120469215,0.09955418966479179,0.18677854275054318,0.0240822052485063,1.9191039585605247,109.66666666666667,0.21957007051586327,-0.004804137889459405,0.024284177404788297,3.7393238070168797,0.7750926957000653,0.5666666666666667,4.349659783234207
48,a=8 k=0,30,8.0,0.0,4.0,,,,0,0,,,,0,0,,,,0,0,1.0,0.8864866068260312,0.9999999999999999,30,30,0.5333333333333333,0.36142299619873297,0.6976761109230025,30,16,1.0,0.8864866068260312,0.9999999999999999,30,30,1.0,0.8864866068260312,0.9999999999999999,30,30,0.1,0.03459988874733419,0.25621082579184085,30,3,1.0,0.8864866068260312,0.9999999999999999,30,30,0.16666666666666666,0.0733654237184855,0.3356435050641603,30,5,1.0,0.8864866068260312,0.9999999999999999,30,30,0.6333333333333333,0.4551356365479487,0.7812607919389929,30,19,1.0,0.8864866068260312,0.9999999999999999,30,30,1.0,0.8864866068260312,0.9999999999999999,30,30,0.0,0.0,0.11351339317396876,30,0,1.0,0.8864866068260312,0.9999999999999999,30,30,1.0,0.8864866068260312,0.9999999999999999,30,30,0.0,0.0,0.11351339317396876,30,0,0.8333333333333334,0.6643564949358398,0.9266345762815145,30,25,0.3333333333333333,0.19230498083676134,0.5121994835545616,30,10,0.3333333333333333,0.19230498083676134,0.5121994835545616,30,10,0.0,0.0,0.0,0.0,0.3333333333333333,0.19230498083676134,0.5121994835545616,10,30,1.0,0.8864866068260312,0.9999999999999999,30,0.0,189.0,181.0,204.0,200.43333333333334,42.92389683544855,0.21415548063586504,1960.9,62.13333333333333,0.27234722222222224,0.5710000000000001,0.26778088764997693,0.18308420110628665,0.6811744321734512,0.2457286453321494,0.011738581594000935,2.2546031481928277,108.53333333333333,0.18100001772870788,-0.0028622852971945,0.012096002791137574,24.810960198277307,0.5658598118331913,0.7,5.475546474590669
49,a=8 k=0.05,30,8.0,0.05,4.0,,,,0,0,,,,0,0,,,,0,0,1.0,0.8864866068260312,0.9999999999999999,30,30,0.8333333333333334,0.6643564949358398,0.9266345762815145,30,25,1.0,0.8864866068260312,0.9999999999999999,30,30,1.0,0.8864866068260312,0.9999999999999999,30,30,0.3,0.16664748268243793,0.47875787458714947,30,9,1.0,0.8864866068260312,0.9999999999999999,30,30,0.3333333333333333,0.19230498083676134,0.5121994835545616,30,10,1.0,0.8864866068260312,0.9999999999999999,30,30,1.0,0.8864866068260312,0.9999999999999999,30,30,0.9666666666666667,0.8332960900859082,0.9940914096183874,30,29,1.0,0.8864866068260312,0.9999999999999999,30,30,0.0,0.0,0.11351339317396876,30,0,1.0,0.8864866068260312,0.9999999999999999,30,30,1.0,0.8864866068260312,0.9999999999999999,30,30,0.0,0.0,0.11351339317396876,30,0,0.8,0.6269430358685175,0.9049489282271013,30,24,0.8333333333333334,0.6643564949358398,0.9266345762815145,30,25,0.8333333333333334,0.6643564949358398,0.9266345762815145,30,25,0.0,0.0,0.0,0.0,0.8333333333333334,0.6643564949358398,0.9266345762815145,25,30,1.0,0.8864866068260312,0.9999999999999999,30,0.0,184.0,168.0,190.0,181.26666666666668,22.631886771777886,0.1248541013522134,1993.2333333333333,55.5,0.276837962962963,0.46614814814814814,0.29103490525993936,0.2117210786507418,0.5569040703716819,0.24986859776907053,0.01021280298865556,2.3484290718454597,109.6,0.18840223284622284,-0.0049339303323740775,0.010532869621273111,8.660887146373907,0.5772553511666653,0.7333333333333333,5.256195031284185
50,a=8 k=0.1,30,8.0,0.1,4.0,,,,0,0,,,,0,0,,,,0,0,1.0,0.8864866068260312,0.9999999999999999,30,30,0.9333333333333333,0.7867654163738308,0.9815229762087295,30,28,1.0,0.8864866068260312,0.9999999999999999,30,30,1.0,0.8864866068260312,0.9999999999999999,30,30,0.43333333333333335,0.2737748557646652,0.6080269299918639,30,13,1.0,0.8864866068260312,0.9999999999999999,30,30,0.36666666666666664,0.21873920806100708,0.5448643634520511,30,11,1.0,0.8864866068260312,0.9999999999999999,30,30,0.9333333333333333,0.7867654163738308,0.9815229762087295,30,28,1.0,0.8864866068260312,0.9999999999999999,30,30,1.0,0.8864866068260312,0.9999999999999999,30,30,0.0,0.0,0.11351339317396876,30,0,1.0,0.8864866068260312,0.9999999999999999,30,30,1.0,0.8864866068260312,0.9999999999999999,30,30,0.0,0.0,0.11351339317396876,30,0,0.8,0.6269430358685175,0.9049489282271013,30,24,0.8666666666666667,0.703186733179637,0.9469034451594526,30,26,0.8666666666666667,0.703186733179637,0.9469034451594526,30,26,0.0,0.0,0.0,0.0,0.8666666666666667,0.703186733179637,0.9469034451594526,26,30,1.0,0.8864866068260312,0.9999999999999999,30,0.0,174.0,165.0,180.0,174.8,17.355114519933313,0.09928555217353154,2057.0666666666666,54.4,0.2857037037037037,0.37796296296296295,0.3085284415830151,0.21676452645567074,0.3640718434179006,0.24604264810013862,0.011254782638811356,2.2944870098276153,110.46666666666667,0.19685391430439314,-0.005231663799487821,0.011535111843245367,5.75472363941833,0.5892602781000581,0.7666666666666667,5.519453579485197
51,a=8 k=0.125,30,8.0,0.125,4.0,,,,0,0,,,,0,0,,,,0,0,1.0,0.8864866068260312,0.9999999999999999,30,30,0.9,0.7437891742081593,0.9654001112526658,30,27,1.0,0.8864866068260312,0.9999999999999999,30,30,1.0,0.8864866068260312,0.9999999999999999,30,30,0.3,0.16664748268243793,0.47875787458714947,30,9,1.0,0.8864866068260312,0.9999999999999999,30,30,0.2,0.0950510717728987,0.3730569641314825,30,6,1.0,0.8864866068260312,0.9999999999999999,30,30,0.9666666666666667,0.8332960900859082,0.9940914096183874,30,29,1.0,0.8864866068260312,0.9999999999999999,30,30,1.0,0.8864866068260312,0.9999999999999999,30,30,0.0,0.0,0.11351339317396876,30,0,1.0,0.8864866068260312,0.9999999999999999,30,30,1.0,0.8864866068260312,0.9999999999999999,30,30,0.0,0.0,0.11351339317396876,30,0,0.8666666666666667,0.703186733179637,0.9469034451594526,30,26,0.9,0.7437891742081593,0.9654001112526658,30,27,0.9,0.7437891742081593,0.9654001112526658,30,27,0.0,0.0,0.0,0.0,0.9,0.7437891742081593,0.9654001112526658,27,30,1.0,0.8864866068260312,0.9999999999999999,30,0.0,180.0,170.0,192.0,186.56666666666666,31.685614416001787,0.169835346164026,2098.266666666667,51.06666666666667,0.2914259259259259,0.3377777777777778,0.31087866129561514,0.2136431327483678,0.28388732757157026,0.2413043158348441,0.014437947627068447,2.7699892932017534,108.43333333333334,0.19903507705070486,-0.005216385904498687,0.014741195777060487,5.003196136605701,0.5955508540667628,0.8333333333333334,5.88793818683196
52,a=8 k=0.15,30,8.0,0.15,4.0,,,,0,0,,,,0,0,,,,0,0,1.0,0.8864866068260312,0.9999999999999999,30,30,0.9333333333333333,0.7867654163738308,0.9815229762087295,30,28,1.0,0.8864866068260312,0.9999999999999999,30,30,1.0,0.8864866068260312,0.9999999999999999,30,30,0.4666666666666667,0.30232388907699753,0.638577003801267,30,14,1.0,0.8864866068260312,0.9999999999999999,30,30,0.5666666666666667,0.3919730700081361,0.7262251442353347,30,17,1.0,0.8864866068260312,0.9999999999999999,30,30,0.9,0.7437891742081593,0.9654001112526658,30,27,0.9,0.7437891742081593,0.9654001112526658,30,27,1.0,0.8864866068260312,0.9999999999999999,30,30,0.0,0.0,0.11351339317396876,30,0,1.0,0.8864866068260312,0.9999999999999999,30,30,1.0,0.8864866068260312,0.9999999999999999,30,30,0.03333333333333333,0.005908590381612455,0.16670390991409173,30,1,0.8666666666666667,0.703186733179637,0.9469034451594526,30,26,0.8333333333333334,0.6643564949358398,0.9266345762815145,30,25,0.8333333333333334,0.6643564949358398,0.9266345762815145,30,25,0.0,0.0,0.0,0.0,0.8333333333333334,0.6643564949358398,0.9266345762815145,25,30,1.0,0.8864866068260312,0.9999999999999999,30,0.0,172.0,168.0,176.0,177.53333333333333,29.983597048286633,0.16888995708760776,2142.0333333333333,57.8,0.29750462962962965,0.3008888888888889,0.31680654175879647,0.21295394826559766,0.22488231831675784,0.23794850871683332,0.01150084450342183,2.0982278232239535,110.23333333333333,0.2060940405278607,-0.004947359434175774,0.011665948982478198,4.558536689240946,0.5981439920665556,0.6666666666666666,4.182750566176589
53,a=8 k=0.175,30,8.0,0.175,4.0,,,,0,0,,,,0,0,,,,0,0,1.0,0.8864866068260312,0.9999999999999999,30,30,0.9,0.7437891742081593,0.9654001112526658,30,27,1.0,0.8864866068260312,0.9999999999999999,30,30,1.0,0.8864866068260312,0.9999999999999999,30,30,0.43333333333333335,0.2737748557646652,0.6080269299918639,30,13,1.0,0.8864866068260312,0.9999999999999999,30,30,0.3,0.16664748268243793,0.47875787458714947,30,9,1.0,0.8864866068260312,0.9999999999999999,30,30,1.0,0.8864866068260312,0.9999999999999999,30,30,1.0,0.8864866068260312,0.9999999999999999,30,30,1.0,0.8864866068260312,0.9999999999999999,30,30,0.0,0.0,0.11351339317396876,30,0,1.0,0.8864866068260312,0.9999999999999999,30,30,1.0,0.8864866068260312,0.9999999999999999,30,30,0.0,0.0,0.11351339317396876,30,0,0.6666666666666666,0.4878005164454384,0.8076950191632386,30,20,0.9,0.7437891742081593,0.9654001112526658,30,27,0.9,0.7437891742081593,0.9654001112526658,30,27,0.0,0.0,0.0,0.0,0.9,0.7437891742081593,0.9654001112526658,27,30,1.0,0.8864866068260312,0.9999999999999999,30,0.0,175.0,168.0,186.0,178.26666666666668,12.621638052425554,0.07080200852145972,2244.8333333333335,54.733333333333334,0.31178240740740737,0.25355555555555553,0.31410472339237894,0.204542738718778,0.17659954888195795,0.22673464472742755,0.014851153146427026,2.283496545803305,111.53333333333333,0.20561318954970015,-0.005161229056797893,0.015063208212254348,4.2275562815849295,0.6657253825664157,0.9333333333333333,4.02349422108774
54,a=8 k=0.2,30,8.0,0.2,4.0,,,,0,0,,,,0,0,,,,0,0,1.0,0.8864866068260312,0.9999999999999999,30,30,0.9333333333333333,0.7867654163738308,0.9815229762087295,30,28,1.0,0.8864866068260312,0.9999999999999999,30,30,1.0,0.8864866068260312,0.9999999999999999,30,30,0.6,0.42320360253322475,0.7540937188319815,30,18,1.0,0.8864866068260312,0.9999999999999999,30,30,0.26666666666666666,0.14182663319596317,0.4444796169518888,30,8,1.0,0.8864866068260312,0.9999999999999999,30,30,1.0,0.8864866068260312,0.9999999999999999,30,30,1.0,0.8864866068260312,0.9999999999999999,30,30,1.0,0.8864866068260312,0.9999999999999999,30,30,0.0,0.0,0.11351339317396876,30,0,1.0,0.8864866068260312,0.9999999999999999,30,30,1.0,0.8864866068260312,0.9999999999999999,30,30,0.0,0.0,0.11351339317396876,30,0,0.8666666666666667,0.703186733179637,0.9469034451594526,30,26,0.9333333333333333,0.7867654163738308,0.9815229762087295,30,28,0.9333333333333333,0.7867654163738308,0.9815229762087295,30,28,0.0,0.0,0.0,0.0,0.9333333333333333,0.7867654163738308,0.9815229762087295,28,30,1.0,0.8864866068260312,0.9999999999999999,30,0.0,172.0,168.0,180.0,175.13333333333333,14.86197029062904,0.08486088860275433,2296.766666666667,56.06666666666667,0.31899537037037035,0.22366666666666662,0.31553456128281854,0.1999406797733103,0.14542577444828883,0.22240121175996633,0.017399397402527154,2.1580754959603494,110.63333333333334,0.21069555939082865,-0.005423580344497983,0.017568936948030522,4.002434631641263,0.6509789687001709,0.8666666666666667,4.421603183534642
55,a=8 k=0.3,30,8.0,0.3,4.0,,,,0,0,,,,0,0,,,,0,0,1.0,0.8864866068260312,0.9999999999999999,30,30,0.9,0.7437891742081593,0.9654001112526658,30,27,1.0,0.8864866068260312,0.9999999999999999,30,30,1.0,0.8864866068260312,0.9999999999999999,30,30,0.16666666666666666,0.0733654237184855,0.3356435050641603,30,5,1.0,0.8864866068260312,0.9999999999999999,30,30,0.43333333333333335,0.2737748557646652,0.6080269299918639,30,13,1.0,0.8864866068260312,0.9999999999999999,30,30,1.0,0.8864866068260312,0.9999999999999999,30,30,1.0,0.8864866068260312,0.9999999999999999,30,30,0.6333333333333333,0.4551356365479487,0.7812607919389929,30,19,0.0,0.0,0.11351339317396876,30,0,0.6333333333333333,0.4551356365479487,0.7812607919389929,30,19,0.7333333333333333,0.555520383048111,0.8581733668040368,30,22,0.03333333333333333,0.005908590381612455,0.16670390991409173,30,1,0.9333333333333333,0.7867654163738308,0.9815229762087295,30,28,0.5333333333333333,0.36142299619873297,0.6976761109230025,30,16,0.5333333333333333,0.36142299619873297,0.6976761109230025,30,16,0.0,0.0,0.0,0.0,0.5333333333333333,0.36142299619873297,0.6976761109230025,16,30,1.0,0.8864866068260312,0.9999999999999999,30,0.0,188.0,178.0,192.0,186.16666666666666,11.738775514282258,0.0630551952423398,2531.733333333333,62.766666666666666,0.3516296296296296,0.1277407407407407,0.308743967395687,0.1839699857857643,0.09078518576173703,0.20345272769926462,0.02343662347238109,1.9825067615893697,109.86666666666666,0.21501530082440512,-0.0043955699891162735,0.023608223418833053,3.6010659546077703,0.699288488333453,0.6666666666666666,3.3500729105121168
56,a=4 k=0 p=2,30,4.0,0.0,2.0,,,,0,0,,,,0,0,,,,0,0,1.0,0.8864866068260312,0.9999999999999999,30,30,0.9,0.7437891742081593,0.9654001112526658,30,27,1.0,0.8864866068260312,0.9999999999999999,30,30,1.0,0.8864866068260312,0.9999999999999999,30,30,0.26666666666666666,0.14182663319596317,0.4444796169518888,30,8,1.0,0.8864866068260312,0.9999999999999999,30,30,0.3333333333333333,0.19230498083676134,0.5121994835545616,30,10,1.0,0.8864866068260312,0.9999999999999999,30,30,0.9,0.7437891742081593,0.9654001112526658,30,27,1.0,0.8864866068260312,0.9999999999999999,30,30,1.0,0.8864866068260312,0.9999999999999999,30,30,0.0,0.0,0.11351339317396876,30,0,1.0,0.8864866068260312,0.9999999999999999,30,30,1.0,0.8864866068260312,0.9999999999999999,30,30,0.03333333333333333,0.005908590381612455,0.16670390991409173,30,1,0.7333333333333333,0.555520383048111,0.8581733668040368,30,22,0.8,0.6269430358685175,0.9049489282271013,30,24,0.8,0.6269430358685175,0.9049489282271013,30,24,0.0,0.0,0.0,0.0,0.8,0.6269430358685175,0.9049489282271013,24,30,1.0,0.8864866068260312,0.9999999999999999,30,0.0,182.0,173.0,193.0,189.23333333333332,29.788545974323213,0.15741701237091713,2323.3,59.3,0.3226805555555555,0.5132592592592592,0.24540338556948424,0.15884030350734618,0.7048676890481315,0.2068435204603981,0.010380362230067827,2.235439760142327,109.36666666666666,0.2032591900093537,-0.004252548412493846,0.01067381640393136,27.87103152522006,0.6020698003669167,0.7,5.397849720879177
57,a=4 k=0.05 p=2,30,4.0,0.05,2.0,,,,0,0,,,,0,0,,,,0,0,1.0,0.8864866068260312,0.9999999999999999,30,30,0.9666666666666667,0.8332960900859082,0.9940914096183874,30,29,1.0,0.8864866068260312,0.9999999999999999,30,30,1.0,0.8864866068260312,0.9999999999999999,30,30,0.7333333333333333,0.555520383048111,0.8581733668040368,30,22,1.0,0.8864866068260312,0.9999999999999999,30,30,0.5,0.33154125640533766,0.6684587435946623,30,15,1.0,0.8864866068260312,0.9999999999999999,30,30,1.0,0.8864866068260312,0.9999999999999999,30,30,1.0,0.8864866068260312,0.9999999999999999,30,30,1.0,0.8864866068260312,0.9999999999999999,30,30,0.0,0.0,0.11351339317396876,30,0,1.0,0.8864866068260312,0.9999999999999999,30,30,1.0,0.8864866068260312,0.9999999999999999,30,30,0.0,0.0,0.11351339317396876,30,0,0.7666666666666667,0.5907167384187784,0.8820761185551049,30,23,0.9666666666666667,0.8332960900859082,0.9940914096183874,30,29,0.9666666666666667,0.8332960900859082,0.9940914096183874,30,29,0.0,0.0,0.0,0.0,0.9666666666666667,0.8332960900859082,0.9940914096183874,29,30,1.0,0.8864866068260312,0.9999999999999999,30,0.0,164.0,160.0,168.0,168.9,17.159193775771715,0.10159380565880234,2433.9666666666667,51.833333333333336,0.3380509259259259,0.34700000000000003,0.2645431389894621,0.1752471446836252,0.5484577203639607,0.20472174247694921,0.012248598328929274,2.3371459370275,110.4,0.2158493484933167,-0.006286834069197481,0.012567286501320173,8.443958648643399,0.6785468342333842,0.8333333333333334,5.000689607616548
58,a=4 k=0.1 p=2,30,4.0,0.1,2.0,,,,0,0,,,,0,0,,,,0,0,1.0,0.8864866068260312,0.9999999999999999,30,30,0.9666666666666667,0.8332960900859082,0.9940914096183874,30,29,1.0,0.8864866068260312,0.9999999999999999,30,30,1.0,0.8864866068260312,0.9999999999999999,30,30,0.6666666666666666,0.4878005164454384,0.8076950191632386,30,20,1.0,0.8864866068260312,0.9999999999999999,30,30,0.4,0.24590628116801852,0.5767963974667752,30,12,1.0,0.8864866068260312,0.9999999999999999,30,30,1.0,0.8864866068260312,0.9999999999999999,30,30,1.0,0.8864866068260312,0.9999999999999999,30,30,1.0,0.8864866068260312,0.9999999999999999,30,30,0.0,0.0,0.11351339317396876,30,0,1.0,0.8864866068260312,0.9999999999999999,30,30,1.0,0.8864866068260312,0.9999999999999999,30,30,0.0,0.0,0.11351339317396876,30,0,0.5333333333333333,0.36142299619873297,0.6976761109230025,30,16,0.9666666666666667,0.8332960900859082,0.9940914096183874,30,29,0.9666666666666667,0.8332960900859082,0.9940914096183874,30,29,0.0,0.0,0.0,0.0,0.9666666666666667,0.8332960900859082,0.9940914096183874,29,30,1.0,0.8864866068260312,0.9999999999999999,30,0.0,170.0,164.0,175.0,175.56666666666666,24.65581463676061,0.14043562542297672,2611.9,56.63333333333333,0.36276388888888894,0.2275555555555555,0.26841664691084405,0.17006654393144965,0.3366495311404074,0.1930673317291086,0.010901216197602835,2.1342227248752894,110.83333333333333,0.2242701654346996,-0.005906828129210539,0.011151079430215517,5.524646562050162,0.727921658633386,0.7666666666666667,4.526423063206359
59,a=4 k=0.125 p=2,30,4.0,0.125,2.0,,,,0,0,,,,0,0,,,,0,0,1.0,0.8864866068260312,0.9999999999999999,30,30,1.0,0.8864866068260312,0.9999999999999999,30,30,1.0,0.8864866068260312,0.9999999999999999,30,30,1.0,0.8864866068260312,0.9999999999999999,30,30,0.6666666666666666,0.4878005164454384,0.8076950191632386,30,20,1.0,0.8864866068260312,0.9999999999999999,30,30,0.4,0.24590628116801852,0.5767963974667752,30,12,1.0,0.8864866068260312,0.9999999999999999,30,30,1.0,0.8864866068260312,0.9999999999999999,30,30,1.0,0.8864866068260312,0.9999999999999999,30,30,1.0,0.8864866068260312,0.9999999999999999,30,30,0.0,0.0,0.11351339317396876,30,0,1.0,0.8864866068260312,0.9999999999999999,30,30,1.0,0.8864866068260312,0.9999999999999999,30,30,0.0,0.0,0.11351339317396876,30,0,0.6,0.42320360253322475,0.7540937188319815,30,18,1.0,0.8864866068260312,0.9999999999999999,30,30,1.0,0.8864866068260312,0.9999999999999999,30,30,0.0,0.0,0.0,0.0,1.0,0.8864866068260312,0.9999999999999999,30,30,1.0,0.8864866068260312,0.9999999999999999,30,0.0,170.0,164.0,174.0,169.96666666666667,10.213187328268235,0.060089354745645626,2724.9333333333334,55.8,0.37846296296296295,0.17377777777777773,0.26560012174609565,0.1626045042460499,0.2551796396422827,0.18491722178104233,0.011933247547499044,2.083504015810608,108.5,0.22601153999687715,-0.006594127795728388,0.012120974099541559,4.921680854771726,0.7633526064333637,0.7,5.393162977006325
60,a=4 k=0.15 p=2,30,4.0,0.15,2.0,,,,0,0,,,,0,0,,,,0,0,1.0,0.8864866068260312,0.9999999999999999,30,30,1.0,0.8864866068260312,0.9999999999999999,30,30,1.0,0.8864866068260312,0.9999999999999999,30,30,1.0,0.8864866068260312,0.9999999999999999,30,30,0.6333333333333333,0.4551356365479487,0.7812607919389929,30,19,1.0,0.8864866068260312,0.9999999999999999,30,30,0.3,0.16664748268243793,0.47875787458714947,30,9,1.0,0.8864866068260312,0.9999999999999999,30,30,1.0,0.8864866068260312,0.9999999999999999,30,30,1.0,0.8864866068260312,0.9999999999999999,30,30,1.0,0.8864866068260312,0.9999999999999999,30,30,0.0,0.0,0.11351339317396876,30,0,1.0,0.8864866068260312,0.9999999999999999,30,30,1.0,0.8864866068260312,0.9999999999999999,30,30,0.03333333333333333,0.005908590381612455,0.16670390991409173,30,1,0.5,0.33154125640533766,0.6684587435946623,30,15,1.0,0.8864866068260312,0.9999999999999999,30,30,1.0,0.8864866068260312,0.9999999999999999,30,30,0.0,0.0,0.0,0.0,1.0,0.8864866068260312,0.9999999999999999,30,30,1.0,0.8864866068260312,0.9999999999999999,30,0.0,172.0,163.0,176.0,171.4,13.000265249283345,0.07584752187446525,2860.866666666667,55.53333333333333,0.3973425925925926,0.13451851851851845,0.2554153297833382,0.15398287712634168,0.21727259539648724,0.1772433330641268,0.014598458950828995,2.108862513213624,109.43333333333334,0.2285452924503286,-0.00698239712467851,0.014735062313452807,4.690635101643604,0.7990900705665506,0.8333333333333334,4.446488993331266
61,a=4 k=0.175 p=2,30,4.0,0.175,2.0,,,,0,0,,,,0,0,,,,0,0,1.0,0.8864866068260312,0.9999999999999999,30,30,1.0,0.8864866068260312,0.9999999999999999,30,30,1.0,0.8864866068260312,0.9999999999999999,30,30,1.0,0.8864866068260312,0.9999999999999999,30,30,0.5666666666666667,0.3919730700081361,0.7262251442353347,30,17,1.0,0.8864866068260312,0.9999999999999999,30,30,0.36666666666666664,0.21873920806100708,0.5448643634520511,30,11,1.0,0.8864866068260312,0.9999999999999999,30,30,1.0,0.8864866068260312,0.9999999999999999,30,30,1.0,0.8864866068260312,0.9999999999999999,30,30,1.0,0.8864866068260312,0.9999999999999999,30,30,0.0,0.0,0.11351339317396876,30,0,1.0,0.8864866068260312,0.9999999999999999,30,30,1.0,0.8864866068260312,0.9999999999999999,30,30,0.03333333333333333,0.005908590381612455,0.16670390991409173,30,1,0.5333333333333333,0.36142299619873297,0.6976761109230025,30,16,1.0,0.8864866068260312,0.9999999999999999,30,30,1.0,0.8864866068260312,0.9999999999999999,30,30,0.0,0.0,0.0,0.0,1.0,0.8864866068260312,0.9999999999999999,30,30,1.0,0.8864866068260312,0.9999999999999999,30,0.0,172.0,166.0,180.0,173.53333333333333,10.861933952819005,0.06259278113418558,2994.9333333333334,54.666666666666664,0.41596296296296287,0.09862962962962961,0.24561119194469144,0.14631366865828996,0.18604433066961082,0.16938104252307687,0.017842687442863426,2.2047392608751673,109.53333333333333,0.22786489465473103,-0.006660739251671813,0.018024659966090338,4.540881400392688,0.8310181876665107,0.8666666666666667,4.666338247885397
62,a=4 k=0.2 p=2,30,4.0,0.2,2.0,,,,0,0,,,,0,0,,,,0,0,0.5,0.33154125640533766,0.6684587435946623,30,15,0.9666666666666667,0.8332960900859082,0.9940914096183874,30,29,1.0,0.8864866068260312,0.9999999999999999,30,30,1.0,0.8864866068260312,0.9999999999999999,30,30,0.6333333333333333,0.4551356365479487,0.7812607919389929,30,19,1.0,0.8864866068260312,0.9999999999999999,30,30,0.4,0.24590628116801852,0.5767963974667752,30,12,1.0,0.8864866068260312,0.9999999999999999,30,30,1.0,0.8864866068260312,0.9999999999999999,30,30,1.0,0.8864866068260312,0.9999999999999999,30,30,1.0,0.8864866068260312,0.9999999999999999,30,30,0.0,0.0,0.11351339317396876,30,0,1.0,0.8864866068260312,0.9999999999999999,30,30,0.9666666666666667,0.8332960900859082,0.9940914096183874,30,29,0.0,0.0,0.11351339317396876,30,0,0.4,0.24590628116801852,0.5767963974667752,30,12,0.4666666666666667,0.30232388907699753,0.638577003801267,30,14,0.4666666666666667,0.30232388907699753,0.638577003801267,30,14,0.0,0.0,0.0,0.0,0.4666666666666667,0.30232388907699753,0.638577003801267,14,30,1.0,0.8864866068260312,0.9999999999999999,30,0.0,172.0,165.0,176.0,172.46666666666667,10.666522987538073,0.0618468669551879,3115.9666666666667,57.36666666666667,0.43277314814814816,0.07251851851851848,0.23615492679170638,0.14107662820742004,0.1730405954014516,0.1632908093547029,0.016271103414527203,2.0280443432332684,109.5,0.22683621747095406,-0.0064571326106964665,0.01643275792353791,4.465990390549779,0.8495683719331889,0.7333333333333333,5.4756514334542565
63,a=4 k=0.3 p=2,30,4.0,0.3,2.0,,,,0,0,,,,0,0,,,,0,0,0.0,0.0,0.11351339317396876,30,0,1.0,0.8864866068260312,0.9999999999999999,30,30,1.0,0.8864866068260312,0.9999999999999999,30,30,1.0,0.8864866068260312,0.9999999999999999,30,30,0.6333333333333333,0.4551356365479487,0.7812607919389929,30,19,1.0,0.8864866068260312,0.9999999999999999,30,30,0.43333333333333335,0.2737748557646652,0.6080269299918639,30,13,1.0,0.8864866068260312,0.9999999999999999,30,30,1.0,0.8864866068260312,0.9999999999999999,30,30,1.0,0.8864866068260312,0.9999999999999999,30,30,1.0,0.8864866068260312,0.9999999999999999,30,30,0.0,0.0,0.11351339317396876,30,0,1.0,0.8864866068260312,0.9999999999999999,30,30,0.0,0.0,0.11351339317396876,30,0,0.06666666666666667,0.018477023791270378,0.2132345836261692,30,2,0.4,0.24590628116801852,0.5767963974667752,30,12,0.0,0.0,0.11351339317396876,30,0,0.0,0.0,0.11351339317396876,30,0,0.0,0.0,0.0,0.0,0.0,0.0,0.11351339317396876,0,30,1.0,0.8864866068260312,0.9999999999999999,30,0.0,172.0,170.0,179.0,176.2,13.21023636531861,0.07497296461588314,3519.9333333333334,59.266666666666666,0.4888796296296295,0.026925925925925867,0.20282812260654806,0.1299676775656607,0.18860355626273634,0.14658894668153566,0.016385616647582188,1.9962994072858988,109.63333333333334,0.227287598462963,-0.006804151740273474,0.016484657830894846,4.727513644660884,0.9749068938999093,0.7666666666666667,6.172705958538339
64,a=4 k=0 p=8,30,4.0,0.0,8.0,,,,0,0,,,,0,0,,,,0,0,1.0,0.8864866068260312,0.9999999999999999,30,30,0.9,0.7437891742081593,0.9654001112526658,30,27,1.0,0.8864866068260312,0.9999999999999999,30,30,1.0,0.8864866068260312,0.9999999999999999,30,30,0.3,0.16664748268243793,0.47875787458714947,30,9,1.0,0.8864866068260312,0.9999999999999999,30,30,0.4666666666666667,0.30232388907699753,0.638577003801267,30,14,1.0,0.8864866068260312,0.9999999999999999,30,30,0.9666666666666667,0.8332960900859082,0.9940914096183874,30,29,1.0,0.8864866068260312,0.9999999999999999,30,30,1.0,0.8864866068260312,0.9999999999999999,30,30,0.0,0.0,0.11351339317396876,30,0,1.0,0.8864866068260312,0.9999999999999999,30,30,1.0,0.8864866068260312,0.9999999999999999,30,30,0.0,0.0,0.11351339317396876,30,0,0.7333333333333333,0.555520383048111,0.8581733668040368,30,22,0.8666666666666667,0.703186733179637,0.9469034451594526,30,26,0.8666666666666667,0.703186733179637,0.9469034451594526,30,26,0.0,0.0,0.0,0.0,0.8666666666666667,0.703186733179637,0.9469034451594526,26,30,1.0,0.8864866068260312,0.9999999999999999,30,0.0,187.0,171.0,193.0,185.86666666666667,21.311698800122116,0.11466122023021225,2352.133333333333,58.6,0.32668518518518513,0.5127407407407408,0.2418341825209892,0.15601657857299905,0.7051853248852035,0.20458254730794662,0.01002717328609296,2.211286877822063,109.76666666666667,0.2049297509216031,-0.004635177125651592,0.01028582610048156,27.44148844010077,0.636445392500112,0.8,6.066774029617123
65,a=4 k=0.05 p=8,30,4.0,0.05,8.0,,,,0,0,,,,0,0,,,,0,0,1.0,0.8864866068260312,0.9999999999999999,30,30,0.9,0.7437891742081593,0.9654001112526658,30,27,1.0,0.8864866068260312,0.9999999999999999,30,30,1.0,0.8864866068260312,0.9999999999999999,30,30,0.5666666666666667,0.3919730700081361,0.7262251442353347,30,17,1.0,0.8864866068260312,0.9999999999999999,30,30,0.4666666666666667,0.30232388907699753,0.638577003801267,30,14,1.0,0.8864866068260312,0.9999999999999999,30,30,0.9666666666666667,0.8332960900859082,0.9940914096183874,30,29,0.9666666666666667,0.8332960900859082,0.9940914096183874,30,29,1.0,0.8864866068260312,0.9999999999999999,30,30,0.0,0.0,0.11351339317396876,30,0,1.0,0.8864866068260312,0.9999999999999999,30,30,1.0,0.8864866068260312,0.9999999999999999,30,30,0.0,0.0,0.11351339317396876,30,0,0.7,0.5212421254128504,0.8333525173175619,30,21,0.8666666666666667,0.703186733179637,0.9469034451594526,30,26,0.8666666666666667,0.703186733179637,0.9469034451594526,30,26,0.0,0.0,0.0,0.0,0.8666666666666667,0.703186733179637,0.9469034451594526,26,30,1.0,0.8864866068260312,0.9999999999999999,30,0.0,167.0,165.0,177.0,176.53333333333333,30.10640135085644,0.17054230372463997,2333.633333333333,55.06666666666667,0.3241157407407407,0.36470370370370364,0.2762332880091511,0.18709897098527564,0.5362728244813475,0.21426494359625797,0.009567098034870714,2.261166864898809,110.66666666666667,0.2096573232040003,-0.00579140807664456,0.009861473553758184,8.345386333970021,0.6592110358001567,0.7333333333333333,4.801819578489785
66,a=4 k=0.1 p=8,30,4.0,0.1,8.0,,,,0,0,,,,0,0,,,,0,0,1.0,0.8864866068260312,0.9999999999999999,30,30,1.0,0.8864866068260312,0.9999999999999999,30,30,1.0,0.8864866068260312,0.9999999999999999,30,30,1.0,0.8864866068260312,0.9999999999999999,30,30,0.6666666666666666,0.4878005164454384,0.8076950191632386,30,20,1.0,0.8864866068260312,0.9999999999999999,30,30,0.43333333333333335,0.2737748557646652,0.6080269299918639,30,13,1.0,0.8864866068260312,0.9999999999999999,30,30,1.0,0.8864866068260312,0.9999999999999999,30,30,1.0,0.8864866068260312,0.9999999999999999,30,30,1.0,0.8864866068260312,0.9999999999999999,30,30,0.0,0.0,0.11351339317396876,30,0,1.0,0.8864866068260312,0.9999999999999999,30,30,1.0,0.8864866068260312,0.9999999999999999,30,30,0.0,0.0,0.11351339317396876,30,0,0.7666666666666667,0.5907167384187784,0.8820761185551049,30,23,1.0,0.8864866068260312,0.9999999999999999,30,30,1.0,0.8864866068260312,0.9999999999999999,30,30,0.0,0.0,0.0,0.0,1.0,0.8864866068260312,0.9999999999999999,30,30,1.0,0.8864866068260312,0.9999999999999999,30,0.0,168.0,163.0,171.0,168.6,8.33604553564901,0.04944273745936542,2365.1666666666665,53.9,0.3284953703703703,0.25981481481481483,0.300418687189045,0.19274134597444242,0.30536527960721893,0.21366502137992527,0.011610665266786245,2.1631496817283593,110.4,0.21232415682996383,-0.005795248635870316,0.011870271143491208,5.254587527340183,0.6484934465001061,0.8,5.763140906090036
67,a=4 k=0.125 p=8,30,4.0,0.125,8.0,,,,0,0,,,,0,0,,,,0,0,1.0,0.8864866068260312,0.9999999999999999,30,30,1.0,0.8864866068260312,0.9999999999999999,30,30,1.0,0.8864866068260312,0.9999999999999999,30,30,1.0,0.8864866068260312,0.9999999999999999,30,30,0.7,0.5212421254128504,0.8333525173175619,30,21,1.0,0.8864866068260312,0.9999999999999999,30,30,0.43333333333333335,0.2737748557646652,0.6080269299918639,30,13,1.0,0.8864866068260312,0.9999999999999999,30,30,1.0,0.8864866068260312,0.9999999999999999,30,30,1.0,0.8864866068260312,0.9999999999999999,30,30,1.0,0.8864866068260312,0.9999999999999999,30,30,0.0,0.0,0.11351339317396876,30,0,1.0,0.8864866068260312,0.9999999999999999,30,30,1.0,0.8864866068260312,0.9999999999999999,30,30,0.06666666666666667,0.018477023791270378,0.2132345836261692,30,2,0.8333333333333334,0.6643564949358398,0.9266345762815145,30,25,1.0,0.8864866068260312,0.9999999999999999,30,30,1.0,0.8864866068260312,0.9999999999999999,30,30,0.0,0.0,0.0,0.0,1.0,0.8864866068260312,0.9999999999999999,30,30,1.0,0.8864866068260312,0.9999999999999999,30,0.0,167.0,164.0,173.0,170.23333333333332,10.94400586475611,0.06428826628993212,2432.4666666666667,54.43333333333333,0.33784259259259247,0.21340740740740743,0.30123170114765685,0.1884562887254053,0.22974646813645305,0.20863859518009992,0.012886386752039822,2.174723439543781,109.76666666666667,0.21531099309761859,-0.006180106918696717,0.013127558584333817,4.673924652532011,0.6571092830001362,0.7,4.157944894671698
68,a=4 k=0.15 p=8,30,4.0,0.15,8.0,,,,0,0,,,,0,0,,,,0,0,1.0,0.8864866068260312,0.9999999999999999,30,30,1.0,0.8864866068260312,0.9999999999999999,30,30,1.0,0.8864866068260312,0.9999999999999999,30,30,1.0,0.8864866068260312,0.9999999999999999,30,30,0.5666666666666667,0.3919730700081361,0.7262251442353347,30,17,1.0,0.8864866068260312,0.9999999999999999,30,30,0.43333333333333335,0.2737748557646652,0.6080269299918639,30,13,1.0,0.8864866068260312,0.9999999999999999,30,30,1.0,0.8864866068260312,0.9999999999999999,30,30,1.0,0.8864866068260312,0.9999999999999999,30,30,1.0,0.8864866068260312,0.9999999999999999,30,30,0.0,0.0,0.11351339317396876,30,0,1.0,0.8864866068260312,0.9999999999999999,30,30,1.0,0.8864866068260312,0.9999999999999999,30,30,0.0,0.0,0.11351339317396876,30,0,0.6666666666666666,0.4878005164454384,0.8076950191632386,30,20,1.0,0.8864866068260312,0.9999999999999999,30,30,1.0,0.8864866068260312,0.9999999999999999,30,30,0.0,0.0,0.0,0.0,1.0,0.8864866068260312,0.9999999999999999,30,30,1.0,0.8864866068260312,0.9999999999999999,30,0.0,175.0,163.0,181.0,173.96666666666667,16.535194092545783,0.09504805954711122,2478.133333333333,56.2,0.3441851851851852,0.17740740740740735,0.3056020579474386,0.18528206963104726,0.1811138037611744,0.2044145573793867,0.015467406822431595,2.155510923183668,110.3,0.21804106018729336,-0.006154528314940257,0.015753979127649833,4.266791228556045,0.6736369814667947,0.7666666666666667,8.035052517906603
69,a=4 k=0.175 p=8,30,4.0,0.175,8.0,,,,0,0,,,,0,0,,,,0,0,1.0,0.8864866068260312,0.9999999999999999,30,30,1.0,0.8864866068260312,0.9999999999999999,30,30,1.0,0.8864866068260312,0.9999999999999999,30,30,1.0,0.8864866068260312,0.9999999999999999,30,30,0.6,0.42320360253322475,0.7540937188319815,30,18,1.0,0.8864866068260312,0.9999999999999999,30,30,0.36666666666666664,0.21873920806100708,0.5448643634520511,30,11,1.0,0.8864866068260312,0.9999999999999999,30,30,1.0,0.8864866068260312,0.9999999999999999,30,30,1.0,0.8864866068260312,0.9999999999999999,30,30,1.0,0.8864866068260312,0.9999999999999999,30,30,0.0,0.0,0.11351339317396876,30,0,1.0,0.8864866068260312,0.9999999999999999,30,30,1.0,0.8864866068260312,0.9999999999999999,30,30,0.0,0.0,0.11351339317396876,30,0,0.6666666666666666,0.4878005164454384,0.8076950191632386,30,20,1.0,0.8864866068260312,0.9999999999999999,30,30,1.0,0.8864866068260312,0.9999999999999999,30,30,0.0,0.0,0.0,0.0,1.0,0.8864866068260312,0.9999999999999999,30,30,1.0,0.8864866068260312,0.9999999999999999,30,0.0,174.0,167.0,178.0,176.4,17.071048288115538,0.09677465015938513,2550.633333333333,58.03333333333333,0.3542546296296296,0.15277777777777776,0.300879365253305,0.18091446407533932,0.15254359214806806,0.19933569420759284,0.013840163070450705,2.0559744745336967,111.06666666666666,0.21678371437236327,-0.0057175351825029495,0.01403605870508714,4.098353321827363,0.7272353396663676,0.7666666666666667,4.600849496772745
70,a=4 k=0.2 p=8,30,4.0,0.2,8.0,,,,0,0,,,,0,0,,,,0,0,1.0,0.8864866068260312,0.9999999999999999,30,30,1.0,0.8864866068260312,0.9999999999999999,30,30,1.0,0.8864866068260312,0.9999999999999999,30,30,1.0,0.8864866068260312,0.9999999999999999,30,30,0.6,0.42320360253322475,0.7540937188319815,30,18,1.0,0.8864866068260312,0.9999999999999999,30,30,0.36666666666666664,0.21873920806100708,0.5448643634520511,30,11,1.0,0.8864866068260312,0.9999999999999999,30,30,1.0,0.8864866068260312,0.9999999999999999,30,30,1.0,0.8864866068260312,0.9999999999999999,30,30,1.0,0.8864866068260312,0.9999999999999999,30,30,0.0,0.0,0.11351339317396876,30,0,1.0,0.8864866068260312,0.9999999999999999,30,30,1.0,0.8864866068260312,0.9999999999999999,30,30,0.03333333333333333,0.005908590381612455,0.16670390991409173,30,1,0.8333333333333334,0.6643564949358398,0.9266345762815145,30,25,1.0,0.8864866068260312,0.9999999999999999,30,30,1.0,0.8864866068260312,0.9999999999999999,30,30,0.0,0.0,0.0,0.0,1.0,0.8864866068260312,0.9999999999999999,30,30,1.0,0.8864866068260312,0.9999999999999999,30,0.0,172.0,169.0,178.0,173.43333333333334,8.850027599151717,0.05102841206506852,2544.9333333333334,57.93333333333333,0.353462962962963,0.13048148148148148,0.30811881177566197,0.18133826091079006,0.12316407573110001,0.19973611332487368,0.018667662596289034,2.0206480964700786,109.53333333333333,0.21607372092384075,-0.005478137717603196,0.018857084165749428,3.829923410133478,0.6809667408332947,0.7,4.946146764511942
71,a=4 k=0.3 p=8,30,4.0,0.3,8.0,,,,0,0,,,,0,0,,,,0,0,0.4666666666666667,0.30232388907699753,0.638577003801267,30,14,0.9333333333333333,0.7867654163738308,0.9815229762087295,30,28,1.0,0.8864866068260312,0.9999999999999999,30,30,1.0,0.8864866068260312,0.9999999999999999,30,30,0.06666666666666667,0.018477023791270378,0.2132345836261692,30,2,1.0,0.8864866068260312,0.9999999999999999,30,30,0.2,0.0950510717728987,0.3730569641314825,30,6,1.0,0.8864866068260312,0.9999999999999999,30,30,1.0,0.8864866068260312,0.9999999999999999,30,30,1.0,0.8864866068260312,0.9999999999999999,30,30,0.8333333333333334,0.6643564949358398,0.9266345762815145,30,25,0.0,0.0,0.11351339317396876,30,0,0.8333333333333334,0.6643564949358398,0.9266345762815145,30,25,0.1,0.03459988874733419,0.25621082579184085,30,3,0.03333333333333333,0.005908590381612455,0.16670390991409173,30,1,0.7666666666666667,0.5907167384187784,0.8820761185551049,30,23,0.3,0.16664748268243793,0.47875787458714947,30,9,0.3,0.16664748268243793,0.47875787458714947,30,9,0.0,0.0,0.0,0.0,0.3,0.16664748268243793,0.47875787458714947,9,30,1.0,0.8864866068260312,0.9999999999999999,30,0.0,190.0,183.0,194.0,189.16666666666666,12.23641634864846,0.06468590140254693,2781.1666666666665,63.333333333333336,0.38627314814814806,0.06551851851851846,0.28698399217602544,0.16849819711336883,0.08965463309275765,0.1848573552790672,0.02297685535545107,2.0091076339509972,109.53333333333333,0.21612214517512202,-0.00473406256512947,0.02315089535737983,3.6572940440667994,0.758327727900117,0.7,5.7818582702684145
