success,t_found,N_max,n_M,n_F,s_mean,s_med,s_max,frac_s0,age_med,age_min,age_max,n_desc,n_desc_ad,s_desc_ad,s_desc_all,s_desc_mat,rep,phase,t_snap,t_pk,t_pk_arg,early_D,S_snap,point
1.0,64.0,82.0,4,4,0.9535612168761098,1.0,1.0,0.0,11.0,11.0,11.0,,,,,,0,B,7.0,37.0,62.0,False,0.5876439698401402,0
1.0,18.0,83.0,4,4,0.918694800349087,1.0,1.0,0.0,11.0,11.0,11.0,,,,,,1,B,7.0,40.0,64.0,False,0.5883664060354671,0
0.0,,58.0,4,4,1.0,1.0,1.0,0.0,10.0,10.0,10.0,,,,,,2,B,6.0,33.0,53.0,False,0.5913700679094728,0
1.0,21.0,80.0,4,4,0.875,1.0,1.0,0.125,11.0,11.0,11.0,,,,,,3,B,7.0,32.0,49.0,False,0.5948684973850651,0
1.0,24.0,93.0,4,4,1.0,1.0,1.0,0.0,10.0,10.0,10.0,,,,,,4,B,6.0,36.0,63.0,False,0.6178658320655663,0
0.0,,8.0,4,4,1.0,1.0,1.0,0.0,10.0,10.0,10.0,,,,,,5,B,6.0,38.0,54.0,False,0.6023029519278226,0
1.0,52.0,80.0,4,4,0.9449417287480684,1.0,1.0,0.0,10.0,10.0,10.0,,,,,,6,B,6.0,33.0,54.0,False,0.5946907191710084,0
1.0,29.0,89.0,4,4,0.9675045263116496,1.0,1.0,0.0,11.0,11.0,11.0,,,,,,7,B,7.0,35.0,64.0,False,0.5830488100165033,0
1.0,32.0,89.0,4,4,0.9807828571428572,1.0,1.0,0.0,10.0,10.0,10.0,,,,,,8,B,6.0,35.0,58.0,False,0.5653492204613065,0
1.0,57.0,90.0,4,4,0.93836750742373,1.0,1.0,0.0,11.0,11.0,11.0,,,,,,9,B,7.0,40.0,68.0,False,0.5727385004395356,0
1.0,67.0,81.0,4,4,1.0,1.0,1.0,0.0,10.0,10.0,10.0,,,,,,10,B,6.0,29.0,49.0,False,0.596649255657242,0
1.0,83.0,80.0,4,4,0.875,1.0,1.0,0.125,11.0,11.0,11.0,,,,,,11,B,7.0,31.0,45.0,False,0.5662543562274395,0
1.0,62.0,83.0,4,4,1.0,1.0,1.0,0.0,11.0,11.0,11.0,,,,,,12,B,7.0,29.0,39.0,False,0.5806331560579101,0
1.0,35.0,85.0,4,4,0.8314951554232805,1.0,1.0,0.125,11.0,11.0,11.0,,,,,,13,B,7.0,36.0,56.0,False,0.5670471816999675,0
1.0,31.0,84.0,4,4,1.0,1.0,1.0,0.0,10.0,10.0,10.0,,,,,,14,B,6.0,38.0,49.0,False,0.6195657590116713,0
1.0,21.0,80.0,4,4,1.0,1.0,1.0,0.0,11.0,11.0,11.0,,,,,,15,B,7.0,38.0,59.0,False,0.5414197804365802,0
1.0,35.0,82.0,4,4,0.9247893855215495,1.0,1.0,0.0,10.0,10.0,10.0,,,,,,16,B,6.0,42.0,60.0,False,0.6089223063920408,0
1.0,33.0,83.0,4,4,0.7444529409622185,1.0,1.0,0.125,12.0,6.0,12.0,,,,,,17,B,8.0,34.0,59.0,False,0.5853748613040208,0
1.0,22.0,83.0,4,4,1.0,1.0,1.0,0.0,10.0,10.0,10.0,,,,,,18,B,6.0,37.0,60.0,False,0.6033093974533281,0
1.0,30.0,83.0,4,4,1.0,1.0,1.0,0.0,10.0,10.0,10.0,,,,,,19,B,6.0,47.0,64.0,False,0.619989496766948,0
1.0,16.0,91.0,4,4,0.9920781635802468,1.0,1.0,0.0,10.0,10.0,10.0,,,,,,20,B,6.0,32.0,48.0,False,0.6198819926526453,0
1.0,27.0,80.0,4,4,1.0,1.0,1.0,0.0,11.0,11.0,11.0,,,,,,21,B,7.0,34.0,53.0,False,0.6007845976744345,0
1.0,32.0,84.0,4,4,1.0,1.0,1.0,0.0,11.0,11.0,11.0,,,,,,22,B,7.0,37.0,56.0,False,0.6280801995492546,0
1.0,134.0,81.0,4,4,1.0,1.0,1.0,0.0,10.0,10.0,10.0,,,,,,23,B,6.0,31.0,49.0,False,0.6222627565582494,0
1.0,34.0,87.0,4,4,1.0,1.0,1.0,0.0,10.0,10.0,10.0,,,,,,24,B,6.0,29.0,44.0,False,0.5900525656722538,0
1.0,31.0,84.0,4,4,0.8850987181676948,1.0,1.0,0.0,11.0,11.0,11.0,,,,,,25,B,7.0,31.0,37.0,False,0.5858186275769585,0
1.0,44.0,80.0,4,4,0.995,1.0,1.0,0.0,10.0,10.0,10.0,,,,,,26,B,6.0,34.0,59.0,False,0.5813504777725201,0
1.0,36.0,82.0,4,4,0.8436953368773137,1.0,1.0,0.0,12.0,6.0,12.0,,,,,,27,B,8.0,33.0,47.0,False,0.5822085197263402,0
0.0,,51.0,4,4,0.9315460343855269,1.0,1.0,0.0,11.0,11.0,11.0,,,,,,28,B,7.0,37.0,52.0,False,0.5917390045750344,0
1.0,38.0,83.0,4,4,1.0,1.0,1.0,0.0,11.0,11.0,11.0,,,,,,29,B,7.0,38.0,64.0,False,0.5935817596786349,0
1.0,29.0,81.0,4,4,1.0,1.0,1.0,0.0,11.0,11.0,11.0,,,,,,30,B,7.0,41.0,55.0,False,0.6186469773507258,0
1.0,28.0,89.0,4,4,1.0,1.0,1.0,0.0,10.0,10.0,10.0,,,,,,31,B,6.0,35.0,64.0,False,0.6051220053312847,0
1.0,56.0,83.0,4,4,0.9783108440945124,1.0,1.0,0.0,11.0,11.0,11.0,,,,,,32,B,7.0,42.0,59.0,False,0.5798718099683673,0
0.0,,11.0,4,4,0.661185191631703,1.0,1.0,0.25,11.0,11.0,11.0,,,,,,33,B,7.0,38.0,69.0,False,0.5715359842270152,0
1.0,17.0,89.0,4,4,1.0,1.0,1.0,0.0,11.0,11.0,11.0,,,,,,34,B,7.0,33.0,58.0,False,0.6179759141826368,0
0.0,,44.0,4,4,1.0,1.0,1.0,0.0,11.0,11.0,11.0,,,,,,35,B,7.0,33.0,54.0,False,0.5868569406406623,0
1.0,21.0,80.0,4,4,1.0,1.0,1.0,0.0,10.0,10.0,10.0,,,,,,36,B,6.0,33.0,52.0,False,0.606582757665573,0
1.0,26.0,80.0,4,4,0.9604859943977592,1.0,1.0,0.0,10.0,10.0,10.0,,,,,,37,B,6.0,31.0,54.0,False,0.6199595625423606,0
1.0,47.0,84.0,4,4,0.7509831232761079,1.0,1.0,0.0,11.0,11.0,11.0,,,,,,38,B,7.0,32.0,57.0,False,0.5745210879458664,0
1.0,38.0,80.0,4,4,1.0,1.0,1.0,0.0,11.0,11.0,11.0,,,,,,39,B,7.0,34.0,43.0,False,0.5593426020162082,0
1.0,36.0,82.0,4,4,0.994,1.0,1.0,0.0,11.0,11.0,11.0,,,,,,40,B,7.0,32.0,49.0,False,0.574235988793771,0
0.0,,22.0,4,4,0.7707720799810853,1.0,1.0,0.0,10.0,10.0,10.0,,,,,,41,B,6.0,35.0,50.0,False,0.6091237732270267,0
1.0,43.0,82.0,4,4,1.0,1.0,1.0,0.0,10.0,10.0,10.0,,,,,,42,B,6.0,33.0,60.0,False,0.6304091566921415,0
1.0,61.0,80.0,4,4,1.0,1.0,1.0,0.0,11.0,11.0,11.0,,,,,,43,B,7.0,35.0,51.0,False,0.6159769749390003,0
1.0,11.0,80.0,4,4,1.0,1.0,1.0,0.0,10.0,10.0,10.0,,,,,,44,B,6.0,30.0,69.0,False,0.5967053007615739,0
1.0,19.0,86.0,4,4,1.0,1.0,1.0,0.0,10.0,10.0,10.0,,,,,,45,B,6.0,38.0,51.0,False,0.6018259212799255,0
1.0,66.0,82.0,4,4,0.9051471900384968,1.0,1.0,0.0,11.0,11.0,11.0,,,,,,46,B,7.0,36.0,71.0,False,0.5987973915242351,0
1.0,23.0,83.0,4,4,1.0,1.0,1.0,0.0,10.0,10.0,10.0,,,,,,47,B,6.0,35.0,60.0,False,0.5997512219821036,0
1.0,82.0,80.0,4,4,1.0,1.0,1.0,0.0,10.0,10.0,10.0,,,,,,48,B,6.0,31.0,55.0,False,0.5923560151371258,0
1.0,19.0,86.0,4,4,1.0,1.0,1.0,0.0,11.0,11.0,11.0,,,,,,49,B,7.0,36.0,53.0,False,0.5699663223070942,0
1.0,25.0,84.0,4,4,0.9687037037037036,1.0,1.0,0.0,10.0,10.0,10.0,,,,,,50,B,6.0,38.0,53.0,False,0.6142670488729025,0
1.0,52.0,81.0,4,4,1.0,1.0,1.0,0.0,10.0,10.0,10.0,,,,,,51,B,6.0,40.0,67.0,False,0.6283708974824163,0
1.0,27.0,84.0,4,4,0.9381432737100488,1.0,1.0,0.0,10.0,10.0,10.0,,,,,,52,B,6.0,34.0,47.0,False,0.6065235967090425,0
1.0,34.0,89.0,4,4,0.988261140143698,1.0,1.0,0.0,11.0,11.0,11.0,,,,,,53,B,7.0,33.0,52.0,False,0.5999191810827708,0
0.0,,69.0,4,4,1.0,1.0,1.0,0.0,11.0,11.0,11.0,,,,,,54,B,7.0,34.0,62.0,False,0.6158796892158157,0
1.0,22.0,80.0,4,4,1.0,1.0,1.0,0.0,10.0,10.0,10.0,,,,,,55,B,6.0,32.0,64.0,False,0.5911555342534861,0
1.0,63.0,81.0,4,4,0.9556615477159434,1.0,1.0,0.0,10.0,10.0,10.0,,,,,,56,B,6.0,37.0,63.0,False,0.6162459596253512,0
1.0,41.0,85.0,4,4,1.0,1.0,1.0,0.0,10.0,10.0,10.0,,,,,,57,B,6.0,32.0,48.0,False,0.6217853003360496,0
1.0,33.0,88.0,4,4,1.0,1.0,1.0,0.0,10.0,10.0,10.0,,,,,,58,B,6.0,37.0,59.0,False,0.6028518880063831,0
0.0,,51.0,4,4,0.8873321047511856,1.0,1.0,0.0,11.0,11.0,11.0,,,,,,59,B,7.0,29.0,58.0,False,0.5911678549499988,0
0.0,,11.0,4,4,0.358597091024779,0.3429062693418756,0.5,0.0,14.0,14.0,14.0,,,,,,0,BAND,10.0,37.0,62.0,False,0.4751134629122781,0
0.0,,10.0,4,4,0.3570165890932746,0.3545640610765748,0.4332465232790382,0.0,13.0,13.0,13.0,1.0,1.0,0.4715702012318445,0.4715702012318445,,1,BAND,9.0,40.0,64.0,False,0.4978619882524386,0
0.0,,8.0,4,4,0.3880072248422471,0.4396807073043961,0.4814621517947052,0.0,13.0,13.0,13.0,,,,,,2,BAND,9.0,33.0,53.0,False,0.477449353297554,0
0.0,,23.0,4,4,0.3528465297902842,0.4063648301406314,0.4381596266406676,0.0,12.0,12.0,12.0,6.0,6.0,0.384858026882898,0.384858026882898,,3,BAND,8.0,32.0,49.0,False,0.5487529562486384,0
0.0,,8.0,4,4,0.3454967102012942,0.3394742053764618,0.474692104949761,0.0,13.0,13.0,13.0,,,,,,4,BAND,9.0,36.0,63.0,False,0.4727090135714658,0
0.0,,8.0,4,4,0.3348670178686945,0.3427502435890158,0.4843648849595768,0.0,14.0,14.0,14.0,,,,,,5,BAND,10.0,38.0,54.0,False,0.4748340711659565,0
0.0,,23.0,4,4,0.3506102813844577,0.361978137461005,0.4866194625283106,0.0,12.0,12.0,12.0,1.0,1.0,0.4923918940902029,0.4923918940902029,,6,BAND,8.0,33.0,54.0,False,0.4849995385124137,0
0.0,,26.0,4,4,0.3865951837308681,0.4141500232603498,0.4339126748909018,0.0,12.0,12.0,12.0,9.0,9.0,0.5702815223333682,0.5702815223333682,,7,BAND,8.0,35.0,64.0,False,0.5716467786623298,0
0.0,,8.0,4,4,0.3030171903998639,0.2464980019268291,0.4548837146041654,0.0,12.0,12.0,12.0,,,,,,8,BAND,8.0,35.0,58.0,False,0.5000401245105194,0
0.0,,15.0,4,4,0.3196108810767374,0.2846159184274758,0.4633415600283409,0.0,12.0,12.0,12.0,3.0,3.0,0.3703130993917187,0.3703130993917187,,9,BAND,8.0,40.0,68.0,False,0.5121495209092083,0
0.0,,8.0,4,4,0.3554058788683441,0.3574098649988597,0.4998767621718417,0.0,13.0,13.0,13.0,,,,,,10,BAND,9.0,29.0,49.0,False,0.4574613710544331,0
0.0,,13.0,4,4,0.35696024833129,0.356447411730538,0.4597626629025845,0.0,12.0,12.0,12.0,3.0,3.0,0.3002155300806988,0.3002155300806988,,11,BAND,8.0,31.0,45.0,False,0.5148185777308492,0
0.0,,10.0,4,4,0.3060653524508108,0.3044649314128329,0.4222976901386082,0.0,13.0,13.0,13.0,,,,,,12,BAND,9.0,29.0,39.0,False,0.5238642975797141,0
0.0,,8.0,4,4,0.3909288690209622,0.3663015079814337,0.4978137438538253,0.0,13.0,13.0,13.0,,,,,,13,BAND,9.0,36.0,56.0,False,0.5056959308871462,0
0.0,,13.0,4,4,0.4063805200082526,0.4916455767869291,0.4993755121134737,0.0,13.0,13.0,13.0,3.0,3.0,0.3818277697898153,0.3818277697898153,,14,BAND,9.0,38.0,49.0,False,0.4957337962978708,0
0.0,,20.0,4,4,0.3466659056841332,0.3382710772620962,0.3999999999999999,0.0,14.0,14.0,14.0,7.0,7.0,0.3659252535964941,0.3659252535964941,,15,BAND,10.0,38.0,59.0,False,0.4523730434027259,0
0.0,,15.0,4,4,0.3072129286436518,0.2505406897397528,0.4863618311666476,0.0,12.0,12.0,12.0,6.0,6.0,0.3146591923351111,0.3146591923351111,,16,BAND,8.0,42.0,60.0,False,0.5479721507788358,0
0.0,,15.0,4,4,0.4215049455323328,0.4262794239101058,0.4958492383410342,0.0,12.0,12.0,12.0,,,,,,17,BAND,8.0,34.0,59.0,False,0.5853748613040208,0
0.0,,22.0,4,4,0.349375995182222,0.3828964048431174,0.4080572589220469,0.0,12.0,12.0,12.0,7.0,7.0,0.3623664008189891,0.3623664008189891,,18,BAND,8.0,37.0,60.0,False,0.5307235754398938,0
0.0,,22.0,4,4,0.4096960159725811,0.4101732995095993,0.4737879140313956,0.0,12.0,12.0,12.0,22.0,22.0,0.5005516739814442,0.5005516739814442,,19,BAND,8.0,47.0,64.0,False,0.5057707199276565,0
0.0,,20.0,4,4,0.347508808923639,0.3651127903304365,0.4312490250067935,0.0,12.0,12.0,12.0,2.0,2.0,0.480874593286967,0.480874593286967,,20,BAND,8.0,32.0,48.0,False,0.5400261299032673,0
0.0,,19.0,4,4,0.3620864150844662,0.3735491075251743,0.4596674172382749,0.0,13.0,13.0,13.0,18.0,18.0,0.5559887903283034,0.5559887903283034,,21,BAND,9.0,34.0,53.0,False,0.5253190938758381,0
0.0,,12.0,4,4,0.4059071745267474,0.4436458293397181,0.446595338047026,0.0,13.0,13.0,13.0,1.0,1.0,0.3255073977722879,0.3255073977722879,,22,BAND,9.0,37.0,56.0,False,0.5187744904503776,0
0.0,,61.0,4,4,0.3776937944402272,0.4476659069596269,0.457646448904967,0.0,12.0,12.0,12.0,60.0,51.0,0.5679695760438667,0.537487201281813,0.3422066654647779,23,BAND,8.0,31.0,49.0,False,0.5482894372228032,0
0.0,,11.0,4,4,0.4117317256850161,0.4061388148969507,0.4935185800615284,0.0,12.0,12.0,12.0,,,,,,24,BAND,8.0,29.0,44.0,False,0.5338092326149381,0
0.0,,16.0,4,4,0.3520964404576516,0.3555428018223943,0.4433305409937498,0.0,12.0,12.0,12.0,7.0,7.0,0.3429645088945107,0.3429645088945107,,25,BAND,8.0,31.0,37.0,False,0.5480647251298565,0
0.0,,28.0,4,4,0.4576957862448275,0.4551098807066145,0.4827241035476375,0.0,12.0,12.0,12.0,13.0,13.0,0.5467154009585304,0.5467154009585304,,26,BAND,8.0,34.0,59.0,False,0.5111803084894634,0
0.0,,27.0,4,4,0.397431814075267,0.3587019680395177,0.4992751485442662,0.0,13.0,13.0,13.0,17.0,17.0,0.4742428575947294,0.4742428575947294,,27,BAND,9.0,33.0,47.0,False,0.5477788769939279,0
1.0,125.0,125.0,4,4,0.4217683410917008,0.4263959358821342,0.4516365439360085,0.0,13.0,13.0,13.0,121.0,113.0,0.3353607785072625,0.341304804827456,,28,BAND,9.0,37.0,52.0,False,0.5278871978624106,0
0.0,,8.0,4,4,0.3399883840261065,0.3231249417371402,0.4811488293587264,0.0,12.0,12.0,12.0,,,,,,29,BAND,8.0,38.0,64.0,False,0.5539906987284965,0
1.0,123.0,97.0,4,4,0.3860910541886587,0.3999999999999999,0.466903796079394,0.0,14.0,14.0,14.0,97.0,88.0,0.4381603105675782,0.4122137771492122,,30,BAND,10.0,41.0,55.0,False,0.4854695684389919,0
0.0,,16.0,4,4,0.2913945506862439,0.2557641317304455,0.467849345987387,0.0,13.0,13.0,13.0,,,,,,31,BAND,9.0,35.0,64.0,False,0.5068626189619002,0
0.0,,9.0,4,4,0.317255638368131,0.3014580139232758,0.4717151401296954,0.0,12.0,12.0,12.0,,,,,,32,BAND,8.0,42.0,59.0,False,0.5488946316560993,0
0.0,,38.0,4,4,0.3107156873087255,0.2786718189977241,0.449070571042992,0.0,12.0,12.0,12.0,38.0,34.0,0.4672247720830089,0.4443801749417882,,33,BAND,8.0,38.0,69.0,False,0.5229170285936765,0
1.0,68.0,166.0,4,4,0.4664587616353622,0.4962171568507708,0.5,0.0,14.0,14.0,14.0,166.0,127.0,0.4001119521673298,0.3757604448336586,,34,BAND,10.0,33.0,58.0,False,0.4927331413171704,0
0.0,,15.0,4,4,0.2827571835337823,0.2418731255566443,0.4037346895437865,0.0,13.0,13.0,13.0,1.0,1.0,0.3081304609078101,0.3081304609078101,,35,BAND,9.0,33.0,54.0,False,0.5120433865900756,0
0.0,,13.0,4,4,0.3702587122343324,0.3999999999999999,0.4493961094008148,0.0,14.0,14.0,14.0,,,,,,36,BAND,10.0,33.0,52.0,False,0.448449098112414,0
0.0,,12.0,4,4,0.3413136618024833,0.3282736529267661,0.4457316617684494,0.0,14.0,14.0,14.0,1.0,1.0,0.3162924768538797,0.3162924768538797,,37,BAND,10.0,31.0,54.0,False,0.4743787608676621,0
0.0,,16.0,4,4,0.3253792925452419,0.3499425947023482,0.4304668302556467,0.0,12.0,12.0,12.0,,,,,,38,BAND,8.0,32.0,57.0,False,0.5318200399613311,0
0.0,,15.0,4,4,0.4592382645928031,0.5,0.5,0.0,15.0,15.0,15.0,1.0,1.0,0.5488894276015428,0.5488894276015428,,39,BAND,11.0,34.0,43.0,False,0.4539106777081395,0
0.0,,9.0,4,4,0.3435025738494065,0.3499999999999999,0.4943807400088337,0.0,14.0,14.0,14.0,,,,,,40,BAND,10.0,32.0,49.0,False,0.4408781422020223,0
0.0,,10.0,4,4,0.3204033510934067,0.3362176253782649,0.4476919049319077,0.0,13.0,13.0,13.0,,,,,,41,BAND,9.0,35.0,50.0,False,0.519923869947699,0
0.0,,14.0,4,4,0.3375430859571373,0.3315974341161647,0.4850180472158679,0.0,14.0,14.0,14.0,7.0,7.0,0.282116436824251,0.282116436824251,,42,BAND,10.0,33.0,60.0,False,0.4851543743435196,0
0.0,,10.0,4,4,0.3759832570898238,0.4017455653835275,0.4416725502570117,0.0,14.0,14.0,14.0,,,,,,43,BAND,10.0,35.0,51.0,False,0.5039644316835228,0
1.0,111.0,183.0,4,4,0.3473557303196688,0.3682519615989283,0.4791422672558524,0.0,12.0,12.0,12.0,183.0,107.0,0.5118197415304959,0.3981585028135337,0.2117211994730656,44,BAND,8.0,30.0,69.0,False,0.539555419646554,0
1.0,140.0,95.0,4,4,0.4740110285365678,0.4937012516952721,0.4994752956259881,0.0,13.0,13.0,13.0,95.0,73.0,0.5073285945229501,0.4543278182009526,,45,BAND,9.0,38.0,51.0,False,0.4821121970478766,0
0.0,,18.0,4,4,0.4226796093079205,0.4295252324056489,0.4421939014248061,0.0,13.0,13.0,13.0,,,,,,46,BAND,9.0,36.0,71.0,False,0.5364024718342192,0
0.0,,16.0,4,4,0.3978730433693377,0.3930116110481749,0.4483006853726752,0.0,13.0,13.0,13.0,3.0,3.0,0.4651372308536552,0.4651372308536552,,47,BAND,9.0,35.0,60.0,False,0.4824622986248317,0
0.0,,30.0,4,4,0.4285240052112947,0.4790193043947812,0.5,0.0,14.0,14.0,14.0,28.0,26.0,0.5029549791090249,0.502221984117923,,48,BAND,10.0,31.0,55.0,False,0.4689939377009891,0
0.0,,8.0,4,4,0.3710501530337868,0.3522734106134854,0.4666590408510019,0.0,12.0,12.0,12.0,,,,,,49,BAND,8.0,36.0,53.0,False,0.5315089594586271,0
0.0,,25.0,4,4,0.309321572943018,0.2720464264711384,0.4657502999472875,0.0,12.0,12.0,12.0,8.0,8.0,0.3505514034281972,0.3505514034281972,,50,BAND,8.0,38.0,53.0,False,0.5169282720738165,0
0.0,,19.0,4,4,0.411773964376005,0.4141166013825307,0.4466343964720513,0.0,13.0,13.0,13.0,17.0,17.0,0.4545354089388724,0.4545354089388724,,51,BAND,9.0,40.0,67.0,False,0.4929732244789099,0
0.0,,13.0,4,4,0.3436063915665072,0.3246733815102535,0.476536066348794,0.0,13.0,13.0,13.0,,,,,,52,BAND,9.0,34.0,47.0,False,0.4938211536299408,0
0.0,,19.0,4,4,0.3008148409571706,0.2866607350828264,0.4221186306146378,0.0,14.0,14.0,14.0,7.0,7.0,0.3037083024132632,0.3037083024132632,,53,BAND,10.0,33.0,52.0,False,0.4753052869559503,0
0.0,,10.0,4,4,0.3505877455741303,0.3167685230529555,0.5,0.0,14.0,14.0,14.0,,,,,,54,BAND,10.0,34.0,62.0,False,0.4852649317431478,0
0.0,,11.0,4,4,0.3022972174255097,0.2391117058411195,0.4502648526694857,0.0,13.0,13.0,13.0,1.0,1.0,0.2683887142445195,0.2683887142445195,,55,BAND,9.0,32.0,64.0,False,0.4939153571393622,0
0.0,,12.0,4,4,0.3542232769244268,0.3806820570689386,0.46924526102532,0.0,13.0,13.0,13.0,,,,,,56,BAND,9.0,37.0,63.0,False,0.4950247264506541,0
0.0,,23.0,4,4,0.3414649442554362,0.3369267702504788,0.3788297093552653,0.0,13.0,13.0,13.0,8.0,8.0,0.4926261146872619,0.4926261146872619,,57,BAND,9.0,32.0,48.0,False,0.4992958904614242,0
0.0,,15.0,4,4,0.3202018294845368,0.2910505975654436,0.4844790038907434,0.0,12.0,12.0,12.0,,,,,,58,BAND,8.0,37.0,59.0,False,0.5140426945841676,0
0.0,,12.0,4,4,0.3900438331782585,0.3968394645570572,0.4791631299973252,0.0,12.0,12.0,12.0,1.0,1.0,0.10337887610069,0.10337887610069,,59,BAND,8.0,29.0,58.0,False,0.5547202422784743,0
0.0,,8.0,4,4,0.3256427598222346,0.3429062693418756,0.3825768800806527,0.0,14.0,14.0,14.0,,,,,,0,BAND_MIX_F,10.0,37.0,62.0,False,0.4751134629122781,0
0.0,,8.0,4,4,0.3213864657866606,0.315946125880666,0.3763254207005533,0.0,13.0,13.0,13.0,,,,,,1,BAND_MIX_F,9.0,40.0,64.0,False,0.4978619882524386,0
0.0,,20.0,4,4,0.3624283907853295,0.360357747860085,0.4902221656181697,0.0,13.0,13.0,13.0,6.0,6.0,0.4890438510024413,0.4890438510024413,,2,BAND_MIX_F,9.0,33.0,53.0,False,0.477449353297554,0
0.0,,79.0,4,4,0.323283673921786,0.32198310920973,0.4381596266406676,0.0,12.0,12.0,12.0,52.0,52.0,0.1907598436933939,0.1907598436933939,,3,BAND_MIX_F,8.0,32.0,49.0,False,0.5487529562486384,0
1.0,140.0,104.0,4,4,0.3176836976900536,0.3172979804383958,0.3429316992958006,0.0,13.0,13.0,13.0,104.0,77.0,0.5581680481559504,0.4910677307846628,0.3606210274173887,4,BAND_MIX_F,9.0,36.0,63.0,False,0.4727090135714658,0
0.0,,8.0,4,4,0.3377320487801483,0.3133429864259671,0.4843648849595768,0.0,14.0,14.0,14.0,,,,,,5,BAND_MIX_F,10.0,38.0,54.0,False,0.4748340711659565,0
1.0,61.0,263.0,4,4,0.3647473443569231,0.3633406881334581,0.4866194625283106,0.0,12.0,12.0,12.0,262.0,192.0,0.3209382152521022,0.2994187830072022,,6,BAND_MIX_F,8.0,33.0,54.0,False,0.4849995385124137,0
0.0,,26.0,4,4,0.3855145236253845,0.4141500232603498,0.4339126748909018,0.0,12.0,12.0,12.0,3.0,3.0,0.8387805204169375,0.8387805204169375,,7,BAND_MIX_F,8.0,35.0,64.0,False,0.5716467786623298,0
0.0,,26.0,4,4,0.29460642830383,0.2464980019268291,0.4389317074348326,0.0,12.0,12.0,12.0,15.0,15.0,0.5115441094688202,0.5115441094688202,,8,BAND_MIX_F,8.0,35.0,58.0,False,0.5000401245105194,0
0.0,,11.0,4,4,0.3333372323893766,0.310516924028444,0.4828345406492457,0.0,12.0,12.0,12.0,,,,,,9,BAND_MIX_F,8.0,40.0,68.0,False,0.5121495209092083,0
0.0,,8.0,4,4,0.3600714751494432,0.3735756350817145,0.4462676947564734,0.0,13.0,13.0,13.0,,,,,,10,BAND_MIX_F,9.0,29.0,49.0,False,0.4574613710544331,0
0.0,,8.0,4,4,0.3068411325475229,0.2572348533645077,0.4556599700965683,0.0,12.0,12.0,12.0,,,,,,11,BAND_MIX_F,8.0,31.0,45.0,False,0.5148185777308492,0
0.0,,9.0,4,4,0.3245402914809943,0.3176235407417497,0.4190468395038843,0.0,13.0,13.0,13.0,1.0,1.0,0.7562794737689775,0.7562794737689775,,12,BAND_MIX_F,9.0,29.0,39.0,False,0.5238642975797141,0
0.0,,13.0,4,4,0.3094880773765278,0.3107125743724755,0.3663015079814337,0.0,13.0,13.0,13.0,,,,,,13,BAND_MIX_F,9.0,36.0,56.0,False,0.5056959308871462,0
0.0,,14.0,4,4,0.3219592508613931,0.285928932878413,0.4993755121134737,0.0,13.0,13.0,13.0,,,,,,14,BAND_MIX_F,9.0,38.0,49.0,False,0.4957337962978708,0
0.0,,8.0,4,4,0.3451473747189586,0.3319686564341683,0.3999999999999999,0.0,14.0,14.0,14.0,,,,,,15,BAND_MIX_F,10.0,38.0,59.0,False,0.4523730434027259,0
1.0,93.0,215.0,4,4,0.2876186528802407,0.2309256606250334,0.4863618311666476,0.0,12.0,12.0,12.0,215.0,131.0,0.3540023405858081,0.2932638323411282,0.188020542424512,16,BAND_MIX_F,8.0,42.0,60.0,False,0.5479721507788358,0
0.0,,10.0,4,4,0.390574046513411,0.4045272612960299,0.4342901337130558,0.0,12.0,12.0,12.0,2.0,2.0,0.6702305341813148,0.6702305341813148,,17,BAND_MIX_F,8.0,34.0,59.0,False,0.5853748613040208,0
1.0,124.0,181.0,4,4,0.338202525295257,0.338202525295257,0.4080572589220469,0.0,12.0,12.0,12.0,181.0,148.0,0.3235001641278549,0.3234487244223106,,18,BAND_MIX_F,8.0,37.0,60.0,False,0.5307235754398938,0
1.0,79.0,226.0,4,4,0.3774114251746648,0.368840473818078,0.4358584879343813,0.0,12.0,12.0,12.0,226.0,174.0,0.3200379501885371,0.2935100187304567,0.232603851238766,19,BAND_MIX_F,8.0,47.0,64.0,False,0.5057707199276565,0
0.0,,8.0,4,4,0.347216951201608,0.3651127903304365,0.3805289533915866,0.0,12.0,12.0,12.0,,,,,,20,BAND_MIX_F,8.0,32.0,48.0,False,0.5400261299032673,0
0.0,,9.0,4,4,0.3640307081066263,0.3606960461314565,0.4061571090854407,0.0,13.0,13.0,13.0,,,,,,21,BAND_MIX_F,9.0,34.0,53.0,False,0.5253190938758381,0
0.0,,53.0,4,4,0.4188190377747723,0.445120583693372,0.446595338047026,0.0,13.0,13.0,13.0,52.0,46.0,0.5818651528243353,0.5301355179670686,,22,BAND_MIX_F,9.0,37.0,56.0,False,0.5187744904503776,0
0.0,,79.0,4,4,0.4523597068074785,0.4520632356826601,0.457646448904967,0.0,12.0,12.0,12.0,79.0,77.0,0.3653538061819811,0.3586196672730427,,23,BAND_MIX_F,8.0,31.0,49.0,False,0.5482894372228032,0
0.0,,30.0,4,4,0.44972301835166,0.4612569152451617,0.4797093011493865,0.0,12.0,12.0,12.0,5.0,5.0,0.7632339619197432,0.7632339619197432,,24,BAND_MIX_F,8.0,29.0,44.0,False,0.5338092326149381,0
0.0,,30.0,4,4,0.3100184001358543,0.2908294998391557,0.4202561038056328,0.0,12.0,12.0,12.0,23.0,17.0,0.6446836502444342,0.5230041042244803,,25,BAND_MIX_F,8.0,31.0,37.0,False,0.5480647251298565,0
0.0,,20.0,4,4,0.4549049426686812,0.4793080831288974,0.4827241035476375,0.0,12.0,12.0,12.0,6.0,6.0,0.5798696621411932,0.5798696621411932,,26,BAND_MIX_F,8.0,34.0,59.0,False,0.5111803084894634,0
1.0,129.0,123.0,4,4,0.4282528004399392,0.4327269448750335,0.4992751485442662,0.0,13.0,13.0,13.0,123.0,98.0,0.2029031802659083,0.1909668383998795,,27,BAND_MIX_F,9.0,33.0,47.0,False,0.5477788769939279,0
0.0,,8.0,4,4,0.3683704164035588,0.3826449486665262,0.4516365439360085,0.0,13.0,13.0,13.0,,,,,,28,BAND_MIX_F,9.0,37.0,52.0,False,0.5278871978624106,0
1.0,124.0,162.0,4,4,0.2979576984862507,0.283304092180823,0.3817393669588511,0.0,12.0,12.0,12.0,162.0,153.0,0.2313341588742052,0.2285991331316541,,29,BAND_MIX_F,8.0,38.0,64.0,False,0.5539906987284965,0
0.0,,14.0,4,4,0.4350701325501758,0.4316801006705191,0.4962167289035787,0.0,14.0,14.0,14.0,1.0,1.0,0.6669382834303992,0.6669382834303992,,30,BAND_MIX_F,10.0,41.0,55.0,False,0.4854695684389919,0
1.0,90.0,139.0,4,4,0.3272440163524027,0.305414116511343,0.452425707566384,0.0,13.0,13.0,13.0,139.0,126.0,0.3175794361865161,0.3100913028131438,0.2358062903702519,31,BAND_MIX_F,9.0,35.0,64.0,False,0.5068626189619002,0
0.0,,12.0,4,4,0.2965180762851196,0.2918540742805456,0.4003869974596529,0.0,12.0,12.0,12.0,2.0,2.0,0.4449164135058575,0.4449164135058575,,32,BAND_MIX_F,8.0,42.0,59.0,False,0.5488946316560993,0
0.0,,17.0,4,4,0.2911732693630013,0.2786718189977241,0.3695018200585612,0.0,12.0,12.0,12.0,5.0,5.0,0.5202812846276631,0.5202812846276631,,33,BAND_MIX_F,8.0,38.0,69.0,False,0.5229170285936765,0
0.0,,18.0,4,4,0.4829175232707244,0.4962171568507708,0.5,0.0,14.0,14.0,14.0,4.0,4.0,0.3033315641663749,0.3033315641663749,,34,BAND_MIX_F,10.0,33.0,58.0,False,0.4927331413171704,0
0.0,,66.0,4,4,0.2590545144755935,0.2343458401659082,0.3608086698360702,0.0,13.0,13.0,13.0,65.0,47.0,0.6514829468764349,0.585066690035115,,35,BAND_MIX_F,9.0,33.0,54.0,False,0.5120433865900756,0
1.0,124.0,94.0,4,4,0.3903241540329728,0.4428390109830784,0.4617372244935191,0.0,14.0,14.0,14.0,93.0,93.0,0.2851406290135958,0.2851406290135958,,36,BAND_MIX_F,10.0,33.0,52.0,False,0.448449098112414,0
0.0,,8.0,4,4,0.386757299443771,0.3877002333692512,0.4457316617684494,0.0,14.0,14.0,14.0,,,,,,37,BAND_MIX_F,10.0,31.0,54.0,False,0.4743787608676621,0
0.0,,8.0,4,4,0.3138439706760741,0.3499425947023482,0.3499425947023482,0.0,12.0,12.0,12.0,,,,,,38,BAND_MIX_F,8.0,32.0,57.0,False,0.5318200399613311,0
0.0,,8.0,4,4,0.401536403023761,0.4093989286774291,0.5,0.0,15.0,15.0,15.0,,,,,,39,BAND_MIX_F,11.0,34.0,43.0,False,0.4539106777081395,0
1.0,92.0,203.0,4,4,0.3866554970157952,0.3999999999999999,0.4466219880631812,0.0,14.0,14.0,14.0,203.0,160.0,0.2978717415278679,0.3075899763478819,,40,BAND_MIX_F,10.0,32.0,49.0,False,0.4408781422020223,0
1.0,95.0,184.0,4,4,0.3898382152718705,0.3877216653886547,0.4476919049319077,0.0,13.0,13.0,13.0,184.0,142.0,0.4615465893619656,0.4119410378329269,0.3841161459000915,41,BAND_MIX_F,9.0,35.0,50.0,False,0.519923869947699,0
0.0,,9.0,4,4,0.3192665377464155,0.3331915112955597,0.3456996017966963,0.0,14.0,14.0,14.0,,,,,,42,BAND_MIX_F,10.0,33.0,60.0,False,0.4851543743435196,0
0.0,,17.0,4,4,0.4371880803648347,0.4416725502570117,0.4619160901782601,0.0,14.0,14.0,14.0,4.0,4.0,0.5732132967355105,0.5732132967355105,,43,BAND_MIX_F,10.0,35.0,51.0,False,0.5039644316835228,0
0.0,,13.0,4,4,0.3513159657619329,0.3523666944555437,0.4791422672558524,0.0,12.0,12.0,12.0,,,,,,44,BAND_MIX_F,8.0,30.0,69.0,False,0.539555419646554,0
0.0,,13.0,4,4,0.4093229606470244,0.4480040104425324,0.4994752956259881,0.0,13.0,13.0,13.0,,,,,,45,BAND_MIX_F,9.0,38.0,51.0,False,0.4821121970478766,0
1.0,103.0,122.0,4,4,0.4113491840766578,0.4242546928906696,0.4421939014248061,0.0,13.0,13.0,13.0,121.0,101.0,0.4251735828475257,0.3972552924900714,,46,BAND_MIX_F,9.0,36.0,71.0,False,0.5364024718342192,0
0.0,,11.0,4,4,0.393779361493123,0.3930116110481749,0.4483006853726752,0.0,13.0,13.0,13.0,,,,,,47,BAND_MIX_F,9.0,35.0,60.0,False,0.4824622986248317,0
1.0,55.0,222.0,4,4,0.4671799363104033,0.4790193043947812,0.5,0.0,14.0,14.0,14.0,218.0,160.0,0.3677804163434221,0.3459762488370809,0.3467991927048224,48,BAND_MIX_F,10.0,31.0,55.0,False,0.4689939377009891,0
0.0,,8.0,4,4,0.441901584181018,0.4439821463902824,0.4898166014428157,0.0,12.0,12.0,12.0,,,,,,49,BAND_MIX_F,8.0,36.0,53.0,False,0.5315089594586271,0
0.0,,12.0,4,4,0.2549116484849306,0.2566120919334131,0.2684966860585396,0.0,12.0,12.0,12.0,,,,,,50,BAND_MIX_F,8.0,38.0,53.0,False,0.5169282720738165,0
1.0,78.0,374.0,4,4,0.4050503013626861,0.4285236357531659,0.4466343964720513,0.0,13.0,13.0,13.0,373.0,325.0,0.1994165990932954,0.2001649859679894,,51,BAND_MIX_F,9.0,40.0,67.0,False,0.4929732244789099,0
0.0,,13.0,4,4,0.3872544087634179,0.3912129334921169,0.476536066348794,0.0,13.0,13.0,13.0,3.0,3.0,0.2921426945675263,0.2921426945675263,,52,BAND_MIX_F,9.0,34.0,47.0,False,0.4938211536299408,0
1.0,122.0,96.0,4,4,0.2898773306795311,0.263246442582133,0.4055274764161294,0.0,14.0,14.0,14.0,96.0,88.0,0.4400457438274107,0.413700849880602,,53,BAND_MIX_F,10.0,33.0,52.0,False,0.4753052869559503,0
0.0,,30.0,4,4,0.4308126872170061,0.4517907548928038,0.5,0.0,14.0,14.0,14.0,22.0,18.0,0.513552551310332,0.4891574935210965,,54,BAND_MIX_F,10.0,34.0,62.0,False,0.4852649317431478,0
0.0,,15.0,4,4,0.3835550756241497,0.4224218719929967,0.4502648526694857,0.0,13.0,13.0,13.0,,,,,,55,BAND_MIX_F,9.0,32.0,64.0,False,0.4939153571393622,0
1.0,53.0,158.0,4,4,0.3488299959311865,0.3624587165722565,0.3921217642472402,0.0,13.0,13.0,13.0,154.0,135.0,0.3704988445889742,0.3622187969561831,,56,BAND_MIX_F,9.0,37.0,63.0,False,0.4950247264506541,0
0.0,,33.0,4,4,0.3456623418123373,0.3369267702504788,0.3774666035630398,0.0,13.0,13.0,13.0,15.0,15.0,0.4379970865240317,0.4379970865240317,,57,BAND_MIX_F,9.0,32.0,48.0,False,0.4992958904614242,0
1.0,50.0,188.0,4,4,0.3457884557233106,0.3249199087650173,0.4844790038907434,0.0,12.0,12.0,12.0,181.0,154.0,0.248378716674271,0.2527822717098814,0.1542785207032419,58,BAND_MIX_F,8.0,37.0,59.0,False,0.5140426945841676,0
0.0,,76.0,4,4,0.3946716266938799,0.378240138266867,0.4791631299973252,0.0,12.0,12.0,12.0,76.0,50.0,0.7441848338363546,0.6179019491686008,0.3371749486510322,59,BAND_MIX_F,8.0,29.0,58.0,False,0.5547202422784743,0
1.0,31.0,224.0,4,4,0.4308248548918545,0.4434167909380423,0.5,0.0,14.0,14.0,14.0,216.0,195.0,0.2166651227663533,0.2123703515465776,0.1933548818265237,0,BAND_MIX_M,10.0,37.0,62.0,False,0.4751134629122781,0
0.0,,8.0,4,4,0.4117264162240443,0.4295475402702821,0.4332465232790382,0.0,13.0,13.0,13.0,,,,,,1,BAND_MIX_M,9.0,40.0,64.0,False,0.4978619882524386,0
0.0,,23.0,4,4,0.4296750781572199,0.4583472187842372,0.4814621517947052,0.0,13.0,13.0,13.0,,,,,,2,BAND_MIX_M,9.0,33.0,53.0,False,0.477449353297554,0
1.0,42.0,254.0,4,4,0.3427325259862359,0.3566952289514259,0.4364747922434591,0.0,12.0,12.0,12.0,246.0,182.0,0.302463589661267,0.2845625383849524,0.2536172736052389,3,BAND_MIX_M,8.0,32.0,49.0,False,0.5487529562486384,0
0.0,,8.0,4,4,0.3586276171963461,0.3412029523361312,0.4126303587366607,0.0,13.0,13.0,13.0,,,,,,4,BAND_MIX_M,9.0,36.0,63.0,False,0.4727090135714658,0
1.0,78.0,147.0,4,4,0.4265041523529335,0.4170362677715623,0.4864435866905774,0.0,14.0,14.0,14.0,147.0,127.0,0.2923296985792543,0.2879180810467696,,5,BAND_MIX_M,10.0,38.0,54.0,False,0.4748340711659565,0
1.0,139.0,141.0,4,4,0.3818655583017559,0.4272578981915194,0.4272578981915194,0.0,12.0,12.0,12.0,141.0,87.0,0.4360448735959883,0.3724583461648656,0.3027858633384485,6,BAND_MIX_M,8.0,33.0,54.0,False,0.4849995385124137,0
1.0,56.0,176.0,4,4,0.3645574283090768,0.3414390127818018,0.4339126748909018,0.0,12.0,12.0,12.0,172.0,136.0,0.3560555097589176,0.3388291376477039,,7,BAND_MIX_M,8.0,35.0,64.0,False,0.5716467786623298,0
1.0,103.0,105.0,4,4,0.3114279524958979,0.2721650467262986,0.4548837146041654,0.0,12.0,12.0,12.0,99.0,88.0,0.2191541529706995,0.2174351789267893,,8,BAND_MIX_M,8.0,35.0,58.0,False,0.5000401245105194,0
1.0,50.0,155.0,4,4,0.2646527561291028,0.2701986097854451,0.2843840264087413,0.0,12.0,12.0,12.0,151.0,149.0,0.1479710550999835,0.1493327832077471,,9,BAND_MIX_M,8.0,40.0,68.0,False,0.5121495209092083,0
0.0,,14.0,4,4,0.3530472933498123,0.3806097840232665,0.4462676947564734,0.0,13.0,13.0,13.0,8.0,8.0,0.5204720821671106,0.5204720821671106,,10,BAND_MIX_M,9.0,29.0,49.0,False,0.4574613710544331,0
1.0,40.0,198.0,4,4,0.4070793641150572,0.4556599700965683,0.4597626629025845,0.0,12.0,12.0,12.0,190.0,172.0,0.183150213205807,0.1891850177008508,,11,BAND_MIX_M,8.0,31.0,45.0,False,0.5148185777308492,0
1.0,144.0,98.0,4,4,0.3063128614800282,0.2972026943018181,0.4222976901386082,0.0,13.0,13.0,13.0,98.0,61.0,0.4201675108432773,0.3740698985770542,,12,BAND_MIX_M,9.0,29.0,39.0,False,0.5238642975797141,0
1.0,105.0,297.0,4,4,0.3909545988722118,0.3590248678410355,0.4944877674347555,0.0,13.0,13.0,13.0,297.0,214.0,0.3930399215433268,0.356965003961779,0.2302894941149191,13,BAND_MIX_M,9.0,36.0,56.0,False,0.5056959308871462,0
1.0,63.0,97.0,4,4,0.4418447834083058,0.472636805628332,0.4993755121134737,0.0,13.0,13.0,13.0,93.0,87.0,0.2486727561074952,0.2403858557182562,,14,BAND_MIX_M,9.0,38.0,49.0,False,0.4957337962978708,0
0.0,,18.0,4,4,0.3208601394978133,0.3398402938409006,0.3999999999999999,0.0,14.0,14.0,14.0,15.0,15.0,0.6117858296770323,0.6117858296770323,,15,BAND_MIX_M,10.0,38.0,59.0,False,0.4523730434027259,0
1.0,35.0,243.0,4,4,0.3931306209469845,0.4272046566811522,0.4675551252639349,0.0,12.0,12.0,12.0,235.0,225.0,0.170714661876849,0.1740088438525006,0.3091241422805884,16,BAND_MIX_M,8.0,42.0,60.0,False,0.5479721507788358,0
1.0,39.0,290.0,4,4,0.4524358445512546,0.4615541656895404,0.4958492383410342,0.0,12.0,12.0,12.0,283.0,245.0,0.2037392522737391,0.1972450242689972,,17,BAND_MIX_M,8.0,34.0,59.0,False,0.5853748613040208,0
0.0,,11.0,4,4,0.3668396785889196,0.3954768318825821,0.4080572589220469,0.0,12.0,12.0,12.0,,,,,,18,BAND_MIX_M,8.0,37.0,60.0,False,0.5307235754398938,0
1.0,105.0,174.0,4,4,0.3627290727787622,0.3693796145647811,0.4737879140313956,0.0,12.0,12.0,12.0,174.0,136.0,0.306757787042931,0.2830391654153783,0.2394903905334467,19,BAND_MIX_M,8.0,47.0,64.0,False,0.5057707199276565,0
1.0,124.0,129.0,4,4,0.3351206487418681,0.3699789070491696,0.3805289533915866,0.0,12.0,12.0,12.0,128.0,108.0,0.396158418524096,0.3774657138033938,,20,BAND_MIX_M,8.0,32.0,48.0,False,0.5400261299032673,0
0.0,,30.0,4,4,0.2688416147012863,0.2614223431720736,0.3285736310781515,0.0,13.0,13.0,13.0,5.0,5.0,0.4835149008709428,0.4835149008709428,,21,BAND_MIX_M,9.0,34.0,53.0,False,0.5253190938758381,0
0.0,,8.0,4,4,0.3929953112787224,0.4436458293397181,0.446595338047026,0.0,13.0,13.0,13.0,,,,,,22,BAND_MIX_M,9.0,37.0,56.0,False,0.5187744904503776,0
0.0,,33.0,4,4,0.303027882072976,0.254815207110759,0.4476659069596269,0.0,12.0,12.0,12.0,16.0,16.0,0.5785997403896149,0.5785997403896149,,23,BAND_MIX_M,8.0,31.0,49.0,False,0.5482894372228032,0
1.0,66.0,408.0,4,4,0.3915150984794231,0.4070726055838952,0.484228823808293,0.0,12.0,12.0,12.0,408.0,292.0,0.3195382153990202,0.285825604849874,0.3867755453730888,24,BAND_MIX_M,8.0,29.0,44.0,False,0.5338092326149381,0
1.0,62.0,375.0,4,4,0.4052052807051013,0.4433305409937498,0.4433305409937498,0.0,12.0,12.0,12.0,375.0,338.0,0.2061317387216528,0.2136761209887905,0.2492017091524628,25,BAND_MIX_M,8.0,31.0,37.0,False,0.5480647251298565,0
1.0,43.0,106.0,4,4,0.441250363668129,0.4431069209299145,0.4549951959325572,0.0,12.0,12.0,12.0,99.0,92.0,0.3664502248108949,0.3679136896038912,,26,BAND_MIX_M,8.0,34.0,59.0,False,0.5111803084894634,0
0.0,,13.0,4,4,0.3482821634654234,0.3482821634654234,0.3482821634654234,0.0,13.0,13.0,13.0,3.0,3.0,0.785646422442038,0.785646422442038,,27,BAND_MIX_M,9.0,33.0,47.0,False,0.5477788769939279,0
1.0,63.0,245.0,4,4,0.4516365439360085,0.4516365439360085,0.4516365439360085,0.0,13.0,13.0,13.0,244.0,208.0,0.2811308643823942,0.2695838157076582,0.2437908860281244,28,BAND_MIX_M,9.0,37.0,52.0,False,0.5278871978624106,0
0.0,,8.0,4,4,0.3820190695659624,0.4017221031403087,0.4811488293587264,0.0,12.0,12.0,12.0,,,,,,29,BAND_MIX_M,8.0,38.0,64.0,False,0.5539906987284965,0
1.0,111.0,116.0,4,4,0.4553462173678965,0.4625840702840037,0.4962167289035787,0.0,14.0,14.0,14.0,114.0,111.0,0.2849844863892131,0.2949782784595788,,30,BAND_MIX_M,10.0,41.0,55.0,False,0.4854695684389919,0
1.0,46.0,302.0,4,4,0.2516891754148345,0.2457221248205404,0.2695903271977165,0.0,13.0,13.0,13.0,295.0,239.0,0.1964704526248686,0.2000048969722195,,31,BAND_MIX_M,9.0,35.0,64.0,False,0.5068626189619002,0
0.0,,8.0,4,4,0.2539851976443,0.2539851976443,0.3014580139232758,0.0,12.0,12.0,12.0,,,,,,32,BAND_MIX_M,8.0,42.0,59.0,False,0.5488946316560993,0
0.0,,8.0,4,4,0.3698628531996542,0.3962666111788142,0.449070571042992,0.0,12.0,12.0,12.0,,,,,,33,BAND_MIX_M,8.0,38.0,69.0,False,0.5229170285936765,0
1.0,111.0,174.0,4,4,0.4499999999999999,0.5,0.5,0.0,14.0,14.0,14.0,174.0,149.0,0.266769052734493,0.2469980033553542,,34,BAND_MIX_M,10.0,33.0,58.0,False,0.4927331413171704,0
1.0,73.0,310.0,4,4,0.2390396228825019,0.2418731255566443,0.2494004109473805,0.0,13.0,13.0,13.0,309.0,276.0,0.2334302172440669,0.2339007917277373,0.3745411205742013,35,BAND_MIX_M,9.0,33.0,54.0,False,0.5120433865900756,0
1.0,63.0,244.0,4,4,0.3158193697682575,0.3246980547004073,0.3999999999999999,0.0,14.0,14.0,14.0,243.0,176.0,0.3582304644088603,0.3205822764322281,0.2633757786090271,36,BAND_MIX_M,10.0,33.0,52.0,False,0.448449098112414,0
0.0,,8.0,4,4,0.3470326920704356,0.3768785008834793,0.4341202796540031,0.0,14.0,14.0,14.0,,,,,,37,BAND_MIX_M,10.0,31.0,54.0,False,0.4743787608676621,0
1.0,58.0,197.0,4,4,0.3318982608173711,0.3351453207827432,0.4304668302556467,0.0,12.0,12.0,12.0,195.0,173.0,0.2401086927082875,0.2323596280207921,0.0917997843324929,38,BAND_MIX_M,8.0,32.0,57.0,False,0.5318200399613311,0
0.0,,12.0,4,4,0.4618188038778307,0.4736376077556615,0.5,0.0,15.0,15.0,15.0,,,,,,39,BAND_MIX_M,11.0,34.0,43.0,False,0.4539106777081395,0
0.0,,8.0,4,4,0.3450199538500302,0.3692164476498504,0.3999999999999999,0.0,14.0,14.0,14.0,,,,,,40,BAND_MIX_M,10.0,32.0,49.0,False,0.4408781422020223,0
1.0,34.0,236.0,4,4,0.3572164762949282,0.3877216653886547,0.4476919049319077,0.0,13.0,13.0,13.0,228.0,193.0,0.2517773427274058,0.252176080304396,,41,BAND_MIX_M,9.0,35.0,50.0,False,0.519923869947699,0
1.0,44.0,125.0,4,4,0.3029868554446844,0.2999999999999999,0.3752008238323165,0.0,14.0,14.0,14.0,119.0,107.0,0.3321367032822836,0.3162584151256625,,42,BAND_MIX_M,10.0,33.0,60.0,False,0.4851543743435196,0
1.0,108.0,268.0,4,4,0.3840214032512746,0.3725059077694791,0.4859264240548484,0.0,14.0,14.0,14.0,268.0,206.0,0.3165915690495889,0.2936404747253677,0.3533712159452375,43,BAND_MIX_M,10.0,35.0,51.0,False,0.5039644316835228,0
0.0,,8.0,4,4,0.3261032314102532,0.3202712055898614,0.4377065476818841,0.0,12.0,12.0,12.0,,,,,,44,BAND_MIX_M,8.0,30.0,69.0,False,0.539555419646554,0
0.0,,16.0,4,4,0.4771694260042335,0.4994752956259881,0.4994752956259881,0.0,13.0,13.0,13.0,,,,,,45,BAND_MIX_M,9.0,38.0,51.0,False,0.4821121970478766,0
0.0,,8.0,4,4,0.4313747647816934,0.4295252324056489,0.4421939014248061,0.0,13.0,13.0,13.0,,,,,,46,BAND_MIX_M,9.0,36.0,71.0,False,0.5364024718342192,0
0.0,,51.0,4,4,0.4266787993175076,0.4386202858494755,0.4404680278641207,0.0,13.0,13.0,13.0,,,,,,47,BAND_MIX_M,9.0,35.0,60.0,False,0.4824622986248317,0
1.0,49.0,104.0,4,4,0.3812282564071901,0.3976361333506524,0.5,0.0,14.0,14.0,14.0,99.0,93.0,0.2335885684317733,0.2292541572355915,,48,BAND_MIX_M,10.0,31.0,55.0,False,0.4689939377009891,0
1.0,72.0,255.0,4,4,0.3570727691515558,0.3522734106134854,0.3898254425006913,0.0,12.0,12.0,12.0,255.0,213.0,0.1900898432864167,0.1942965006505423,0.1177139688004974,49,BAND_MIX_M,8.0,36.0,53.0,False,0.5315089594586271,0
1.0,37.0,312.0,4,4,0.3556799654159911,0.3556799654159911,0.4405061034566259,0.0,12.0,12.0,12.0,306.0,261.0,0.2860438761205414,0.2768611826497149,0.4194847085134989,50,BAND_MIX_M,8.0,38.0,53.0,False,0.5169282720738165,0
1.0,79.0,205.0,4,4,0.430375498927291,0.4322273621014161,0.4466343964720513,0.0,13.0,13.0,13.0,204.0,143.0,0.3846087749903895,0.3495215965455427,0.3076085026731307,51,BAND_MIX_M,9.0,40.0,67.0,False,0.4929732244789099,0
1.0,46.0,410.0,4,4,0.3522427784887368,0.3636895928584638,0.4680619443380459,0.0,13.0,13.0,13.0,403.0,225.0,0.313548744932439,0.2637166894286152,0.2908571630582477,52,BAND_MIX_M,9.0,34.0,47.0,False,0.4938211536299408,0
0.0,,43.0,4,4,0.3382501910202857,0.3113814605302972,0.485003190039756,0.0,14.0,14.0,14.0,27.0,27.0,0.3236812243595761,0.3236812243595761,,53,BAND_MIX_M,10.0,33.0,52.0,False,0.4753052869559503,0
0.0,,52.0,4,4,0.3736172766861013,0.3373999338309941,0.5,0.0,14.0,14.0,14.0,51.0,35.0,0.784460954936136,0.6672794516054776,0.3816063541206909,54,BAND_MIX_M,10.0,34.0,62.0,False,0.4852649317431478,0
1.0,79.0,276.0,4,4,0.3751317772204907,0.4188842681804013,0.4502648526694857,0.0,13.0,13.0,13.0,275.0,208.0,0.3464081895835357,0.360360222434115,0.365650877011858,55,BAND_MIX_M,9.0,32.0,64.0,False,0.4939153571393622,0
0.0,,17.0,4,4,0.3118754392445853,0.3241652982891442,0.3806820570689386,0.0,13.0,13.0,13.0,5.0,5.0,0.5383170538022697,0.5383170538022697,,56,BAND_MIX_M,9.0,37.0,63.0,False,0.4950247264506541,0
1.0,74.0,182.0,4,4,0.3488018917929572,0.3425243173156058,0.3788297093552653,0.0,13.0,13.0,13.0,173.0,146.0,0.2110528047427952,0.2027834559302511,0.1499871951199717,57,BAND_MIX_M,9.0,32.0,48.0,False,0.4992958904614242,0
1.0,59.0,314.0,4,4,0.3294091715936156,0.3580309248029679,0.4010048160575701,0.0,12.0,12.0,12.0,309.0,263.0,0.251321475181159,0.2397562343578156,0.113957342157142,58,BAND_MIX_M,8.0,37.0,59.0,False,0.5140426945841676,0
1.0,65.0,231.0,4,4,0.3732719988887933,0.3725513830093696,0.4134371762892737,0.0,12.0,12.0,12.0,230.0,187.0,0.2286367803916003,0.2106077224181005,0.3035286127528556,59,BAND_MIX_M,8.0,29.0,58.0,False,0.5547202422784743,0
0.0,,8.0,4,4,0.0,0.0,0.0,1.0,48.0,42.0,61.0,,,,,,0,D,65.0,37.0,62.0,False,0.0093732977362107,0
0.0,,8.0,4,4,0.0102312863138475,0.0,0.0818502905107807,0.875,61.5,41.0,74.0,,,,,,1,D,70.0,40.0,64.0,False,0.0058792519266364,0
0.0,,8.0,4,4,0.0,0.0,0.0,1.0,45.0,30.0,62.0,,,,,,2,D,58.0,33.0,53.0,False,0.009696861062768,0
0.0,,8.0,4,4,0.0557379609343975,0.0,0.3598300502218747,0.625,39.5,15.0,53.0,,,,,,3,D,56.0,32.0,49.0,False,0.013077702016688,0
0.0,,8.0,4,4,0.0433915083736034,0.0,0.3471320669888278,0.875,52.5,45.0,67.0,,,,,,4,D,63.0,36.0,63.0,False,0.006781697824034,0
0.0,,8.0,4,4,0.0049898567312804,0.0,0.0399188538502436,0.875,58.5,38.0,70.0,,,,,,5,D,66.0,38.0,54.0,False,0.0085175057780777,0
0.0,,8.0,4,4,0.0,0.0,0.0,1.0,49.5,37.0,62.0,,,,,,6,D,58.0,33.0,54.0,False,0.0156096764972663,0
0.0,,8.0,4,4,0.0,0.0,0.0,1.0,42.0,32.0,65.0,,,,,,7,D,61.0,35.0,64.0,False,0.012085343754788,0
0.0,,8.0,4,4,0.0106547832850383,0.0,0.0852382662803069,0.875,49.0,21.0,57.0,,,,,,8,D,61.0,35.0,58.0,False,0.00835551993277,0
0.0,,8.0,4,4,0.0036429943975229,0.0,0.0291439551801835,0.875,61.0,56.0,74.0,,,,,,9,D,70.0,40.0,68.0,False,0.0081499324624574,0
0.0,,8.0,4,4,0.0,0.0,0.0,1.0,45.0,27.0,55.0,,,,,,10,D,51.0,29.0,49.0,False,0.0167792772626479,0
0.0,,8.0,4,4,0.0,0.0,0.0,1.0,47.0,29.0,58.0,,,,,,11,D,54.0,31.0,45.0,False,0.0162058714548277,0
0.0,,8.0,4,4,0.0034265342297026,0.0,0.027412273837621,0.875,38.0,26.0,44.0,,,,,,12,D,51.0,29.0,39.0,False,0.0153488154399466,0
0.0,,8.0,4,4,0.0062169099729563,0.0,0.0497352797836508,0.875,63.5,50.0,67.0,,,,,,13,D,63.0,36.0,56.0,False,0.0105858399669377,0
0.0,,8.0,4,4,0.0,0.0,0.0,1.0,55.0,36.0,70.0,,,,,,14,D,66.0,38.0,49.0,False,0.0065617769718099,0
0.0,,8.0,4,4,0.0,0.0,0.0,1.0,58.0,41.0,70.0,,,,,,15,D,66.0,38.0,59.0,False,0.0049706818121375,0
0.0,,8.0,4,4,0.0,0.0,0.0,1.0,65.0,26.0,78.0,,,,,,16,D,74.0,42.0,60.0,False,0.0071899170051282,0
0.0,,8.0,4,4,0.0,0.0,0.0,1.0,52.0,42.0,64.0,,,,,,17,D,60.0,34.0,59.0,False,0.0110899603567869,0
0.0,,8.0,4,4,0.0265941427901474,0.0,0.2127531423211794,0.875,58.5,41.0,63.0,,,,,,18,D,65.0,37.0,60.0,False,0.0081686097487863,0
0.0,,8.0,4,4,0.0026266692061409,0.0,0.0210133536491278,0.875,75.0,45.0,80.0,,,,,,19,D,82.0,47.0,64.0,False,0.0039490230340695,0
0.0,,8.0,4,4,0.0,0.0,0.0,1.0,45.0,22.0,60.0,,,,,,20,D,56.0,32.0,48.0,False,0.0133031485355024,0
0.0,,8.0,4,4,0.0050799077519109,0.0,0.0406392620152874,0.875,59.5,39.0,64.0,,,,,,21,D,60.0,34.0,53.0,False,0.0085158181531082,0
0.0,,8.0,4,4,0.0,0.0,0.0,1.0,57.0,39.0,69.0,,,,,,22,D,65.0,37.0,56.0,False,0.0088308875214153,0
0.0,,8.0,4,4,0.0,0.0,0.0,1.0,47.0,35.0,58.0,,,,,,23,D,54.0,31.0,49.0,False,0.0162026826120695,0
0.0,,8.0,4,4,0.0,0.0,0.0,1.0,41.0,33.0,55.0,,,,,,24,D,51.0,29.0,44.0,False,0.0077941630165334,0
0.0,,8.0,4,4,0.0371924351688888,0.0,0.1929075236263422,0.75,39.0,24.0,58.0,,,,,,25,D,54.0,31.0,37.0,False,0.0116267820848469,0
0.0,,8.0,4,4,0.0143306709115068,0.0,0.0840126666939655,0.75,51.5,48.0,64.0,,,,,,26,D,60.0,34.0,59.0,False,0.0103588279322727,0
0.0,,8.0,4,4,0.0,0.0,0.0,1.0,45.0,29.0,62.0,,,,,,27,D,58.0,33.0,47.0,False,0.0087590922689425,0
0.0,,8.0,4,4,0.0102676478683337,0.0,0.08214118294667,0.875,55.0,45.0,69.0,,,,,,28,D,65.0,37.0,52.0,False,0.0062211833760115,0
0.0,,8.0,4,4,0.0017089740234494,0.0,0.0136717921875956,0.875,58.0,50.0,70.0,,,,,,29,D,66.0,38.0,64.0,False,0.0068342310430722,0
0.0,,8.0,4,4,0.0,0.0,0.0,1.0,65.0,60.0,76.0,,,,,,30,D,72.0,41.0,55.0,False,0.0048449771117272,0
0.0,,8.0,4,4,0.0,0.0,0.0,1.0,51.0,40.0,57.0,,,,,,31,D,61.0,35.0,64.0,False,0.0072339694824969,0
0.0,,8.0,4,4,0.0,0.0,0.0,1.0,64.0,33.0,78.0,,,,,,32,D,74.0,42.0,59.0,False,0.0044082688168092,0
0.0,,8.0,4,4,0.0,0.0,0.0,1.0,56.0,11.0,70.0,,,,,,33,D,66.0,38.0,69.0,False,0.0111654780079099,0
0.0,,8.0,4,4,0.0,0.0,0.0,1.0,43.0,30.0,62.0,,,,,,34,D,58.0,33.0,58.0,False,0.0109571453588971,0
0.0,,8.0,4,4,0.0145342167007304,0.0,0.0927216482277013,0.75,43.5,31.0,53.0,,,,,,35,D,58.0,33.0,54.0,False,0.0118560070615553,0
0.0,,8.0,4,4,0.0063264611407532,0.0,0.0506116891260263,0.875,49.0,37.0,62.0,,,,,,36,D,58.0,33.0,52.0,False,0.0108990593691652,0
0.0,,8.0,4,4,0.0,0.0,0.0,1.0,45.0,32.0,58.0,,,,,,37,D,54.0,31.0,54.0,False,0.0130429491658944,0
0.0,,8.0,4,4,0.0,0.0,0.0,1.0,45.0,33.0,60.0,,,,,,38,D,56.0,32.0,57.0,False,0.0126013096481471,0
0.0,,8.0,4,4,0.0,0.0,0.0,1.0,46.5,40.0,64.0,,,,,,39,D,60.0,34.0,43.0,False,0.0123145314849609,0
0.0,,8.0,4,4,0.029856332784719,0.0,0.2066794483580635,0.75,52.0,29.0,60.0,,,,,,40,D,56.0,32.0,49.0,False,0.0134046541902457,0
0.0,,8.0,4,4,0.0,0.0,0.0,1.0,56.5,31.0,65.0,,,,,,41,D,61.0,35.0,50.0,False,0.0064073270181836,0
0.0,,8.0,4,4,0.0,0.0,0.0,1.0,47.5,33.0,62.0,,,,,,42,D,58.0,33.0,60.0,False,0.0115928161699506,0
0.0,,8.0,4,4,0.0,0.0,0.0,1.0,54.5,51.0,65.0,,,,,,43,D,61.0,35.0,51.0,False,0.0105005915656976,0
0.0,,8.0,4,4,0.0311109728538706,0.0,0.1177542034608581,0.625,40.5,22.0,56.0,,,,,,44,D,52.0,30.0,69.0,False,0.0135593205016564,0
0.0,,8.0,4,4,0.0771740426667661,0.0,0.3313320758040767,0.75,57.0,37.0,70.0,,,,,,45,D,66.0,38.0,51.0,False,0.0073882062930587,0
0.0,,8.0,4,4,0.0,0.0,0.0,1.0,50.0,35.0,67.0,,,,,,46,D,63.0,36.0,71.0,False,0.0063812353606908,0
0.0,,8.0,4,4,0.0,0.0,0.0,1.0,57.0,45.0,65.0,,,,,,47,D,61.0,35.0,60.0,False,0.0076079731597335,0
0.0,,8.0,4,4,0.0191695429633178,0.0,0.1533563437065426,0.875,45.0,36.0,51.0,,,,,,48,D,54.0,31.0,55.0,False,0.0147408218808874,0
0.0,,8.0,4,4,0.0028065399595288,0.0,0.0224523196762305,0.875,54.5,40.0,67.0,,,,,,49,D,63.0,36.0,53.0,False,0.0096622674459509,0
0.0,,8.0,4,4,0.0,0.0,0.0,1.0,54.5,42.0,70.0,,,,,,50,D,66.0,38.0,53.0,False,0.006672852902435,0
0.0,,8.0,4,4,0.0,0.0,0.0,1.0,60.5,49.0,74.0,,,,,,51,D,70.0,40.0,67.0,False,0.0058638260243537,0
0.0,,8.0,4,4,0.0,0.0,0.0,1.0,48.5,37.0,64.0,,,,,,52,D,60.0,34.0,47.0,False,0.0092212927230244,0
0.0,,8.0,4,4,0.0011034296205416,0.0,0.0088274369643331,0.875,51.0,39.0,62.0,,,,,,53,D,58.0,33.0,52.0,False,0.0103613627794057,0
0.0,,8.0,4,4,0.004808831660071,0.0,0.0278606418535714,0.75,50.5,40.0,57.0,,,,,,54,D,60.0,34.0,62.0,False,0.0095201853432279,0
0.0,,8.0,4,4,0.0,0.0,0.0,1.0,50.5,42.0,60.0,,,,,,55,D,56.0,32.0,64.0,False,0.0126337131944675,0
0.0,,8.0,4,4,0.0148028339533712,0.0,0.1067936115130379,0.75,54.0,48.0,60.0,,,,,,56,D,65.0,37.0,63.0,False,0.0066469205723804,0
0.0,,8.0,4,4,0.0080579668449543,0.0,0.0467429308681933,0.75,39.5,9.0,60.0,,,,,,57,D,56.0,32.0,48.0,False,0.0079383303125467,0
0.0,,8.0,4,4,0.0058373392590108,0.0,0.0466987140720869,0.875,50.5,39.0,69.0,,,,,,58,D,65.0,37.0,59.0,False,0.0109261863480501,0
0.0,,8.0,4,4,0.0,0.0,0.0,1.0,43.5,34.0,46.0,,,,,,59,D,51.0,29.0,58.0,False,0.0133633873769738,0
0.0,,8.0,4,4,0.0,0.0,0.0,1.0,78.0,65.0,80.0,,,,,,0,Darg,108.0,37.0,62.0,False,0.0010961926587833,0
0.0,,8.0,4,4,0.0,0.0,0.0,1.0,76.0,63.0,80.0,,,,,,1,Darg,112.0,40.0,64.0,False,0.0007868608312316,0
0.0,,8.0,4,4,0.0,0.0,0.0,1.0,72.5,66.0,80.0,,,,,,2,Darg,93.0,33.0,53.0,False,0.0016637911637741,0
0.0,,8.0,4,4,0.0,0.0,0.0,1.0,67.5,57.0,79.0,,,,,,3,Darg,86.0,32.0,49.0,False,0.0014694173490408,0
0.0,,8.0,4,4,0.016559732522281,0.0,0.0981218277015679,0.75,73.5,16.0,80.0,,,,,,4,Darg,110.0,36.0,63.0,False,0.0019197290580057,0
0.0,,8.0,4,4,0.0,0.0,0.0,1.0,75.0,45.0,79.0,,,,,,5,Darg,94.0,38.0,54.0,False,0.002217700478764,0
0.0,,8.0,4,4,0.0,0.0,0.0,1.0,71.5,55.0,79.0,,,,,,6,Darg,94.0,33.0,54.0,False,0.0029658993881966,0
0.0,,8.0,4,4,0.0,0.0,0.0,1.0,78.5,70.0,80.0,,,,,,7,Darg,112.0,35.0,64.0,False,0.0018596643108627,0
0.0,,8.0,4,4,0.0,0.0,0.0,1.0,76.5,68.0,80.0,,,,,,8,Darg,102.0,35.0,58.0,False,0.0012627260295282,0
0.0,,8.0,4,4,0.0,0.0,0.0,1.0,66.5,52.0,80.0,,,,,,9,Darg,119.0,40.0,68.0,False,0.0015647073750704,0
0.0,,8.0,4,4,0.0,0.0,0.0,1.0,74.5,63.0,79.0,,,,,,10,Darg,86.0,29.0,49.0,False,0.0020575092861058,0
0.0,,8.0,4,4,0.0087920411573324,0.0,0.0703363292586597,0.875,70.0,63.0,72.0,,,,,,11,Darg,79.0,31.0,45.0,False,0.0028808644270174,0
0.0,,8.0,4,4,0.0,0.0,0.0,1.0,58.5,46.0,66.0,,,,,,12,Darg,68.0,29.0,39.0,False,0.0052836267316142,0
0.0,,8.0,4,4,0.0,0.0,0.0,1.0,75.5,67.0,80.0,,,,,,13,Darg,98.0,36.0,56.0,False,0.000917192502815,0
0.0,,8.0,4,4,0.0,0.0,0.0,1.0,76.5,60.0,78.0,,,,,,14,Darg,86.0,38.0,49.0,False,0.0019109393988072,0
0.0,,8.0,4,4,0.0,0.0,0.0,1.0,78.0,53.0,80.0,,,,,,15,Darg,103.0,38.0,59.0,False,0.0007237777080819,0
0.0,,8.0,4,4,0.0,0.0,0.0,1.0,72.5,50.0,80.0,,,,,,16,Darg,105.0,42.0,60.0,False,0.0010888871555639,0
0.0,,8.0,4,4,0.0,0.0,0.0,1.0,71.0,45.0,79.0,,,,,,17,Darg,103.0,34.0,59.0,False,0.0006764647900484,0
0.0,,8.0,4,4,0.0,0.0,0.0,1.0,74.5,47.0,78.0,,,,,,18,Darg,105.0,37.0,60.0,False,0.0012945704541105,0
0.0,,8.0,4,4,0.0,0.0,0.0,1.0,75.0,59.0,78.0,,,,,,19,Darg,112.0,47.0,64.0,False,0.0018484789330529,0
0.0,,8.0,4,4,0.0355150764597385,0.0,0.284120611677908,0.875,72.5,57.0,78.0,,,,,,20,Darg,84.0,32.0,48.0,False,0.002646749402051,0
0.0,,8.0,4,4,0.0,0.0,0.0,1.0,73.5,68.0,79.0,,,,,,21,Darg,93.0,34.0,53.0,False,0.0011670671335874,0
0.0,,8.0,4,4,0.0249147609719841,0.0,0.1993180877758733,0.875,74.5,51.0,80.0,,,,,,22,Darg,98.0,37.0,56.0,False,0.0020567724430622,0
0.0,,8.0,4,4,0.0042671500724548,0.0,0.0341372005796385,0.875,71.5,55.0,79.0,,,,,,23,Darg,86.0,31.0,49.0,False,0.0033620716559834,0
0.0,,8.0,4,4,0.0,0.0,0.0,1.0,62.5,45.0,75.0,,,,,,24,Darg,77.0,29.0,44.0,False,0.0014205794880499,0
0.0,,8.0,4,4,0.1156190954832535,0.0,0.5621300922281254,0.625,49.0,38.0,60.0,,,,,,25,Darg,65.0,31.0,37.0,False,0.0040026245607571,0
0.0,,8.0,4,4,0.0397199809754809,0.0,0.2617011336263546,0.75,75.0,45.0,80.0,,,,,,26,Darg,103.0,34.0,59.0,False,0.0028024193226674,0
0.0,,8.0,4,4,0.0,0.0,0.0,1.0,67.5,58.0,80.0,,,,,,27,Darg,82.0,33.0,47.0,False,0.0016887348508807,0
0.0,,8.0,4,4,0.0,0.0,0.0,1.0,76.5,71.0,80.0,,,,,,28,Darg,91.0,37.0,52.0,False,0.0015403045347584,0
0.0,,8.0,4,4,0.013703090514286,0.0,0.1025512574273354,0.75,77.0,49.0,80.0,,,,,,29,Darg,112.0,38.0,64.0,False,0.0011047224401841,0
0.0,,8.0,4,4,0.0,0.0,0.0,1.0,74.5,67.0,80.0,,,,,,30,Darg,96.0,41.0,55.0,False,0.0012244155395655,0
0.0,,8.0,4,4,0.0,0.0,0.0,1.0,77.5,65.0,80.0,,,,,,31,Darg,112.0,35.0,64.0,False,0.0007108008421052,0
0.0,,8.0,4,4,0.0,0.0,0.0,1.0,74.5,48.0,80.0,,,,,,32,Darg,103.0,42.0,59.0,False,0.000764680295744,0
0.0,,8.0,4,4,0.0321296735024718,0.0,0.2561198201963345,0.875,57.0,53.0,77.0,,,,,,33,Darg,121.0,38.0,69.0,False,0.0015373382172602,0
0.0,,8.0,4,4,0.0,0.0,0.0,1.0,76.5,71.0,80.0,,,,,,34,Darg,102.0,33.0,58.0,False,0.0008204174797989,0
0.0,,8.0,4,4,0.0,0.0,0.0,1.0,71.0,67.0,78.0,,,,,,35,Darg,94.0,33.0,54.0,False,0.0018719430033729,0
0.0,,8.0,4,4,0.0,0.0,0.0,1.0,71.0,64.0,79.0,,,,,,36,Darg,91.0,33.0,52.0,False,0.001324862516249,0
0.0,,8.0,4,4,0.0,0.0,0.0,1.0,75.0,67.0,78.0,,,,,,37,Darg,94.0,31.0,54.0,False,0.0011400660274451,0
0.0,,8.0,4,4,0.0,0.0,0.0,1.0,78.0,68.0,80.0,,,,,,38,Darg,100.0,32.0,57.0,False,0.0009580912976428,0
0.0,,8.0,4,4,0.0,0.0,0.0,1.0,65.0,59.0,79.0,,,,,,39,Darg,75.0,34.0,43.0,False,0.0052041439437604,0
0.0,,8.0,4,4,0.0,0.0,0.0,1.0,73.5,69.0,78.0,,,,,,40,Darg,86.0,32.0,49.0,False,0.0025911587296417,0
0.0,,8.0,4,4,0.0,0.0,0.0,1.0,69.0,43.0,80.0,,,,,,41,Darg,88.0,35.0,50.0,False,0.0010113445877358,0
0.0,,8.0,4,4,0.0882756904397106,0.0,0.5170516893255855,0.75,74.0,62.0,80.0,,,,,,42,Darg,105.0,33.0,60.0,False,0.0015929689339116,0
0.0,,8.0,4,4,0.0,0.0,0.0,1.0,73.0,64.0,80.0,,,,,,43,Darg,89.0,35.0,51.0,False,0.0024240997116963,0
0.0,,8.0,4,4,0.009424008374705,0.0,0.0709932213051085,0.75,62.0,34.0,63.0,,,,,,44,Darg,121.0,30.0,69.0,False,0.0012163680685055,0
0.0,,8.0,4,4,0.0,0.0,0.0,1.0,75.0,57.0,80.0,,,,,,45,Darg,89.0,38.0,51.0,False,0.0020571736583971,0
0.0,,8.0,4,4,0.0,0.0,0.0,1.0,75.5,54.0,79.0,,,,,,46,Darg,124.0,36.0,71.0,False,0.0015801275400306,0
0.0,,8.0,4,4,0.0,0.0,0.0,1.0,76.5,63.0,80.0,,,,,,47,Darg,105.0,35.0,60.0,False,0.0010308876239176,0
0.0,,8.0,4,4,0.0,0.0,0.0,1.0,79.0,53.0,80.0,,,,,,48,Darg,96.0,31.0,55.0,False,0.0012682600347387,0
0.0,,8.0,4,4,0.0,0.0,0.0,1.0,71.0,61.0,76.0,,,,,,49,Darg,93.0,36.0,53.0,False,0.0016182305423128,0
0.0,,8.0,4,4,0.0,0.0,0.0,1.0,73.0,44.0,80.0,,,,,,50,Darg,93.0,38.0,53.0,False,0.0006144683433206,0
0.0,,8.0,4,4,0.0342752081376203,0.0,0.2742016651009629,0.875,76.5,51.0,78.0,,,,,,51,Darg,117.0,40.0,67.0,False,0.002346377747078,0
0.0,,8.0,4,4,0.0,0.0,0.0,1.0,73.0,66.0,78.0,,,,,,52,Darg,82.0,34.0,47.0,False,0.0022065354497195,0
0.0,,8.0,4,4,0.0,0.0,0.0,1.0,74.5,59.0,79.0,,,,,,53,Darg,91.0,33.0,52.0,False,0.0012102053444462,0
0.0,,8.0,4,4,0.0,0.0,0.0,1.0,79.0,72.0,80.0,,,,,,54,Darg,108.0,34.0,62.0,False,0.0013237124619152,0
0.0,,8.0,4,4,0.0009942295249108,0.0,0.0079538361992867,0.875,75.0,43.0,80.0,,,,,,55,Darg,112.0,32.0,64.0,False,0.0026094525840607,0
0.0,,8.0,4,4,0.0,0.0,0.0,1.0,76.0,70.0,80.0,,,,,,56,Darg,110.0,37.0,63.0,False,0.0019086560556635,0
0.0,,8.0,4,4,0.0075556339176225,0.0,0.0604450713409802,0.875,72.0,43.0,78.0,,,,,,57,Darg,84.0,32.0,48.0,False,0.0015763713929473,0
0.0,,8.0,4,4,0.0,0.0,0.0,1.0,79.0,65.0,80.0,,,,,,58,Darg,103.0,37.0,59.0,False,0.001615258649335,0
0.0,,8.0,4,4,0.0,0.0,0.0,1.0,75.0,70.0,80.0,,,,,,59,Darg,102.0,29.0,58.0,False,0.0008414505399989,0
0.0,,8.0,4,4,0.0,0.0,0.0,1.0,75.0,34.0,80.0,,,,,,0,Dfix,95.0,37.0,62.0,False,0.0010930222449352,0
0.0,,8.0,4,4,0.0,0.0,0.0,1.0,72.0,63.0,80.0,,,,,,1,Dfix,95.0,40.0,64.0,False,0.0012181998420198,0
0.0,,8.0,4,4,0.021134076710528,0.0,0.1690726136842241,0.875,77.5,65.0,79.0,,,,,,2,Dfix,95.0,33.0,53.0,False,0.0014976553309527,0
0.0,,8.0,4,4,0.0239289183533755,0.0,0.1914313468270045,0.875,76.0,65.0,80.0,,,,,,3,Dfix,95.0,32.0,49.0,False,0.0009592139738568,0
0.0,,8.0,4,4,0.0,0.0,0.0,1.0,71.0,60.0,80.0,,,,,,4,Dfix,95.0,36.0,63.0,False,0.0025566683417608,0
0.0,,8.0,4,4,0.0,0.0,0.0,1.0,73.5,62.0,79.0,,,,,,5,Dfix,95.0,38.0,54.0,False,0.0020947678726822,0
0.0,,8.0,4,4,0.0,0.0,0.0,1.0,79.0,70.0,80.0,,,,,,6,Dfix,95.0,33.0,54.0,False,0.0028087086647154,0
0.0,,8.0,4,4,0.0,0.0,0.0,1.0,71.5,69.0,76.0,,,,,,7,Dfix,95.0,35.0,64.0,False,0.0017866116898944,0
0.0,,8.0,4,4,0.0,0.0,0.0,1.0,76.5,69.0,80.0,,,,,,8,Dfix,95.0,35.0,58.0,False,0.0020012600552668,0
0.0,,8.0,4,4,0.0051325270319599,0.0,0.0410602162556794,0.875,75.0,38.0,80.0,,,,,,9,Dfix,95.0,40.0,68.0,False,0.0019139484044719,0
0.0,,8.0,4,4,0.0,0.0,0.0,1.0,76.5,68.0,80.0,,,,,,10,Dfix,95.0,29.0,49.0,False,0.0009865628636579,0
0.0,,8.0,4,4,0.0144137682268413,0.0,0.1153101458147311,0.875,73.5,70.0,79.0,,,,,,11,Dfix,95.0,31.0,45.0,False,0.0017420563797575,0
0.0,,8.0,4,4,0.0,0.0,0.0,1.0,77.0,59.0,80.0,,,,,,12,Dfix,95.0,29.0,39.0,False,0.0010297231056277,0
0.0,,8.0,4,4,0.0,0.0,0.0,1.0,74.5,59.0,80.0,,,,,,13,Dfix,95.0,36.0,56.0,False,0.0009358557429168,0
0.0,,8.0,4,4,0.0,0.0,0.0,1.0,75.0,48.0,79.0,,,,,,14,Dfix,95.0,38.0,49.0,False,0.0014834822060338,0
0.0,,8.0,4,4,0.0,0.0,0.0,1.0,76.0,63.0,80.0,,,,,,15,Dfix,95.0,38.0,59.0,False,0.0007596086473063,0
0.0,,8.0,4,4,0.0,0.0,0.0,1.0,74.5,70.0,80.0,,,,,,16,Dfix,95.0,42.0,60.0,False,0.001307604705305,0
0.0,,8.0,4,4,0.0,0.0,0.0,1.0,76.5,51.0,80.0,,,,,,17,Dfix,95.0,34.0,59.0,False,0.0007849079362643,0
0.0,,8.0,4,4,0.0,0.0,0.0,1.0,73.0,43.0,80.0,,,,,,18,Dfix,95.0,37.0,60.0,False,0.0015591592789735,0
0.0,,8.0,4,4,0.0,0.0,0.0,1.0,71.0,55.0,80.0,,,,,,19,Dfix,95.0,47.0,64.0,False,0.0019571698431809,0
0.0,,8.0,4,4,0.0,0.0,0.0,1.0,76.0,72.0,80.0,,,,,,20,Dfix,95.0,32.0,48.0,False,0.001277789700603,0
0.0,,8.0,4,4,0.0,0.0,0.0,1.0,75.0,68.0,80.0,,,,,,21,Dfix,95.0,34.0,53.0,False,0.0011868635386147,0
0.0,,8.0,4,4,0.0154072028536554,0.0,0.0946929613779838,0.75,74.0,71.0,78.0,,,,,,22,Dfix,95.0,37.0,56.0,False,0.0024205965641487,0
0.0,,8.0,4,4,0.0311561130756119,0.0,0.2323547992736427,0.75,77.0,66.0,78.0,,,,,,23,Dfix,95.0,31.0,49.0,False,0.0025871410951515,0
0.0,,8.0,4,4,0.0,0.0,0.0,1.0,76.0,68.0,80.0,,,,,,24,Dfix,95.0,29.0,44.0,False,0.0004973480622941,0
0.0,,8.0,4,4,0.0,0.0,0.0,1.0,75.5,70.0,80.0,,,,,,25,Dfix,95.0,31.0,37.0,False,0.0008972022348548,0
0.0,,8.0,4,4,0.0,0.0,0.0,1.0,72.5,66.0,79.0,,,,,,26,Dfix,95.0,34.0,59.0,False,0.0033639639138597,0
0.0,,8.0,4,4,0.0230161833845052,0.0,0.1401103564132778,0.75,77.0,68.0,80.0,,,,,,27,Dfix,95.0,33.0,47.0,False,0.0008590598277599,0
0.0,,8.0,4,4,0.0,0.0,0.0,1.0,70.5,46.0,80.0,,,,,,28,Dfix,95.0,37.0,52.0,False,0.0013369049193458,0
0.0,,8.0,4,4,0.0,0.0,0.0,1.0,69.0,58.0,78.0,,,,,,29,Dfix,95.0,38.0,64.0,False,0.0014516017568669,0
0.0,,8.0,4,4,0.0176341416091514,0.0,0.1410731328732118,0.875,74.0,60.0,79.0,,,,,,30,Dfix,95.0,41.0,55.0,False,0.0013553646811877,0
0.0,,8.0,4,4,0.0,0.0,0.0,1.0,74.5,69.0,79.0,,,,,,31,Dfix,95.0,35.0,64.0,False,0.0008753058612746,0
0.0,,8.0,4,4,0.0,0.0,0.0,1.0,74.5,66.0,78.0,,,,,,32,Dfix,95.0,42.0,59.0,False,0.0009658762656133,0
0.0,,8.0,4,4,0.0,0.0,0.0,1.0,76.0,67.0,80.0,,,,,,33,Dfix,95.0,38.0,69.0,False,0.002227984001574,0
0.0,,8.0,4,4,0.0,0.0,0.0,1.0,77.0,56.0,80.0,,,,,,34,Dfix,95.0,33.0,58.0,False,0.0008281360499016,0
0.0,,8.0,4,4,0.0369915515083935,0.0,0.2959324120671487,0.875,71.5,68.0,77.0,,,,,,35,Dfix,95.0,33.0,54.0,False,0.0018844800850196,0
0.0,,8.0,4,4,0.0,0.0,0.0,1.0,74.0,61.0,79.0,,,,,,36,Dfix,95.0,33.0,52.0,False,0.0009569249935657,0
0.0,,8.0,4,4,0.0,0.0,0.0,1.0,76.5,63.0,79.0,,,,,,37,Dfix,95.0,31.0,54.0,False,0.0010632180949163,0
0.0,,8.0,4,4,0.0,0.0,0.0,1.0,75.5,66.0,80.0,,,,,,38,Dfix,95.0,32.0,57.0,False,0.0011665444927961,0
0.0,,8.0,4,4,0.0,0.0,0.0,1.0,77.5,64.0,80.0,,,,,,39,Dfix,95.0,34.0,43.0,False,0.0020389895066638,0
0.0,,8.0,4,4,0.0,0.0,0.0,1.0,74.0,64.0,80.0,,,,,,40,Dfix,95.0,32.0,49.0,False,0.0018901034012691,0
0.0,,8.0,4,4,0.0,0.0,0.0,1.0,77.0,67.0,80.0,,,,,,41,Dfix,95.0,35.0,50.0,False,0.0006326316278017,0
0.0,,8.0,4,4,0.0,0.0,0.0,1.0,76.5,66.0,80.0,,,,,,42,Dfix,95.0,33.0,60.0,False,0.0020126974115028,0
0.0,,8.0,4,4,0.0,0.0,0.0,1.0,74.5,58.0,80.0,,,,,,43,Dfix,95.0,35.0,51.0,False,0.0019987420975863,0
0.0,,8.0,4,4,0.0,0.0,0.0,1.0,75.0,70.0,80.0,,,,,,44,Dfix,95.0,30.0,69.0,False,0.0020451151107818,0
0.0,,8.0,4,4,0.0,0.0,0.0,1.0,68.5,58.0,79.0,,,,,,45,Dfix,95.0,38.0,51.0,False,0.0016454233404744,0
0.0,,8.0,4,4,0.0,0.0,0.0,1.0,78.5,65.0,80.0,,,,,,46,Dfix,95.0,36.0,71.0,False,0.0013238782865102,0
0.0,,8.0,4,4,0.0,0.0,0.0,1.0,78.5,74.0,80.0,,,,,,47,Dfix,95.0,35.0,60.0,False,0.0012830350018474,0
0.0,,8.0,4,4,0.0,0.0,0.0,1.0,76.5,67.0,80.0,,,,,,48,Dfix,95.0,31.0,55.0,False,0.0012543060734763,0
0.0,,8.0,4,4,0.0,0.0,0.0,1.0,74.5,64.0,80.0,,,,,,49,Dfix,95.0,36.0,53.0,False,0.0014147622676232,0
0.0,,8.0,4,4,0.0,0.0,0.0,1.0,77.5,67.0,80.0,,,,,,50,Dfix,95.0,38.0,53.0,False,0.0006019010383059,0
0.0,,8.0,4,4,0.0,0.0,0.0,1.0,68.5,52.0,78.0,,,,,,51,Dfix,95.0,40.0,67.0,False,0.0016515833032341,0
0.0,,8.0,4,4,0.0,0.0,0.0,1.0,76.0,67.0,79.0,,,,,,52,Dfix,95.0,34.0,47.0,False,0.0010411398790956,0
0.0,,8.0,4,4,0.0,0.0,0.0,1.0,76.5,68.0,80.0,,,,,,53,Dfix,95.0,33.0,52.0,False,0.0009908576906399,0
0.0,,8.0,4,4,0.0,0.0,0.0,1.0,74.0,64.0,79.0,,,,,,54,Dfix,95.0,34.0,62.0,False,0.00168442159894,0
0.0,,8.0,4,4,0.0,0.0,0.0,1.0,75.5,64.0,79.0,,,,,,55,Dfix,95.0,32.0,64.0,False,0.0024640781872899,0
0.0,,8.0,4,4,0.0282681948718874,0.0,0.1995343183613781,0.75,68.5,33.0,80.0,,,,,,56,Dfix,95.0,37.0,63.0,False,0.0020753755614378,0
0.0,,8.0,4,4,0.0,0.0,0.0,1.0,78.0,75.0,80.0,,,,,,57,Dfix,95.0,32.0,48.0,False,0.0008763188810423,0
0.0,,8.0,4,4,0.0,0.0,0.0,1.0,73.5,60.0,80.0,,,,,,58,Dfix,95.0,37.0,59.0,False,0.0020190884046011,0
0.0,,8.0,4,4,0.0,0.0,0.0,1.0,77.0,68.0,79.0,,,,,,59,Dfix,95.0,29.0,58.0,False,0.0008655448851724,0
0.0,,8.0,4,4,0.0,0.0,0.0,1.0,49.0,42.0,55.0,,,,,,0,MIX_F,65.0,37.0,62.0,False,0.0093732977362107,0
0.0,,8.0,4,4,0.0436041901053035,0.0251834303145765,0.1240498997920611,0.5,62.0,29.0,65.0,,,,,,1,MIX_F,70.0,40.0,64.0,False,0.0058792519266364,0
0.0,,8.0,4,4,0.0,0.0,0.0,1.0,43.5,32.0,62.0,,,,,,2,MIX_F,58.0,33.0,53.0,False,0.009696861062768,0
0.0,,8.0,4,4,0.0897315063840985,0.0,0.3589260255363941,0.75,44.0,28.0,49.0,,,,,,3,MIX_F,56.0,32.0,49.0,False,0.013077702016688,0
0.0,,8.0,4,4,0.0,0.0,0.0,1.0,55.0,44.0,67.0,,,,,,4,MIX_F,63.0,36.0,63.0,False,0.006781697824034,0
0.0,,8.0,4,4,0.0,0.0,0.0,1.0,41.0,34.0,51.0,,,,,,5,MIX_F,66.0,38.0,54.0,False,0.0085175057780777,0
0.0,,8.0,4,4,0.0139925923870648,0.0,0.0559703695482593,0.75,50.0,42.0,53.0,,,,,,6,MIX_F,58.0,33.0,54.0,False,0.0156096764972663,0
0.0,,8.0,4,4,0.0029752468211234,0.0,0.0119009872844939,0.75,60.0,37.0,65.0,,,,,,7,MIX_F,61.0,35.0,64.0,False,0.012085343754788,0
0.0,,8.0,4,4,0.0,0.0,0.0,1.0,55.0,42.0,65.0,,,,,,8,MIX_F,61.0,35.0,58.0,False,0.00835551993277,0
0.0,,8.0,4,4,0.0,0.0,0.0,1.0,61.0,54.0,74.0,,,,,,9,MIX_F,70.0,40.0,68.0,False,0.0081499324624574,0
0.0,,8.0,4,4,0.0,0.0,0.0,1.0,43.5,37.0,49.0,,,,,,10,MIX_F,51.0,29.0,49.0,False,0.0167792772626479,0
0.0,,8.0,4,4,0.1039296896792332,0.0562905416334372,0.3031376754500586,0.5,45.5,40.0,58.0,,,,,,11,MIX_F,54.0,31.0,45.0,False,0.0162058714548277,0
0.0,,8.0,4,4,0.0056199960877376,0.0,0.0224799843509505,0.75,41.0,31.0,55.0,,,,,,12,MIX_F,51.0,29.0,39.0,False,0.0153488154399466,0
0.0,,8.0,4,4,0.0,0.0,0.0,1.0,47.5,32.0,54.0,,,,,,13,MIX_F,63.0,36.0,56.0,False,0.0105858399669377,0
0.0,,8.0,4,4,0.0130342676921222,0.0,0.0521370707684888,0.75,54.5,26.0,57.0,,,,,,14,MIX_F,66.0,38.0,49.0,False,0.0065617769718099,0
0.0,,8.0,4,4,0.0,0.0,0.0,1.0,59.5,51.0,70.0,,,,,,15,MIX_F,66.0,38.0,59.0,False,0.0049706818121375,0
0.0,,8.0,4,4,0.0,0.0,0.0,1.0,63.5,51.0,69.0,,,,,,16,MIX_F,74.0,42.0,60.0,False,0.0071899170051282,0
0.0,,8.0,4,4,0.0,0.0,0.0,1.0,43.5,40.0,54.0,,,,,,17,MIX_F,60.0,34.0,59.0,False,0.0110899603567869,0
0.0,,9.0,4,4,0.0438211702560689,0.0,0.1752846810242757,0.75,59.0,34.0,69.0,,,,,,18,MIX_F,65.0,37.0,60.0,False,0.0081686097487863,0
0.0,,8.0,4,4,0.0,0.0,0.0,1.0,70.5,65.0,73.0,,,,,,19,MIX_F,82.0,47.0,64.0,False,0.0039490230340695,0
0.0,,8.0,4,4,0.0727784449345191,0.0,0.2911137797380767,0.75,46.0,39.0,52.0,,,,,,20,MIX_F,56.0,32.0,48.0,False,0.0133031485355024,0
0.0,,8.0,4,4,0.0,0.0,0.0,1.0,52.0,45.0,56.0,,,,,,21,MIX_F,60.0,34.0,53.0,False,0.0085158181531082,0
0.0,,8.0,4,4,0.0,0.0,0.0,1.0,55.0,26.0,61.0,,,,,,22,MIX_F,65.0,37.0,56.0,False,0.0088308875214153,0
0.0,,8.0,4,4,0.0356218278373843,0.0,0.1424873113495375,0.75,50.0,40.0,58.0,,,,,,23,MIX_F,54.0,31.0,49.0,False,0.0162026826120695,0
0.0,,8.0,4,4,0.0032986172382112,0.0,0.0131944689528451,0.75,36.0,28.0,41.0,,,,,,24,MIX_F,51.0,29.0,44.0,False,0.0077941630165334,0
0.0,,8.0,4,4,0.0,0.0,0.0,1.0,40.5,34.0,45.0,,,,,,25,MIX_F,54.0,31.0,37.0,False,0.0116267820848469,0
0.0,,8.0,4,4,0.0,0.0,0.0,1.0,59.0,53.0,64.0,,,,,,26,MIX_F,60.0,34.0,59.0,False,0.0103588279322727,0
0.0,,8.0,4,4,0.0,0.0,0.0,1.0,49.5,47.0,62.0,,,,,,27,MIX_F,58.0,33.0,47.0,False,0.0087590922689425,0
0.0,,8.0,4,4,0.0,0.0,0.0,1.0,64.5,51.0,69.0,,,,,,28,MIX_F,65.0,37.0,52.0,False,0.0062211833760115,0
0.0,,8.0,4,4,0.0005822966558007,0.0,0.0023291866232031,0.75,63.0,59.0,70.0,,,,,,29,MIX_F,66.0,38.0,64.0,False,0.0068342310430722,0
0.0,,8.0,4,4,0.0,0.0,0.0,1.0,56.5,49.0,76.0,,,,,,30,MIX_F,72.0,41.0,55.0,False,0.0048449771117272,0
0.0,,8.0,4,4,0.0,0.0,0.0,1.0,49.5,45.0,65.0,,,,,,31,MIX_F,61.0,35.0,64.0,False,0.0072339694824969,0
0.0,,8.0,4,4,0.0,0.0,0.0,1.0,68.0,60.0,70.0,,,,,,32,MIX_F,74.0,42.0,59.0,False,0.0044082688168092,0
0.0,,8.0,4,4,0.0069246878072276,0.0,0.0276987512289106,0.75,49.0,46.0,70.0,,,,,,33,MIX_F,66.0,38.0,69.0,False,0.0111654780079099,0
0.0,,8.0,4,4,0.0450020687911396,0.0,0.1800082751645584,0.75,50.0,34.0,62.0,,,,,,34,MIX_F,58.0,33.0,58.0,False,0.0109571453588971,0
0.0,,8.0,4,4,0.0,0.0,0.0,1.0,39.0,36.0,47.0,,,,,,35,MIX_F,58.0,33.0,54.0,False,0.0118560070615553,0
0.0,,8.0,4,4,0.047938314613292,0.0,0.1917532584531682,0.75,44.0,25.0,62.0,,,,,,36,MIX_F,58.0,33.0,52.0,False,0.0108990593691652,0
0.0,,8.0,4,4,0.0,0.0,0.0,1.0,42.0,27.0,51.0,,,,,,37,MIX_F,54.0,31.0,54.0,False,0.0130429491658944,0
0.0,,8.0,4,4,6.938893903907228e-18,0.0,2.775557561562892e-17,1.0,46.5,32.0,60.0,,,,,,38,MIX_F,56.0,32.0,57.0,False,0.0126013096481471,0
0.0,,8.0,4,4,0.0,0.0,0.0,1.0,44.0,36.0,54.0,,,,,,39,MIX_F,60.0,34.0,43.0,False,0.0123145314849609,0
0.0,,8.0,4,4,0.0,0.0,0.0,1.0,47.5,44.0,51.0,,,,,,40,MIX_F,56.0,32.0,49.0,False,0.0134046541902457,0
0.0,,8.0,4,4,0.0,0.0,0.0,1.0,47.0,40.0,57.0,,,,,,41,MIX_F,61.0,35.0,50.0,False,0.0064073270181836,0
0.0,,8.0,4,4,0.1196358073469983,0.0,0.4785432293879934,0.75,45.5,41.0,53.0,,,,,,42,MIX_F,58.0,33.0,60.0,False,0.0115928161699506,0
0.0,,8.0,4,4,0.0,0.0,0.0,1.0,52.0,44.0,56.0,,,,,,43,MIX_F,61.0,35.0,51.0,False,0.0105005915656976,0
0.0,,8.0,4,4,0.0,0.0,0.0,1.0,43.5,33.0,56.0,,,,,,44,MIX_F,52.0,30.0,69.0,False,0.0135593205016564,0
0.0,,8.0,4,4,0.0120873271407132,0.0,0.0483493085628528,0.75,55.0,49.0,61.0,,,,,,45,MIX_F,66.0,38.0,51.0,False,0.0073882062930587,0
0.0,,8.0,4,4,0.0,0.0,0.0,1.0,50.0,43.0,56.0,,,,,,46,MIX_F,63.0,36.0,71.0,False,0.0063812353606908,0
0.0,,8.0,4,4,0.0,0.0,0.0,1.0,53.0,50.0,57.0,,,,,,47,MIX_F,61.0,35.0,60.0,False,0.0076079731597335,0
0.0,,8.0,4,4,0.0,0.0,0.0,1.0,53.5,35.0,58.0,,,,,,48,MIX_F,54.0,31.0,55.0,False,0.0147408218808874,0
0.0,,8.0,4,4,0.0,0.0,0.0,1.0,53.0,46.0,57.0,,,,,,49,MIX_F,63.0,36.0,53.0,False,0.0096622674459509,0
0.0,,8.0,4,4,0.0107077899559333,0.0,0.0428311598237333,0.75,54.5,46.0,70.0,,,,,,50,MIX_F,66.0,38.0,53.0,False,0.006672852902435,0
0.0,,8.0,4,4,0.0,0.0,0.0,1.0,59.5,55.0,66.0,,,,,,51,MIX_F,70.0,40.0,67.0,False,0.0058638260243537,0
0.0,,8.0,4,4,0.0,0.0,0.0,1.0,55.0,51.0,64.0,,,,,,52,MIX_F,60.0,34.0,47.0,False,0.0092212927230244,0
0.0,,8.0,4,4,0.0,0.0,0.0,1.0,53.0,50.0,56.0,,,,,,53,MIX_F,58.0,33.0,52.0,False,0.0103613627794057,0
0.0,,8.0,4,4,0.0,0.0,0.0,1.0,45.0,24.0,55.0,,,,,,54,MIX_F,60.0,34.0,62.0,False,0.0095201853432279,0
0.0,,8.0,4,4,0.0,0.0,0.0,1.0,39.0,32.0,49.0,,,,,,55,MIX_F,56.0,32.0,64.0,False,0.0126337131944675,0
0.0,,8.0,4,4,0.0,0.0,0.0,1.0,56.5,38.0,69.0,,,,,,56,MIX_F,65.0,37.0,63.0,False,0.0066469205723804,0
0.0,,8.0,4,4,0.0,0.0,0.0,1.0,48.5,48.0,60.0,,,,,,57,MIX_F,56.0,32.0,48.0,False,0.0079383303125467,0
0.0,,8.0,4,4,0.0,0.0,0.0,1.0,52.5,48.0,60.0,,,,,,58,MIX_F,65.0,37.0,59.0,False,0.0109261863480501,0
0.0,,8.0,4,4,0.0,0.0,0.0,1.0,39.0,32.0,44.0,,,,,,59,MIX_F,51.0,29.0,58.0,False,0.0133633873769738,0
0.0,,8.0,4,4,0.0391528829537217,0.0,0.1566115318148871,0.75,56.0,41.0,69.0,,,,,,0,MIX_M,65.0,37.0,62.0,False,0.0093732977362107,0
0.0,,8.0,4,4,0.0,0.0,0.0,1.0,61.5,44.0,68.0,,,,,,1,MIX_M,70.0,40.0,64.0,False,0.0058792519266364,0
0.0,,8.0,4,4,0.1204640038472241,0.0,0.4818560153888965,0.75,47.0,40.0,54.0,,,,,,2,MIX_M,58.0,33.0,53.0,False,0.009696861062768,0
0.0,,8.0,4,4,0.0,0.0,0.0,1.0,47.5,36.0,60.0,,,,,,3,MIX_M,56.0,32.0,49.0,False,0.013077702016688,0
0.0,,8.0,4,4,0.0125493541211868,0.0,0.0501974164847475,0.75,44.5,28.0,54.0,,,,,,4,MIX_M,63.0,36.0,63.0,False,0.006781697824034,0
0.0,,8.0,4,4,0.0212926365420254,0.0,0.0851705461681018,0.75,62.5,59.0,70.0,,,,,,5,MIX_M,66.0,38.0,54.0,False,0.0085175057780777,0
0.0,,8.0,4,4,0.0,0.0,0.0,1.0,42.5,36.0,45.0,,,,,,6,MIX_M,58.0,33.0,54.0,False,0.0156096764972663,0
0.0,,8.0,4,4,0.0,0.0,0.0,1.0,50.0,47.0,51.0,,,,,,7,MIX_M,61.0,35.0,64.0,False,0.012085343754788,0
0.0,,8.0,4,4,0.0,0.0,0.0,1.0,52.0,50.0,55.0,,,,,,8,MIX_M,61.0,35.0,58.0,False,0.00835551993277,0
0.0,,8.0,4,4,0.0,0.0,0.0,1.0,58.0,46.0,61.0,,,,,,9,MIX_M,70.0,40.0,68.0,False,0.0081499324624574,0
0.0,,8.0,4,4,0.0,0.0,0.0,1.0,43.5,29.0,55.0,,,,,,10,MIX_M,51.0,29.0,49.0,False,0.0167792772626479,0
0.0,,8.0,4,4,0.1386636445512998,0.0,0.5546545782051994,0.75,38.0,29.0,47.0,,,,,,11,MIX_M,54.0,31.0,45.0,False,0.0162058714548277,0
0.0,,8.0,4,4,0.001091847863689,0.0,0.0043673914547562,0.75,44.0,31.0,55.0,,,,,,12,MIX_M,51.0,29.0,39.0,False,0.0153488154399466,0
0.0,,8.0,4,4,0.0030841998599708,0.0,0.0123367994398832,0.75,52.5,42.0,56.0,,,,,,13,MIX_M,63.0,36.0,56.0,False,0.0105858399669377,0
0.0,,8.0,4,4,0.0,0.0,0.0,1.0,58.5,55.0,64.0,,,,,,14,MIX_M,66.0,38.0,49.0,False,0.0065617769718099,0
0.0,,8.0,4,4,0.0496428134682289,0.0,0.1985712538729157,0.75,50.5,23.0,70.0,,,,,,15,MIX_M,66.0,38.0,59.0,False,0.0049706818121375,0
0.0,,8.0,4,4,0.0,0.0,0.0,1.0,68.0,59.0,70.0,,,,,,16,MIX_M,74.0,42.0,60.0,False,0.0071899170051282,0
0.0,,8.0,4,4,0.0,0.0,0.0,1.0,42.5,42.0,46.0,,,,,,17,MIX_M,60.0,34.0,59.0,False,0.0110899603567869,0
0.0,,8.0,4,4,0.0,0.0,0.0,1.0,53.5,32.0,69.0,,,,,,18,MIX_M,65.0,37.0,60.0,False,0.0081686097487863,0
0.0,,8.0,4,4,0.0,0.0,0.0,1.0,66.0,45.0,77.0,,,,,,19,MIX_M,82.0,47.0,64.0,False,0.0039490230340695,0
0.0,,8.0,4,4,0.0318094542913121,0.017311709924773,0.0926143973157026,0.5,47.5,44.0,54.0,,,,,,20,MIX_M,56.0,32.0,48.0,False,0.0133031485355024,0
0.0,,8.0,4,4,0.0018180895832553,0.0,0.0072723583330214,0.75,44.5,27.0,64.0,,,,,,21,MIX_M,60.0,34.0,53.0,False,0.0085158181531082,0
0.0,,8.0,4,4,0.0,0.0,0.0,1.0,53.5,49.0,69.0,,,,,,22,MIX_M,65.0,37.0,56.0,False,0.0088308875214153,0
0.0,,8.0,4,4,0.0499999999999999,0.0,0.1999999999999999,0.75,43.5,40.0,58.0,,,,,,23,MIX_M,54.0,31.0,49.0,False,0.0162026826120695,0
0.0,,8.0,4,4,0.0,0.0,0.0,1.0,40.0,36.0,55.0,,,,,,24,MIX_M,51.0,29.0,44.0,False,0.0077941630165334,0
0.0,,8.0,4,4,0.0942520963760109,0.030073585107279,0.3168612152894854,0.25,45.5,27.0,58.0,,,,,,25,MIX_M,54.0,31.0,37.0,False,0.0116267820848469,0
0.0,,8.0,4,4,0.0,0.0,0.0,1.0,50.5,45.0,64.0,,,,,,26,MIX_M,60.0,34.0,59.0,False,0.0103588279322727,0
0.0,,8.0,4,4,0.0011484645586949,0.0,0.0045938582347797,0.75,43.5,38.0,62.0,,,,,,27,MIX_M,58.0,33.0,47.0,False,0.0087590922689425,0
0.0,,8.0,4,4,0.0,0.0,0.0,1.0,56.0,56.0,57.0,,,,,,28,MIX_M,65.0,37.0,52.0,False,0.0062211833760115,0
0.0,,8.0,4,4,0.0,0.0,0.0,1.0,48.5,38.0,60.0,,,,,,29,MIX_M,66.0,38.0,64.0,False,0.0068342310430722,0
0.0,,8.0,4,4,0.0,0.0,0.0,1.0,65.5,60.0,68.0,,,,,,30,MIX_M,72.0,41.0,55.0,False,0.0048449771117272,0
0.0,,8.0,4,4,0.0,0.0,0.0,1.0,61.0,49.0,65.0,,,,,,31,MIX_M,61.0,35.0,64.0,False,0.0072339694824969,0
0.0,,8.0,4,4,0.0,0.0,0.0,1.0,65.0,50.0,78.0,,,,,,32,MIX_M,74.0,42.0,59.0,False,0.0044082688168092,0
0.0,,8.0,4,4,0.0,0.0,0.0,1.0,48.5,31.0,64.0,,,,,,33,MIX_M,66.0,38.0,69.0,False,0.0111654780079099,0
0.0,,8.0,4,4,0.0139266909681451,0.0,0.0557067638725805,0.75,45.5,33.0,62.0,,,,,,34,MIX_M,58.0,33.0,58.0,False,0.0109571453588971,0
0.0,,8.0,4,4,0.052106473563016,0.0,0.2084258942520643,0.75,50.5,40.0,55.0,,,,,,35,MIX_M,58.0,33.0,54.0,False,0.0118560070615553,0
0.0,,8.0,4,4,0.0013007348662631,0.0,0.0052029394650524,0.75,39.5,28.0,50.0,,,,,,36,MIX_M,58.0,33.0,52.0,False,0.0108990593691652,0
0.0,,8.0,4,4,0.0,0.0,0.0,1.0,44.0,42.0,45.0,,,,,,37,MIX_M,54.0,31.0,54.0,False,0.0130429491658944,0
0.0,,8.0,4,4,0.0195893698225809,0.0,0.0783574792903238,0.75,47.5,33.0,60.0,,,,,,38,MIX_M,56.0,32.0,57.0,False,0.0126013096481471,0
0.0,,8.0,4,4,0.0,0.0,0.0,1.0,60.5,46.0,64.0,,,,,,39,MIX_M,60.0,34.0,43.0,False,0.0123145314849609,0
0.0,,8.0,4,4,0.0400664850993109,0.0,0.1602659403972439,0.75,41.0,31.0,54.0,,,,,,40,MIX_M,56.0,32.0,49.0,False,0.0134046541902457,0
0.0,,8.0,4,4,0.0040593917854848,0.0,0.0162375671419392,0.75,45.0,39.0,58.0,,,,,,41,MIX_M,61.0,35.0,50.0,False,0.0064073270181836,0
0.0,,8.0,4,4,0.0,0.0,0.0,1.0,48.5,44.0,52.0,,,,,,42,MIX_M,58.0,33.0,60.0,False,0.0115928161699506,0
0.0,,8.0,4,4,0.0161658465448551,0.0,0.0646633861794205,0.75,38.0,26.0,54.0,,,,,,43,MIX_M,61.0,35.0,51.0,False,0.0105005915656976,0
0.0,,8.0,4,4,0.0,0.0,0.0,1.0,45.0,37.0,49.0,,,,,,44,MIX_M,52.0,30.0,69.0,False,0.0135593205016564,0
0.0,,8.0,4,4,0.0,0.0,0.0,1.0,59.0,43.0,61.0,,,,,,45,MIX_M,66.0,38.0,51.0,False,0.0073882062930587,0
0.0,,8.0,4,4,0.0,0.0,0.0,1.0,54.5,43.0,67.0,,,,,,46,MIX_M,63.0,36.0,71.0,False,0.0063812353606908,0
0.0,,8.0,4,4,0.0,0.0,0.0,1.0,55.5,51.0,58.0,,,,,,47,MIX_M,61.0,35.0,60.0,False,0.0076079731597335,0
0.0,,8.0,4,4,0.059868747948074,0.0,0.239474991792296,0.75,46.5,29.0,58.0,,,,,,48,MIX_M,54.0,31.0,55.0,False,0.0147408218808874,0
0.0,,8.0,4,4,0.0155466044916521,0.0067661197650108,0.0486541784365869,0.5,55.0,53.0,56.0,,,,,,49,MIX_M,63.0,36.0,53.0,False,0.0096622674459509,0
0.0,,8.0,4,4,0.0,0.0,0.0,1.0,50.5,44.0,61.0,,,,,,50,MIX_M,66.0,38.0,53.0,False,0.006672852902435,0
0.0,,8.0,4,4,0.0,0.0,0.0,1.0,65.5,49.0,74.0,,,,,,51,MIX_M,70.0,40.0,67.0,False,0.0058638260243537,0
0.0,,8.0,4,4,0.0988358830391191,0.0251470622477868,0.345049407660903,0.5,47.0,45.0,51.0,,,,,,52,MIX_M,60.0,34.0,47.0,False,0.0092212927230244,0
0.0,,8.0,4,4,0.0418063396416154,0.0,0.1672253585664619,0.75,46.5,41.0,52.0,,,,,,53,MIX_M,58.0,33.0,52.0,False,0.0103613627794057,0
0.0,,8.0,4,4,0.0,0.0,0.0,1.0,50.5,45.0,57.0,,,,,,54,MIX_M,60.0,34.0,62.0,False,0.0095201853432279,0
0.0,,8.0,4,4,0.0,0.0,0.0,1.0,50.5,47.0,60.0,,,,,,55,MIX_M,56.0,32.0,64.0,False,0.0126337131944675,0
0.0,,8.0,4,4,0.0,0.0,0.0,1.0,54.0,34.0,62.0,,,,,,56,MIX_M,65.0,37.0,63.0,False,0.0066469205723804,0
0.0,,8.0,4,4,0.0004903827000359,0.0,0.0019615308001437,0.75,39.0,33.0,41.0,,,,,,57,MIX_M,56.0,32.0,48.0,False,0.0079383303125467,0
0.0,,8.0,4,4,0.0,0.0,0.0,1.0,54.0,41.0,62.0,,,,,,58,MIX_M,65.0,37.0,59.0,False,0.0109261863480501,0
0.0,,8.0,4,4,0.0074360163508117,0.0,0.0297440654032468,0.75,39.0,35.0,42.0,,,,,,59,MIX_M,51.0,29.0,58.0,False,0.0133633873769738,0
0.0,,8.0,4,4,0.0,0.0,0.0,1.0,73.5,67.0,79.0,,,,,,0,MIXfix_F,95.0,37.0,62.0,False,0.0010930222449352,0
0.0,,8.0,4,4,0.0,0.0,0.0,1.0,78.0,69.0,80.0,,,,,,1,MIXfix_F,95.0,40.0,64.0,False,0.0012181998420198,0
0.0,,8.0,4,4,0.0,0.0,0.0,1.0,69.5,64.0,71.0,,,,,,2,MIXfix_F,95.0,33.0,53.0,False,0.0014976553309527,0
0.0,,8.0,4,4,0.0,0.0,0.0,1.0,77.0,74.0,80.0,,,,,,3,MIXfix_F,95.0,32.0,49.0,False,0.0009592139738568,0
0.0,,8.0,4,4,0.0,0.0,0.0,1.0,77.5,65.0,79.0,,,,,,4,MIXfix_F,95.0,36.0,63.0,False,0.0025566683417608,0
0.0,,8.0,4,4,0.0,0.0,0.0,1.0,70.0,61.0,78.0,,,,,,5,MIXfix_F,95.0,38.0,54.0,False,0.0020947678726822,0
0.0,,8.0,4,4,0.0257683556189513,0.0,0.1030734224758054,0.75,69.0,53.0,78.0,,,,,,6,MIXfix_F,95.0,33.0,54.0,False,0.0028087086647154,0
0.0,,8.0,4,4,0.0,0.0,0.0,1.0,70.0,57.0,72.0,,,,,,7,MIXfix_F,95.0,35.0,64.0,False,0.0017866116898944,0
0.0,,8.0,4,4,0.0,0.0,0.0,1.0,72.5,68.0,78.0,,,,,,8,MIXfix_F,95.0,35.0,58.0,False,0.0020012600552668,0
0.0,,8.0,4,4,0.0,0.0,0.0,1.0,77.0,75.0,80.0,,,,,,9,MIXfix_F,95.0,40.0,68.0,False,0.0019139484044719,0
0.0,,8.0,4,4,0.0,0.0,0.0,1.0,73.5,49.0,80.0,,,,,,10,MIXfix_F,95.0,29.0,49.0,False,0.0009865628636579,0
0.0,,8.0,4,4,0.0,0.0,0.0,1.0,71.0,61.0,79.0,,,,,,11,MIXfix_F,95.0,31.0,45.0,False,0.0017420563797575,0
0.0,,8.0,4,4,0.0,0.0,0.0,1.0,75.5,66.0,80.0,,,,,,12,MIXfix_F,95.0,29.0,39.0,False,0.0010297231056277,0
0.0,,8.0,4,4,0.0,0.0,0.0,1.0,76.5,69.0,79.0,,,,,,13,MIXfix_F,95.0,36.0,56.0,False,0.0009358557429168,0
0.0,,8.0,4,4,0.0224587626240278,0.0,0.0898350504961113,0.75,76.0,72.0,78.0,,,,,,14,MIXfix_F,95.0,38.0,49.0,False,0.0014834822060338,0
0.0,,8.0,4,4,0.0,0.0,0.0,1.0,73.0,52.0,78.0,,,,,,15,MIXfix_F,95.0,38.0,59.0,False,0.0007596086473063,0
0.0,,8.0,4,4,0.0,0.0,0.0,1.0,78.0,74.0,79.0,,,,,,16,MIXfix_F,95.0,42.0,60.0,False,0.001307604705305,0
0.0,,8.0,4,4,0.0,0.0,0.0,1.0,77.0,68.0,79.0,,,,,,17,MIXfix_F,95.0,34.0,59.0,False,0.0007849079362643,0
0.0,,8.0,4,4,0.0,0.0,0.0,1.0,79.0,63.0,80.0,,,,,,18,MIXfix_F,95.0,37.0,60.0,False,0.0015591592789735,0
0.0,,8.0,4,4,0.0,0.0,0.0,1.0,75.5,73.0,79.0,,,,,,19,MIXfix_F,95.0,47.0,64.0,False,0.0019571698431809,0
0.0,,8.0,4,4,0.0,0.0,0.0,1.0,77.5,76.0,80.0,,,,,,20,MIXfix_F,95.0,32.0,48.0,False,0.001277789700603,0
0.0,,8.0,4,4,0.0,0.0,0.0,1.0,74.5,69.0,78.0,,,,,,21,MIXfix_F,95.0,34.0,53.0,False,0.0011868635386147,0
0.0,,8.0,4,4,0.0,0.0,0.0,1.0,70.5,67.0,75.0,,,,,,22,MIXfix_F,95.0,37.0,56.0,False,0.0024205965641487,0
0.0,,8.0,4,4,0.0,0.0,0.0,1.0,75.5,65.0,78.0,,,,,,23,MIXfix_F,95.0,31.0,49.0,False,0.0025871410951515,0
0.0,,8.0,4,4,0.0,0.0,0.0,1.0,78.5,68.0,80.0,,,,,,24,MIXfix_F,95.0,29.0,44.0,False,0.0004973480622941,0
0.0,,8.0,4,4,0.0,0.0,0.0,1.0,75.5,74.0,78.0,,,,,,25,MIXfix_F,95.0,31.0,37.0,False,0.0008972022348548,0
0.0,,8.0,4,4,0.0,0.0,0.0,1.0,76.5,58.0,78.0,,,,,,26,MIXfix_F,95.0,34.0,59.0,False,0.0033639639138597,0
0.0,,8.0,4,4,0.0,0.0,0.0,1.0,75.0,72.0,78.0,,,,,,27,MIXfix_F,95.0,33.0,47.0,False,0.0008590598277599,0
0.0,,8.0,4,4,0.0,0.0,0.0,1.0,68.0,50.0,79.0,,,,,,28,MIXfix_F,95.0,37.0,52.0,False,0.0013369049193458,0
0.0,,8.0,4,4,0.0,0.0,0.0,1.0,70.0,59.0,78.0,,,,,,29,MIXfix_F,95.0,38.0,64.0,False,0.0014516017568669,0
0.0,,8.0,4,4,0.0001331766793412,0.0,0.000532706717365,1.0,78.0,54.0,80.0,,,,,,30,MIXfix_F,95.0,41.0,55.0,False,0.0013553646811877,0
0.0,,8.0,4,4,0.0,0.0,0.0,1.0,77.5,75.0,79.0,,,,,,31,MIXfix_F,95.0,35.0,64.0,False,0.0008753058612746,0
0.0,,8.0,4,4,0.0,0.0,0.0,1.0,73.0,54.0,79.0,,,,,,32,MIXfix_F,95.0,42.0,59.0,False,0.0009658762656133,0
0.0,,8.0,4,4,0.0,0.0,0.0,1.0,77.0,75.0,80.0,,,,,,33,MIXfix_F,95.0,38.0,69.0,False,0.002227984001574,0
0.0,,8.0,4,4,0.0,0.0,0.0,1.0,73.0,63.0,77.0,,,,,,34,MIXfix_F,95.0,33.0,58.0,False,0.0008281360499016,0
0.0,,8.0,4,4,0.0,0.0,0.0,1.0,67.5,56.0,79.0,,,,,,35,MIXfix_F,95.0,33.0,54.0,False,0.0018844800850196,0
0.0,,8.0,4,4,0.0,0.0,0.0,1.0,77.5,63.0,80.0,,,,,,36,MIXfix_F,95.0,33.0,52.0,False,0.0009569249935657,0
0.0,,8.0,4,4,0.0,0.0,0.0,1.0,70.0,68.0,79.0,,,,,,37,MIXfix_F,95.0,31.0,54.0,False,0.0010632180949163,0
0.0,,8.0,4,4,0.0,0.0,0.0,1.0,72.0,70.0,72.0,,,,,,38,MIXfix_F,95.0,32.0,57.0,False,0.0011665444927961,0
0.0,,8.0,4,4,0.0,0.0,0.0,1.0,78.0,53.0,80.0,,,,,,39,MIXfix_F,95.0,34.0,43.0,False,0.0020389895066638,0
0.0,,8.0,4,4,0.0,0.0,0.0,1.0,74.5,72.0,80.0,,,,,,40,MIXfix_F,95.0,32.0,49.0,False,0.0018901034012691,0
0.0,,8.0,4,4,0.0,0.0,0.0,1.0,75.5,60.0,79.0,,,,,,41,MIXfix_F,95.0,35.0,50.0,False,0.0006326316278017,0
0.0,,8.0,4,4,0.0,0.0,0.0,1.0,76.0,68.0,79.0,,,,,,42,MIXfix_F,95.0,33.0,60.0,False,0.0020126974115028,0
0.0,,8.0,4,4,0.0,0.0,0.0,1.0,74.5,64.0,80.0,,,,,,43,MIXfix_F,95.0,35.0,51.0,False,0.0019987420975863,0
0.0,,8.0,4,4,0.0,0.0,0.0,1.0,77.5,72.0,80.0,,,,,,44,MIXfix_F,95.0,30.0,69.0,False,0.0020451151107818,0
0.0,,8.0,4,4,0.0,0.0,0.0,1.0,69.5,67.0,76.0,,,,,,45,MIXfix_F,95.0,38.0,51.0,False,0.0016454233404744,0
0.0,,8.0,4,4,0.0,0.0,0.0,1.0,78.5,76.0,79.0,,,,,,46,MIXfix_F,95.0,36.0,71.0,False,0.0013238782865102,0
0.0,,8.0,4,4,0.0,0.0,0.0,1.0,79.5,71.0,80.0,,,,,,47,MIXfix_F,95.0,35.0,60.0,False,0.0012830350018474,0
0.0,,8.0,4,4,0.0,0.0,0.0,1.0,77.5,60.0,80.0,,,,,,48,MIXfix_F,95.0,31.0,55.0,False,0.0012543060734763,0
0.0,,8.0,4,4,0.0,0.0,0.0,1.0,76.0,60.0,79.0,,,,,,49,MIXfix_F,95.0,36.0,53.0,False,0.0014147622676232,0
0.0,,8.0,4,4,0.0,0.0,0.0,1.0,67.0,56.0,80.0,,,,,,50,MIXfix_F,95.0,38.0,53.0,False,0.0006019010383059,0
0.0,,8.0,4,4,0.0,0.0,0.0,1.0,72.5,54.0,77.0,,,,,,51,MIXfix_F,95.0,40.0,67.0,False,0.0016515833032341,0
0.0,,8.0,4,4,0.0,0.0,0.0,1.0,77.5,77.0,78.0,,,,,,52,MIXfix_F,95.0,34.0,47.0,False,0.0010411398790956,0
0.0,,8.0,4,4,0.0,0.0,0.0,1.0,78.0,65.0,80.0,,,,,,53,MIXfix_F,95.0,33.0,52.0,False,0.0009908576906399,0
0.0,,8.0,4,4,0.1007475772409746,0.0,0.4029903089638987,0.75,72.0,69.0,72.0,,,,,,54,MIXfix_F,95.0,34.0,62.0,False,0.00168442159894,0
0.0,,8.0,4,4,0.0,0.0,0.0,1.0,68.5,65.0,77.0,,,,,,55,MIXfix_F,95.0,32.0,64.0,False,0.0024640781872899,0
0.0,,8.0,4,4,0.0,0.0,0.0,1.0,76.5,60.0,79.0,,,,,,56,MIXfix_F,95.0,37.0,63.0,False,0.0020753755614378,0
0.0,,8.0,4,4,0.0,0.0,0.0,1.0,73.0,71.0,79.0,,,,,,57,MIXfix_F,95.0,32.0,48.0,False,0.0008763188810423,0
0.0,,8.0,4,4,0.0,0.0,0.0,1.0,78.5,76.0,79.0,,,,,,58,MIXfix_F,95.0,37.0,59.0,False,0.0020190884046011,0
0.0,,8.0,4,4,0.0530018243701959,0.0031304868546741,0.2057463237714352,0.5,78.0,65.0,79.0,,,,,,59,MIXfix_F,95.0,29.0,58.0,False,0.0008655448851724,0
0.0,,8.0,4,4,0.0,0.0,0.0,1.0,74.5,45.0,78.0,,,,,,0,MIXfix_M,95.0,37.0,62.0,False,0.0010930222449352,0
0.0,,8.0,4,4,0.0005459399604615,0.0,0.0021837598418461,0.75,71.5,23.0,72.0,,,,,,1,MIXfix_M,95.0,40.0,64.0,False,0.0012181998420198,0
0.0,,8.0,4,4,0.0,0.0,0.0,1.0,77.0,72.0,80.0,,,,,,2,MIXfix_M,95.0,33.0,53.0,False,0.0014976553309527,0
0.0,,8.0,4,4,0.0,0.0,0.0,1.0,77.0,56.0,80.0,,,,,,3,MIXfix_M,95.0,32.0,49.0,False,0.0009592139738568,0
0.0,,8.0,4,4,0.074530456925392,0.0,0.298121827701568,0.75,59.5,18.0,72.0,,,,,,4,MIXfix_M,95.0,36.0,63.0,False,0.0025566683417608,0
0.0,,8.0,4,4,0.0,0.0,0.0,1.0,77.5,70.0,79.0,,,,,,5,MIXfix_M,95.0,38.0,54.0,False,0.0020947678726822,0
0.0,,8.0,4,4,0.0,0.0,0.0,1.0,72.0,42.0,76.0,,,,,,6,MIXfix_M,95.0,33.0,54.0,False,0.0028087086647154,0
0.0,,8.0,4,4,0.0,0.0,0.0,1.0,67.0,64.0,78.0,,,,,,7,MIXfix_M,95.0,35.0,64.0,False,0.0017866116898944,0
0.0,,8.0,4,4,0.0,0.0,0.0,1.0,80.0,74.0,80.0,,,,,,8,MIXfix_M,95.0,35.0,58.0,False,0.0020012600552668,0
0.0,,8.0,4,4,0.0,0.0,0.0,1.0,66.0,56.0,68.0,,,,,,9,MIXfix_M,95.0,40.0,68.0,False,0.0019139484044719,0
0.0,,8.0,4,4,0.0,0.0,0.0,1.0,75.5,72.0,80.0,,,,,,10,MIXfix_M,95.0,29.0,49.0,False,0.0009865628636579,0
0.0,,8.0,4,4,0.0,0.0,0.0,1.0,78.0,77.0,80.0,,,,,,11,MIXfix_M,95.0,31.0,45.0,False,0.0017420563797575,0
0.0,,8.0,4,4,0.0,0.0,0.0,1.0,74.0,72.0,79.0,,,,,,12,MIXfix_M,95.0,29.0,39.0,False,0.0010297231056277,0
0.0,,8.0,4,4,0.0,0.0,0.0,1.0,75.5,71.0,78.0,,,,,,13,MIXfix_M,95.0,36.0,56.0,False,0.0009358557429168,0
0.0,,8.0,4,4,0.0,0.0,0.0,1.0,77.5,75.0,79.0,,,,,,14,MIXfix_M,95.0,38.0,49.0,False,0.0014834822060338,0
0.0,,8.0,4,4,0.0,0.0,0.0,1.0,69.0,39.0,73.0,,,,,,15,MIXfix_M,95.0,38.0,59.0,False,0.0007596086473063,0
0.0,,8.0,4,4,0.0,0.0,0.0,1.0,70.0,60.0,80.0,,,,,,16,MIXfix_M,95.0,42.0,60.0,False,0.001307604705305,0
0.0,,8.0,4,4,0.0,0.0,0.0,1.0,72.0,70.0,80.0,,,,,,17,MIXfix_M,95.0,34.0,59.0,False,0.0007849079362643,0
0.0,,8.0,4,4,0.0,0.0,0.0,1.0,74.0,67.0,80.0,,,,,,18,MIXfix_M,95.0,37.0,60.0,False,0.0015591592789735,0
0.0,,8.0,4,4,0.0,0.0,0.0,1.0,67.5,52.0,79.0,,,,,,19,MIXfix_M,95.0,47.0,64.0,False,0.0019571698431809,0
0.0,,8.0,4,4,0.0,0.0,0.0,1.0,73.5,54.0,80.0,,,,,,20,MIXfix_M,95.0,32.0,48.0,False,0.001277789700603,0
0.0,,8.0,4,4,0.0,0.0,0.0,1.0,66.5,55.0,80.0,,,,,,21,MIXfix_M,95.0,34.0,53.0,False,0.0011868635386147,0
0.0,,8.0,4,4,0.0,0.0,0.0,1.0,73.0,66.0,78.0,,,,,,22,MIXfix_M,95.0,37.0,56.0,False,0.0024205965641487,0
0.0,,8.0,4,4,0.0,0.0,0.0,1.0,76.5,69.0,78.0,,,,,,23,MIXfix_M,95.0,31.0,49.0,False,0.0025871410951515,0
0.0,,8.0,4,4,0.0,0.0,0.0,1.0,70.0,64.0,80.0,,,,,,24,MIXfix_M,95.0,29.0,44.0,False,0.0004973480622941,0
0.0,,8.0,4,4,0.0097852493131071,0.0,0.0391409972524285,0.75,73.0,70.0,79.0,,,,,,25,MIXfix_M,95.0,31.0,37.0,False,0.0008972022348548,0
0.0,,8.0,4,4,0.0,0.0,0.0,1.0,62.5,28.0,75.0,,,,,,26,MIXfix_M,95.0,34.0,59.0,False,0.0033639639138597,0
0.0,,8.0,4,4,0.0,0.0,0.0,1.0,76.5,75.0,80.0,,,,,,27,MIXfix_M,95.0,33.0,47.0,False,0.0008590598277599,0
0.0,,8.0,4,4,0.0,0.0,0.0,1.0,79.0,79.0,80.0,,,,,,28,MIXfix_M,95.0,37.0,52.0,False,0.0013369049193458,0
0.0,,8.0,4,4,0.0266089441572087,0.0,0.1064357766288351,0.75,74.5,73.0,75.0,,,,,,29,MIXfix_M,95.0,38.0,64.0,False,0.0014516017568669,0
0.0,,8.0,4,4,0.0,0.0,0.0,1.0,73.0,47.0,78.0,,,,,,30,MIXfix_M,95.0,41.0,55.0,False,0.0013553646811877,0
0.0,,8.0,4,4,0.0,0.0,0.0,1.0,73.0,67.0,77.0,,,,,,31,MIXfix_M,95.0,35.0,64.0,False,0.0008753058612746,0
0.0,,8.0,4,4,0.0514310924048447,0.0,0.2057243696193788,0.75,70.5,63.0,80.0,,,,,,32,MIXfix_M,95.0,42.0,59.0,False,0.0009658762656133,0
0.0,,8.0,4,4,0.0,0.0,0.0,1.0,72.0,66.0,80.0,,,,,,33,MIXfix_M,95.0,38.0,69.0,False,0.002227984001574,0
0.0,,8.0,4,4,0.0,0.0,0.0,1.0,78.0,71.0,79.0,,,,,,34,MIXfix_M,95.0,33.0,58.0,False,0.0008281360499016,0
0.0,,8.0,4,4,0.021517771504981,0.0,0.0860710860199243,0.75,74.5,68.0,80.0,,,,,,35,MIXfix_M,95.0,33.0,54.0,False,0.0018844800850196,0
0.0,,8.0,4,4,0.0,0.0,0.0,1.0,73.5,71.0,78.0,,,,,,36,MIXfix_M,95.0,33.0,52.0,False,0.0009569249935657,0
0.0,,8.0,4,4,0.0,0.0,0.0,1.0,75.0,70.0,80.0,,,,,,37,MIXfix_M,95.0,31.0,54.0,False,0.0010632180949163,0
0.0,,8.0,4,4,0.0,0.0,0.0,1.0,75.0,70.0,79.0,,,,,,38,MIXfix_M,95.0,32.0,57.0,False,0.0011665444927961,0
0.0,,8.0,4,4,0.0,0.0,0.0,1.0,73.5,57.0,80.0,,,,,,39,MIXfix_M,95.0,34.0,43.0,False,0.0020389895066638,0
0.0,,8.0,4,4,0.0,0.0,0.0,1.0,71.0,61.0,74.0,,,,,,40,MIXfix_M,95.0,32.0,49.0,False,0.0018901034012691,0
0.0,,8.0,4,4,0.0,0.0,0.0,1.0,73.5,56.0,80.0,,,,,,41,MIXfix_M,95.0,35.0,50.0,False,0.0006326316278017,0
0.0,,8.0,4,4,0.0,0.0,0.0,1.0,75.5,71.0,77.0,,,,,,42,MIXfix_M,95.0,33.0,60.0,False,0.0020126974115028,0
0.0,,8.0,4,4,0.0,0.0,0.0,1.0,63.5,60.0,74.0,,,,,,43,MIXfix_M,95.0,35.0,51.0,False,0.0019987420975863,0
0.0,,8.0,4,4,0.0,0.0,0.0,1.0,78.5,76.0,79.0,,,,,,44,MIXfix_M,95.0,30.0,69.0,False,0.0020451151107818,0
0.0,,8.0,4,4,0.0045704301775615,0.0,0.0182817207102462,0.75,79.0,67.0,79.0,,,,,,45,MIXfix_M,95.0,38.0,51.0,False,0.0016454233404744,0
0.0,,8.0,4,4,0.0,0.0,0.0,1.0,75.0,67.0,77.0,,,,,,46,MIXfix_M,95.0,36.0,71.0,False,0.0013238782865102,0
0.0,,8.0,4,4,0.0,0.0,0.0,1.0,78.5,70.0,80.0,,,,,,47,MIXfix_M,95.0,35.0,60.0,False,0.0012830350018474,0
0.0,,8.0,4,4,0.0,0.0,0.0,1.0,75.0,52.0,77.0,,,,,,48,MIXfix_M,95.0,31.0,55.0,False,0.0012543060734763,0
0.0,,8.0,4,4,0.0,0.0,0.0,1.0,75.5,49.0,77.0,,,,,,49,MIXfix_M,95.0,36.0,53.0,False,0.0014147622676232,0
0.0,,8.0,4,4,0.0,0.0,0.0,1.0,78.5,76.0,79.0,,,,,,50,MIXfix_M,95.0,38.0,53.0,False,0.0006019010383059,0
0.0,,8.0,4,4,0.0,0.0,0.0,1.0,77.5,74.0,80.0,,,,,,51,MIXfix_M,95.0,40.0,67.0,False,0.0016515833032341,0
0.0,,8.0,4,4,0.0,0.0,0.0,1.0,79.0,62.0,80.0,,,,,,52,MIXfix_M,95.0,34.0,47.0,False,0.0010411398790956,0
0.0,,8.0,4,4,0.0,0.0,0.0,1.0,75.0,69.0,76.0,,,,,,53,MIXfix_M,95.0,33.0,52.0,False,0.0009908576906399,0
0.0,,8.0,4,4,0.0,0.0,0.0,1.0,68.0,64.0,72.0,,,,,,54,MIXfix_M,95.0,34.0,62.0,False,0.00168442159894,0
0.0,,8.0,4,4,0.0,0.0,0.0,1.0,77.5,65.0,80.0,,,,,,55,MIXfix_M,95.0,32.0,64.0,False,0.0024640781872899,0
0.0,,8.0,4,4,0.0,0.0,0.0,1.0,76.5,67.0,80.0,,,,,,56,MIXfix_M,95.0,37.0,63.0,False,0.0020753755614378,0
0.0,,8.0,4,4,0.0,0.0,0.0,1.0,79.5,76.0,80.0,,,,,,57,MIXfix_M,95.0,32.0,48.0,False,0.0008763188810423,0
0.0,,8.0,4,4,0.0,0.0,0.0,1.0,76.5,62.0,77.0,,,,,,58,MIXfix_M,95.0,37.0,59.0,False,0.0020190884046011,0
0.0,,8.0,4,4,0.0,0.0,0.0,1.0,77.0,73.0,80.0,,,,,,59,MIXfix_M,95.0,29.0,58.0,False,0.0008655448851724,0
1.0,20.0,87.0,4,4,1.0,1.0,1.0,0.0,11.0,11.0,11.0,,,,,,0,B,7.0,54.0,76.0,False,0.5536747325721961,1
1.0,120.0,84.0,4,4,1.0,1.0,1.0,0.0,11.0,11.0,11.0,,,,,,1,B,7.0,46.0,74.0,False,0.5757011425586334,1
1.0,27.0,90.0,4,4,1.0,1.0,1.0,0.0,10.0,10.0,10.0,,,,,,2,B,6.0,50.0,72.0,False,0.6359695743272629,1
1.0,18.0,89.0,4,4,1.0,1.0,1.0,0.0,10.0,10.0,10.0,,,,,,3,B,6.0,48.0,63.0,False,0.5874186626768445,1
1.0,72.0,89.0,4,4,1.0,1.0,1.0,0.0,10.0,10.0,10.0,,,,,,4,B,6.0,44.0,75.0,False,0.5740545787487207,1
1.0,30.0,84.0,4,4,0.9894275104968334,1.0,1.0,0.0,11.0,11.0,11.0,,,,,,5,B,7.0,54.0,74.0,False,0.5714551771459118,1
1.0,37.0,93.0,4,4,1.0,1.0,1.0,0.0,10.0,10.0,10.0,,,,,,6,B,6.0,56.0,73.0,False,0.6211901749672754,1
1.0,31.0,83.0,4,4,0.9359463416499798,1.0,1.0,0.0,12.0,6.0,12.0,,,,,,7,B,8.0,59.0,69.0,False,0.5896389191683892,1
1.0,36.0,85.0,4,4,1.0,1.0,1.0,0.0,11.0,11.0,11.0,,,,,,8,B,7.0,49.0,69.0,False,0.560442555798737,1
1.0,61.0,83.0,4,4,0.8368421052631578,1.0,1.0,0.0,11.0,11.0,11.0,,,,,,9,B,7.0,42.0,52.0,False,0.5329867892101968,1
1.0,33.0,82.0,4,4,1.0,1.0,1.0,0.0,10.0,10.0,10.0,,,,,,10,B,6.0,45.0,76.0,False,0.5921519549352923,1
1.0,30.0,88.0,4,4,0.875,1.0,1.0,0.125,10.0,10.0,10.0,,,,,,11,B,6.0,53.0,71.0,False,0.5710271469993068,1
1.0,20.0,84.0,4,4,1.0,1.0,1.0,0.0,11.0,11.0,11.0,,,,,,12,B,7.0,54.0,67.0,False,0.5837640891460373,1
1.0,26.0,81.0,4,4,1.0,1.0,1.0,0.0,10.0,10.0,10.0,,,,,,13,B,6.0,44.0,69.0,False,0.585410585804241,1
1.0,15.0,88.0,4,4,0.9393726493495516,1.0,1.0,0.0,12.0,6.0,12.0,,,,,,14,B,8.0,54.0,79.0,False,0.5370823129128631,1
1.0,26.0,81.0,4,4,0.9726773383515166,1.0,1.0,0.0,10.0,10.0,10.0,,,,,,15,B,6.0,60.0,76.0,False,0.5903488502270577,1
1.0,37.0,88.0,4,4,1.0,1.0,1.0,0.0,11.0,11.0,11.0,,,,,,16,B,7.0,41.0,68.0,False,0.5714899851744886,1
1.0,28.0,81.0,4,4,1.0,1.0,1.0,0.0,10.0,10.0,10.0,,,,,,17,B,6.0,53.0,69.0,False,0.592222156824038,1
1.0,62.0,80.0,4,4,0.96835700814363,1.0,1.0,0.0,10.0,10.0,10.0,,,,,,18,B,6.0,40.0,66.0,False,0.5912859377686834,1
1.0,33.0,83.0,4,4,1.0,1.0,1.0,0.0,10.0,10.0,10.0,,,,,,19,B,6.0,54.0,72.0,False,0.609056984149888,1
1.0,19.0,82.0,4,4,0.9076514728222598,1.0,1.0,0.0,11.0,11.0,11.0,,,,,,20,B,7.0,47.0,79.0,False,0.5604525413714999,1
1.0,28.0,83.0,4,4,1.0,1.0,1.0,0.0,11.0,11.0,11.0,,,,,,21,B,7.0,51.0,77.0,False,0.6048930357158903,1
1.0,20.0,86.0,4,4,1.0,1.0,1.0,0.0,11.0,11.0,11.0,,,,,,22,B,7.0,51.0,83.0,False,0.5961562458824249,1
1.0,34.0,95.0,4,4,0.9286476127213252,1.0,1.0,0.0,11.0,11.0,11.0,,,,,,23,B,7.0,47.0,75.0,False,0.6013414780449964,1
1.0,89.0,90.0,4,4,1.0,1.0,1.0,0.0,11.0,11.0,11.0,,,,,,24,B,7.0,44.0,64.0,False,0.5568291625631582,1
1.0,32.0,82.0,4,4,1.0,1.0,1.0,0.0,11.0,11.0,11.0,,,,,,25,B,7.0,48.0,77.0,False,0.6229362622164851,1
1.0,26.0,92.0,4,4,1.0,1.0,1.0,0.0,10.0,10.0,10.0,,,,,,26,B,6.0,42.0,67.0,False,0.5884118821602852,1
1.0,20.0,93.0,4,4,1.0,1.0,1.0,0.0,11.0,11.0,11.0,,,,,,27,B,7.0,47.0,69.0,False,0.6178954047719586,1
1.0,45.0,91.0,4,4,0.9511771412335576,1.0,1.0,0.0,11.0,11.0,11.0,,,,,,28,B,7.0,49.0,75.0,False,0.5654395523639817,1
1.0,28.0,92.0,4,4,0.9285570725067328,1.0,1.0,0.0,11.0,11.0,11.0,,,,,,29,B,7.0,46.0,68.0,False,0.5960103213785591,1
1.0,89.0,83.0,4,4,1.0,1.0,1.0,0.0,10.0,10.0,10.0,,,,,,30,B,6.0,45.0,73.0,False,0.6037495113728728,1
1.0,23.0,86.0,4,4,1.0,1.0,1.0,0.0,10.0,10.0,10.0,,,,,,31,B,6.0,47.0,73.0,False,0.6220443728386109,1
1.0,36.0,80.0,4,4,0.9617329862526852,1.0,1.0,0.0,11.0,11.0,11.0,,,,,,32,B,7.0,43.0,74.0,False,0.5910522967253075,1
1.0,32.0,81.0,4,4,0.9745230403578528,1.0,1.0,0.0,11.0,11.0,11.0,,,,,,33,B,7.0,52.0,78.0,False,0.6037324544902181,1
1.0,26.0,81.0,4,4,1.0,1.0,1.0,0.0,10.0,10.0,10.0,,,,,,34,B,6.0,50.0,75.0,False,0.6092106948508368,1
1.0,44.0,82.0,4,4,1.0,1.0,1.0,0.0,10.0,10.0,10.0,,,,,,35,B,6.0,45.0,63.0,False,0.5484270930753833,1
1.0,68.0,86.0,4,4,0.9210549247071408,1.0,1.0,0.0,11.0,11.0,11.0,,,,,,36,B,7.0,50.0,78.0,False,0.6049268965802345,1
1.0,24.0,87.0,4,4,0.970228680378746,1.0,1.0,0.0,11.0,11.0,11.0,,,,,,37,B,7.0,50.0,74.0,False,0.5625755969218552,1
1.0,31.0,83.0,4,4,0.9153442150937529,1.0,1.0,0.0,11.0,11.0,11.0,,,,,,38,B,7.0,45.0,65.0,False,0.6118967074059771,1
1.0,40.0,80.0,4,4,0.9605122308380956,1.0,1.0,0.0,11.0,11.0,11.0,,,,,,39,B,7.0,46.0,66.0,False,0.6010683299530194,1
1.0,20.0,81.0,4,4,0.8144281332474139,1.0,1.0,0.0,12.0,6.0,12.0,,,,,,40,B,8.0,61.0,78.0,False,0.5706538710562542,1
1.0,32.0,83.0,4,4,1.0,1.0,1.0,0.0,10.0,10.0,10.0,,,,,,41,B,6.0,42.0,70.0,False,0.5786056344291935,1
1.0,43.0,87.0,4,4,1.0,1.0,1.0,0.0,10.0,10.0,10.0,,,,,,42,B,6.0,43.0,74.0,False,0.5955254743156584,1
1.0,27.0,80.0,4,4,1.0,1.0,1.0,0.0,10.0,10.0,10.0,,,,,,43,B,6.0,51.0,69.0,False,0.6243602781493564,1
1.0,21.0,83.0,4,4,1.0,1.0,1.0,0.0,11.0,11.0,11.0,,,,,,44,B,7.0,55.0,72.0,False,0.5911899097817803,1
1.0,32.0,90.0,4,4,1.0,1.0,1.0,0.0,11.0,11.0,11.0,,,,,,45,B,7.0,44.0,73.0,False,0.6160124798710898,1
1.0,42.0,83.0,4,4,0.9805954294918346,1.0,1.0,0.0,11.0,11.0,11.0,,,,,,46,B,7.0,56.0,62.0,False,0.6069525982697548,1
1.0,46.0,81.0,4,4,0.9542458096182368,1.0,1.0,0.0,10.0,10.0,10.0,,,,,,47,B,6.0,42.0,65.0,False,0.5984713739232077,1
1.0,50.0,84.0,4,4,1.0,1.0,1.0,0.0,11.0,11.0,11.0,,,,,,48,B,7.0,52.0,68.0,False,0.589770347909334,1
1.0,32.0,87.0,4,4,0.9821666666666666,1.0,1.0,0.0,10.0,10.0,10.0,,,,,,49,B,6.0,50.0,72.0,False,0.6150340790977855,1
1.0,27.0,84.0,4,4,0.97975945477056,1.0,1.0,0.0,10.0,10.0,10.0,,,,,,50,B,6.0,44.0,76.0,False,0.5862252333262938,1
1.0,26.0,99.0,4,4,1.0,1.0,1.0,0.0,11.0,11.0,11.0,,,,,,51,B,7.0,55.0,70.0,False,0.5692801162333322,1
1.0,24.0,83.0,4,4,1.0,1.0,1.0,0.0,10.0,10.0,10.0,,,,,,52,B,6.0,47.0,72.0,False,0.6128937188114616,1
1.0,41.0,83.0,4,4,0.8940064491445198,1.0,1.0,0.0,11.0,11.0,11.0,,,,,,53,B,7.0,56.0,67.0,False,0.5990191439923126,1
0.0,,8.0,4,4,0.9817703713804714,1.0,1.0,0.0,10.0,10.0,10.0,,,,,,54,B,6.0,52.0,76.0,False,0.5815122568165533,1
0.0,,8.0,4,4,1.0,1.0,1.0,0.0,10.0,10.0,10.0,,,,,,55,B,6.0,49.0,66.0,False,0.6173448468958732,1
1.0,34.0,87.0,4,4,0.9889971817112204,1.0,1.0,0.0,11.0,11.0,11.0,,,,,,56,B,7.0,51.0,73.0,False,0.5746318251242302,1
1.0,41.0,86.0,4,4,1.0,1.0,1.0,0.0,10.0,10.0,10.0,,,,,,57,B,6.0,44.0,66.0,False,0.6188771261531568,1
1.0,20.0,92.0,4,4,1.0,1.0,1.0,0.0,11.0,11.0,11.0,,,,,,58,B,7.0,44.0,70.0,False,0.5740473586569289,1
1.0,33.0,89.0,4,4,1.0,1.0,1.0,0.0,11.0,11.0,11.0,,,,,,59,B,7.0,49.0,75.0,False,0.6283561348059029,1
0.0,,8.0,4,4,0.354503562558406,0.3485212715035162,0.4670917531843074,0.0,14.0,14.0,14.0,,,,,,0,BAND,10.0,54.0,76.0,False,0.4599977590044176,1
1.0,45.0,278.0,4,4,0.3567638290790012,0.3452475959726535,0.4610746256923274,0.0,13.0,13.0,13.0,271.0,175.0,0.2878593867025206,0.2400610779602836,0.0182289425740406,1,BAND,9.0,46.0,74.0,False,0.4913887220182187,1
1.0,44.0,381.0,4,4,0.4240178269691749,0.4533838540071796,0.4559826591219227,0.0,13.0,13.0,13.0,373.0,267.0,0.2310589226957561,0.2062949162518176,0.1053513171986156,2,BAND,9.0,50.0,72.0,False,0.4781375163526436,1
1.0,62.0,415.0,4,4,0.3326045721816206,0.3656071647222874,0.4303944062175069,0.0,12.0,12.0,12.0,412.0,260.0,0.3940729813253263,0.347062469594009,0.2702004324897629,3,BAND,8.0,48.0,63.0,False,0.5111369012794375,1
1.0,42.0,422.0,4,4,0.4326033507445004,0.4418544833928706,0.4481733912184974,0.0,13.0,13.0,13.0,414.0,201.0,0.4513353480380547,0.3325354071554059,0.1576499093403834,4,BAND,9.0,44.0,75.0,False,0.4928888047960976,1
1.0,47.0,402.0,4,4,0.3500130716409353,0.3520319095077645,0.4390092956276811,0.0,13.0,13.0,13.0,397.0,310.0,0.3444950042142243,0.3138671988254356,0.3971184937493969,5,BAND,9.0,54.0,74.0,False,0.5003579889364271,1
1.0,39.0,416.0,4,4,0.4115786750954691,0.396097786275371,0.486401926000498,0.0,14.0,14.0,14.0,408.0,233.0,0.3720605588687066,0.3219346366355915,,6,BAND,10.0,56.0,73.0,False,0.4375864134651442,1
1.0,44.0,403.0,4,4,0.3908031201553851,0.3961130407267088,0.470460623908809,0.0,13.0,13.0,13.0,395.0,198.0,0.3798501191031176,0.2922777511219366,0.2355480868701333,7,BAND,9.0,59.0,69.0,False,0.5483949964058319,1
0.0,,8.0,4,4,0.3738120035406425,0.4344530608963446,0.494578392493431,0.0,12.0,12.0,12.0,,,,,,8,BAND,8.0,49.0,69.0,False,0.4962945054371753,1
1.0,41.0,407.0,4,4,0.3807799596759297,0.3620515177229028,0.4600428508245403,0.0,12.0,12.0,12.0,399.0,285.0,0.306110243283257,0.2898268022241583,,9,BAND,8.0,42.0,52.0,False,0.4954067004316395,1
0.0,,8.0,4,4,0.327845226705173,0.3106322356503396,0.4780100956669869,0.0,13.0,13.0,13.0,,,,,,10,BAND,9.0,45.0,76.0,False,0.4613799527540049,1
0.0,,13.0,4,4,0.2912099724328215,0.2902369576689601,0.3547264748050769,0.0,12.0,12.0,12.0,,,,,,11,BAND,8.0,53.0,71.0,False,0.5302880930328724,1
1.0,37.0,406.0,4,4,0.2990073933084556,0.284909120118101,0.4503279289258649,0.0,13.0,13.0,13.0,398.0,211.0,0.2966337361753488,0.2550052709048238,0.1331381341076755,12,BAND,9.0,54.0,67.0,False,0.5322013066478228,1
0.0,,8.0,4,4,0.3909012845617211,0.4280899190776824,0.4917417128147402,0.0,12.0,12.0,12.0,,,,,,13,BAND,8.0,44.0,69.0,False,0.502603570487923,1
1.0,37.0,287.0,4,4,0.3919710224277316,0.4319191039367155,0.440473325372254,0.0,12.0,12.0,12.0,279.0,204.0,0.3223677675501101,0.3088091890111603,,14,BAND,8.0,54.0,79.0,False,0.5370823129128631,1
0.0,,17.0,4,4,0.3870375448950826,0.4217701473803497,0.4994233041261939,0.0,13.0,13.0,13.0,,,,,,15,BAND,9.0,60.0,76.0,False,0.4683047968547598,1
1.0,98.0,402.0,4,4,0.3782201393189299,0.3913303971149791,0.4862616568511027,0.0,16.0,16.0,16.0,402.0,194.0,0.4759409174383224,0.3644327226260229,0.3327670870316281,16,BAND,12.0,41.0,68.0,False,0.4232872398936924,1
1.0,38.0,406.0,4,4,0.4122494822042928,0.4480075507475278,0.4935000441745196,0.0,12.0,12.0,12.0,399.0,197.0,0.5747259563059366,0.4198337254111663,0.2625044768582495,17,BAND,8.0,53.0,69.0,False,0.4678637469008264,1
1.0,65.0,338.0,4,4,0.3775546484264515,0.3885500319723848,0.4860269218118371,0.0,12.0,12.0,12.0,338.0,277.0,0.2727411742482283,0.2683989423482419,0.2019753768734726,18,BAND,8.0,40.0,66.0,False,0.4997428431830094,1
1.0,43.0,436.0,4,4,0.3585557018076462,0.3608352732394706,0.4823780658358928,0.0,13.0,13.0,13.0,430.0,222.0,0.444694264116498,0.3703212434332988,0.3098043262217314,19,BAND,9.0,54.0,72.0,False,0.4617265716294954,1
1.0,43.0,371.0,4,4,0.3306315768986653,0.3346015821296551,0.4883582234980469,0.0,12.0,12.0,12.0,366.0,240.0,0.41432946346946,0.3253269893496342,0.1591184978409561,20,BAND,8.0,47.0,79.0,False,0.517395793063135,1
1.0,78.0,162.0,4,4,0.277433531888627,0.2734396100727982,0.4781666932567124,0.0,14.0,14.0,14.0,162.0,121.0,0.4966008473233125,0.477139066818084,,21,BAND,10.0,51.0,77.0,False,0.5116276438142361,1
1.0,50.0,403.0,4,4,0.2880023600438243,0.2514255197713267,0.4622500445896255,0.0,13.0,13.0,13.0,395.0,239.0,0.4291632627924145,0.3516113241436242,0.25443971456432,22,BAND,9.0,51.0,83.0,False,0.5257629579717098,1
1.0,36.0,412.0,4,4,0.4079122086597028,0.4161024655686094,0.4960390469819423,0.0,12.0,12.0,12.0,405.0,264.0,0.3045091811473878,0.2846394496194019,0.2124969842841948,23,BAND,8.0,47.0,75.0,False,0.5473398474153551,1
1.0,44.0,410.0,4,4,0.3535837241618574,0.3448102160257572,0.4471932171221555,0.0,13.0,13.0,13.0,402.0,296.0,0.2837504445035996,0.2696273185610057,0.0593902897432698,24,BAND,9.0,44.0,64.0,False,0.5074221712527387,1
1.0,33.0,394.0,4,4,0.3353216818234379,0.355980080658085,0.4494860072269662,0.0,15.0,15.0,15.0,386.0,286.0,0.3169138818519615,0.30892944333541,,25,BAND,11.0,48.0,77.0,False,0.4587832592006443,1
1.0,31.0,409.0,4,4,0.3641101464905597,0.3569098429772158,0.4982949625957895,0.0,13.0,13.0,13.0,402.0,256.0,0.3053782679383654,0.2688046631064106,0.0616608325808289,26,BAND,9.0,42.0,67.0,False,0.483791883450362,1
1.0,59.0,404.0,4,4,0.336460630203874,0.3243583655913864,0.457573440175151,0.0,13.0,13.0,13.0,399.0,187.0,0.5985843034608863,0.4113387757573508,0.2482260674924625,27,BAND,9.0,47.0,69.0,False,0.5107402132223192,1
1.0,74.0,402.0,4,4,0.3253694124361104,0.3551632671374522,0.4571461850096797,0.0,12.0,12.0,12.0,402.0,245.0,0.3386940758403076,0.2983010080400446,0.2944675061406918,28,BAND,8.0,49.0,75.0,False,0.5210824199662288,1
1.0,67.0,410.0,4,4,0.4101481291633089,0.4397969330623431,0.4876582149111739,0.0,12.0,12.0,12.0,410.0,281.0,0.2938606960195994,0.269434089364279,,29,BAND,8.0,46.0,68.0,False,0.5495548512407835,1
1.0,44.0,413.0,4,4,0.3550626847311239,0.3780650935644701,0.4352356884171211,0.0,13.0,13.0,13.0,406.0,272.0,0.3322010151680283,0.2917942980696221,0.1056872047965329,30,BAND,9.0,45.0,73.0,False,0.4940347182993853,1
1.0,32.0,409.0,4,4,0.4063054119807008,0.435063093512866,0.4992159443550246,0.0,14.0,14.0,14.0,401.0,252.0,0.3178197139552114,0.2867139076059742,0.3095725661006222,31,BAND,10.0,47.0,73.0,False,0.5031078023320674,1
1.0,44.0,382.0,4,4,0.3995427023487122,0.395574443595345,0.440366130879426,0.0,14.0,14.0,14.0,375.0,209.0,0.4886255767005261,0.3886514363822287,0.1820237870268917,32,BAND,10.0,43.0,74.0,False,0.4927775824637407,1
1.0,46.0,386.0,4,4,0.3433823419071017,0.3518139153700206,0.4476710369900138,0.0,14.0,14.0,14.0,379.0,247.0,0.3925217664069994,0.3239229893108836,0.2171424402539112,33,BAND,10.0,52.0,78.0,False,0.5078632742225256,1
1.0,80.0,333.0,4,4,0.3317468502570108,0.3119996163541336,0.4457113499999999,0.0,12.0,12.0,12.0,333.0,210.0,0.4450747162620554,0.3622002306907763,0.2000021446810097,34,BAND,8.0,50.0,75.0,False,0.512603747840187,1
0.0,,8.0,4,4,0.4312526437275746,0.4355301713413361,0.4879923788505586,0.0,13.0,13.0,13.0,,,,,,35,BAND,9.0,45.0,63.0,False,0.4792826752743265,1
1.0,32.0,404.0,4,4,0.3566040104603859,0.3603585257894365,0.4498447342604914,0.0,13.0,13.0,13.0,397.0,300.0,0.286991700855475,0.2829549877543432,0.3450761541988122,36,BAND,9.0,50.0,78.0,False,0.5295648951223596,1
1.0,71.0,292.0,4,4,0.2755717259913348,0.2522512444149256,0.44195181444593,0.0,12.0,12.0,12.0,292.0,173.0,0.3198413208697023,0.2899405629273774,0.3019998203782285,37,BAND,8.0,50.0,74.0,False,0.5079594089998551,1
1.0,51.0,406.0,4,4,0.3398268862705589,0.3418977077711805,0.4392831780264657,0.0,15.0,15.0,15.0,400.0,278.0,0.3283321570157561,0.2987427419645891,0.0808477053693908,38,BAND,11.0,45.0,65.0,False,0.4605022692566582,1
1.0,30.0,421.0,4,4,0.3996219172057706,0.4519598261807209,0.4946927239552807,0.0,13.0,13.0,13.0,414.0,327.0,0.3240326828578307,0.3021351824213467,0.3176299728468972,39,BAND,9.0,46.0,66.0,False,0.5269848303708354,1
0.0,,8.0,4,4,0.3911952167987245,0.4192006245842563,0.4790690053230946,0.0,12.0,12.0,12.0,,,,,,40,BAND,8.0,61.0,78.0,False,0.5706538710562542,1
1.0,30.0,423.0,4,4,0.3016029104114371,0.2379580347576744,0.4765022998308694,0.0,12.0,12.0,12.0,415.0,206.0,0.3898264809553634,0.3374814618458994,0.4236010594093707,41,BAND,8.0,42.0,70.0,False,0.5065747803045283,1
1.0,52.0,432.0,4,4,0.3812008078753022,0.3471582664990521,0.4862363720688936,0.0,12.0,12.0,12.0,424.0,283.0,0.3781897942220643,0.3254938281131239,0.1800838479522666,42,BAND,8.0,43.0,74.0,False,0.4749687373424807,1
0.0,,8.0,4,4,0.2928139806080531,0.2409336200930325,0.4471904761904761,0.0,12.0,12.0,12.0,,,,,,43,BAND,8.0,51.0,69.0,False,0.5311944605035909,1
1.0,46.0,401.0,4,4,0.4252565979113065,0.4297543854104473,0.450041365765105,0.0,12.0,12.0,12.0,393.0,275.0,0.28673184188132,0.2564739915459219,0.1836000717630992,44,BAND,8.0,55.0,72.0,False,0.5587101344270785,1
1.0,56.0,417.0,4,4,0.3583752242779074,0.3453848304584087,0.4760951628609327,0.0,14.0,14.0,14.0,416.0,241.0,0.4346330774192189,0.334828060097655,0.1482431499426029,45,BAND,10.0,44.0,73.0,False,0.5037872320213923,1
1.0,46.0,176.0,4,4,0.2689423296854333,0.2450984577962832,0.47627292704204,0.0,12.0,12.0,12.0,168.0,132.0,0.5152731036206828,0.4707962653857216,0.1795279099997692,46,BAND,8.0,56.0,62.0,False,0.5708474017918387,1
1.0,41.0,409.0,4,4,0.276251705304473,0.2524696467416791,0.4270805334103149,0.0,12.0,12.0,12.0,401.0,268.0,0.3339950741385847,0.2892505685361965,0.4585454524200411,47,BAND,8.0,42.0,65.0,False,0.5446124408003895,1
0.0,,11.0,4,4,0.3716992730855066,0.4002408641954895,0.482251750227285,0.0,15.0,15.0,15.0,,,,,,48,BAND,11.0,52.0,68.0,False,0.4557201682064227,1
1.0,34.0,408.0,4,4,0.3446500955564546,0.3121347516137731,0.4852800749550149,0.0,12.0,12.0,12.0,400.0,297.0,0.3390738472700993,0.3188285276412119,0.3387273952871973,49,BAND,8.0,50.0,72.0,False,0.5167211576525672,1
1.0,36.0,403.0,4,4,0.4154772854130623,0.4845118322752256,0.4954965346711671,0.0,12.0,12.0,12.0,395.0,307.0,0.2853719795678919,0.2717320725710122,0.1730959012605352,50,BAND,8.0,44.0,76.0,False,0.5037938465157838,1
1.0,82.0,409.0,4,4,0.3153803696287869,0.2832249507004668,0.4720599746627966,0.0,12.0,12.0,12.0,409.0,256.0,0.3248552324973583,0.2889588942434569,0.0102060618216104,51,BAND,8.0,55.0,70.0,False,0.5188846855765538,1
1.0,47.0,274.0,4,4,0.4443263019435842,0.4459874317696065,0.4801778913019184,0.0,12.0,12.0,12.0,266.0,227.0,0.284534141577578,0.2781437209685408,0.1418716710560194,52,BAND,8.0,47.0,72.0,False,0.4939097266328215,1
1.0,28.0,426.0,4,4,0.4238243013236292,0.4225443330201154,0.4529338331948159,0.0,13.0,13.0,13.0,418.0,275.0,0.3712070404136879,0.3217378698583759,0.3184013528520861,53,BAND,9.0,56.0,67.0,False,0.4862937242902036,1
1.0,34.0,425.0,4,4,0.3050417111770643,0.2833586115721251,0.4285257042048055,0.0,12.0,12.0,12.0,418.0,233.0,0.3184049834273133,0.2861028255391405,0.2278702753528847,54,BAND,8.0,52.0,76.0,False,0.5038769171304314,1
1.0,51.0,411.0,4,4,0.3128386980148032,0.2957549122847327,0.4288225023124595,0.0,14.0,14.0,14.0,403.0,193.0,0.3324292540083495,0.2892436019917802,0.2147071595774548,55,BAND,10.0,49.0,66.0,False,0.4652033321773589,1
1.0,50.0,114.0,4,4,0.4205258898134888,0.4345941807633254,0.4938281956379142,0.0,13.0,13.0,13.0,108.0,83.0,0.4157853152595499,0.4204572441036902,0.4250883859861309,56,BAND,9.0,51.0,73.0,False,0.4910262392286478,1
1.0,23.0,410.0,4,4,0.4316653930168183,0.4581486218687165,0.4925156072132333,0.0,12.0,12.0,12.0,402.0,218.0,0.3750037423532245,0.3028534124668441,0.1499898235052149,57,BAND,8.0,44.0,66.0,False,0.5208745356549446,1
1.0,33.0,404.0,4,4,0.3056471503173692,0.2992431319484342,0.4026346697176404,0.0,13.0,13.0,13.0,396.0,203.0,0.5218702299859749,0.3914046888600632,0.320165780617445,58,BAND,9.0,44.0,70.0,False,0.5060414610257294,1
1.0,35.0,420.0,4,4,0.3989553082655774,0.3964415541354956,0.4924533735657718,0.0,12.0,12.0,12.0,412.0,331.0,0.3370908114656418,0.3091952401817737,0.4173857391606094,59,BAND,8.0,49.0,75.0,False,0.6040934370420902,1
1.0,53.0,297.0,4,4,0.3302661623065331,0.3101216267099316,0.4670917531843074,0.0,14.0,14.0,14.0,293.0,196.0,0.4424113216090861,0.3807440907775088,0.4367598843851117,0,BAND_MIX_F,10.0,54.0,76.0,False,0.4599977590044176,1
1.0,22.0,408.0,4,4,0.3705338024613059,0.3452901141174362,0.4462648674929149,0.0,13.0,13.0,13.0,400.0,226.0,0.3617410686266106,0.3193895883003946,0.3074347743669434,1,BAND_MIX_F,9.0,46.0,74.0,False,0.4913887220182187,1
1.0,41.0,415.0,4,4,0.4546832565645511,0.4546832565645512,0.4559826591219227,0.0,13.0,13.0,13.0,410.0,258.0,0.3419943043044606,0.2964655039996864,0.1518902966744608,2,BAND_MIX_F,9.0,50.0,72.0,False,0.4781375163526436,1
1.0,54.0,416.0,4,4,0.3010006673271149,0.2980225478547456,0.3775196426117648,0.0,12.0,12.0,12.0,409.0,191.0,0.5422583537377466,0.3889409751975748,0.2407774367168672,3,BAND_MIX_F,8.0,48.0,63.0,False,0.5111369012794375,1
1.0,40.0,411.0,4,4,0.4179710874003756,0.4161435837288969,0.4481733912184974,0.0,13.0,13.0,13.0,403.0,262.0,0.3516900134842708,0.3112440968120842,0.1712992572982092,4,BAND_MIX_F,9.0,44.0,75.0,False,0.4928888047960976,1
1.0,26.0,400.0,4,4,0.3515091979111023,0.3520319095077645,0.3741979919707282,0.0,13.0,13.0,13.0,393.0,320.0,0.2699388845292184,0.2539686952346216,0.1297087076291228,5,BAND_MIX_F,9.0,54.0,74.0,False,0.5003579889364271,1
1.0,37.0,412.0,4,4,0.3612491584054647,0.3663370997858309,0.486401926000498,0.0,14.0,14.0,14.0,404.0,294.0,0.289181529616247,0.2763363426614278,0.2453637289660666,6,BAND_MIX_F,10.0,56.0,73.0,False,0.4375864134651442,1
1.0,27.0,360.0,4,4,0.3544546139730644,0.3463346971083618,0.4458913843450558,0.0,13.0,13.0,13.0,353.0,253.0,0.3860953421293243,0.3542154884433996,,7,BAND_MIX_F,9.0,59.0,69.0,False,0.5483949964058319,1
1.0,43.0,405.0,4,4,0.3570874540307859,0.3507418136943013,0.4770825458143279,0.0,12.0,12.0,12.0,397.0,234.0,0.2941641189291728,0.2490182047894351,0.1320675928285027,8,BAND_MIX_F,8.0,49.0,69.0,False,0.4962945054371753,1
0.0,,8.0,4,4,0.3409798572768441,0.3345668725529984,0.4600428508245403,0.0,12.0,12.0,12.0,,,,,,9,BAND_MIX_F,8.0,42.0,52.0,False,0.4954067004316395,1
1.0,121.0,339.0,4,4,0.358628740436243,0.3795985761849488,0.4372540888293772,0.0,13.0,13.0,13.0,339.0,204.0,0.3880678913872737,0.3136712491017053,0.1609553240420266,10,BAND_MIX_F,9.0,45.0,76.0,False,0.4613799527540049,1
1.0,32.0,359.0,4,4,0.2750520692209667,0.2839954154462591,0.2902369576689601,0.0,12.0,12.0,12.0,352.0,256.0,0.3612274704913511,0.370880226728608,0.4022836385202541,11,BAND_MIX_F,8.0,53.0,71.0,False,0.5302880930328724,1
1.0,46.0,401.0,4,4,0.2767850586433085,0.252552123076923,0.3494838653424649,0.0,13.0,13.0,13.0,393.0,257.0,0.2767121639963533,0.2695958274848785,0.344427999595936,12,BAND_MIX_F,9.0,54.0,67.0,False,0.5322013066478228,1
1.0,56.0,411.0,4,4,0.3981178974759978,0.413481808464566,0.484536872823748,0.0,12.0,12.0,12.0,405.0,275.0,0.3523863210512682,0.3132235979662313,0.2704549852314978,13,BAND_MIX_F,8.0,44.0,69.0,False,0.502603570487923,1
1.0,91.0,403.0,4,4,0.4191668880359253,0.440473325372254,0.4939012571270728,0.0,12.0,12.0,12.0,403.0,324.0,0.2163083231096937,0.204843083756473,0.1850077928134591,14,BAND_MIX_F,8.0,54.0,79.0,False,0.5370823129128631,1
1.0,32.0,419.0,4,4,0.393627054329327,0.4166259985767185,0.4342875337552291,0.0,13.0,13.0,13.0,411.0,164.0,0.4532279732968536,0.3150696554203951,0.3447464819607365,15,BAND_MIX_F,9.0,60.0,76.0,False,0.4683047968547598,1
1.0,35.0,395.0,4,4,0.3900067447249702,0.4188197036269692,0.4678145898884321,0.0,16.0,16.0,16.0,387.0,265.0,0.3731850204388262,0.3459151762967006,0.2098344426239728,16,BAND_MIX_F,12.0,41.0,68.0,False,0.4232872398936924,1
0.0,,8.0,4,4,0.4286437623166543,0.4480075507475278,0.4935000441745196,0.0,12.0,12.0,12.0,,,,,,17,BAND_MIX_F,8.0,53.0,69.0,False,0.4678637469008264,1
1.0,50.0,409.0,4,4,0.3702108158280637,0.3544757597332796,0.4860269218118371,0.0,12.0,12.0,12.0,401.0,258.0,0.3076580907112589,0.278564152709904,0.1293142295377155,18,BAND_MIX_F,8.0,40.0,66.0,False,0.4997428431830094,1
1.0,71.0,408.0,4,4,0.4059108858993329,0.3986809571632017,0.4589283597873408,0.0,13.0,13.0,13.0,408.0,210.0,0.3913274157062049,0.3158301387836056,0.0832501234859431,19,BAND_MIX_F,9.0,54.0,72.0,False,0.4617265716294954,1
1.0,37.0,410.0,4,4,0.2716995983974496,0.2177752954453691,0.4476487585149044,0.0,12.0,12.0,12.0,402.0,263.0,0.2465458486612627,0.2448533135329446,0.1582773945290183,20,BAND_MIX_F,8.0,47.0,79.0,False,0.517395793063135,1
1.0,47.0,434.0,4,4,0.2664837428738629,0.2405615799862648,0.3795324620469952,0.0,14.0,14.0,14.0,427.0,268.0,0.3444701025303446,0.3200905071920736,0.2841668518489687,21,BAND_MIX_F,10.0,51.0,77.0,False,0.5116276438142361,1
1.0,29.0,429.0,4,4,0.3296788371922592,0.3025198922040423,0.4622500445896255,0.0,13.0,13.0,13.0,421.0,278.0,0.4244052076726821,0.3759357468990268,0.3897181999778022,22,BAND_MIX_F,9.0,51.0,83.0,False,0.5257629579717098,1
1.0,17.0,338.0,4,4,0.373897886657831,0.3887892053277414,0.4362477069161866,0.0,12.0,12.0,12.0,330.0,212.0,0.326580853944289,0.2974841878641525,0.2557754090461389,23,BAND_MIX_F,8.0,47.0,75.0,False,0.5473398474153551,1
1.0,41.0,402.0,4,4,0.3342719560244573,0.3448102160257572,0.442380735120681,0.0,13.0,13.0,13.0,394.0,197.0,0.333595911554095,0.2586137530344873,0.1886208422254967,24,BAND_MIX_F,9.0,44.0,64.0,False,0.5074221712527387,1
1.0,27.0,308.0,4,4,0.2895575956773487,0.2507022398656175,0.4494860072269662,0.0,15.0,15.0,15.0,300.0,205.0,0.3387380559473202,0.3336959395084228,0.1199609015554477,25,BAND_MIX_F,11.0,48.0,77.0,False,0.4587832592006443,1
1.0,29.0,303.0,4,4,0.3860784504365081,0.3974392471929406,0.4982949625957895,0.0,13.0,13.0,13.0,296.0,242.0,0.289438911074992,0.2615421723225105,0.4611243427544208,26,BAND_MIX_F,9.0,42.0,67.0,False,0.483791883450362,1
1.0,35.0,270.0,4,4,0.3214861724042024,0.3243583655913864,0.3377777777777777,0.0,13.0,13.0,13.0,262.0,224.0,0.2738924306015192,0.2772336155304192,0.3611596776981469,27,BAND_MIX_F,9.0,47.0,69.0,False,0.5107402132223192,1
1.0,56.0,311.0,4,4,0.2928452668990344,0.255243735718188,0.4571461850096797,0.0,12.0,12.0,12.0,306.0,155.0,0.4698461321295893,0.3410725908867981,0.2009915233531203,28,BAND_MIX_F,8.0,49.0,75.0,False,0.5210824199662288,1
1.0,69.0,412.0,4,4,0.3510490826415645,0.3784243972477635,0.4419381034330299,0.0,12.0,12.0,12.0,412.0,279.0,0.4209848170563996,0.3681264813936781,0.3416627499193159,29,BAND_MIX_F,8.0,46.0,68.0,False,0.5495548512407835,1
1.0,29.0,423.0,4,4,0.3633456804787512,0.3856002223601638,0.4352356884171211,0.0,13.0,13.0,13.0,415.0,237.0,0.4181793077441879,0.3336359373040645,0.3156301097779376,30,BAND_MIX_F,9.0,45.0,73.0,False,0.4940347182993853,1
1.0,21.0,408.0,4,4,0.4114157889292912,0.435063093512866,0.4992159443550246,0.0,14.0,14.0,14.0,400.0,250.0,0.2419475757886676,0.2369803395701846,0.1514820133739961,31,BAND_MIX_F,10.0,47.0,73.0,False,0.5031078023320674,1
1.0,44.0,421.0,4,4,0.3632441029054395,0.3628347568367184,0.4837662147403083,0.0,14.0,14.0,14.0,414.0,249.0,0.4092514564118384,0.3321380233871523,0.2165989084398966,32,BAND_MIX_F,10.0,43.0,74.0,False,0.4927775824637407,1
1.0,30.0,353.0,4,4,0.3450164751692764,0.3518139153700206,0.4309866374534953,0.0,14.0,14.0,14.0,345.0,212.0,0.3907985835969378,0.3292018919021598,0.3248474070582192,33,BAND_MIX_F,10.0,52.0,78.0,False,0.5078632742225256,1
0.0,,8.0,4,4,0.2705083200621967,0.2745799431576331,0.2837406535947712,0.0,12.0,12.0,12.0,,,,,,34,BAND_MIX_F,8.0,50.0,75.0,False,0.512603747840187,1
1.0,29.0,421.0,4,4,0.3799746035758224,0.3903507595319939,0.4879923788505586,0.0,13.0,13.0,13.0,414.0,231.0,0.3422659734793616,0.2797983501111557,0.1911991121338795,35,BAND_MIX_F,9.0,45.0,63.0,False,0.4792826752743265,1
1.0,42.0,416.0,4,4,0.3748910631283298,0.3848723759932545,0.458947183208429,0.0,13.0,13.0,13.0,410.0,290.0,0.2819979214853792,0.2767205079809149,0.2468481286032835,36,BAND_MIX_F,9.0,50.0,78.0,False,0.5295648951223596,1
1.0,39.0,410.0,4,4,0.2878295385481128,0.2522512444149256,0.44195181444593,0.0,12.0,12.0,12.0,402.0,245.0,0.3123500162856671,0.2592060069158817,0.4683931929501037,37,BAND_MIX_F,8.0,50.0,74.0,False,0.5079594089998551,1
1.0,44.0,419.0,4,4,0.3067219333953546,0.285358457110192,0.4338796452112426,0.0,15.0,15.0,15.0,412.0,311.0,0.325468959731178,0.2960618133757254,0.1441474509701226,38,BAND_MIX_F,11.0,45.0,65.0,False,0.4605022692566582,1
0.0,,8.0,4,4,0.387054442453258,0.4189928829470375,0.4679954611404984,0.0,13.0,13.0,13.0,,,,,,39,BAND_MIX_F,9.0,46.0,66.0,False,0.5269848303708354,1
1.0,68.0,423.0,4,4,0.4206459950050522,0.4146771351881467,0.4790690053230946,0.0,12.0,12.0,12.0,421.0,232.0,0.3542726361092379,0.2911956382758778,0.1787935207274581,40,BAND_MIX_F,8.0,61.0,78.0,False,0.5706538710562542,1
1.0,31.0,406.0,4,4,0.2565135339471113,0.2379580347576744,0.3121800315154219,0.0,12.0,12.0,12.0,398.0,204.0,0.5236423422477411,0.4169596349577085,0.2355092369502897,41,BAND_MIX_F,8.0,42.0,70.0,False,0.5065747803045283,1
1.0,35.0,416.0,4,4,0.3826444224396599,0.3562434346015541,0.4835320407761164,0.0,12.0,12.0,12.0,408.0,269.0,0.358935048152904,0.3169114410804083,0.2289454388808893,42,BAND_MIX_F,8.0,43.0,74.0,False,0.4749687373424807,1
1.0,30.0,344.0,4,4,0.3722550638955604,0.4042297716492368,0.4471904761904761,0.0,12.0,12.0,12.0,336.0,240.0,0.423794612010964,0.3931899715311237,0.0301126501472855,43,BAND_MIX_F,8.0,51.0,69.0,False,0.5311944605035909,1
1.0,37.0,417.0,4,4,0.4207588104121657,0.4297543854104473,0.450041365765105,0.0,12.0,12.0,12.0,411.0,180.0,0.5139909746884157,0.3723065037402857,0.335084653903638,44,BAND_MIX_F,8.0,55.0,72.0,False,0.5587101344270785,1
1.0,56.0,415.0,4,4,0.3849738759343431,0.3909441813094879,0.4760951628609327,0.0,14.0,14.0,14.0,410.0,212.0,0.3888931815939799,0.3337167821244212,0.2076474727234399,45,BAND_MIX_F,10.0,44.0,73.0,False,0.5037872320213923,1
1.0,44.0,402.0,4,4,0.3028920751077224,0.2450984577962832,0.47627292704204,0.0,12.0,12.0,12.0,394.0,308.0,0.2916244866689273,0.2846663137512616,0.2053412584404576,46,BAND_MIX_F,8.0,56.0,62.0,False,0.5708474017918387,1
1.0,30.0,402.0,4,4,0.2618434836615151,0.2524696467416791,0.3206461572114623,0.0,12.0,12.0,12.0,394.0,282.0,0.2471764546953378,0.2374991703356393,0.2062377323007409,47,BAND_MIX_F,8.0,42.0,65.0,False,0.5446124408003895,1
1.0,39.0,408.0,4,4,0.3438945458220311,0.3233288492594419,0.4395635082342989,0.0,15.0,15.0,15.0,402.0,256.0,0.3425617524369142,0.3067320055939583,0.2789200609325152,48,BAND_MIX_F,11.0,52.0,68.0,False,0.4557201682064227,1
1.0,35.0,426.0,4,4,0.3294397537077584,0.3121347516137731,0.4132350275567222,0.0,12.0,12.0,12.0,419.0,257.0,0.4007830141836241,0.3489731079285342,0.2628609226905459,49,BAND_MIX_F,8.0,50.0,72.0,False,0.5167211576525672,1
1.0,26.0,406.0,4,4,0.4899315796642866,0.4915969301117824,0.4954965346711671,0.0,12.0,12.0,12.0,398.0,267.0,0.3371424612960129,0.3004967392283205,0.3044152112663354,50,BAND_MIX_F,8.0,44.0,76.0,False,0.5037938465157838,1
1.0,37.0,403.0,4,4,0.2878772760968402,0.2875434064171108,0.3392783136687696,0.0,12.0,12.0,12.0,395.0,300.0,0.2290898002897522,0.2463818710467667,0.2861860582529826,51,BAND_MIX_F,8.0,55.0,70.0,False,0.5188846855765538,1
1.0,74.0,361.0,4,4,0.3950597394045814,0.4457073283564901,0.446267535182723,0.0,12.0,12.0,12.0,361.0,214.0,0.4900540125093428,0.3812888090777684,0.0578577821004327,52,BAND_MIX_F,8.0,47.0,72.0,False,0.4939097266328215,1
1.0,24.0,407.0,4,4,0.3861232368280317,0.4291454278663006,0.4518957718769263,0.0,13.0,13.0,13.0,399.0,226.0,0.3290923505093687,0.2631802128099428,0.3060333389579922,53,BAND_MIX_F,9.0,56.0,67.0,False,0.4862937242902036,1
1.0,67.0,403.0,4,4,0.3349042932712001,0.3213534502021047,0.4430135038707041,0.0,12.0,12.0,12.0,402.0,264.0,0.2954516346294987,0.2627694703770256,0.3257991038203215,54,BAND_MIX_F,8.0,52.0,76.0,False,0.5038769171304314,1
1.0,33.0,320.0,4,4,0.2935549636231237,0.2791888905934083,0.387545284857605,0.0,14.0,14.0,14.0,312.0,244.0,0.4128993624162291,0.3768478281602752,,55,BAND_MIX_F,10.0,49.0,66.0,False,0.4652033321773589,1
1.0,45.0,386.0,4,4,0.3789648233886156,0.3890928905445718,0.4666858528911088,0.0,13.0,13.0,13.0,379.0,254.0,0.2318095058388863,0.2264700374424388,0.2358076910178592,56,BAND_MIX_F,9.0,51.0,73.0,False,0.4910262392286478,1
1.0,40.0,387.0,4,4,0.4768505084838585,0.4783689024267422,0.4925156072132333,0.0,12.0,12.0,12.0,379.0,232.0,0.4120811447182161,0.3354938684615985,0.1320731560543213,57,BAND_MIX_F,8.0,44.0,66.0,False,0.5208745356549446,1
1.0,33.0,285.0,4,4,0.3253228273572972,0.3514025227661602,0.3514025227661602,0.0,13.0,13.0,13.0,277.0,171.0,0.4236943134246342,0.3599313043841134,0.4181729616771296,58,BAND_MIX_F,9.0,44.0,70.0,False,0.5060414610257294,1
1.0,29.0,419.0,4,4,0.4259636772620395,0.4456812683749283,0.4771845268809156,0.0,12.0,12.0,12.0,411.0,236.0,0.4327262007998801,0.3438699458134038,0.3700544874111822,59,BAND_MIX_F,8.0,49.0,75.0,False,0.6040934370420902,1
1.0,37.0,404.0,4,4,0.3512259503917673,0.3485212715035162,0.440867862483966,0.0,14.0,14.0,14.0,396.0,282.0,0.3586310999883954,0.3253996047047354,0.37858028542796,0,BAND_MIX_M,10.0,54.0,76.0,False,0.4599977590044176,1
1.0,48.0,417.0,4,4,0.3473874811858066,0.3445409817700399,0.4518472744841031,0.0,13.0,13.0,13.0,410.0,318.0,0.3821936655217964,0.350030257130325,0.3316666293919031,1,BAND_MIX_M,9.0,46.0,74.0,False,0.4913887220182187,1
1.0,43.0,418.0,4,4,0.3531400095148073,0.333422863314081,0.4533838540071796,0.0,13.0,13.0,13.0,410.0,205.0,0.3746252950925909,0.3008680972977592,0.137899538979787,2,BAND_MIX_M,9.0,50.0,72.0,False,0.4781375163526436,1
1.0,16.0,358.0,4,4,0.3642084770361262,0.3980007854698971,0.4303944062175069,0.0,12.0,12.0,12.0,350.0,229.0,0.3668941600233426,0.3216864779060803,0.4423926183845909,3,BAND_MIX_M,8.0,48.0,63.0,False,0.5111369012794375,1
1.0,23.0,356.0,4,4,0.4357380293814821,0.4418544833928706,0.4481733912184974,0.0,13.0,13.0,13.0,348.0,281.0,0.2938108297052539,0.2660731181013236,0.1495910431507698,4,BAND_MIX_M,9.0,44.0,75.0,False,0.4928888047960976,1
1.0,32.0,290.0,4,4,0.3461892617034436,0.3520319095077645,0.3520319095077645,0.0,13.0,13.0,13.0,282.0,190.0,0.3414568267857129,0.308491667935775,0.5356478176366084,5,BAND_MIX_M,9.0,54.0,74.0,False,0.5003579889364271,1
1.0,41.0,283.0,4,4,0.3769306548963331,0.3915778562217696,0.486401926000498,0.0,14.0,14.0,14.0,276.0,177.0,0.4573793470532081,0.3862460811384879,0.264121471149695,6,BAND_MIX_M,10.0,56.0,73.0,False,0.4375864134651442,1
1.0,24.0,387.0,4,4,0.4271516263377058,0.4459055921668262,0.470460623908809,0.0,13.0,13.0,13.0,379.0,279.0,0.2451366448603728,0.2252365558948526,,7,BAND_MIX_M,9.0,59.0,69.0,False,0.5483949964058319,1
1.0,30.0,323.0,4,4,0.3434487253431714,0.3241056615508885,0.494578392493431,0.0,12.0,12.0,12.0,315.0,207.0,0.4099969978848958,0.3778259211225824,,8,BAND_MIX_M,8.0,49.0,69.0,False,0.4962945054371753,1
1.0,26.0,411.0,4,4,0.4092671026154167,0.4111269960177052,0.4618891386344367,0.0,12.0,12.0,12.0,403.0,224.0,0.4107520886906519,0.3350696037686182,0.5598393113898357,9,BAND_MIX_M,8.0,42.0,52.0,False,0.4954067004316395,1
1.0,35.0,419.0,4,4,0.3071229906635155,0.2634476064740861,0.4780100956669869,0.0,13.0,13.0,13.0,411.0,248.0,0.4040608338744862,0.3493964268858426,0.3428015380140466,10,BAND_MIX_M,9.0,45.0,76.0,False,0.4613799527540049,1
1.0,20.0,279.0,4,4,0.3384322276402653,0.3526887299230498,0.4063709623925732,0.0,12.0,12.0,12.0,271.0,202.0,0.335992257988586,0.3085433849227855,0.2360435063989726,11,BAND_MIX_M,8.0,53.0,71.0,False,0.5302880930328724,1
1.0,44.0,395.0,4,4,0.2556072779907783,0.2169378554232661,0.3784259860092971,0.0,13.0,13.0,13.0,391.0,265.0,0.4513396214478244,0.4000280584408286,0.3769781482545509,12,BAND_MIX_M,9.0,54.0,67.0,False,0.5322013066478228,1
1.0,21.0,408.0,4,4,0.3360552374226422,0.3421173561741836,0.4439782637406166,0.0,12.0,12.0,12.0,400.0,310.0,0.2468477848578736,0.2512646556893442,0.3313927982278878,13,BAND_MIX_M,8.0,44.0,69.0,False,0.502603570487923,1
1.0,27.0,328.0,4,4,0.4090997873113192,0.423364882501177,0.440473325372254,0.0,12.0,12.0,12.0,320.0,218.0,0.3313754188088238,0.2879698575923902,0.3006310610838696,14,BAND_MIX_M,8.0,54.0,79.0,False,0.5370823129128631,1
1.0,33.0,428.0,4,4,0.4098913413945357,0.417952907399538,0.4342875337552291,0.0,13.0,13.0,13.0,420.0,308.0,0.3114918227380088,0.2966758325229295,0.3309770355977616,15,BAND_MIX_M,9.0,60.0,76.0,False,0.4683047968547598,1
1.0,32.0,322.0,4,4,0.3905974418410053,0.4296419132014527,0.4485329592036053,0.0,16.0,16.0,16.0,314.0,243.0,0.3128648978212861,0.3148470427053215,0.42441987477419,16,BAND_MIX_M,12.0,41.0,68.0,False,0.4232872398936924,1
0.0,,8.0,4,4,0.3958552020919313,0.4051766770115776,0.4480075507475278,0.0,12.0,12.0,12.0,,,,,,17,BAND_MIX_M,8.0,53.0,69.0,False,0.4678637469008264,1
1.0,50.0,277.0,4,4,0.4211898391991093,0.4347120832060901,0.4519198902503197,0.0,12.0,12.0,12.0,270.0,232.0,0.2612473443746012,0.2524075845565179,0.0556299453394249,18,BAND_MIX_M,8.0,40.0,66.0,False,0.4997428431830094,1
1.0,28.0,347.0,4,4,0.3165905932169986,0.3112062056851497,0.3725293809882178,0.0,13.0,13.0,13.0,339.0,209.0,0.4668569926988594,0.4028019368219526,0.4050052270969012,19,BAND_MIX_M,9.0,54.0,72.0,False,0.4617265716294954,1
1.0,42.0,414.0,4,4,0.4494505788319474,0.4638996078425502,0.4855321221990805,0.0,12.0,12.0,12.0,408.0,248.0,0.3959570770171605,0.3203879037257511,0.2347079160593244,20,BAND_MIX_M,8.0,47.0,79.0,False,0.517395793063135,1
1.0,24.0,416.0,4,4,0.3221956728667632,0.2881637267288504,0.4777683948907223,0.0,14.0,14.0,14.0,408.0,280.0,0.4184677623986071,0.3757702982937565,0.3067469808793834,21,BAND_MIX_M,10.0,51.0,77.0,False,0.5116276438142361,1
1.0,35.0,415.0,4,4,0.2510148448048273,0.2510148448048273,0.2514255197713267,0.0,13.0,13.0,13.0,408.0,265.0,0.3746572013045366,0.3398516687764703,0.2748010632076104,22,BAND_MIX_M,9.0,51.0,83.0,False,0.5257629579717098,1
1.0,21.0,403.0,4,4,0.4726307982174346,0.4775301365409056,0.4978334072840041,0.0,12.0,12.0,12.0,395.0,173.0,0.4071409343067572,0.2932259365697605,0.271883062672909,23,BAND_MIX_M,8.0,47.0,75.0,False,0.5473398474153551,1
1.0,23.0,378.0,4,4,0.3123688522501271,0.2843403122731788,0.4423788530066531,0.0,13.0,13.0,13.0,370.0,304.0,0.354587906659902,0.3369817852864448,0.4619763146699216,24,BAND_MIX_M,9.0,44.0,64.0,False,0.5074221712527387,1
1.0,29.0,409.0,4,4,0.2698425742625948,0.2588253751488387,0.3475327331620789,0.0,15.0,15.0,15.0,401.0,207.0,0.4176679564573639,0.3377976845630305,0.2744712954720179,25,BAND_MIX_M,11.0,48.0,77.0,False,0.4587832592006443,1
1.0,31.0,391.0,4,4,0.3420962822602959,0.3207947503142018,0.4952365310106704,0.0,13.0,13.0,13.0,383.0,285.0,0.2302595745153627,0.2225559070318081,0.2942244688461177,26,BAND_MIX_M,9.0,42.0,67.0,False,0.483791883450362,1
1.0,70.0,427.0,4,4,0.3401968159197314,0.3243583655913864,0.457573440175151,0.0,13.0,13.0,13.0,427.0,239.0,0.399749005116545,0.3227720460153002,0.3482054426569284,27,BAND_MIX_M,9.0,47.0,69.0,False,0.5107402132223192,1
1.0,39.0,412.0,4,4,0.3312779615479353,0.3551632671374522,0.4142692699465157,0.0,12.0,12.0,12.0,404.0,178.0,0.4949516928452322,0.3673136550658935,0.2219816496736085,28,BAND_MIX_M,8.0,49.0,75.0,False,0.5210824199662288,1
1.0,27.0,404.0,4,4,0.4238793524748557,0.4376557626916562,0.4419381034330299,0.0,12.0,12.0,12.0,396.0,265.0,0.2664251565562389,0.2393866168411603,,29,BAND_MIX_M,8.0,46.0,68.0,False,0.5495548512407835,1
0.0,,17.0,4,4,0.3467796889834965,0.3780650935644701,0.3840419800274895,0.0,13.0,13.0,13.0,,,,,,30,BAND_MIX_M,9.0,45.0,73.0,False,0.4940347182993853,1
1.0,32.0,283.0,4,4,0.4391834290032496,0.4926319429868123,0.4942347392711571,0.0,14.0,14.0,14.0,275.0,191.0,0.3447465607039722,0.3025401369176373,0.2224992461814363,31,BAND_MIX_M,10.0,47.0,73.0,False,0.5031078023320674,1
1.0,72.0,416.0,4,4,0.4055865510345228,0.4069737223406247,0.429514549429434,0.0,14.0,14.0,14.0,416.0,204.0,0.4476746466422354,0.3268062495700714,0.1918595359310226,32,BAND_MIX_M,10.0,43.0,74.0,False,0.4927775824637407,1
1.0,76.0,403.0,4,4,0.3375771087607973,0.3518139153700206,0.4012291718195783,0.0,14.0,14.0,14.0,403.0,305.0,0.3274293957462068,0.2966136072319554,0.1629350732960313,33,BAND_MIX_M,10.0,52.0,78.0,False,0.5078632742225256,1
1.0,37.0,248.0,4,4,0.360110439824176,0.3727988344789774,0.4457113499999999,0.0,12.0,12.0,12.0,241.0,151.0,0.3999816134802821,0.3198324002060922,0.3701885313509904,34,BAND_MIX_M,8.0,50.0,75.0,False,0.512603747840187,1
1.0,38.0,404.0,4,4,0.4379777321962823,0.4444604794707157,0.4645583939471792,0.0,13.0,13.0,13.0,397.0,246.0,0.4428801898615103,0.3626779793053477,0.272616308696534,35,BAND_MIX_M,9.0,45.0,63.0,False,0.4792826752743265,1
1.0,83.0,422.0,4,4,0.345340464473234,0.345340464473234,0.4498447342604914,0.0,13.0,13.0,13.0,422.0,274.0,0.3541670240621988,0.3141083930833853,0.4261182987278555,36,BAND_MIX_M,9.0,50.0,78.0,False,0.5295648951223596,1
1.0,67.0,405.0,4,4,0.2759826901735488,0.2285575476657977,0.44195181444593,0.0,12.0,12.0,12.0,402.0,261.0,0.3947141033829152,0.3451278167261316,0.189286503810249,37,BAND_MIX_M,8.0,50.0,74.0,False,0.5079594089998551,1
1.0,26.0,420.0,4,4,0.3393167653389062,0.3426128660165949,0.4392831780264657,0.0,15.0,15.0,15.0,412.0,316.0,0.3175529894593487,0.2914967020065532,0.277910814213093,38,BAND_MIX_M,11.0,45.0,65.0,False,0.4605022692566582,1
1.0,27.0,410.0,4,4,0.363767479847662,0.3590703263284543,0.4946927239552807,0.0,13.0,13.0,13.0,402.0,277.0,0.3886248186788386,0.3613905834741535,0.1331357776012633,39,BAND_MIX_M,9.0,46.0,66.0,False,0.5269848303708354,1
1.0,28.0,388.0,4,4,0.3486372197080103,0.3666221175943133,0.4383027014530197,0.0,12.0,12.0,12.0,380.0,203.0,0.3463926384941981,0.3047920423081339,0.1755987159108978,40,BAND_MIX_M,8.0,61.0,78.0,False,0.5706538710562542,1
1.0,36.0,318.0,4,4,0.3132899756879244,0.2826524078179535,0.4765022998308694,0.0,12.0,12.0,12.0,310.0,193.0,0.404264858325746,0.3520869880430198,0.3730306028981708,41,BAND_MIX_M,8.0,42.0,70.0,False,0.5065747803045283,1
1.0,36.0,402.0,4,4,0.4104123374781986,0.4136055890889242,0.4837403394637407,0.0,12.0,12.0,12.0,394.0,291.0,0.3338939639069957,0.3003049941552949,0.3714639729492087,42,BAND_MIX_M,8.0,43.0,74.0,False,0.4749687373424807,1
1.0,37.0,404.0,4,4,0.2950209730986478,0.2674602503261609,0.4042297716492368,0.0,12.0,12.0,12.0,396.0,188.0,0.4160847120072425,0.3348417223533496,0.2158437766224447,43,BAND_MIX_M,8.0,51.0,69.0,False,0.5311944605035909,1
1.0,39.0,403.0,4,4,0.3950127229122145,0.4094674050557897,0.450041365765105,0.0,12.0,12.0,12.0,395.0,262.0,0.304933034804479,0.2614628181820739,0.1697210507305941,44,BAND_MIX_M,8.0,55.0,72.0,False,0.5587101344270785,1
1.0,55.0,408.0,4,4,0.2829958886358222,0.2902562827725712,0.3461966310373038,0.0,14.0,14.0,14.0,402.0,202.0,0.5693818837920765,0.4101198313676219,0.2578610254947103,45,BAND_MIX_M,10.0,44.0,73.0,False,0.5037872320213923,1
1.0,35.0,423.0,4,4,0.2349925842631441,0.2349925842631441,0.2450984577962832,0.0,12.0,12.0,12.0,415.0,220.0,0.5057025387837261,0.4138506509856994,0.465476091447241,46,BAND_MIX_M,8.0,56.0,62.0,False,0.5708474017918387,1
1.0,18.0,431.0,4,4,0.3467887097238876,0.3477930387384675,0.4647110682276306,0.0,12.0,12.0,12.0,423.0,206.0,0.5060431265974207,0.3859875712316598,0.3625214076132807,47,BAND_MIX_M,8.0,42.0,65.0,False,0.5446124408003895,1
1.0,23.0,321.0,4,4,0.3347021781669249,0.3331127339530468,0.4395635082342989,0.0,15.0,15.0,15.0,313.0,206.0,0.3679133832648991,0.3470769582652269,0.4301274292929565,48,BAND_MIX_M,11.0,52.0,68.0,False,0.4557201682064227,1
1.0,53.0,427.0,4,4,0.3844973415644497,0.3744554215179998,0.4852800749550149,0.0,12.0,12.0,12.0,423.0,271.0,0.3513797525789408,0.2891139855706452,0.3795058462443797,49,BAND_MIX_M,8.0,50.0,72.0,False,0.5167211576525672,1
1.0,32.0,405.0,4,4,0.4293608645961813,0.4882662292167907,0.4954965346711671,0.0,12.0,12.0,12.0,397.0,258.0,0.2970067870844285,0.2872662377452413,0.3424382526355186,50,BAND_MIX_M,8.0,44.0,76.0,False,0.5037938465157838,1
1.0,42.0,283.0,4,4,0.3833670984609121,0.3893772578419029,0.4720599746627966,0.0,12.0,12.0,12.0,275.0,167.0,0.3724865961265622,0.3171608715645771,0.22194787184718,51,BAND_MIX_M,8.0,55.0,70.0,False,0.5188846855765538,1
1.0,30.0,373.0,4,4,0.3444121504526726,0.3444121504526726,0.446267535182723,0.0,12.0,12.0,12.0,366.0,264.0,0.3319261241395334,0.3374261070381295,0.3665767915504255,52,BAND_MIX_M,8.0,47.0,72.0,False,0.4939097266328215,1
1.0,49.0,417.0,4,4,0.3804329060617537,0.4211372923972949,0.4529338331948159,0.0,13.0,13.0,13.0,409.0,320.0,0.2635415248337077,0.2594965007535159,0.3002715842943774,53,BAND_MIX_M,9.0,56.0,67.0,False,0.4862937242902036,1
0.0,,31.0,4,4,0.256016556788788,0.2364929815786876,0.336905965320148,0.0,12.0,12.0,12.0,31.0,16.0,0.9044974408346258,0.6580708855039651,,54,BAND_MIX_M,8.0,52.0,76.0,False,0.5038769171304314,1
1.0,17.0,331.0,4,4,0.337618300627882,0.3402408225690404,0.4288225023124595,0.0,14.0,14.0,14.0,323.0,197.0,0.4294647608875086,0.3625186621246092,0.2634232396924959,55,BAND_MIX_M,10.0,49.0,66.0,False,0.4652033321773589,1
1.0,36.0,402.0,4,4,0.3458010695066253,0.3367450841048758,0.4938281956379142,0.0,13.0,13.0,13.0,394.0,264.0,0.3453045252510686,0.3059116316065061,0.3694558398567586,56,BAND_MIX_M,9.0,51.0,73.0,False,0.4910262392286478,1
1.0,31.0,408.0,4,4,0.3864802775497781,0.4347160939086304,0.4581486218687165,0.0,12.0,12.0,12.0,400.0,270.0,0.3635345417211531,0.312956704093574,0.2987925750833104,57,BAND_MIX_M,8.0,44.0,66.0,False,0.5208745356549446,1
1.0,45.0,327.0,4,4,0.2992431319484342,0.2992431319484342,0.3514025227661602,0.0,13.0,13.0,13.0,319.0,270.0,0.2965758761004759,0.2798308969601534,0.3872659569957538,58,BAND_MIX_M,9.0,44.0,70.0,False,0.5060414610257294,1
1.0,29.0,396.0,4,4,0.3965667963888316,0.4008342830310022,0.4924533735657718,0.0,12.0,12.0,12.0,388.0,217.0,0.4303663551497302,0.3275034123621143,0.2429527743969914,59,BAND_MIX_M,8.0,49.0,75.0,False,0.6040934370420902,1
0.0,,8.0,4,4,0.0019264718133007,0.0005134268342178,0.0080040295728339,0.625,75.5,48.0,78.0,,,,,,0,D,94.0,54.0,76.0,False,0.0221669856881449,1
0.0,,8.0,4,4,0.0221593759494593,0.0022880676449653,0.0831197822589629,0.25,71.0,50.0,77.0,,,,,,1,D,80.0,46.0,74.0,False,0.0209866336176212,1
0.0,,8.0,4,4,0.0053363330742228,0.0044034139666945,0.0146430790493393,0.125,73.5,57.0,80.0,,,,,,2,D,88.0,50.0,72.0,False,0.0269589877942846,1
0.0,,8.0,4,4,0.0015007196639349,0.0007341372067135,0.0046604285295207,0.625,67.0,52.0,78.0,,,,,,3,D,84.0,48.0,63.0,False,0.0143516267624906,1
0.0,,8.0,4,4,0.0042744441374997,0.0010646572754755,0.0222371324354843,0.5,66.0,61.0,73.0,,,,,,4,D,77.0,44.0,75.0,False,0.0295664346986662,1
0.0,,8.0,4,4,0.0254904064337786,0.0220351664033562,0.0680544804915629,0.25,70.0,43.0,77.0,,,,,,5,D,94.0,54.0,74.0,False,0.0209232101671691,1
0.0,,8.0,4,4,0.0234826750349852,0.0031936556931918,0.1316924577129145,0.375,74.5,57.0,79.0,,,,,,6,D,98.0,56.0,73.0,False,0.0214907684046818,1
0.0,,8.0,4,4,0.0083423975478263,0.0036942750825146,0.0243189145122193,0.25,70.0,38.0,80.0,,,,,,7,D,103.0,59.0,69.0,False,0.0167254312162174,1
0.0,,8.0,4,4,0.0479033134983078,0.0018506183780383,0.3578958191060518,0.375,67.0,62.0,76.0,,,,,,8,D,86.0,49.0,69.0,False,0.0205346102486892,1
0.0,,8.0,4,4,0.0338726030678474,0.0258558769748909,0.0890789358889711,0.0,60.0,46.0,70.0,,,,,,9,D,74.0,42.0,52.0,False,0.017329573759635,1
0.0,,8.0,4,4,0.0228075789688937,0.0078066929930712,0.1333862155698318,0.25,67.5,57.0,72.0,,,,,,10,D,79.0,45.0,76.0,False,0.03198033814074,1
0.0,,8.0,4,4,0.021966789255382,0.0031024557052249,0.0801836281727596,0.125,74.5,65.0,80.0,,,,,,11,D,93.0,53.0,71.0,False,0.0320346602946069,1
0.0,,8.0,4,4,0.0169262522309847,0.0135957217967843,0.0514236802628729,0.125,72.0,30.0,75.0,,,,,,12,D,94.0,54.0,67.0,False,0.0208244766359322,1
0.0,,8.0,4,4,0.0239665622776653,0.0058206908617692,0.1304032599191533,0.375,63.5,43.0,75.0,,,,,,13,D,77.0,44.0,69.0,False,0.022407204050069,1
0.0,,8.0,4,4,0.0125687987374981,0.0024171807166093,0.046651136672733,0.25,75.5,68.0,80.0,,,,,,14,D,94.0,54.0,79.0,False,0.019545130138563,1
0.0,,8.0,4,4,0.0190609297442777,0.0100855107051642,0.0816537583416526,0.125,62.0,36.0,76.0,,,,,,15,D,105.0,60.0,76.0,False,0.0261312233853637,1
0.0,,8.0,4,4,0.0498917800371053,0.0015837007011372,0.3304871003547741,0.25,56.5,32.0,68.0,,,,,,16,D,72.0,41.0,68.0,False,0.0272920487941822,1
0.0,,8.0,4,4,0.0064072165121514,0.0021772872637323,0.0236628450702811,0.375,64.0,33.0,79.0,,,,,,17,D,93.0,53.0,69.0,False,0.0191066102600339,1
0.0,,8.0,4,4,0.0107428029192523,0.0046954296310647,0.0480945959535626,0.375,60.0,40.0,67.0,,,,,,18,D,70.0,40.0,66.0,False,0.032493255569807,1
0.0,,8.0,4,4,0.0179340543116702,0.0123548980841877,0.0490686820899476,0.125,72.5,59.0,78.0,,,,,,19,D,94.0,54.0,72.0,False,0.0222722187492639,1
0.0,,8.0,4,4,0.0215916254036341,0.0137586046158918,0.0790541653710515,0.125,66.5,59.0,79.0,,,,,,20,D,82.0,47.0,79.0,False,0.0248001373227659,1
0.0,,8.0,4,4,0.0260518741474039,0.0022840514308679,0.1649808501498119,0.25,66.5,45.0,76.0,,,,,,21,D,89.0,51.0,77.0,False,0.0161406183582383,1
0.0,,8.0,4,4,0.0210724635627159,0.0006876239977049,0.142564810197401,0.625,73.0,56.0,78.0,,,,,,22,D,89.0,51.0,83.0,False,0.0205238204033821,1
0.0,,8.0,4,4,0.0294137127233241,0.0066226078842854,0.0910399482943242,0.25,63.0,49.0,77.0,,,,,,23,D,82.0,47.0,75.0,False,0.0299800537661825,1
0.0,,8.0,4,4,0.0070987000819163,0.0019218951555186,0.029914518333026,0.375,67.5,51.0,73.0,,,,,,24,D,77.0,44.0,64.0,False,0.0131098000766831,1
0.0,,8.0,4,4,0.0042888252756192,0.0045530771522822,0.0097009286877125,0.375,71.5,64.0,75.0,,,,,,25,D,84.0,48.0,77.0,False,0.0339897089650871,1
0.0,,8.0,4,4,0.0150176563178145,0.0012035629541435,0.1022029730697206,0.5,56.0,24.0,62.0,,,,,,26,D,74.0,42.0,67.0,False,0.0225694648956447,1
0.0,,8.0,4,4,0.0212928406374426,0.0022592149360717,0.1323521100192777,0.375,69.0,24.0,80.0,,,,,,27,D,82.0,47.0,69.0,False,0.0236174181028869,1
0.0,,8.0,4,4,0.0522022452140757,0.0030589426160375,0.3660183092559944,0.375,66.0,12.0,77.0,,,,,,28,D,86.0,49.0,75.0,False,0.0275384808027513,1
0.0,,8.0,4,4,0.0143569794707334,0.0022083158802982,0.0640781294079853,0.375,64.5,50.0,74.0,,,,,,29,D,80.0,46.0,68.0,False,0.0239064147961932,1
0.0,,8.0,4,4,0.0127809749229468,0.0006945210926138,0.0640096037725257,0.625,59.5,41.0,72.0,,,,,,30,D,79.0,45.0,73.0,False,0.0173123200694203,1
0.0,,8.0,4,4,0.0031047346178608,0.0020649460488417,0.01203209479127,0.375,71.5,65.0,74.0,,,,,,31,D,82.0,47.0,73.0,False,0.0207720926336715,1
0.0,,8.0,4,4,0.018949169706487,0.0101186544143279,0.0750389590878421,0.375,66.0,60.0,79.0,,,,,,32,D,75.0,43.0,74.0,False,0.0214067246878139,1
0.0,,8.0,4,4,0.0200865581739068,0.0049920859925111,0.1315624712818041,0.25,77.5,21.0,80.0,,,,,,33,D,91.0,52.0,78.0,False,0.0174937305374068,1
0.0,,8.0,4,4,0.0091291198075939,0.0008320336240743,0.0492588259370751,0.625,69.5,23.0,80.0,,,,,,34,D,88.0,50.0,75.0,False,0.0264386880133729,1
0.0,,8.0,4,4,0.039365241874897,0.0164397108942969,0.1938924464860233,0.25,71.0,53.0,76.0,,,,,,35,D,79.0,45.0,63.0,False,0.0267373911879621,1
0.0,,8.0,4,4,0.0441538118753315,0.0016263446842778,0.3125346315398183,0.5,74.5,47.0,80.0,,,,,,36,D,88.0,50.0,78.0,False,0.0279398315751596,1
0.0,,8.0,4,4,0.0091186381920442,0.00295963814745,0.0567312906439401,0.375,70.0,42.0,79.0,,,,,,37,D,88.0,50.0,74.0,False,0.032850159601853,1
0.0,,8.0,4,4,0.0086314058818078,0.0054209300874124,0.0354390898478817,0.125,64.0,48.0,76.0,,,,,,38,D,79.0,45.0,65.0,False,0.0265029346244287,1
0.0,,8.0,4,4,0.0362034553203922,0.0100248530810489,0.183634156194315,0.125,62.5,34.0,77.0,,,,,,39,D,80.0,46.0,66.0,False,0.0315736507877645,1
0.0,,8.0,4,4,0.0089364498103675,0.0036180895999522,0.026887393370416,0.375,56.0,30.0,80.0,,,,,,40,D,107.0,61.0,78.0,False,0.023531789404082,1
0.0,,8.0,4,4,0.0094851334130209,0.001806465826621,0.0403594765732832,0.25,51.5,16.0,78.0,,,,,,41,D,74.0,42.0,70.0,False,0.0309797970660489,1
0.0,,8.0,4,4,0.0155595863500002,0.0016674732123234,0.0998299841029932,0.375,61.0,11.0,79.0,,,,,,42,D,75.0,43.0,74.0,False,0.0241252616415504,1
0.0,,8.0,4,4,0.0301945065015534,0.0050786559451796,0.1948289287737027,0.375,63.0,7.0,77.0,,,,,,43,D,89.0,51.0,69.0,False,0.0270973720615705,1
0.0,,8.0,4,4,0.0170856174383807,0.0085818980596578,0.0700563006097551,0.125,57.5,40.0,79.0,,,,,,44,D,96.0,55.0,72.0,False,0.0243679942163986,1
0.0,,8.0,4,4,0.0019056649847331,0.0006294256466628,0.0108518590301168,0.625,66.0,37.0,74.0,,,,,,45,D,77.0,44.0,73.0,False,0.0264319811956238,1
0.0,,8.0,4,4,0.0288191666709945,0.0216470441960108,0.0961513345291113,0.5,66.5,38.0,80.0,,,,,,46,D,98.0,56.0,62.0,False,0.0341158699416227,1
0.0,,8.0,4,4,0.05973426516585,0.0081835218376471,0.2407085217253309,0.375,59.5,36.0,78.0,,,,,,47,D,74.0,42.0,65.0,False,0.0277141679838079,1
0.0,,8.0,4,4,0.012048565055111,0.0023142985386719,0.0679962236205052,0.375,71.5,41.0,80.0,,,,,,48,D,91.0,52.0,68.0,False,0.0164533869373572,1
0.0,,8.0,4,4,0.0166884926986833,0.0061907985837746,0.0991114814895822,0.25,72.5,55.0,79.0,,,,,,49,D,88.0,50.0,72.0,False,0.0271589366218287,1
0.0,,8.0,4,4,0.0039210701174301,0.0012257926080599,0.0148463692790949,0.375,67.0,30.0,75.0,,,,,,50,D,77.0,44.0,76.0,False,0.0324558996764256,1
0.0,,8.0,4,4,0.040723481640886,0.002532832317891,0.1432888090658747,0.5,67.0,51.0,80.0,,,,,,51,D,96.0,55.0,70.0,False,0.0180878028965989,1
0.0,,8.0,4,4,0.0100968386122532,0.0018248985093705,0.0485658650060725,0.375,69.0,50.0,78.0,,,,,,52,D,82.0,47.0,72.0,False,0.0201488768025108,1
0.0,,8.0,4,4,0.0260534840403789,0.018846793979374,0.0640806462515656,0.125,73.0,46.0,80.0,,,,,,53,D,98.0,56.0,67.0,False,0.0362200494336804,1
0.0,,8.0,4,4,0.0264169157517833,0.0053698453946598,0.1448673092603022,0.25,65.0,39.0,78.0,,,,,,54,D,91.0,52.0,76.0,False,0.0222124338349782,1
0.0,,8.0,4,4,0.0358353442225384,0.0039979978118532,0.2541019331361132,0.5,67.0,9.0,79.0,,,,,,55,D,86.0,49.0,66.0,False,0.0385068912055675,1
0.0,,8.0,4,4,0.0096882698461916,0.0094566565385458,0.0202066092063689,0.125,69.0,57.0,80.0,,,,,,56,D,89.0,51.0,73.0,False,0.0291048556425687,1
0.0,,8.0,4,4,0.0082128951969845,0.002136800198481,0.0398818317685242,0.5,64.0,55.0,75.0,,,,,,57,D,77.0,44.0,66.0,False,0.0187023620430185,1
0.0,,8.0,4,4,0.0166771318804727,0.0069482556735288,0.0533380957592698,0.25,68.5,33.0,75.0,,,,,,58,D,77.0,44.0,70.0,False,0.0263696238433581,1
0.0,,8.0,4,4,0.029949606762046,0.0112959211092749,0.145493251498274,0.25,70.0,50.0,79.0,,,,,,59,D,86.0,49.0,75.0,False,0.0324126534453009,1
0.0,,8.0,4,4,0.1990785849509648,0.187994105580359,0.3989950224433068,0.0,70.0,58.0,80.0,,,,,,0,Darg,133.0,54.0,76.0,False,0.2158104869277554,1
0.0,,8.0,4,4,0.1953531700448425,0.1139463352193176,0.5269863113240545,0.0,70.0,61.0,79.0,,,,,,1,Darg,130.0,46.0,74.0,False,0.1187877418146899,1
0.0,,8.0,4,4,0.3768926334604304,0.3508608770012563,0.7745853301753097,0.0,69.5,65.0,77.0,,,,,,2,Darg,126.0,50.0,72.0,False,0.1432865352099414,1
0.0,,8.0,4,4,0.0572189301155635,0.0072423596086064,0.3292927064430507,0.125,67.0,48.0,79.0,,,,,,3,Darg,110.0,48.0,63.0,False,0.0211891351463198,1
1.0,53.0,84.0,4,4,0.5235714056900932,0.4719951336378564,1.0,0.0,58.0,22.0,80.0,,,,,,4,Darg,131.0,44.0,75.0,False,0.2901573421471998,1
0.0,,8.0,4,4,0.1212843177515075,0.0560875963248456,0.4851228592178047,0.0,70.0,47.0,79.0,,,,,,5,Darg,130.0,54.0,74.0,False,0.1273223114236809,1
0.0,,8.0,4,4,0.0972164854497442,0.0756171678685198,0.2414101792994772,0.0,72.5,63.0,78.0,,,,,,6,Darg,128.0,56.0,73.0,False,0.1060580459034018,1
0.0,,8.0,4,4,0.0122773222523744,0.007948184023805,0.0322363548586351,0.0,68.0,52.0,76.0,,,,,,7,Darg,121.0,59.0,69.0,False,0.0389202807387355,1
0.0,,8.0,4,4,0.2010433489034785,0.142968277642252,0.5274829094322234,0.0,65.0,16.0,73.0,,,,,,8,Darg,121.0,49.0,69.0,False,0.0641016580031028,1
0.0,,8.0,4,4,0.023640808346878,0.002836112895867,0.0885808710035631,0.375,73.0,51.0,77.0,,,,,,9,Darg,91.0,42.0,52.0,False,0.0151567135735684,1
1.0,38.0,80.0,4,4,0.3154888145768467,0.1998163768376548,0.8055950717307263,0.0,61.0,7.0,76.0,,,,,,10,Darg,133.0,45.0,76.0,False,0.3343256003382355,1
0.0,,10.0,4,4,0.1526032944051605,0.0651959385214604,0.4676821174807817,0.125,68.0,48.0,79.0,,,,,,11,Darg,124.0,53.0,71.0,False,0.1517166758578159,1
0.0,,8.0,4,4,0.0497803017284172,0.0095815118382598,0.3048510138854563,0.375,68.5,56.0,76.0,,,,,,12,Darg,117.0,54.0,67.0,False,0.0458841772590933,1
0.0,,8.0,4,4,0.0800633615807271,0.0525333318259756,0.2256309724501032,0.125,70.0,12.0,80.0,,,,,,13,Darg,121.0,44.0,69.0,False,0.0627869246736701,1
1.0,54.0,84.0,4,4,0.2595799697551118,0.036086604029121,1.0,0.5,41.0,8.0,78.0,,,,,,14,Darg,138.0,54.0,79.0,False,0.2774928740793542,1
0.0,,8.0,4,4,0.3044841206420707,0.2715529295982967,0.6553003738307265,0.0,66.0,46.0,78.0,,,,,,15,Darg,133.0,60.0,76.0,False,0.1603986031753602,1
0.0,,8.0,4,4,0.0814610889062807,0.1019341058129837,0.134344490958799,0.0,61.0,29.0,80.0,,,,,,16,Darg,119.0,41.0,68.0,False,0.0596538288070312,1
0.0,,8.0,4,4,0.0700254254967577,0.0247021682232504,0.4056776156184781,0.0,75.5,53.0,80.0,,,,,,17,Darg,121.0,53.0,69.0,False,0.0614959240845391,1
0.0,,8.0,4,4,0.0774549459637053,0.0422963945668012,0.2161770419044306,0.125,50.5,14.0,80.0,,,,,,18,Darg,116.0,40.0,66.0,False,0.0461522506210083,1
0.0,,8.0,4,4,0.0610546041389112,0.0635367602187702,0.1118404330989292,0.0,71.5,55.0,79.0,,,,,,19,Darg,126.0,54.0,72.0,False,0.0985603947413817,1
1.0,59.0,94.0,4,4,0.3440842186143407,0.4005346693299583,0.6153035964015128,0.0,50.0,7.0,80.0,,,,,,20,Darg,138.0,47.0,79.0,False,0.3687349955501848,1
1.0,68.0,80.0,4,4,0.4979886901612175,0.4149972431985848,0.9085655384337012,0.0,70.5,46.0,79.0,,,,,,21,Darg,135.0,51.0,77.0,False,0.1858416275553265,1
1.0,84.0,82.0,4,4,0.8049027608323903,0.8419407330363873,1.0,0.0,72.0,63.0,78.0,,,,,,22,Darg,145.0,51.0,83.0,False,0.5868171489456052,1
0.0,,8.0,4,4,0.1506560242696241,0.1154722284522322,0.3849078417976672,0.0,71.5,57.0,80.0,,,,,,23,Darg,131.0,47.0,75.0,False,0.1993909549145053,1
0.0,,8.0,4,4,0.0249679309692846,0.0103883636888235,0.0817988266290199,0.125,70.0,62.0,76.0,,,,,,24,Darg,112.0,44.0,64.0,False,0.013388139260121,1
0.0,,8.0,4,4,0.3536318443621792,0.3596590172931636,0.6651375189885337,0.0,61.0,45.0,77.0,,,,,,25,Darg,135.0,48.0,77.0,False,0.2535896719950606,1
0.0,,8.0,4,4,0.0202699706454003,0.005318201293714,0.1250080210677084,0.375,76.5,57.0,80.0,,,,,,26,Darg,117.0,42.0,67.0,False,0.0434970501290458,1
0.0,,8.0,4,4,0.1407477091781923,0.0607119695411661,0.6052478143761004,0.0,68.5,20.0,80.0,,,,,,27,Darg,121.0,47.0,69.0,False,0.0643865374198171,1
1.0,37.0,88.0,4,4,0.2694253260868932,0.2827038070544133,0.5092566182422736,0.125,50.0,6.0,71.0,,,,,,28,Darg,131.0,49.0,75.0,False,0.2087374452759912,1
0.0,,8.0,4,4,0.0806711521555973,0.0641074515118463,0.2194640958389657,0.0,73.0,62.0,80.0,,,,,,29,Darg,119.0,46.0,68.0,False,0.0620707552266864,1
0.0,,9.0,4,4,0.0980404473334043,0.0621877290349371,0.280845015009305,0.0,73.0,40.0,79.0,,,,,,30,Darg,128.0,45.0,73.0,False,0.0869470332320271,1
0.0,,8.0,4,4,0.1318552432583987,0.0878703790850649,0.3753422662382555,0.0,70.0,57.0,80.0,,,,,,31,Darg,128.0,47.0,73.0,False,0.089086008414794,1
0.0,,8.0,4,4,0.1955348557431765,0.1357130004779085,0.4166035464693232,0.0,68.0,60.0,75.0,,,,,,32,Darg,130.0,43.0,74.0,False,0.1296024678575239,1
0.0,,8.0,4,4,0.2996863537989819,0.1984937015382132,1.0,0.0,69.0,55.0,79.0,,,,,,33,Darg,136.0,52.0,78.0,False,0.2231303218540075,1
0.0,,8.0,4,4,0.1889221727652001,0.1906089158285034,0.3367178310054772,0.0,71.5,55.0,77.0,,,,,,34,Darg,131.0,50.0,75.0,False,0.231277824390961,1
0.0,,8.0,4,4,0.0291347319868304,0.0062708309078424,0.1192451461789528,0.25,75.0,64.0,80.0,,,,,,35,Darg,110.0,45.0,63.0,False,0.0447845859684881,1
0.0,,8.0,4,4,0.3522309841569204,0.3465777747040383,0.5152916441389855,0.0,65.5,28.0,78.0,,,,,,36,Darg,136.0,50.0,78.0,False,0.2584659970753181,1
1.0,57.0,87.0,4,4,0.6322081551548515,0.6620940279598221,1.0,0.0,60.0,16.0,79.0,,,,,,37,Darg,130.0,50.0,74.0,False,0.2766968782930863,1
0.0,,8.0,4,4,0.0154806176203537,0.0140130469860062,0.0504843096194949,0.125,60.5,31.0,79.0,,,,,,38,Darg,114.0,45.0,65.0,False,0.0483027725940378,1
0.0,,8.0,4,4,0.0794669068069512,0.0603492894533507,0.3028067682896528,0.125,70.5,19.0,77.0,,,,,,39,Darg,116.0,46.0,66.0,False,0.0655384834247046,1
0.0,,8.0,4,4,0.1192289210590456,0.0841736484401228,0.3621103262975068,0.25,71.5,65.0,80.0,,,,,,40,Darg,136.0,61.0,78.0,False,0.1938752490597227,1
0.0,,8.0,4,4,0.0731942201667107,0.0657765741437973,0.1320619551254685,0.0,62.5,30.0,80.0,,,,,,41,Darg,122.0,42.0,70.0,False,0.1014638168195091,1
0.0,,8.0,4,4,0.3453577652867111,0.1540078827401862,1.0,0.0,70.5,54.0,76.0,,,,,,42,Darg,130.0,43.0,74.0,False,0.173527134058209,1
0.0,,13.0,4,4,0.132365914199018,0.0609239171764345,0.5499322618843878,0.0,57.5,39.0,79.0,,,,,,43,Darg,121.0,51.0,69.0,False,0.0773478639080671,1
0.0,,8.0,4,4,0.0798944765904964,0.040321688242024,0.2551758414873282,0.0,70.0,50.0,78.0,,,,,,44,Darg,126.0,55.0,72.0,False,0.1133818531163538,1
0.0,,8.0,4,4,0.2439677816502021,0.2556576858296943,0.3744528242781476,0.0,65.5,40.0,78.0,,,,,,45,Darg,128.0,44.0,73.0,False,0.1641291378155832,1
1.0,109.0,83.0,4,4,0.1391016033625139,0.1130654096668898,0.4360493852576927,0.0,60.5,30.0,75.0,,,,,,46,Darg,108.0,56.0,62.0,False,0.0449162076939017,1
0.0,,8.0,4,4,0.0290520211909329,0.0190617135296759,0.094280822192342,0.25,72.0,34.0,79.0,,,,,,47,Darg,114.0,42.0,65.0,False,0.0496235096255906,1
0.0,,8.0,4,4,0.1067367828540832,0.095664293667789,0.251830463249608,0.125,70.5,57.0,76.0,,,,,,48,Darg,119.0,52.0,68.0,False,0.0416648728410013,1
0.0,,8.0,4,4,0.0837626844239581,0.0473124094142814,0.261887272773909,0.0,68.0,37.0,77.0,,,,,,49,Darg,126.0,50.0,72.0,False,0.1113042401386536,1
1.0,68.0,82.0,4,4,0.3415998986842938,0.2169925361230186,1.0,0.0,47.5,32.0,58.0,,,,,,50,Darg,133.0,44.0,76.0,False,0.311438142251172,1
0.0,,8.0,4,4,0.0331459584100937,0.023993550096818,0.0886646111692248,0.0,75.0,65.0,79.0,,,,,,51,Darg,122.0,55.0,70.0,False,0.0654639663593079,1
0.0,,8.0,4,4,0.136260052263054,0.120176908642602,0.341409773535977,0.0,71.0,57.0,79.0,,,,,,52,Darg,126.0,47.0,72.0,False,0.0805791519066419,1
0.0,,8.0,4,4,0.1723412479436315,0.0441088674477001,0.4779064647682932,0.0,74.0,53.0,80.0,,,,,,53,Darg,117.0,56.0,67.0,False,0.0884419213914971,1
0.0,,8.0,4,4,0.165587836491662,0.0806908682458428,0.6843324290113777,0.0,63.5,52.0,68.0,,,,,,54,Darg,133.0,52.0,76.0,False,0.158771798230677,1
0.0,,8.0,4,4,0.1388228379355991,0.1187088332284691,0.3457341764990075,0.0,74.0,41.0,79.0,,,,,,55,Darg,116.0,49.0,66.0,False,0.054898096495599,1
0.0,,8.0,4,4,0.1425378623089567,0.0818568982514364,0.340100717713324,0.0,58.0,23.0,79.0,,,,,,56,Darg,128.0,51.0,73.0,False,0.1366558652188982,1
0.0,,8.0,4,4,0.0145554544628393,0.0103446813977946,0.0415836702365138,0.125,73.5,51.0,80.0,,,,,,57,Darg,116.0,44.0,66.0,False,0.0384864595559596,1
0.0,,8.0,4,4,0.1725131578474414,0.129813638963488,0.434456267709865,0.0,70.5,53.0,79.0,,,,,,58,Darg,122.0,44.0,70.0,False,0.0951390696198682,1
0.0,,8.0,4,4,0.0519267086105941,0.0507520214828952,0.0908836082569213,0.0,63.0,7.0,80.0,,,,,,59,Darg,131.0,49.0,75.0,False,0.1655949960592407,1
0.0,,8.0,4,4,0.0081104432743366,0.0020814943753559,0.033613186963791,0.25,76.0,52.0,80.0,,,,,,0,Dfix,95.0,54.0,76.0,False,0.0218535645889928,1
0.0,,8.0,4,4,0.0209325959698172,0.0024005448731412,0.1513245680870041,0.25,65.5,56.0,77.0,,,,,,1,Dfix,95.0,46.0,74.0,False,0.0205914212525478,1
0.0,,8.0,4,4,0.0285437441618484,0.003435441408752,0.1514318662822438,0.25,75.0,60.0,79.0,,,,,,2,Dfix,95.0,50.0,72.0,False,0.0268819468505148,1
0.0,,8.0,4,4,0.0025464053981431,0.0025030895585762,0.0052263799022244,0.25,73.5,50.0,80.0,,,,,,3,Dfix,95.0,48.0,63.0,False,0.0156338226997232,1
0.0,,8.0,4,4,0.0187345916614588,0.0159820189507743,0.0441719774185738,0.0,76.0,58.0,80.0,,,,,,4,Dfix,95.0,44.0,75.0,False,0.0238557100632761,1
0.0,,8.0,4,4,0.0110286341809558,0.0067694674827698,0.0447837853497707,0.375,74.5,28.0,76.0,,,,,,5,Dfix,95.0,54.0,74.0,False,0.0215681731138382,1
0.0,,8.0,4,4,0.0081087391087372,0.0033615314695983,0.0367348939016535,0.5,69.5,25.0,80.0,,,,,,6,Dfix,95.0,56.0,73.0,False,0.0219133240446086,1
0.0,,8.0,4,4,0.0062655534291629,0.0012885481532599,0.0297414391028325,0.375,74.5,69.0,80.0,,,,,,7,Dfix,95.0,59.0,69.0,False,0.015261302864039,1
0.0,,8.0,4,4,0.0520787497714158,0.0299704911093426,0.1275894329637397,0.125,72.0,42.0,80.0,,,,,,8,Dfix,95.0,49.0,69.0,False,0.0181019003320354,1
0.0,,8.0,4,4,0.0055918432809192,0.006181118902197,0.0156239420579079,0.375,61.0,44.0,80.0,,,,,,9,Dfix,95.0,42.0,52.0,False,0.0144861481673142,1
0.0,,8.0,4,4,0.0123106350213391,0.0093550925867879,0.0349218310772925,0.25,76.5,58.0,80.0,,,,,,10,Dfix,95.0,45.0,76.0,False,0.028192959501674,1
0.0,,8.0,4,4,0.0027362554804019,0.0027228215964228,0.007022157062966,0.375,73.0,61.0,80.0,,,,,,11,Dfix,95.0,53.0,71.0,False,0.0320113192536174,1
0.0,,8.0,4,4,0.0092271910958597,0.0043353753945455,0.0311000160495487,0.375,70.5,58.0,80.0,,,,,,12,Dfix,95.0,54.0,67.0,False,0.0208365567152096,1
0.0,,8.0,4,4,0.0488924128151527,0.0248689725505477,0.208031078474737,0.125,70.0,47.0,78.0,,,,,,13,Dfix,95.0,44.0,69.0,False,0.0235671184543957,1
0.0,,8.0,4,4,0.003641968034516,0.0010463900242899,0.0104848643715921,0.375,67.0,17.0,80.0,,,,,,14,Dfix,95.0,54.0,79.0,False,0.0201647692850138,1
0.0,,8.0,4,4,0.0168686933873673,0.0118104313241358,0.0478829268485378,0.0,70.0,27.0,78.0,,,,,,15,Dfix,95.0,60.0,76.0,False,0.0221583540130183,1
0.0,,8.0,4,4,0.0097773022301372,0.0048319126684078,0.0333450197039767,0.5,78.0,72.0,80.0,,,,,,16,Dfix,95.0,41.0,68.0,False,0.0219855968970519,1
0.0,,8.0,4,4,0.0193551282764011,0.0034858086805965,0.076474181005449,0.25,70.5,41.0,75.0,,,,,,17,Dfix,95.0,53.0,69.0,False,0.0186949054802333,1
0.0,,8.0,4,4,0.0150874133856228,0.0005145984413545,0.1068094297948721,0.625,75.0,66.0,79.0,,,,,,18,Dfix,95.0,40.0,66.0,False,0.0216629699367689,1
0.0,,8.0,4,4,0.0087472642296143,0.0031656133390337,0.0424529690811631,0.375,66.0,58.0,79.0,,,,,,19,Dfix,95.0,54.0,72.0,False,0.0221226113220823,1
0.0,,8.0,4,4,0.0262162818505361,0.0076238247494269,0.1190359487894182,0.125,69.0,65.0,76.0,,,,,,20,Dfix,95.0,47.0,79.0,False,0.0212472648873761,1
0.0,,8.0,4,4,0.0052781654240998,0.0003572159730305,0.0242637248695136,0.625,74.5,38.0,80.0,,,,,,21,Dfix,95.0,51.0,77.0,False,0.0144956439218076,1
0.0,,8.0,4,4,0.0335906831310999,0.0213832325910632,0.108989514452416,0.5,72.5,26.0,79.0,,,,,,22,Dfix,95.0,51.0,83.0,False,0.0204223141990792,1
0.0,,8.0,4,4,0.0390846400056593,0.0059961585462841,0.1407495083192433,0.125,70.0,50.0,80.0,,,,,,23,Dfix,95.0,47.0,75.0,False,0.0271923994360656,1
0.0,,8.0,4,4,0.0071118104955384,0.0005529495589752,0.04599274331403,0.625,70.5,61.0,79.0,,,,,,24,Dfix,95.0,44.0,64.0,False,0.0094238313137679,1
0.0,,8.0,4,4,0.0415569100910342,0.0074553743725927,0.21351528657517,0.0,70.5,59.0,78.0,,,,,,25,Dfix,95.0,48.0,77.0,False,0.0308550484712159,1
0.0,,8.0,4,4,0.0060586901276684,0.0018303950948916,0.0277835191247656,0.375,73.0,57.0,79.0,,,,,,26,Dfix,95.0,42.0,67.0,False,0.0204234361613717,1
0.0,,8.0,4,4,0.03026106429344,0.002235997915244,0.2150279721437373,0.5,76.0,51.0,80.0,,,,,,27,Dfix,95.0,47.0,69.0,False,0.0213420213982217,1
0.0,,8.0,4,4,0.013629616790216,0.0069904186495772,0.0390348558693304,0.25,73.5,62.0,80.0,,,,,,28,Dfix,95.0,49.0,75.0,False,0.0258413852946051,1
0.0,,8.0,4,4,0.0031317954361012,0.0008591452153632,0.0195411664646042,0.5,76.5,48.0,80.0,,,,,,29,Dfix,95.0,46.0,68.0,False,0.0241225961407672,1
0.0,,8.0,4,4,0.0053589586311042,0.0032873488445519,0.0222768634934941,0.25,74.5,65.0,78.0,,,,,,30,Dfix,95.0,45.0,73.0,False,0.0191212140820477,1
0.0,,8.0,4,4,0.0302628457769541,0.0065622957214644,0.1634978934232759,0.125,77.5,61.0,80.0,,,,,,31,Dfix,95.0,47.0,73.0,False,0.0183177183353865,1
0.0,,8.0,4,4,0.0029970686607148,0.0018088013202402,0.0089376663807372,0.375,73.5,66.0,80.0,,,,,,32,Dfix,95.0,43.0,74.0,False,0.017115819203728,1
0.0,,8.0,4,4,0.0207167765441333,0.0050112885976502,0.1284480575136761,0.125,72.5,28.0,80.0,,,,,,33,Dfix,95.0,52.0,78.0,False,0.0172692065055687,1
0.0,,8.0,4,4,0.0416692408801405,0.0048024783228635,0.2569392255600212,0.25,71.5,45.0,78.0,,,,,,34,Dfix,95.0,50.0,75.0,False,0.0229811333215326,1
0.0,,8.0,4,4,0.0371230445431819,0.0084907312929623,0.0947323161214189,0.125,72.5,34.0,80.0,,,,,,35,Dfix,95.0,45.0,63.0,False,0.0273925237937404,1
0.0,,8.0,4,4,0.0359396366316546,0.0242023627604097,0.1403112652068452,0.0,70.5,49.0,80.0,,,,,,36,Dfix,95.0,50.0,78.0,False,0.0279023697156357,1
0.0,,8.0,4,4,0.0075658364776129,0.0012147016782528,0.0287943132775632,0.375,72.0,57.0,79.0,,,,,,37,Dfix,95.0,50.0,74.0,False,0.0374114441058731,1
0.0,,8.0,4,4,0.0751800828445463,0.0024667733735746,0.3187312741811322,0.25,70.0,31.0,74.0,,,,,,38,Dfix,95.0,45.0,65.0,False,0.0253214768755539,1
0.0,,8.0,4,4,0.0365017964547606,0.009056762273173,0.1927040602051943,0.375,76.0,49.0,78.0,,,,,,39,Dfix,95.0,46.0,66.0,False,0.0323277755349141,1
0.0,,8.0,4,4,0.0261516086366625,0.0023400185491854,0.114131708728584,0.5,76.5,66.0,79.0,,,,,,40,Dfix,95.0,61.0,78.0,False,0.0179706533534356,1
0.0,,8.0,4,4,0.012579860787901,0.0001253131812093,0.0591990503368248,0.625,75.0,60.0,79.0,,,,,,41,Dfix,95.0,42.0,70.0,False,0.0242149525059366,1
0.0,,8.0,4,4,0.0136084838232482,0.0042868577012333,0.0855595440190316,0.375,76.5,63.0,80.0,,,,,,42,Dfix,95.0,43.0,74.0,False,0.024585284081502,1
0.0,,8.0,4,4,0.0098092345662445,0.002851602402145,0.0596064070626538,0.5,78.5,69.0,80.0,,,,,,43,Dfix,95.0,51.0,69.0,False,0.0258805602543991,1
0.0,,8.0,4,4,0.013600413876543,0.0066525199023511,0.0405838488434232,0.5,69.0,56.0,77.0,,,,,,44,Dfix,95.0,55.0,72.0,False,0.0240654023271023,1
0.0,,8.0,4,4,0.0049249068726701,0.0042209321890996,0.0128659529643663,0.25,72.5,52.0,79.0,,,,,,45,Dfix,95.0,44.0,73.0,False,0.0235143174758038,1
0.0,,8.0,4,4,0.0328342514300921,0.0147375308881178,0.1465788448128782,0.0,66.0,58.0,80.0,,,,,,46,Dfix,95.0,56.0,62.0,False,0.0322466249161978,1
0.0,,8.0,4,4,0.0321542122296974,0.0043339724665707,0.1330807663294416,0.375,76.5,57.0,79.0,,,,,,47,Dfix,95.0,42.0,65.0,False,0.0227625639590526,1
0.0,,8.0,4,4,0.0427685480822206,0.0066666660287178,0.1723914773620999,0.125,72.5,58.0,80.0,,,,,,48,Dfix,95.0,52.0,68.0,False,0.0174603315782736,1
0.0,,8.0,4,4,0.0235419895879987,0.0161586866425645,0.0811774101334548,0.125,77.0,71.0,80.0,,,,,,49,Dfix,95.0,50.0,72.0,False,0.0257049968043567,1
0.0,,8.0,4,4,0.103619545330416,0.0174164079748145,0.4581305685002271,0.125,76.5,52.0,79.0,,,,,,50,Dfix,95.0,44.0,76.0,False,0.0348485391799546,1
0.0,,8.0,4,4,0.0152957298644474,0.003326343764822,0.085448622739348,0.25,72.0,49.0,80.0,,,,,,51,Dfix,95.0,55.0,70.0,False,0.0182796419955322,1
0.0,,8.0,4,4,0.0193040784391779,0.0032749249664954,0.0675869635918371,0.375,75.0,62.0,78.0,,,,,,52,Dfix,95.0,47.0,72.0,False,0.0176228940490292,1
0.0,,8.0,4,4,0.0877090285259737,0.0547985305683542,0.2132369200580436,0.125,72.5,55.0,78.0,,,,,,53,Dfix,95.0,56.0,67.0,False,0.0366034738171264,1
0.0,,8.0,4,4,0.021543750050793,0.0094885586715826,0.0688111487713019,0.125,76.0,74.0,80.0,,,,,,54,Dfix,95.0,52.0,76.0,False,0.0206571733817829,1
0.0,,8.0,4,4,0.0241782715426192,0.0010668637192895,0.0852872080803853,0.5,65.5,55.0,77.0,,,,,,55,Dfix,95.0,49.0,66.0,False,0.0291586488579143,1
0.0,,8.0,4,4,0.0069535922906345,0.0018474076439266,0.0352538134432205,0.5,77.0,49.0,79.0,,,,,,56,Dfix,95.0,51.0,73.0,False,0.0294702048041832,1
0.0,,8.0,4,4,0.0122760513874612,0.0071038220954015,0.0571607825673768,0.25,71.5,58.0,80.0,,,,,,57,Dfix,95.0,44.0,66.0,False,0.0169534915281337,1
0.0,,8.0,4,4,0.0208764772373242,0.0029069613596338,0.0970621453666432,0.375,74.0,43.0,78.0,,,,,,58,Dfix,95.0,44.0,70.0,False,0.0243015486148548,1
0.0,,8.0,4,4,0.0198579939989196,0.0042518124073615,0.1231541644685859,0.375,76.0,57.0,80.0,,,,,,59,Dfix,95.0,49.0,75.0,False,0.0272182024636176,1
0.0,,8.0,4,4,0.0007307327008443,0.0,0.0029229308033775,0.75,74.0,70.0,78.0,,,,,,0,MIX_F,94.0,54.0,76.0,False,0.0221669856881449,1
1.0,36.0,80.0,4,4,0.0427292793490568,0.0255581450144535,0.1171459429177828,0.0,56.5,52.0,64.0,,,,,,1,MIX_F,80.0,46.0,74.0,False,0.0209866336176212,1
0.0,,8.0,4,4,0.0370410221641699,0.0301631899326246,0.0878377087914303,0.25,76.0,41.0,79.0,,,,,,2,MIX_F,88.0,50.0,72.0,False,0.0269589877942846,1
0.0,,8.0,4,4,0.034799195600529,0.0084537532729098,0.1214831956011377,0.25,64.5,56.0,80.0,,,,,,3,MIX_F,84.0,48.0,63.0,False,0.0143516267624906,1
0.0,,8.0,4,4,0.0031838833289828,0.0036687207419401,0.0053980918320511,0.25,65.0,63.0,69.0,,,,,,4,MIX_F,77.0,44.0,75.0,False,0.0295664346986662,1
0.0,,8.0,4,4,0.0145733699161165,0.014919403784732,0.0236353984905583,0.0,75.0,69.0,78.0,,,,,,5,MIX_F,94.0,54.0,74.0,False,0.0209232101671691,1
0.0,,8.0,4,4,0.0096300602377769,0.0046638711789033,0.0291924985933009,0.25,67.0,58.0,80.0,,,,,,6,MIX_F,98.0,56.0,73.0,False,0.0214907684046818,1
0.0,,8.0,4,4,0.01395918056306,0.0141287651848416,0.0275791918825568,0.25,70.5,39.0,74.0,,,,,,7,MIX_F,103.0,59.0,69.0,False,0.0167254312162174,1
0.0,,8.0,4,4,0.0143837379565008,0.0088689637229724,0.0397970243800585,0.25,63.5,58.0,69.0,,,,,,8,MIX_F,86.0,49.0,69.0,False,0.0205346102486892,1
1.0,41.0,89.0,4,4,0.0176019685336744,0.0017138778031432,0.0669801185284114,0.5,59.5,34.0,68.0,,,,,,9,MIX_F,74.0,42.0,52.0,False,0.017329573759635,1
0.0,,8.0,4,4,0.0528870899348285,0.0108954614215222,0.1897574368962697,0.25,48.0,36.0,66.0,,,,,,10,MIX_F,79.0,45.0,76.0,False,0.03198033814074,1
1.0,53.0,85.0,4,4,0.0038006107078863,0.0035864265049417,0.0080295898216619,0.25,74.0,55.0,79.0,,,,,,11,MIX_F,93.0,53.0,71.0,False,0.0320346602946069,1
0.0,,8.0,4,4,0.0201820374320391,0.0164369706275167,0.0459308766758475,0.0,73.5,70.0,80.0,,,,,,12,MIX_F,94.0,54.0,67.0,False,0.0208244766359322,1
0.0,,8.0,4,4,0.003337466158047,0.0007980168996675,0.0117538308328528,0.5,65.5,61.0,75.0,,,,,,13,MIX_F,77.0,44.0,69.0,False,0.022407204050069,1
0.0,,10.0,4,4,0.0039114779535945,0.0040219392362633,0.0076020333418516,0.5,75.5,73.0,80.0,,,,,,14,MIX_F,94.0,54.0,79.0,False,0.019545130138563,1
0.0,,8.0,4,4,0.0272051304746559,0.0141754799325275,0.0803637585199635,0.25,74.0,59.0,76.0,,,,,,15,MIX_F,105.0,60.0,76.0,False,0.0261312233853637,1
1.0,81.0,86.0,4,4,0.0018839730305513,0.0004539408673674,0.0066280103874704,0.75,46.0,42.0,58.0,,,,,,16,MIX_F,72.0,41.0,68.0,False,0.0272920487941822,1
0.0,,8.0,4,4,0.0303004843500936,0.0037277142505021,0.1137465088993701,0.25,73.5,56.0,79.0,,,,,,17,MIX_F,93.0,53.0,69.0,False,0.0191066102600339,1
0.0,,8.0,4,4,0.0031329764062554,0.0021020053381821,0.0083278949486574,0.5,45.0,33.0,60.0,,,,,,18,MIX_F,70.0,40.0,66.0,False,0.032493255569807,1
0.0,,12.0,4,4,0.0143621537351359,0.0102877840751396,0.0368730467902643,0.25,66.0,59.0,75.0,,,,,,19,MIX_F,94.0,54.0,72.0,False,0.0222722187492639,1
0.0,,8.0,4,4,0.0036703437240037,0.003837513753599,0.0070063473888168,0.25,65.0,64.0,71.0,,,,,,20,MIX_F,82.0,47.0,79.0,False,0.0248001373227659,1
0.0,,8.0,4,4,0.0013408580412071,0.0010791681989481,0.0032050957669323,0.5,67.0,53.0,74.0,,,,,,21,MIX_F,89.0,51.0,77.0,False,0.0161406183582383,1
1.0,70.0,82.0,4,4,0.0440417446250993,0.0014526436055874,0.1732616912892225,0.5,70.5,49.0,79.0,,,,,,22,MIX_F,89.0,51.0,83.0,False,0.0205238204033821,1
0.0,,8.0,4,4,0.0365398709072691,0.0032997316123843,0.1395600204043078,0.25,72.0,66.0,79.0,,,,,,23,MIX_F,82.0,47.0,75.0,False,0.0299800537661825,1
0.0,,8.0,4,4,0.0099199498126327,0.0023891480521129,0.034901503146305,0.25,62.5,56.0,71.0,,,,,,24,MIX_F,77.0,44.0,64.0,False,0.0131098000766831,1
0.0,,8.0,4,4,0.0184275278006121,0.0107675519313386,0.0509693387273558,0.0,74.0,61.0,77.0,,,,,,25,MIX_F,84.0,48.0,77.0,False,0.0339897089650871,1
1.0,49.0,82.0,4,4,0.0312994360688743,0.0046908728449291,0.1156880322166081,0.25,58.5,48.0,78.0,,,,,,26,MIX_F,74.0,42.0,67.0,False,0.0225694648956447,1
0.0,,8.0,4,4,0.0072665359555768,0.0068292030578265,0.0150061422385701,0.25,63.5,54.0,79.0,,,,,,27,MIX_F,82.0,47.0,69.0,False,0.0236174181028869,1
0.0,,8.0,4,4,0.0047709365551759,0.0004054074781738,0.018272931264356,0.75,71.5,52.0,76.0,,,,,,28,MIX_F,86.0,49.0,75.0,False,0.0275384808027513,1
1.0,41.0,85.0,4,4,0.0052795545763732,0.0031847659329013,0.012819213472426,0.0,72.0,67.0,78.0,,,,,,29,MIX_F,80.0,46.0,68.0,False,0.0239064147961932,1
0.0,,8.0,4,4,0.0255277960675444,0.0095795432180945,0.0829520978339886,0.5,61.0,53.0,72.0,,,,,,30,MIX_F,79.0,45.0,73.0,False,0.0173123200694203,1
1.0,36.0,82.0,4,4,0.0021278025400933,0.0023454617985903,0.0038202865631926,0.25,62.0,26.0,73.0,,,,,,31,MIX_F,82.0,47.0,73.0,False,0.0207720926336715,1
1.0,47.0,81.0,4,4,0.0764683108142527,0.0127742956260405,0.2795159285677102,0.25,63.0,53.0,70.0,,,,,,32,MIX_F,75.0,43.0,74.0,False,0.0214067246878139,1
0.0,,8.0,4,4,0.0341253602518516,0.0213956321959314,0.0937101766155435,0.5,72.5,56.0,78.0,,,,,,33,MIX_F,91.0,52.0,78.0,False,0.0174937305374068,1
1.0,72.0,84.0,4,4,0.0100501589896586,0.0040536736856152,0.0317309934235793,0.25,70.5,64.0,75.0,,,,,,34,MIX_F,88.0,50.0,75.0,False,0.0264386880133729,1
1.0,88.0,83.0,4,4,0.0369174614040565,0.0393194875091567,0.0687163900085682,0.25,59.0,47.0,75.0,,,,,,35,MIX_F,79.0,45.0,63.0,False,0.0267373911879621,1
1.0,70.0,80.0,4,4,0.0141784871443951,0.0091352990307823,0.0381697476974644,0.25,71.0,56.0,79.0,,,,,,36,MIX_F,88.0,50.0,78.0,False,0.0279398315751596,1
1.0,67.0,86.0,4,4,0.008589726021453,0.0094033442900529,0.0155522155057064,0.25,65.0,42.0,80.0,,,,,,37,MIX_F,88.0,50.0,74.0,False,0.032850159601853,1
1.0,58.0,93.0,4,4,0.0155703270735403,0.0044036145868979,0.0518766312116273,0.0,67.5,65.0,77.0,,,,,,38,MIX_F,79.0,45.0,65.0,False,0.0265029346244287,1
0.0,,8.0,4,4,0.1308413952744024,0.0229976957028324,0.4730298353488253,0.0,71.0,60.0,76.0,,,,,,39,MIX_F,80.0,46.0,66.0,False,0.0315736507877645,1
1.0,52.0,83.0,4,4,0.0457333002929415,0.0139735576791109,0.1549860858135443,0.25,76.0,45.0,80.0,,,,,,40,MIX_F,107.0,61.0,78.0,False,0.023531789404082,1
0.0,,8.0,4,4,0.0,0.0,0.0,1.0,65.0,60.0,78.0,,,,,,41,MIX_F,74.0,42.0,70.0,False,0.0309797970660489,1
1.0,46.0,82.0,4,4,0.0031414777461702,0.002640206450306,0.0072854980840687,0.25,69.5,62.0,72.0,,,,,,42,MIX_F,75.0,43.0,74.0,False,0.0241252616415504,1
0.0,,8.0,4,4,0.0749676583792218,0.0566786278556362,0.182951457574966,0.0,73.5,70.0,80.0,,,,,,43,MIX_F,89.0,51.0,69.0,False,0.0270973720615705,1
1.0,59.0,88.0,4,4,0.0198880835293827,0.0043708556168844,0.0708106228837621,0.25,65.0,53.0,76.0,,,,,,44,MIX_F,96.0,55.0,72.0,False,0.0243679942163986,1
0.0,,8.0,4,4,0.0232543394040876,0.0289018132468037,0.0349993296744228,0.25,66.0,57.0,68.0,,,,,,45,MIX_F,77.0,44.0,73.0,False,0.0264319811956238,1
0.0,,8.0,4,4,0.0189446012061783,0.0051934391476732,0.0653915265293668,0.25,78.5,46.0,80.0,,,,,,46,MIX_F,98.0,56.0,62.0,False,0.0341158699416227,1
1.0,75.0,98.0,4,4,0.0105427594692386,0.0055515877759124,0.0310678623251295,0.5,60.0,49.0,72.0,,,,,,47,MIX_F,74.0,42.0,65.0,False,0.0277141679838079,1
0.0,,8.0,4,4,0.0033590314440565,0.0016559343457548,0.0101242570847166,0.25,74.5,70.0,75.0,,,,,,48,MIX_F,91.0,52.0,68.0,False,0.0164533869373572,1
0.0,,8.0,4,4,0.0007385604970436,0.0003848700906145,0.0021845018069456,0.75,73.5,69.0,80.0,,,,,,49,MIX_F,88.0,50.0,72.0,False,0.0271589366218287,1
0.0,,8.0,4,4,0.0614753953078178,0.0039819682562708,0.2379376447187297,0.5,67.0,62.0,72.0,,,,,,50,MIX_F,77.0,44.0,76.0,False,0.0324558996764256,1
0.0,,8.0,4,4,0.0048526094472192,0.0045356509518441,0.0103391358851888,0.25,70.5,49.0,80.0,,,,,,51,MIX_F,96.0,55.0,70.0,False,0.0180878028965989,1
0.0,,8.0,4,4,0.0320465776947427,0.0194398059059953,0.0880060781246335,0.0,72.0,60.0,78.0,,,,,,52,MIX_F,82.0,47.0,72.0,False,0.0201488768025108,1
0.0,,8.0,4,4,0.0090395250511943,0.0030839490870168,0.0271604631508761,0.0,64.0,49.0,79.0,,,,,,53,MIX_F,98.0,56.0,67.0,False,0.0362200494336804,1
1.0,54.0,84.0,4,4,0.0128155120853383,0.0079295188787335,0.0354030105838864,0.5,71.0,50.0,80.0,,,,,,54,MIX_F,91.0,52.0,76.0,False,0.0222124338349782,1
1.0,55.0,83.0,4,4,0.0385258390047747,0.007736782408334,0.1386297912024309,0.5,50.5,23.0,77.0,,,,,,55,MIX_F,86.0,49.0,66.0,False,0.0385068912055675,1
0.0,,8.0,4,4,0.0047312974243276,0.0034240803766537,0.012077028944003,0.25,72.5,60.0,76.0,,,,,,56,MIX_F,89.0,51.0,73.0,False,0.0291048556425687,1
0.0,,8.0,4,4,0.0061926956410024,0.0001937803556903,0.0243832218526292,0.75,61.0,47.0,63.0,,,,,,57,MIX_F,77.0,44.0,66.0,False,0.0187023620430185,1
1.0,54.0,94.0,4,4,0.0567625212968389,0.0100336940695505,0.2069826970482547,0.25,52.5,35.0,55.0,,,,,,58,MIX_F,77.0,44.0,70.0,False,0.0263696238433581,1
0.0,,8.0,4,4,0.0325013925699182,0.0134002184762867,0.1032051333270997,0.5,73.5,70.0,77.0,,,,,,59,MIX_F,86.0,49.0,75.0,False,0.0324126534453009,1
1.0,37.0,81.0,4,4,0.0497253708732156,0.0248042476210971,0.1467794831210641,0.0,58.0,38.0,75.0,,,,,,0,MIX_M,94.0,54.0,76.0,False,0.0221669856881449,1
1.0,58.0,81.0,4,4,0.0349645838688799,0.0108882415749419,0.1170990899110888,0.25,67.0,44.0,72.0,,,,,,1,MIX_M,80.0,46.0,74.0,False,0.0209866336176212,1
0.0,,8.0,4,4,0.0028475194521847,0.0017602950745285,0.0077382845248697,0.5,73.0,57.0,77.0,,,,,,2,MIX_M,88.0,50.0,72.0,False,0.0269589877942846,1
1.0,45.0,87.0,4,4,0.062615275030034,0.013062952839665,0.2243351944408061,0.25,70.5,39.0,80.0,,,,,,3,MIX_M,84.0,48.0,63.0,False,0.0143516267624906,1
1.0,42.0,84.0,4,4,0.0781053383869848,0.0432430752040916,0.2247325323121257,0.0,62.0,55.0,71.0,,,,,,4,MIX_M,77.0,44.0,75.0,False,0.0295664346986662,1
1.0,32.0,81.0,4,4,0.0057989347815077,0.0044771870570909,0.0127892007114072,0.0,73.0,73.0,74.0,,,,,,5,MIX_M,94.0,54.0,74.0,False,0.0209232101671691,1
0.0,,8.0,4,4,0.0030213209132938,0.0027361657180934,0.0066129522169885,0.25,70.0,70.0,71.0,,,,,,6,MIX_M,98.0,56.0,73.0,False,0.0214907684046818,1
0.0,,8.0,4,4,0.0050418231614133,0.0048786125565612,0.010410067532531,0.5,75.5,63.0,78.0,,,,,,7,MIX_M,103.0,59.0,69.0,False,0.0167254312162174,1
0.0,,8.0,4,4,0.1373490267892283,0.0522810661700119,0.4448339748168893,0.5,65.5,39.0,78.0,,,,,,8,MIX_M,86.0,49.0,69.0,False,0.0205346102486892,1
1.0,47.0,80.0,4,4,0.017281013715066,0.0085312156593462,0.0520616235415718,0.5,69.0,55.0,78.0,,,,,,9,MIX_M,74.0,42.0,52.0,False,0.017329573759635,1
1.0,36.0,88.0,4,4,0.0311079042941748,0.0321031283602445,0.0517935523960614,0.0,70.0,61.0,76.0,,,,,,10,MIX_M,79.0,45.0,76.0,False,0.03198033814074,1
0.0,,8.0,4,4,0.0759161134982066,0.0334817671468447,0.2367009196991371,0.5,77.0,73.0,78.0,,,,,,11,MIX_M,93.0,53.0,71.0,False,0.0320346602946069,1
0.0,,8.0,4,4,0.0283415020035851,0.0272105702366334,0.0563556679451614,0.0,71.0,59.0,75.0,,,,,,12,MIX_M,94.0,54.0,67.0,False,0.0208244766359322,1
0.0,,8.0,4,4,0.0112752952714305,0.0124717143203036,0.0169395836998043,0.0,61.5,47.0,75.0,,,,,,13,MIX_M,77.0,44.0,69.0,False,0.022407204050069,1
1.0,90.0,88.0,4,4,0.0168982465057927,0.0081103438358946,0.0513722983513816,0.25,75.5,26.0,80.0,,,,,,14,MIX_M,94.0,54.0,79.0,False,0.019545130138563,1
0.0,,8.0,4,4,0.0040722262147348,0.0031677520509507,0.0094601966660645,0.25,71.5,70.0,77.0,,,,,,15,MIX_M,105.0,60.0,76.0,False,0.0261312233853637,1
1.0,72.0,85.0,4,4,0.0174336042761533,0.008823751476055,0.0520869141525034,0.5,61.0,53.0,70.0,,,,,,16,MIX_M,72.0,41.0,68.0,False,0.0272920487941822,1
0.0,,8.0,4,4,0.0107262198134848,0.0042676345722506,0.0323212783468698,0.0,67.5,27.0,80.0,,,,,,17,MIX_M,93.0,53.0,69.0,False,0.0191066102600339,1
1.0,61.0,92.0,4,4,0.0334173725900388,0.0142904932899603,0.1027135824388461,0.0,61.5,52.0,66.0,,,,,,18,MIX_M,70.0,40.0,66.0,False,0.032493255569807,1
0.0,,8.0,4,4,0.0026971611363755,0.0023931300712421,0.006002384403018,0.5,64.0,53.0,69.0,,,,,,19,MIX_M,94.0,54.0,72.0,False,0.0222722187492639,1
0.0,,8.0,4,4,0.1441832771298011,0.1421767099883165,0.2923796885425714,0.25,71.5,63.0,80.0,,,,,,20,MIX_M,82.0,47.0,79.0,False,0.0248001373227659,1
1.0,40.0,87.0,4,4,0.0921788367673659,0.0706230642248308,0.2273648322489943,0.5,76.0,51.0,80.0,,,,,,21,MIX_M,89.0,51.0,77.0,False,0.0161406183582383,1
0.0,,8.0,4,4,0.003858354087991,0.0017901627188378,0.0118530909142886,0.25,72.5,42.0,74.0,,,,,,22,MIX_M,89.0,51.0,83.0,False,0.0205238204033821,1
0.0,,8.0,4,4,0.0007911449609221,0.0004043497746571,0.0023558802943743,0.75,73.5,55.0,75.0,,,,,,23,MIX_M,82.0,47.0,75.0,False,0.0299800537661825,1
0.0,,8.0,4,4,0.0268979203283944,0.0095581921701557,0.0884752969732663,0.25,61.0,59.0,64.0,,,,,,24,MIX_M,77.0,44.0,64.0,False,0.0131098000766831,1
0.0,,8.0,4,4,0.0570909006860375,0.0218113745653745,0.1827726501039251,0.0,69.5,66.0,72.0,,,,,,25,MIX_M,84.0,48.0,77.0,False,0.0339897089650871,1
1.0,91.0,80.0,4,4,0.0175683448040481,0.0010549727797352,0.0681634336567219,0.5,54.0,45.0,66.0,,,,,,26,MIX_M,74.0,42.0,67.0,False,0.0225694648956447,1
1.0,72.0,87.0,4,4,0.0077945208581358,0.004930978426769,0.0213161265790053,0.5,74.5,59.0,80.0,,,,,,27,MIX_M,82.0,47.0,69.0,False,0.0236174181028869,1
1.0,40.0,80.0,4,4,0.0023020304970882,0.0008190197032676,0.0075700825818178,0.5,67.0,50.0,71.0,,,,,,28,MIX_M,86.0,49.0,75.0,False,0.0275384808027513,1
1.0,115.0,80.0,4,4,0.0085017298064009,0.0075434866918777,0.0185374397506943,0.25,66.5,33.0,75.0,,,,,,29,MIX_M,80.0,46.0,68.0,False,0.0239064147961932,1
0.0,,8.0,4,4,0.0226055973508375,0.0094955821554805,0.0706359853773185,0.25,65.5,49.0,74.0,,,,,,30,MIX_M,79.0,45.0,73.0,False,0.0173123200694203,1
0.0,,8.0,4,4,0.0152981212876495,0.0167605110383479,0.0270228163651868,0.25,71.0,51.0,80.0,,,,,,31,MIX_M,82.0,47.0,73.0,False,0.0207720926336715,1
1.0,46.0,80.0,4,4,0.0411355748050785,0.011181530809305,0.1380787877801374,0.0,70.5,62.0,79.0,,,,,,32,MIX_M,75.0,43.0,74.0,False,0.0214067246878139,1
0.0,,8.0,4,4,0.0697039805319666,0.055189144380652,0.1566981564547219,0.0,75.0,62.0,77.0,,,,,,33,MIX_M,91.0,52.0,78.0,False,0.0174937305374068,1
0.0,,8.0,4,4,0.0028208663955975,0.0022293254684983,0.0068248146453935,0.5,68.0,19.0,79.0,,,,,,34,MIX_M,88.0,50.0,75.0,False,0.0264386880133729,1
0.0,,8.0,4,4,0.0172553612786005,0.0059587204448967,0.0571040042246086,0.25,64.0,53.0,72.0,,,,,,35,MIX_M,79.0,45.0,63.0,False,0.0267373911879621,1
0.0,,8.0,4,4,0.0114378362092576,0.0051452999221777,0.0344460517048461,0.0,68.5,50.0,78.0,,,,,,36,MIX_M,88.0,50.0,78.0,False,0.0279398315751596,1
0.0,,8.0,4,4,0.0079832299323942,0.0070514109047014,0.0178300979201742,0.5,73.0,47.0,78.0,,,,,,37,MIX_M,88.0,50.0,74.0,False,0.032850159601853,1
0.0,,13.0,4,4,0.1226874780951946,0.1101703370531218,0.269886566222677,0.25,71.0,62.0,75.0,,,,,,38,MIX_M,79.0,45.0,65.0,False,0.0265029346244287,1
0.0,,8.0,4,4,0.0300467498173718,0.0047793196718144,0.1106283599258584,0.25,60.5,43.0,67.0,,,,,,39,MIX_M,80.0,46.0,66.0,False,0.0315736507877645,1
0.0,,8.0,4,4,0.0075717018492562,0.0037776702966641,0.021257900883052,0.0,76.5,30.0,78.0,,,,,,40,MIX_M,107.0,61.0,78.0,False,0.023531789404082,1
0.0,,8.0,4,4,0.0221957738939253,0.0193401792156519,0.0501027371443975,0.25,61.5,51.0,78.0,,,,,,41,MIX_M,74.0,42.0,70.0,False,0.0309797970660489,1
0.0,,8.0,4,4,0.0079362977348423,0.0054118017274162,0.0200064106598789,0.25,70.0,62.0,79.0,,,,,,42,MIX_M,75.0,43.0,74.0,False,0.0241252616415504,1
0.0,,8.0,4,4,0.0068983255633793,0.0012933975576856,0.0250065071381459,0.5,71.0,21.0,79.0,,,,,,43,MIX_M,89.0,51.0,69.0,False,0.0270973720615705,1
0.0,,8.0,4,4,0.0049545583611231,0.0016998386455219,0.0164185561534485,0.25,68.0,29.0,79.0,,,,,,44,MIX_M,96.0,55.0,72.0,False,0.0243679942163986,1
1.0,40.0,83.0,4,4,0.0299148962904129,0.0109424903025324,0.0963360925085496,0.0,47.5,41.0,67.0,,,,,,45,MIX_M,77.0,44.0,73.0,False,0.0264319811956238,1
0.0,,8.0,4,4,0.0178334085970524,0.015121364591231,0.0410909052057476,0.25,64.5,39.0,78.0,,,,,,46,MIX_M,98.0,56.0,62.0,False,0.0341158699416227,1
0.0,,11.0,4,4,0.0111198092596485,0.0005378784136518,0.0434034802112905,0.75,61.5,45.0,68.0,,,,,,47,MIX_M,74.0,42.0,65.0,False,0.0277141679838079,1
1.0,49.0,85.0,4,4,0.0171307336812738,0.0023160226757397,0.0638908893736159,0.25,74.0,62.0,80.0,,,,,,48,MIX_M,91.0,52.0,68.0,False,0.0164533869373572,1
0.0,,8.0,4,4,0.0729696958632961,0.0473475864982681,0.1942502593212081,0.0,67.0,58.0,79.0,,,,,,49,MIX_M,88.0,50.0,72.0,False,0.0271589366218287,1
1.0,44.0,89.0,4,4,0.0036038709110903,0.0028102095752908,0.0087950644937796,0.5,64.0,61.0,74.0,,,,,,50,MIX_M,77.0,44.0,76.0,False,0.0324558996764256,1
1.0,32.0,80.0,4,4,0.0623294704848817,0.0605379421746448,0.1282419975902373,0.25,53.5,45.0,80.0,,,,,,51,MIX_M,96.0,55.0,70.0,False,0.0180878028965989,1
1.0,30.0,82.0,4,4,0.0045563183103036,0.0037245664812384,0.0107761402787375,0.25,61.0,39.0,73.0,,,,,,52,MIX_M,82.0,47.0,72.0,False,0.0201488768025108,1
1.0,40.0,82.0,4,4,0.0342221178944654,0.0292110038571302,0.0626905540689046,0.0,69.5,59.0,76.0,,,,,,53,MIX_M,98.0,56.0,67.0,False,0.0362200494336804,1
0.0,,8.0,4,4,0.0066565858204192,0.0008502330211422,0.0249258772393923,0.5,72.5,71.0,79.0,,,,,,54,MIX_M,91.0,52.0,76.0,False,0.0222124338349782,1
1.0,39.0,81.0,4,4,0.0273098109451597,0.0207264043209687,0.0662802675936838,0.0,60.5,23.0,76.0,,,,,,55,MIX_M,86.0,49.0,66.0,False,0.0385068912055675,1
1.0,33.0,82.0,4,4,0.0110390752520853,0.0033564651636499,0.0362922198183584,0.0,62.5,49.0,78.0,,,,,,56,MIX_M,89.0,51.0,73.0,False,0.0291048556425687,1
1.0,52.0,83.0,4,4,0.0472631607926074,0.0304775270383721,0.1267221471896568,0.0,62.0,56.0,72.0,,,,,,57,MIX_M,77.0,44.0,66.0,False,0.0187023620430185,1
0.0,,8.0,4,4,0.0088020782035707,0.0068115561123899,0.0215852005895032,0.25,66.5,63.0,73.0,,,,,,58,MIX_M,77.0,44.0,70.0,False,0.0263696238433581,1
0.0,,8.0,4,4,0.0103418761117951,0.0052163811771904,0.0309347420927997,0.25,67.0,63.0,70.0,,,,,,59,MIX_M,86.0,49.0,75.0,False,0.0324126534453009,1
0.0,,8.0,4,4,0.0195232889244778,0.0047532214667711,0.0685867127643692,0.25,76.5,74.0,77.0,,,,,,0,MIXfix_F,95.0,54.0,76.0,False,0.0218535645889928,1
0.0,,8.0,4,4,0.0053721674658339,0.0036163436655343,0.0142559825322671,0.25,75.0,59.0,80.0,,,,,,1,MIXfix_F,95.0,46.0,74.0,False,0.0205914212525478,1
0.0,,8.0,4,4,0.0067044154325796,0.0031260004075617,0.0182561238992839,0.0,75.0,69.0,78.0,,,,,,2,MIXfix_F,95.0,50.0,72.0,False,0.0268819468505148,1
0.0,,8.0,4,4,0.0089588357940442,0.0081985550473648,0.0194382330814474,0.5,72.0,68.0,80.0,,,,,,3,MIXfix_F,95.0,48.0,63.0,False,0.0156338226997232,1
0.0,,8.0,4,4,0.008728687983868,0.0014258602358848,0.0318311445477234,0.5,73.0,42.0,77.0,,,,,,4,MIXfix_F,95.0,44.0,75.0,False,0.0238557100632761,1
0.0,,8.0,4,4,0.0005154912099585,0.0002203048895271,0.0016213550607797,0.75,75.0,73.0,77.0,,,,,,5,MIXfix_F,95.0,54.0,74.0,False,0.0215681731138382,1
0.0,,8.0,4,4,0.0407221272795429,0.0442887791687191,0.0693053241626824,0.0,65.0,55.0,75.0,,,,,,6,MIXfix_F,95.0,56.0,73.0,False,0.0219133240446086,1
1.0,70.0,83.0,4,4,0.0070714598339844,0.001760723048943,0.0243749523766765,0.25,56.5,28.0,76.0,,,,,,7,MIXfix_F,95.0,59.0,69.0,False,0.015261302864039,1
1.0,40.0,89.0,4,4,0.0039853296535681,0.0022219378729571,0.0114974428683582,0.25,70.5,35.0,80.0,,,,,,8,MIXfix_F,95.0,49.0,69.0,False,0.0181019003320354,1
0.0,,9.0,4,4,0.0078120183975236,0.0080101285611623,0.0137603576208705,0.0,64.5,56.0,77.0,,,,,,9,MIXfix_F,95.0,42.0,52.0,False,0.0144861481673142,1
0.0,,8.0,4,4,0.0999363364345702,0.1131755714160937,0.1733942029060936,0.25,54.0,42.0,80.0,,,,,,10,MIXfix_F,95.0,45.0,76.0,False,0.028192959501674,1
0.0,,8.0,4,4,0.0034862615926559,0.0034588261551972,0.0070273940602292,0.25,71.5,59.0,78.0,,,,,,11,MIXfix_F,95.0,53.0,71.0,False,0.0320113192536174,1
1.0,40.0,81.0,4,4,0.0046434364400223,0.0054156600871552,0.0077424255857791,0.25,75.0,58.0,77.0,,,,,,12,MIXfix_F,95.0,54.0,67.0,False,0.0208365567152096,1
0.0,,8.0,4,4,0.0137304758275179,0.003871195134527,0.0471795130410178,0.25,79.0,76.0,80.0,,,,,,13,MIXfix_F,95.0,44.0,69.0,False,0.0235671184543957,1
0.0,,8.0,4,4,0.0513606727856438,0.0170394898753417,0.1697587034249967,0.0,75.0,66.0,78.0,,,,,,14,MIXfix_F,95.0,54.0,79.0,False,0.0201647692850138,1
0.0,,8.0,4,4,0.0094317094277227,0.0094170395124804,0.0175279163346215,0.0,70.0,63.0,75.0,,,,,,15,MIXfix_F,95.0,60.0,76.0,False,0.0221583540130183,1
0.0,,8.0,4,4,0.0068902690996809,0.0044692719527325,0.0186225324932586,0.25,78.0,67.0,80.0,,,,,,16,MIXfix_F,95.0,41.0,68.0,False,0.0219855968970519,1
0.0,,8.0,4,4,0.0096128828824189,0.001733876858538,0.0349837778125995,0.5,73.5,69.0,78.0,,,,,,17,MIXfix_F,95.0,53.0,69.0,False,0.0186949054802333,1
1.0,89.0,83.0,4,4,0.0125471216462437,0.000469092932382,0.0492503007202108,0.75,70.0,57.0,76.0,,,,,,18,MIXfix_F,95.0,40.0,66.0,False,0.0216629699367689,1
0.0,,8.0,4,4,0.044907654290673,0.0018132289745539,0.1760041592135841,0.5,65.0,59.0,69.0,,,,,,19,MIXfix_F,95.0,54.0,72.0,False,0.0221226113220823,1
0.0,,9.0,4,4,0.0668207761762252,0.0749925331304942,0.1172449685552081,0.25,76.5,66.0,79.0,,,,,,20,MIXfix_F,95.0,47.0,79.0,False,0.0212472648873761,1
0.0,,8.0,4,4,0.0006324304606074,0.0003951236431268,0.0017394745561759,0.75,67.0,56.0,80.0,,,,,,21,MIXfix_F,95.0,51.0,77.0,False,0.0144956439218076,1
0.0,,8.0,4,4,0.008806921269901,0.0029508989385939,0.0293258872024164,0.25,78.0,70.0,80.0,,,,,,22,MIXfix_F,95.0,51.0,83.0,False,0.0204223141990792,1
0.0,,8.0,4,4,0.0492212443598877,0.0345340703672549,0.1113577970564954,0.0,73.5,70.0,76.0,,,,,,23,MIXfix_F,95.0,47.0,75.0,False,0.0271923994360656,1
0.0,,8.0,4,4,0.01472309947472,0.0001632558004198,0.0585658862980404,0.75,80.0,77.0,80.0,,,,,,24,MIXfix_F,95.0,44.0,64.0,False,0.0094238313137679,1
0.0,,8.0,4,4,0.1009408214516447,0.0958438018831565,0.2120756820402658,0.25,63.0,43.0,74.0,,,,,,25,MIXfix_F,95.0,48.0,77.0,False,0.0308550484712159,1
1.0,58.0,86.0,4,4,0.0153141051246677,0.00052196189829,0.0602124967020908,0.75,68.0,43.0,79.0,,,,,,26,MIXfix_F,95.0,42.0,67.0,False,0.0204234361613717,1
0.0,,8.0,4,4,0.0023134233599274,0.0016377469105064,0.0058598612435821,0.5,78.0,75.0,80.0,,,,,,27,MIXfix_F,95.0,47.0,69.0,False,0.0213420213982217,1
0.0,,8.0,4,4,0.0614756912824739,0.0349776525290859,0.1683310155799044,0.0,76.5,64.0,80.0,,,,,,28,MIXfix_F,95.0,49.0,75.0,False,0.0258413852946051,1
0.0,,8.0,4,4,0.0001291154577665,7.788948839990706e-05,0.0003606828542662,1.0,70.5,65.0,77.0,,,,,,29,MIXfix_F,95.0,46.0,68.0,False,0.0241225961407672,1
0.0,,8.0,4,4,0.008729912983901,0.0007930529553987,0.0333335460248066,0.5,73.5,55.0,80.0,,,,,,30,MIXfix_F,95.0,45.0,73.0,False,0.0191212140820477,1
0.0,,8.0,4,4,0.0318070096095294,0.0007871238363388,0.1256537907654401,0.5,71.5,64.0,80.0,,,,,,31,MIXfix_F,95.0,47.0,73.0,False,0.0183177183353865,1
0.0,,8.0,4,4,0.0056172207907535,0.0058520000668673,0.0107648830292795,0.25,78.5,75.0,80.0,,,,,,32,MIXfix_F,95.0,43.0,74.0,False,0.017115819203728,1
0.0,,8.0,4,4,0.0605766799256741,0.0199006339918766,0.2018468413546893,0.25,65.5,61.0,78.0,,,,,,33,MIXfix_F,95.0,52.0,78.0,False,0.0172692065055687,1
0.0,,8.0,4,4,0.0053731527626952,0.001749804901368,0.0179930012480449,0.5,75.0,69.0,80.0,,,,,,34,MIXfix_F,95.0,50.0,75.0,False,0.0229811333215326,1
0.0,,8.0,4,4,0.0342435565309502,0.0052987959733375,0.126376634177126,0.25,73.5,47.0,80.0,,,,,,35,MIXfix_F,95.0,45.0,63.0,False,0.0273925237937404,1
0.0,,11.0,4,4,0.1611684550474337,0.008694421313694,0.6270325743198277,0.5,61.5,43.0,76.0,,,,,,36,MIXfix_F,95.0,50.0,78.0,False,0.0279023697156357,1
1.0,58.0,98.0,4,4,0.0464831516959027,0.0340730728255795,0.1177864611324519,0.25,66.0,31.0,80.0,,,,,,37,MIXfix_F,95.0,50.0,74.0,False,0.0374114441058731,1
0.0,,8.0,4,4,0.0108608539653995,0.0053364741732678,0.0303876554046147,0.0,79.0,49.0,80.0,,,,,,38,MIXfix_F,95.0,45.0,65.0,False,0.0253214768755539,1
0.0,,8.0,4,4,0.010765490619574,0.0017940030163227,0.0394739564456508,0.5,78.0,71.0,79.0,,,,,,39,MIXfix_F,95.0,46.0,66.0,False,0.0323277755349141,1
0.0,,8.0,4,4,0.0021922488420957,0.0023838765542767,0.0040012422598294,0.25,75.5,47.0,80.0,,,,,,40,MIXfix_F,95.0,61.0,78.0,False,0.0179706533534356,1
0.0,,8.0,4,4,0.0117348281724197,0.0020077062554057,0.0429239001788674,0.5,69.5,64.0,80.0,,,,,,41,MIXfix_F,95.0,42.0,70.0,False,0.0242149525059366,1
0.0,,8.0,4,4,0.005332897992135,0.0047732704181059,0.0107698614630995,0.0,70.5,66.0,76.0,,,,,,42,MIXfix_F,95.0,43.0,74.0,False,0.024585284081502,1
1.0,55.0,112.0,4,4,0.0016580522086788,0.0008330885802068,0.0049660316743014,0.5,73.5,57.0,74.0,,,,,,43,MIXfix_F,95.0,51.0,69.0,False,0.0258805602543991,1
1.0,37.0,81.0,4,4,8.143566115755382e-05,0.0,0.0003257426446302,1.0,62.0,40.0,74.0,,,,,,44,MIXfix_F,95.0,55.0,72.0,False,0.0240654023271023,1
0.0,,8.0,4,4,0.0093813143534697,0.0033901906637192,0.0307448760864402,0.5,71.5,67.0,76.0,,,,,,45,MIXfix_F,95.0,44.0,73.0,False,0.0235143174758038,1
0.0,,8.0,4,4,0.0128331608463932,0.0121445400915109,0.0266072802629431,0.25,74.5,52.0,79.0,,,,,,46,MIXfix_F,95.0,56.0,62.0,False,0.0322466249161978,1
0.0,,8.0,4,4,0.0709446158257749,0.0688471024848913,0.144715008186065,0.0,72.5,66.0,79.0,,,,,,47,MIXfix_F,95.0,42.0,65.0,False,0.0227625639590526,1
1.0,42.0,80.0,4,4,0.0015865294454122,0.0001259127630956,0.0060942922554576,0.75,69.0,48.0,79.0,,,,,,48,MIXfix_F,95.0,52.0,68.0,False,0.0174603315782736,1
0.0,,8.0,4,4,0.0725613355172328,0.0171118149305813,0.2560217122077686,0.25,73.5,36.0,80.0,,,,,,49,MIXfix_F,95.0,50.0,72.0,False,0.0257049968043567,1
0.0,,8.0,4,4,0.0215215845049161,0.0046433552205046,0.0767996275786553,0.25,76.5,49.0,78.0,,,,,,50,MIXfix_F,95.0,44.0,76.0,False,0.0348485391799546,1
0.0,,8.0,4,4,0.0034829986136485,0.0026746354208481,0.0085827236128979,0.5,72.5,65.0,78.0,,,,,,51,MIXfix_F,95.0,55.0,70.0,False,0.0182796419955322,1
0.0,,8.0,4,4,0.0237119086570868,0.0160380862748453,0.0627714620786565,0.5,67.5,26.0,78.0,,,,,,52,MIXfix_F,95.0,47.0,72.0,False,0.0176228940490292,1
1.0,45.0,90.0,4,4,0.0265060753205282,0.0135212813053561,0.0765253844706336,0.0,69.0,60.0,76.0,,,,,,53,MIXfix_F,95.0,56.0,67.0,False,0.0366034738171264,1
1.0,60.0,84.0,4,4,0.0154452203680064,0.0069973179663098,0.0477862455394062,0.25,70.0,25.0,79.0,,,,,,54,MIXfix_F,95.0,52.0,76.0,False,0.0206571733817829,1
0.0,,8.0,4,4,0.0056979343003966,0.0034600378354238,0.0158716615307388,0.5,70.0,67.0,79.0,,,,,,55,MIXfix_F,95.0,49.0,66.0,False,0.0291586488579143,1
0.0,,8.0,4,4,0.0041054764233228,0.0036230043471309,0.0091758969990295,0.5,75.0,64.0,77.0,,,,,,56,MIXfix_F,95.0,51.0,73.0,False,0.0294702048041832,1
1.0,85.0,101.0,4,4,0.0275954867035718,0.0211452505380101,0.0672303621493354,0.25,71.0,60.0,80.0,,,,,,57,MIXfix_F,95.0,44.0,66.0,False,0.0169534915281337,1
1.0,57.0,85.0,4,4,0.0004369655318342,0.0,0.0017478621273371,0.75,76.0,40.0,80.0,,,,,,58,MIXfix_F,95.0,44.0,70.0,False,0.0243015486148548,1
0.0,,8.0,4,4,0.0161378375197766,0.004161074269827,0.0562292015394523,0.5,71.0,47.0,80.0,,,,,,59,MIXfix_F,95.0,49.0,75.0,False,0.0272182024636176,1
0.0,,8.0,4,4,0.037187127351234,0.0123161619480808,0.1220151062709964,0.0,74.0,69.0,78.0,,,,,,0,MIXfix_M,95.0,54.0,76.0,False,0.0218535645889928,1
0.0,,8.0,4,4,0.0073655132738303,0.0017427647977409,0.0259765234998396,0.5,68.5,30.0,78.0,,,,,,1,MIXfix_M,95.0,46.0,74.0,False,0.0205914212525478,1
0.0,,8.0,4,4,0.0071096249247378,0.0041709467498688,0.0186811366954635,0.0,69.5,54.0,80.0,,,,,,2,MIXfix_M,95.0,50.0,72.0,False,0.0268819468505148,1
0.0,,8.0,4,4,0.0246754632276164,0.0233282570295885,0.0493795036328059,0.0,70.5,64.0,79.0,,,,,,3,MIXfix_M,95.0,48.0,63.0,False,0.0156338226997232,1
1.0,41.0,83.0,4,4,0.0138827058783918,0.0081679818181619,0.0377567017264569,0.0,70.0,53.0,78.0,,,,,,4,MIXfix_M,95.0,44.0,75.0,False,0.0238557100632761,1
0.0,,8.0,4,4,0.0040730103706805,0.0,0.0162920414827221,0.75,77.0,76.0,80.0,,,,,,5,MIXfix_M,95.0,54.0,74.0,False,0.0215681731138382,1
0.0,,8.0,4,4,0.0091399977832153,0.0036287847714803,0.0293024215899007,0.5,73.5,64.0,80.0,,,,,,6,MIXfix_M,95.0,56.0,73.0,False,0.0219133240446086,1
1.0,54.0,89.0,4,4,0.002596538473373,0.0017483094754594,0.0068895349425732,0.5,53.5,30.0,80.0,,,,,,7,MIXfix_M,95.0,59.0,69.0,False,0.015261302864039,1
1.0,66.0,90.0,4,4,0.0029042445896063,0.0024605201960271,0.006695937966371,0.5,72.0,65.0,74.0,,,,,,8,MIXfix_M,95.0,49.0,69.0,False,0.0181019003320354,1
0.0,,8.0,4,4,0.0004438875566148,0.0001887102984813,0.0013981296294968,0.75,69.0,51.0,78.0,,,,,,9,MIXfix_M,95.0,42.0,52.0,False,0.0144861481673142,1
1.0,49.0,85.0,4,4,0.0450956112887241,0.0421574239780351,0.093637894817002,0.0,72.5,64.0,80.0,,,,,,10,MIXfix_M,95.0,45.0,76.0,False,0.028192959501674,1
1.0,41.0,83.0,4,4,0.1114816940399104,0.1206329757814156,0.1958919975799682,0.0,66.0,54.0,80.0,,,,,,11,MIXfix_M,95.0,53.0,71.0,False,0.0320113192536174,1
0.0,,8.0,4,4,0.0038176396072812,0.000433313152543,0.0144039321240391,0.75,70.0,45.0,76.0,,,,,,12,MIXfix_M,95.0,54.0,67.0,False,0.0208365567152096,1
0.0,,8.0,4,4,0.0022838845717392,0.0017178651216805,0.0056998080435958,0.5,72.5,70.0,75.0,,,,,,13,MIXfix_M,95.0,44.0,69.0,False,0.0235671184543957,1
0.0,,8.0,4,4,0.0122945240494193,0.0015694981979092,0.0460390998018589,0.5,77.5,29.0,78.0,,,,,,14,MIXfix_M,95.0,54.0,79.0,False,0.0201647692850138,1
1.0,35.0,84.0,4,4,0.0200315517952659,0.0057809507015651,0.0685643057779332,0.25,54.5,34.0,78.0,,,,,,15,MIXfix_M,95.0,60.0,76.0,False,0.0221583540130183,1
1.0,40.0,96.0,4,4,0.0041100947893556,0.0024943751361087,0.0100585501058543,0.0,65.0,56.0,77.0,,,,,,16,MIXfix_M,95.0,41.0,68.0,False,0.0219855968970519,1
0.0,,8.0,4,4,0.0042173095767401,0.0015282971598909,0.0138126439871787,0.5,67.0,38.0,79.0,,,,,,17,MIXfix_M,95.0,53.0,69.0,False,0.0186949054802333,1
0.0,,8.0,4,4,0.0138184608108712,0.0009183710841724,0.0534371010751399,0.5,69.5,64.0,77.0,,,,,,18,MIXfix_M,95.0,40.0,66.0,False,0.0216629699367689,1
0.0,,8.0,4,4,0.0322054204165361,0.0156442236510894,0.0970036067450475,0.25,79.5,76.0,80.0,,,,,,19,MIXfix_M,95.0,54.0,72.0,False,0.0221226113220823,1
0.0,,8.0,4,4,0.0103150710102074,0.0069752748971328,0.0269783018030901,0.5,76.5,70.0,78.0,,,,,,20,MIXfix_M,95.0,47.0,79.0,False,0.0212472648873761,1
0.0,,8.0,4,4,0.0020322689222988,0.0015380495685699,0.0050529765520553,0.5,78.5,61.0,80.0,,,,,,21,MIXfix_M,95.0,51.0,77.0,False,0.0144956439218076,1
1.0,47.0,81.0,4,4,0.0069725235524484,0.0052876957231488,0.0173147027634963,0.25,59.0,46.0,73.0,,,,,,22,MIXfix_M,95.0,51.0,83.0,False,0.0204223141990792,1
0.0,,8.0,4,4,0.0043206925713408,0.0043900280740244,0.0059549832999521,0.0,74.0,14.0,80.0,,,,,,23,MIXfix_M,95.0,47.0,75.0,False,0.0271923994360656,1
1.0,38.0,81.0,4,4,0.0070295134690644,0.0054855663349732,0.016535602704833,0.25,75.0,69.0,80.0,,,,,,24,MIXfix_M,95.0,44.0,64.0,False,0.0094238313137679,1
0.0,,8.0,4,4,0.0039779803946691,0.0,0.0159119215786766,0.75,64.0,54.0,79.0,,,,,,25,MIXfix_M,95.0,48.0,77.0,False,0.0308550484712159,1
0.0,,8.0,4,4,0.0148371354771207,0.0050944336646055,0.0491596745792719,0.5,70.0,57.0,80.0,,,,,,26,MIXfix_M,95.0,42.0,67.0,False,0.0204234361613717,1
1.0,58.0,81.0,4,4,0.0118588602743502,0.0097837573347247,0.0278679264279514,0.25,77.5,54.0,80.0,,,,,,27,MIXfix_M,95.0,47.0,69.0,False,0.0213420213982217,1
0.0,,8.0,4,4,0.0241405226589063,0.000557428181839,0.0954472342719474,0.75,66.0,59.0,78.0,,,,,,28,MIXfix_M,95.0,49.0,75.0,False,0.0258413852946051,1
0.0,,8.0,4,4,0.0152570818088581,0.0050727529035871,0.0505944584604828,0.25,74.0,70.0,79.0,,,,,,29,MIXfix_M,95.0,46.0,68.0,False,0.0241225961407672,1
0.0,,8.0,4,4,0.0076233144568805,0.0052666747686939,0.0196337569371801,0.25,74.5,72.0,79.0,,,,,,30,MIXfix_M,95.0,45.0,73.0,False,0.0191212140820477,1
0.0,,8.0,4,4,0.0126910733619545,0.0102002122918211,0.0280852631954499,0.0,66.5,64.0,75.0,,,,,,31,MIXfix_M,95.0,47.0,73.0,False,0.0183177183353865,1
0.0,,8.0,4,4,0.0064384735862297,0.0011317767864366,0.0234903407720456,0.5,72.0,65.0,79.0,,,,,,32,MIXfix_M,95.0,43.0,74.0,False,0.017115819203728,1
0.0,,8.0,4,4,0.0023761788558345,0.0023564779212768,0.0047917595807843,0.25,75.5,60.0,78.0,,,,,,33,MIXfix_M,95.0,52.0,78.0,False,0.0172692065055687,1
0.0,,8.0,4,4,0.0195176359843397,0.0011307431885359,0.0758090575602869,0.25,72.0,66.0,79.0,,,,,,34,MIXfix_M,95.0,50.0,75.0,False,0.0229811333215326,1
0.0,,8.0,4,4,0.0209886422866916,0.0109369460317439,0.0620806770832785,0.25,62.5,34.0,78.0,,,,,,35,MIXfix_M,95.0,45.0,63.0,False,0.0273925237937404,1
0.0,,8.0,4,4,0.0304020936166509,0.028706174018148,0.0623277549109894,0.0,69.0,54.0,76.0,,,,,,36,MIXfix_M,95.0,50.0,78.0,False,0.0279023697156357,1
0.0,,8.0,4,4,0.0033280018789037,0.0022656955800674,0.0087806163554799,0.5,77.0,51.0,79.0,,,,,,37,MIXfix_M,95.0,50.0,74.0,False,0.0374114441058731,1
0.0,,8.0,4,4,0.0096892615909919,0.0069929521851752,0.0247711419936172,0.25,73.0,66.0,76.0,,,,,,38,MIXfix_M,95.0,45.0,65.0,False,0.0253214768755539,1
0.0,,8.0,4,4,0.0233661434946185,0.0230927408082693,0.0472790923619355,0.25,67.0,50.0,77.0,,,,,,39,MIXfix_M,95.0,46.0,66.0,False,0.0323277755349141,1
0.0,,8.0,4,4,0.0003719951990472,0.0001324862136046,0.0012230083689794,0.75,72.0,66.0,79.0,,,,,,40,MIXfix_M,95.0,61.0,78.0,False,0.0179706533534356,1
1.0,66.0,82.0,4,4,0.0013937489158638,0.0006435621704208,0.0042878713226136,0.5,70.5,65.0,76.0,,,,,,41,MIXfix_M,95.0,42.0,70.0,False,0.0242149525059366,1
1.0,68.0,94.0,4,4,0.0238426336085366,0.0150394960994325,0.0652915422352814,0.5,78.0,41.0,79.0,,,,,,42,MIXfix_M,95.0,43.0,74.0,False,0.024585284081502,1
0.0,,8.0,4,4,0.0819406321486255,0.0101697726357429,0.306849719831118,0.25,73.0,18.0,80.0,,,,,,43,MIXfix_M,95.0,51.0,69.0,False,0.0258805602543991,1
1.0,36.0,85.0,4,4,0.0231580359457823,0.0218801204269026,0.0431312904275271,0.0,62.0,47.0,74.0,,,,,,44,MIXfix_M,95.0,55.0,72.0,False,0.0240654023271023,1
0.0,,8.0,4,4,0.0484654262324203,0.048311584274032,0.0972385363816174,0.25,69.0,53.0,79.0,,,,,,45,MIXfix_M,95.0,44.0,73.0,False,0.0235143174758038,1
0.0,,8.0,4,4,0.0259269831399715,0.0088555658174941,0.0849301567265795,0.0,60.5,41.0,80.0,,,,,,46,MIXfix_M,95.0,56.0,62.0,False,0.0322466249161978,1
0.0,,8.0,4,4,0.0145654703170207,0.0178741701072421,0.022081697646282,0.25,68.0,55.0,80.0,,,,,,47,MIXfix_M,95.0,42.0,65.0,False,0.0227625639590526,1
0.0,,8.0,4,4,0.0136014383934774,0.0012911246955342,0.051823504182841,0.5,76.0,74.0,77.0,,,,,,48,MIXfix_M,95.0,52.0,68.0,False,0.0174603315782736,1
0.0,,8.0,4,4,0.0091184697510555,0.0093192179583048,0.0178354430876125,0.25,74.5,62.0,78.0,,,,,,49,MIXfix_M,95.0,50.0,72.0,False,0.0257049968043567,1
1.0,32.0,80.0,4,4,0.0043927295486214,0.0027457076192635,0.0120795029559585,0.5,63.5,47.0,70.0,,,,,,50,MIXfix_M,95.0,44.0,76.0,False,0.0348485391799546,1
1.0,55.0,97.0,4,4,0.008745446842153,0.0033777775406135,0.0282262322873849,0.25,51.5,30.0,65.0,,,,,,51,MIXfix_M,95.0,55.0,70.0,False,0.0182796419955322,1
1.0,51.0,87.0,4,4,0.0102491637265141,0.0044280047465418,0.0321406454129729,0.5,72.0,66.0,80.0,,,,,,52,MIXfix_M,95.0,47.0,72.0,False,0.0176228940490292,1
1.0,80.0,83.0,4,4,0.0047531945121015,0.0044581588585907,0.0100964603312247,0.5,69.5,59.0,72.0,,,,,,53,MIXfix_M,95.0,56.0,67.0,False,0.0366034738171264,1
0.0,,8.0,4,4,0.0242554141618668,0.027417225670192,0.0418319372020393,0.25,68.5,20.0,76.0,,,,,,54,MIXfix_M,95.0,52.0,76.0,False,0.0206571733817829,1
1.0,74.0,82.0,4,4,0.0061122069625817,0.004985515883255,0.014477796083817,0.25,72.0,47.0,80.0,,,,,,55,MIXfix_M,95.0,49.0,66.0,False,0.0291586488579143,1
1.0,47.0,82.0,4,4,0.0032761181906671,0.0016177675424364,0.0098689376777957,0.5,77.0,59.0,80.0,,,,,,56,MIXfix_M,95.0,51.0,73.0,False,0.0294702048041832,1
0.0,,8.0,4,4,0.0032268231640978,0.0018050341069188,0.0092972244425537,0.25,74.0,50.0,79.0,,,,,,57,MIXfix_M,95.0,44.0,66.0,False,0.0169534915281337,1
1.0,33.0,87.0,4,4,0.0010964553597019,0.0009998746989285,0.0023860720409505,0.5,66.5,52.0,76.0,,,,,,58,MIXfix_M,95.0,44.0,70.0,False,0.0243015486148548,1
1.0,38.0,84.0,4,4,0.0159770294712145,0.0029063324419762,0.0580954530009058,0.25,72.0,44.0,79.0,,,,,,59,MIXfix_M,95.0,49.0,75.0,False,0.0272182024636176,1
1.0,35.0,83.0,4,4,1.0,1.0,1.0,0.0,11.0,11.0,11.0,,,,,,0,B,7.0,35.0,46.0,False,0.9815735461801596,2
1.0,52.0,81.0,4,4,1.0,1.0,1.0,0.0,11.0,11.0,11.0,,,,,,1,B,7.0,36.0,52.0,False,0.9661368653421633,2
1.0,59.0,81.0,4,4,0.97625,1.0,1.0,0.0,12.0,6.0,12.0,,,,,,2,B,8.0,45.0,61.0,False,0.9516091954022988,2
0.0,,18.0,4,4,1.0,1.0,1.0,0.0,11.0,11.0,11.0,,,,,,3,B,7.0,34.0,57.0,False,0.9921685393258428,2
0.0,,70.0,4,4,0.95125,1.0,1.0,0.0,11.0,11.0,11.0,,,,,,4,B,7.0,41.0,74.0,False,0.9728448275862068,2
1.0,19.0,82.0,4,4,1.0,1.0,1.0,0.0,11.0,11.0,11.0,,,,,,5,B,7.0,31.0,45.0,False,1.0,2
1.0,21.0,83.0,4,4,1.0,1.0,1.0,0.0,10.0,10.0,10.0,,,,,,6,B,6.0,41.0,59.0,False,0.9914698795180722,2
1.0,14.0,82.0,4,4,1.0,1.0,1.0,0.0,10.0,10.0,10.0,,,,,,7,B,6.0,31.0,44.0,False,0.96923887587822,2
1.0,20.0,91.0,4,4,1.0,1.0,1.0,0.0,12.0,6.0,12.0,,,,,,8,B,8.0,34.0,52.0,False,0.9028601252609604,2
1.0,36.0,83.0,4,4,0.94,1.0,1.0,0.0,11.0,11.0,11.0,,,,,,9,B,7.0,32.0,47.0,False,0.9785181236673774,2
1.0,22.0,87.0,4,4,1.0,1.0,1.0,0.0,11.0,11.0,11.0,,,,,,10,B,7.0,38.0,58.0,False,0.9718858560794044,2
1.0,41.0,84.0,4,4,1.0,1.0,1.0,0.0,10.0,10.0,10.0,,,,,,11,B,6.0,35.0,51.0,False,0.9853740648379052,2
1.0,19.0,86.0,4,4,0.98875,1.0,1.0,0.0,11.0,11.0,11.0,,,,,,12,B,7.0,35.0,58.0,False,0.96219646799117,2
1.0,13.0,84.0,4,4,1.0,1.0,1.0,0.0,10.0,10.0,10.0,,,,,,13,B,6.0,32.0,59.0,False,1.0,2
1.0,38.0,89.0,4,4,0.8025,1.0,1.0,0.125,12.0,6.0,12.0,,,,,,14,B,8.0,34.0,50.0,False,0.9243383947939262,2
1.0,77.0,87.0,4,4,0.875,1.0,1.0,0.125,11.0,11.0,11.0,,,,,,15,B,7.0,39.0,61.0,False,0.93854,2
0.0,,65.0,4,4,0.96375,1.0,1.0,0.0,11.0,11.0,11.0,,,,,,16,B,7.0,38.0,51.0,False,0.960011210762332,2
0.0,,66.0,4,4,0.8675,1.0,1.0,0.0,11.0,11.0,11.0,,,,,,17,B,7.0,51.0,61.0,False,0.967366628830874,2
1.0,15.0,88.0,4,4,1.0,1.0,1.0,0.0,11.0,11.0,11.0,,,,,,18,B,7.0,48.0,68.0,False,0.9794866310160428,2
1.0,14.0,96.0,4,4,1.0,1.0,1.0,0.0,11.0,11.0,11.0,,,,,,19,B,7.0,53.0,67.0,False,0.96238202247191,2
1.0,39.0,80.0,4,4,0.875,1.0,1.0,0.125,12.0,6.0,12.0,,,,,,20,B,8.0,27.0,36.0,False,0.956656050955414,2
1.0,12.0,84.0,4,4,1.0,1.0,1.0,0.0,10.0,10.0,10.0,,,,,,21,B,6.0,47.0,65.0,False,0.9557391304347826,2
1.0,24.0,81.0,4,4,1.0,1.0,1.0,0.0,12.0,6.0,12.0,,,,,,22,B,8.0,54.0,71.0,False,0.9600637619553668,2
1.0,25.0,84.0,4,4,1.0,1.0,1.0,0.0,11.0,11.0,11.0,,,,,,23,B,7.0,41.0,56.0,False,0.9774416135881104,2
1.0,62.0,80.0,4,4,0.96375,1.0,1.0,0.0,11.0,11.0,11.0,,,,,,24,B,7.0,43.0,56.0,False,0.950679711637487,2
0.0,,8.0,4,4,1.0,1.0,1.0,0.0,10.0,10.0,10.0,,,,,,25,B,6.0,37.0,43.0,False,0.9782227488151658,2
1.0,24.0,81.0,4,4,0.95125,1.0,1.0,0.0,12.0,6.0,12.0,,,,,,26,B,8.0,48.0,69.0,False,0.9121058315334774,2
1.0,16.0,83.0,4,4,1.0,1.0,1.0,0.0,11.0,11.0,11.0,,,,,,27,B,7.0,42.0,61.0,False,0.9520490928495196,2
1.0,27.0,80.0,4,4,1.0,1.0,1.0,0.0,12.0,6.0,12.0,,,,,,28,B,8.0,33.0,51.0,False,0.8943630573248408,2
1.0,10.0,84.0,4,4,0.9025,1.0,1.0,0.0,11.0,11.0,11.0,,,,,,29,B,7.0,37.0,49.0,False,0.8992271105826397,2
1.0,33.0,85.0,4,4,0.98875,1.0,1.0,0.0,11.0,11.0,11.0,,,,,,30,B,7.0,33.0,45.0,False,0.9717386231038506,2
1.0,26.0,87.0,4,4,0.99,1.0,1.0,0.0,11.0,11.0,11.0,,,,,,31,B,7.0,32.0,50.0,False,0.976028602860286,2
0.0,,8.0,4,4,0.875,1.0,1.0,0.125,11.0,11.0,11.0,,,,,,32,B,7.0,36.0,46.0,False,0.9431403118040088,2
1.0,75.0,86.0,4,4,1.0,1.0,1.0,0.0,11.0,11.0,11.0,,,,,,33,B,7.0,39.0,54.0,False,0.9931179138321996,2
1.0,15.0,82.0,4,4,1.0,1.0,1.0,0.0,11.0,11.0,11.0,,,,,,34,B,7.0,40.0,67.0,False,0.9799041533546324,2
0.0,,64.0,4,4,1.0,1.0,1.0,0.0,10.0,10.0,10.0,,,,,,35,B,6.0,32.0,50.0,False,0.9835192069392812,2
1.0,15.0,82.0,4,4,0.98875,1.0,1.0,0.0,10.0,10.0,10.0,,,,,,36,B,6.0,34.0,39.0,False,0.9926309226932668,2
1.0,16.0,80.0,4,4,1.0,1.0,1.0,0.0,11.0,11.0,11.0,,,,,,37,B,7.0,40.0,54.0,False,0.903850385038504,2
0.0,,8.0,4,4,0.9525,1.0,1.0,0.0,10.0,10.0,10.0,,,,,,38,B,6.0,43.0,58.0,False,0.9795596755504056,2
1.0,34.0,80.0,4,4,1.0,1.0,1.0,0.0,11.0,11.0,11.0,,,,,,39,B,7.0,34.0,46.0,False,0.9932193396226416,2
1.0,22.0,84.0,4,4,1.0,1.0,1.0,0.0,10.0,10.0,10.0,,,,,,40,B,6.0,34.0,57.0,False,0.9793216374269004,2
1.0,34.0,83.0,4,4,0.965,1.0,1.0,0.0,11.0,11.0,11.0,,,,,,41,B,7.0,40.0,54.0,False,0.9592808219178084,2
1.0,27.0,110.0,4,4,0.90375,1.0,1.0,0.0,11.0,11.0,11.0,,,,,,42,B,7.0,40.0,53.0,False,0.9825886143931256,2
1.0,27.0,96.0,4,4,1.0,1.0,1.0,0.0,12.0,12.0,12.0,,,,,,43,B,8.0,40.0,58.0,False,0.9768388429752064,2
1.0,19.0,80.0,4,4,1.0,1.0,1.0,0.0,11.0,11.0,11.0,,,,,,44,B,7.0,35.0,51.0,False,0.9709019165727172,2
1.0,30.0,82.0,4,4,1.0,1.0,1.0,0.0,10.0,10.0,10.0,,,,,,45,B,6.0,42.0,65.0,False,0.9891314285714286,2
1.0,20.0,88.0,4,4,1.0,1.0,1.0,0.0,10.0,10.0,10.0,,,,,,46,B,6.0,37.0,52.0,False,0.9744537815126052,2
1.0,49.0,81.0,4,4,0.97625,1.0,1.0,0.0,11.0,11.0,11.0,,,,,,47,B,7.0,45.0,62.0,False,0.992065834279228,2
1.0,36.0,83.0,4,4,0.94125,1.0,1.0,0.0,12.0,6.0,12.0,,,,,,48,B,8.0,41.0,59.0,False,0.8841531823085221,2
1.0,27.0,107.0,4,4,0.88,1.0,1.0,0.0,11.0,11.0,11.0,,,,,,49,B,7.0,34.0,61.0,False,0.9388619599578504,2
1.0,39.0,86.0,4,4,0.91375,1.0,1.0,0.0,11.0,11.0,11.0,,,,,,50,B,7.0,43.0,68.0,False,0.9157857142857144,2
1.0,52.0,80.0,4,4,0.875,1.0,1.0,0.125,11.0,11.0,11.0,,,,,,51,B,7.0,38.0,54.0,False,0.930652418447694,2
1.0,23.0,84.0,4,4,0.96375,1.0,1.0,0.0,11.0,11.0,11.0,,,,,,52,B,7.0,38.0,46.0,False,0.9166112956810633,2
0.0,,31.0,4,4,1.0,1.0,1.0,0.0,11.0,11.0,11.0,,,,,,53,B,7.0,36.0,62.0,False,0.9709196740395808,2
1.0,27.0,82.0,4,4,0.97625,1.0,1.0,0.0,10.0,10.0,10.0,,,,,,54,B,6.0,28.0,38.0,False,0.9959020310633212,2
1.0,19.0,82.0,4,4,0.95125,1.0,1.0,0.0,11.0,11.0,11.0,,,,,,55,B,7.0,34.0,55.0,False,0.9757204767063924,2
0.0,,71.0,4,4,0.94,1.0,1.0,0.0,11.0,11.0,11.0,,,,,,56,B,7.0,37.0,66.0,False,0.9679880239520958,2
1.0,41.0,84.0,4,4,1.0,1.0,1.0,0.0,10.0,10.0,10.0,,,,,,57,B,6.0,37.0,56.0,False,0.9929518072289156,2
1.0,15.0,92.0,4,4,1.0,1.0,1.0,0.0,11.0,11.0,11.0,,,,,,58,B,7.0,37.0,71.0,False,0.95491601343785,2
1.0,67.0,95.0,4,4,0.87375,1.0,1.0,0.0,12.0,6.0,12.0,,,,,,59,B,8.0,40.0,76.0,False,0.9548393574297188,2
0.0,,13.0,4,4,0.38625,0.4199999999999999,0.4199999999999999,0.0,12.0,12.0,12.0,2.0,2.0,0.4600000000000001,0.4600000000000001,,0,BAND,8.0,35.0,46.0,False,0.9666467661691542,2
0.0,,12.0,4,4,0.3224999999999999,0.3199999999999999,0.43,0.0,12.0,12.0,12.0,5.0,5.0,0.5700000000000002,0.5700000000000002,,1,BAND,8.0,36.0,52.0,False,0.9103696498054474,2
0.0,,10.0,4,4,0.39125,0.4049999999999999,0.5,0.0,15.0,15.0,15.0,,,,,,2,BAND,11.0,45.0,61.0,False,0.8637737226277373,2
0.0,,22.0,4,4,0.3362499999999999,0.3199999999999999,0.5,0.0,14.0,14.0,14.0,6.0,6.0,0.6083333333333335,0.6083333333333335,,3,BAND,10.0,34.0,57.0,False,0.8886603910209993,2
0.0,,23.0,4,4,0.3037499999999999,0.3099999999999999,0.4199999999999999,0.0,13.0,13.0,13.0,11.0,11.0,0.6063636363636365,0.6063636363636365,,4,BAND,9.0,41.0,74.0,False,0.8764767747589833,2
0.0,,35.0,4,4,0.3462499999999999,0.3199999999999999,0.41,0.0,14.0,14.0,14.0,35.0,21.0,0.7542857142857143,0.797714285714286,,5,BAND,10.0,31.0,45.0,False,0.9099692307692308,2
0.0,,12.0,4,4,0.3224999999999999,0.37,0.3999999999999999,0.0,14.0,14.0,14.0,,,,,,6,BAND,10.0,41.0,59.0,False,0.8316863905325445,2
0.0,,21.0,4,4,0.3624999999999999,0.3799999999999999,0.42,0.0,12.0,12.0,12.0,7.0,7.0,0.5442857142857144,0.5442857142857144,,7,BAND,8.0,31.0,44.0,False,0.8905747126436782,2
0.0,,16.0,4,4,0.35,0.3199999999999999,0.5,0.0,14.0,14.0,14.0,1.0,1.0,0.5500000000000002,0.5500000000000002,,8,BAND,10.0,34.0,52.0,False,0.8467245657568239,2
0.0,,8.0,4,4,0.3024999999999999,0.3099999999999999,0.4099999999999999,0.0,13.0,13.0,13.0,,,,,,9,BAND,9.0,32.0,47.0,False,0.8757005253940455,2
0.0,,48.0,4,4,0.36,0.36,0.5,0.0,14.0,14.0,14.0,48.0,37.0,0.4302702702702705,0.4418750000000002,,10,BAND,10.0,38.0,58.0,False,0.8636882453151618,2
0.0,,9.0,4,4,0.34125,0.3399999999999999,0.43,0.0,13.0,13.0,13.0,,,,,,11,BAND,9.0,35.0,51.0,False,0.8770050335570468,2
1.0,51.0,265.0,4,4,0.38125,0.365,0.5,0.0,14.0,14.0,14.0,263.0,189.0,0.2396825396825398,0.4050950570342206,,12,BAND,10.0,35.0,58.0,False,0.8608952959028833,2
0.0,,36.0,4,4,0.3075,0.3099999999999999,0.43,0.0,13.0,13.0,13.0,31.0,31.0,0.5312903225806453,0.5312903225806453,,13,BAND,9.0,32.0,59.0,False,0.8953415637860084,2
0.0,,19.0,4,4,0.4137499999999999,0.4099999999999999,0.42,0.0,12.0,12.0,12.0,4.0,4.0,0.54,0.54,,14,BAND,8.0,34.0,50.0,False,0.9243383947939262,2
0.0,,11.0,4,4,0.3174999999999999,0.3099999999999999,0.4199999999999999,0.0,12.0,12.0,12.0,1.0,1.0,0.55,0.55,,15,BAND,8.0,39.0,61.0,False,0.8939298892988929,2
0.0,,12.0,4,4,0.43625,0.5,0.5,0.0,14.0,14.0,14.0,1.0,1.0,0.5300000000000001,0.5300000000000001,,16,BAND,10.0,38.0,51.0,False,0.8695717505634861,2
0.0,,20.0,4,4,0.4287499999999999,0.4600000000000001,0.5,0.0,14.0,14.0,14.0,3.0,3.0,0.6200000000000001,0.6200000000000001,,17,BAND,10.0,51.0,61.0,False,0.8455121591746501,2
0.0,,11.0,4,4,0.3475,0.37,0.44,0.0,14.0,14.0,14.0,1.0,1.0,0.5400000000000001,0.5400000000000001,,18,BAND,10.0,48.0,68.0,False,0.8726501766784454,2
0.0,,13.0,4,4,0.3887499999999999,0.4099999999999999,0.43,0.0,13.0,13.0,13.0,,,,,,19,BAND,9.0,53.0,67.0,False,0.8878159931212382,2
0.0,,8.0,4,4,0.355,0.3549999999999999,0.5,0.0,14.0,14.0,14.0,,,,,,20,BAND,10.0,27.0,36.0,False,0.9181727062451812,2
0.0,,29.0,4,4,0.31625,0.3299999999999999,0.4299999999999999,0.0,13.0,13.0,13.0,29.0,23.0,0.7426086956521741,0.7544827586206899,,21,BAND,9.0,47.0,65.0,False,0.7903581526861452,2
0.0,,20.0,4,4,0.38875,0.425,0.5,0.0,14.0,14.0,14.0,5.0,5.0,0.4660000000000001,0.4660000000000001,,22,BAND,10.0,54.0,71.0,False,0.8762004662004662,2
0.0,,13.0,4,4,0.3524999999999999,0.3999999999999999,0.4199999999999999,0.0,14.0,14.0,14.0,,,,,,23,BAND,10.0,41.0,56.0,False,0.8973010130246022,2
1.0,59.0,171.0,4,4,0.31625,0.3400000000000001,0.43,0.0,12.0,12.0,12.0,170.0,151.0,0.1674172185430464,0.2052352941176472,0.5733333333333337,24,BAND,8.0,43.0,56.0,False,0.9025229357798163,2
0.0,,10.0,4,4,0.3424999999999999,0.3349999999999999,0.4399999999999999,0.0,12.0,12.0,12.0,,,,,,25,BAND,8.0,37.0,43.0,False,0.905722273998136,2
0.0,,12.0,4,4,0.4237499999999999,0.425,0.5,0.0,14.0,14.0,14.0,2.0,2.0,0.5600000000000002,0.5600000000000002,,26,BAND,10.0,48.0,69.0,False,0.8147619047619048,2
0.0,,13.0,4,4,0.3299999999999999,0.3099999999999999,0.45,0.0,14.0,14.0,14.0,4.0,4.0,0.6400000000000001,0.6400000000000001,,27,BAND,10.0,42.0,61.0,False,0.806771714066103,2
0.0,,8.0,4,4,0.3212499999999999,0.3299999999999999,0.4099999999999999,0.0,13.0,13.0,13.0,,,,,,28,BAND,9.0,33.0,51.0,False,0.8423351648351649,2
1.0,131.0,173.0,4,4,0.4374999999999999,0.425,0.5,0.0,14.0,14.0,14.0,173.0,125.0,0.4012000000000001,0.4961271676300579,1.0,29,BAND,10.0,37.0,49.0,False,0.796914979757085,2
0.0,,8.0,4,4,0.31875,0.3199999999999999,0.42,0.0,13.0,13.0,13.0,,,,,,30,BAND,9.0,33.0,45.0,False,0.8716341030195383,2
1.0,109.0,215.0,4,4,0.30625,0.3199999999999999,0.42,0.0,14.0,14.0,14.0,215.0,146.0,0.2375342465753425,0.4058604651162792,0.6616666666666666,31,BAND,10.0,32.0,50.0,False,0.8501025290498974,2
0.0,,8.0,4,4,0.41,0.41,0.5,0.0,14.0,14.0,14.0,,,,,,32,BAND,10.0,36.0,46.0,False,0.8245878434637802,2
0.0,,8.0,4,4,0.39,0.435,0.5,0.0,14.0,14.0,14.0,,,,,,33,BAND,10.0,39.0,54.0,False,0.9102106084243368,2
0.0,,25.0,4,4,0.3324999999999999,0.3249999999999999,0.41,0.0,14.0,14.0,14.0,25.0,20.0,0.6730000000000003,0.6664000000000003,,34,BAND,10.0,40.0,67.0,False,0.8119324026451139,2
0.0,,11.0,4,4,0.39875,0.42,0.5,0.0,14.0,14.0,14.0,,,,,,35,BAND,10.0,32.0,50.0,False,0.8297875569044005,2
1.0,142.0,100.0,4,4,0.2987499999999999,0.2749999999999999,0.43,0.0,13.0,13.0,13.0,100.0,78.0,0.703589743589744,0.7267999999999999,,36,BAND,9.0,34.0,39.0,False,0.9107407407407409,2
0.0,,19.0,4,4,0.3637499999999999,0.4149999999999999,0.44,0.0,12.0,12.0,12.0,15.0,15.0,0.654,0.654,,37,BAND,8.0,40.0,54.0,False,0.8771836734693877,2
0.0,,8.0,4,4,0.3399999999999999,0.3149999999999999,0.44,0.0,12.0,12.0,12.0,,,,,,38,BAND,8.0,43.0,58.0,False,0.9101358695652172,2
0.0,,24.0,4,4,0.3625,0.4299999999999999,0.43,0.0,13.0,13.0,13.0,3.0,3.0,0.7900000000000004,0.7900000000000004,,39,BAND,9.0,34.0,46.0,False,0.9357080035180296,2
0.0,,31.0,4,4,0.3374999999999999,0.3350000000000001,0.44,0.0,13.0,13.0,13.0,31.0,27.0,0.6300000000000002,0.6454838709677421,,40,BAND,9.0,34.0,57.0,False,0.8777162629757786,2
0.0,,8.0,4,4,0.3037499999999999,0.3199999999999999,0.4099999999999999,0.0,12.0,12.0,12.0,,,,,,41,BAND,8.0,40.0,54.0,False,0.9227336683417084,2
0.0,,10.0,4,4,0.3724999999999999,0.4149999999999999,0.44,0.0,13.0,13.0,13.0,2.0,2.0,0.54,0.54,,42,BAND,9.0,40.0,53.0,False,0.9089635157545606,2
0.0,,17.0,4,4,0.37875,0.355,0.5,0.0,14.0,14.0,14.0,17.0,12.0,0.5700000000000002,0.5905882352941179,,43,BAND,10.0,40.0,58.0,False,0.894646840148699,2
0.0,,8.0,4,4,0.4075,0.4149999999999999,0.43,0.0,13.0,13.0,13.0,,,,,,44,BAND,9.0,35.0,51.0,False,0.9171812662619254,2
0.0,,8.0,4,4,0.41625,0.4999999999999999,0.5,0.0,15.0,15.0,15.0,,,,,,45,BAND,11.0,42.0,65.0,False,0.7525890162945081,2
0.0,,8.0,4,4,0.3212499999999999,0.3199999999999999,0.43,0.0,12.0,12.0,12.0,,,,,,46,BAND,8.0,37.0,52.0,False,0.9050523311132256,2
0.0,,28.0,4,4,0.3525,0.4049999999999999,0.42,0.0,14.0,14.0,14.0,6.0,6.0,0.7066666666666669,0.7066666666666669,,47,BAND,10.0,45.0,62.0,False,0.88339837398374,2
0.0,,8.0,4,4,0.3475,0.4099999999999999,0.44,0.0,12.0,12.0,12.0,,,,,,48,BAND,8.0,41.0,59.0,False,0.8841531823085221,2
0.0,,12.0,4,4,0.3562499999999999,0.3149999999999999,0.5,0.0,15.0,15.0,15.0,1.0,1.0,0.5400000000000001,0.5400000000000001,,49,BAND,11.0,34.0,61.0,False,0.8056919223544146,2
0.0,,27.0,4,4,0.3275,0.3199999999999999,0.45,0.0,12.0,12.0,12.0,27.0,22.0,0.6000000000000001,0.6055555555555557,,50,BAND,8.0,43.0,68.0,False,0.8867424242424241,2
0.0,,9.0,4,4,0.29625,0.24,0.4399999999999999,0.0,13.0,13.0,13.0,,,,,,51,BAND,9.0,38.0,54.0,False,0.8797735191637631,2
0.0,,8.0,4,4,0.35,0.33,0.4299999999999999,0.0,12.0,12.0,12.0,,,,,,52,BAND,8.0,38.0,46.0,False,0.8765359477124183,2
0.0,,8.0,4,4,0.3775,0.4099999999999999,0.5,0.0,14.0,14.0,14.0,,,,,,53,BAND,10.0,36.0,62.0,False,0.8337645107794361,2
1.0,118.0,319.0,4,4,0.44875,0.475,0.5,0.0,15.0,15.0,15.0,319.0,186.0,0.3719354838709679,0.4642946708463953,0.5636363636363639,54,BAND,11.0,28.0,38.0,False,0.7721237244897959,2
1.0,131.0,174.0,4,4,0.37875,0.4049999999999999,0.43,0.0,14.0,14.0,14.0,174.0,114.0,0.3650877192982458,0.4593678160919544,,55,BAND,10.0,34.0,55.0,False,0.8661435331230284,2
0.0,,11.0,4,4,0.38,0.4099999999999999,0.42,0.0,12.0,12.0,12.0,,,,,,56,BAND,8.0,37.0,66.0,False,0.9305793991416308,2
0.0,,24.0,4,4,0.4024999999999999,0.42,0.5,0.0,14.0,14.0,14.0,4.0,4.0,0.6150000000000002,0.6150000000000002,,57,BAND,10.0,37.0,56.0,False,0.8445972222222224,2
0.0,,8.0,4,4,0.2937499999999999,0.2299999999999999,0.43,0.0,12.0,12.0,12.0,,,,,,58,BAND,8.0,37.0,71.0,False,0.8772105263157896,2
0.0,,10.0,4,4,0.39375,0.3999999999999999,0.5,0.0,14.0,14.0,14.0,,,,,,59,BAND,10.0,40.0,76.0,False,0.8354154078549848,2
0.0,,14.0,4,4,0.3999999999999999,0.4199999999999999,0.4199999999999999,0.0,12.0,12.0,12.0,6.0,6.0,0.5499999999999999,0.5499999999999999,,0,BAND_MIX_F,8.0,35.0,46.0,False,0.9666467661691542,2
0.0,,12.0,4,4,0.2925,0.3149999999999999,0.3199999999999999,0.0,12.0,12.0,12.0,,,,,,1,BAND_MIX_F,8.0,36.0,52.0,False,0.9103696498054474,2
0.0,,8.0,4,4,0.4275,0.4049999999999999,0.4999999999999999,0.0,15.0,15.0,15.0,,,,,,2,BAND_MIX_F,11.0,45.0,61.0,False,0.8637737226277373,2
0.0,,8.0,4,4,0.3174999999999999,0.3199999999999999,0.3999999999999999,0.0,14.0,14.0,14.0,,,,,,3,BAND_MIX_F,10.0,34.0,57.0,False,0.8886603910209993,2
0.0,,17.0,4,4,0.395,0.4199999999999999,0.42,0.0,13.0,13.0,13.0,,,,,,4,BAND_MIX_F,9.0,41.0,74.0,False,0.8764767747589833,2
0.0,,9.0,4,4,0.3349999999999999,0.315,0.41,0.0,14.0,14.0,14.0,,,,,,5,BAND_MIX_F,10.0,31.0,45.0,False,0.9099692307692308,2
0.0,,22.0,4,4,0.3349999999999999,0.3549999999999999,0.3999999999999999,0.0,14.0,14.0,14.0,21.0,21.0,0.5971428571428571,0.5971428571428571,,6,BAND_MIX_F,10.0,41.0,59.0,False,0.8316863905325445,2
1.0,142.0,120.0,4,4,0.3274999999999999,0.3349999999999999,0.42,0.0,12.0,12.0,12.0,120.0,54.0,0.4487037037037037,0.5090833333333336,0.762,7,BAND_MIX_F,8.0,31.0,44.0,False,0.8905747126436782,2
0.0,,15.0,4,4,0.3425,0.3199999999999999,0.5,0.0,14.0,14.0,14.0,4.0,4.0,0.5100000000000001,0.5100000000000001,,8,BAND_MIX_F,10.0,34.0,52.0,False,0.8467245657568239,2
0.0,,8.0,4,4,0.3624999999999999,0.4099999999999999,0.4099999999999999,0.0,13.0,13.0,13.0,,,,,,9,BAND_MIX_F,9.0,32.0,47.0,False,0.8757005253940455,2
0.0,,8.0,4,4,0.385,0.3649999999999999,0.5,0.0,14.0,14.0,14.0,,,,,,10,BAND_MIX_F,10.0,38.0,58.0,False,0.8636882453151618,2
0.0,,8.0,4,4,0.3149999999999999,0.3149999999999999,0.3199999999999999,0.0,13.0,13.0,13.0,,,,,,11,BAND_MIX_F,9.0,35.0,51.0,False,0.8770050335570468,2
0.0,,13.0,4,4,0.4375,0.425,0.5,0.0,14.0,14.0,14.0,,,,,,12,BAND_MIX_F,10.0,35.0,58.0,False,0.8608952959028833,2
0.0,,8.0,4,4,0.3199999999999999,0.3149999999999999,0.43,0.0,13.0,13.0,13.0,,,,,,13,BAND_MIX_F,9.0,32.0,59.0,False,0.8953415637860084,2
1.0,100.0,93.0,4,4,0.4149999999999999,0.415,0.42,0.0,12.0,12.0,12.0,93.0,77.0,0.3257142857142858,0.4107526881720432,,14,BAND_MIX_F,8.0,34.0,50.0,False,0.9243383947939262,2
0.0,,8.0,4,4,0.2875,0.3099999999999999,0.3099999999999999,0.0,12.0,12.0,12.0,,,,,,15,BAND_MIX_F,8.0,39.0,61.0,False,0.8939298892988929,2
1.0,49.0,193.0,4,4,0.3875,0.415,0.5,0.0,14.0,14.0,14.0,186.0,136.0,0.1278676470588235,0.2241397849462366,0.4300000000000002,16,BAND_MIX_F,10.0,38.0,51.0,False,0.8695717505634861,2
0.0,,20.0,4,4,0.3175,0.3199999999999999,0.33,0.0,14.0,14.0,14.0,5.0,5.0,0.6020000000000001,0.6020000000000001,,17,BAND_MIX_F,10.0,51.0,61.0,False,0.8455121591746501,2
0.0,,8.0,4,4,0.2599999999999999,0.2649999999999999,0.2999999999999999,0.0,14.0,14.0,14.0,,,,,,18,BAND_MIX_F,10.0,48.0,68.0,False,0.8726501766784454,2
0.0,,8.0,4,4,0.3624999999999999,0.365,0.4099999999999999,0.0,13.0,13.0,13.0,,,,,,19,BAND_MIX_F,9.0,53.0,67.0,False,0.8878159931212382,2
0.0,,8.0,4,4,0.355,0.3549999999999999,0.5,0.0,14.0,14.0,14.0,,,,,,20,BAND_MIX_F,10.0,27.0,36.0,False,0.9181727062451812,2
0.0,,8.0,4,4,0.2975,0.2699999999999999,0.4299999999999999,0.0,13.0,13.0,13.0,,,,,,21,BAND_MIX_F,9.0,47.0,65.0,False,0.7903581526861452,2
0.0,,14.0,4,4,0.3675,0.37,0.5,0.0,14.0,14.0,14.0,,,,,,22,BAND_MIX_F,10.0,54.0,71.0,False,0.8762004662004662,2
0.0,,15.0,4,4,0.3399999999999999,0.3649999999999999,0.42,0.0,14.0,14.0,14.0,10.0,10.0,0.6240000000000002,0.6240000000000002,,23,BAND_MIX_F,10.0,41.0,56.0,False,0.8973010130246022,2
0.0,,22.0,4,4,0.36,0.3400000000000001,0.4199999999999999,0.0,12.0,12.0,12.0,2.0,2.0,0.4700000000000002,0.4700000000000002,,24,BAND_MIX_F,8.0,43.0,56.0,False,0.9025229357798163,2
0.0,,8.0,4,4,0.395,0.415,0.43,0.0,12.0,12.0,12.0,,,,,,25,BAND_MIX_F,8.0,37.0,43.0,False,0.905722273998136,2
0.0,,11.0,4,4,0.325,0.32,0.41,0.0,14.0,14.0,14.0,,,,,,26,BAND_MIX_F,10.0,48.0,69.0,False,0.8147619047619048,2
0.0,,9.0,4,4,0.3424999999999999,0.3549999999999999,0.4299999999999999,0.0,14.0,14.0,14.0,,,,,,27,BAND_MIX_F,10.0,42.0,61.0,False,0.806771714066103,2
0.0,,11.0,4,4,0.3424999999999999,0.3699999999999999,0.4099999999999999,0.0,13.0,13.0,13.0,1.0,1.0,0.53,0.53,,28,BAND_MIX_F,9.0,33.0,51.0,False,0.8423351648351649,2
0.0,,8.0,4,4,0.4574999999999999,0.4599999999999999,0.5,0.0,14.0,14.0,14.0,,,,,,29,BAND_MIX_F,10.0,37.0,49.0,False,0.796914979757085,2
0.0,,8.0,4,4,0.2925,0.2699999999999999,0.4099999999999999,0.0,13.0,13.0,13.0,,,,,,30,BAND_MIX_F,9.0,33.0,45.0,False,0.8716341030195383,2
0.0,,9.0,4,4,0.295,0.23,0.5,0.0,14.0,14.0,14.0,,,,,,31,BAND_MIX_F,10.0,32.0,50.0,False,0.8501025290498974,2
0.0,,19.0,4,4,0.385,0.36,0.5,0.0,14.0,14.0,14.0,3.0,3.0,0.4666666666666668,0.4666666666666668,,32,BAND_MIX_F,10.0,36.0,46.0,False,0.8245878434637802,2
0.0,,14.0,4,4,0.3375,0.32,0.5,0.0,14.0,14.0,14.0,,,,,,33,BAND_MIX_F,10.0,39.0,54.0,False,0.9102106084243368,2
0.0,,9.0,4,4,0.3399999999999999,0.3199999999999999,0.5,0.0,14.0,14.0,14.0,,,,,,34,BAND_MIX_F,10.0,40.0,67.0,False,0.8119324026451139,2
0.0,,8.0,4,4,0.3275,0.3199999999999999,0.44,0.0,14.0,14.0,14.0,,,,,,35,BAND_MIX_F,10.0,32.0,50.0,False,0.8297875569044005,2
0.0,,10.0,4,4,0.295,0.2649999999999999,0.43,0.0,13.0,13.0,13.0,,,,,,36,BAND_MIX_F,9.0,34.0,39.0,False,0.9107407407407409,2
0.0,,10.0,4,4,0.2524999999999999,0.2349999999999999,0.3199999999999999,0.0,12.0,12.0,12.0,,,,,,37,BAND_MIX_F,8.0,40.0,54.0,False,0.8771836734693877,2
0.0,,8.0,4,4,0.3699999999999999,0.3699999999999999,0.4299999999999999,0.0,12.0,12.0,12.0,,,,,,38,BAND_MIX_F,8.0,43.0,58.0,False,0.9101358695652172,2
1.0,67.0,246.0,4,4,0.3774999999999999,0.4299999999999999,0.43,0.0,13.0,13.0,13.0,246.0,191.0,0.2578534031413614,0.396178861788618,0.7663636363636367,39,BAND_MIX_F,9.0,34.0,46.0,False,0.9357080035180296,2
0.0,,9.0,4,4,0.3249999999999999,0.32,0.4199999999999999,0.0,13.0,13.0,13.0,,,,,,40,BAND_MIX_F,9.0,34.0,57.0,False,0.8777162629757786,2
0.0,,9.0,4,4,0.3049999999999999,0.3199999999999999,0.3399999999999999,0.0,12.0,12.0,12.0,1.0,1.0,0.45,0.45,,41,BAND_MIX_F,8.0,40.0,54.0,False,0.9227336683417084,2
0.0,,29.0,4,4,0.3249999999999999,0.3299999999999999,0.4099999999999999,0.0,13.0,13.0,13.0,19.0,19.0,0.616842105263158,0.616842105263158,,42,BAND_MIX_F,9.0,40.0,53.0,False,0.9089635157545606,2
0.0,,27.0,4,4,0.4399999999999999,0.46,0.5,0.0,14.0,14.0,14.0,11.0,11.0,0.7945454545454548,0.7945454545454548,,43,BAND_MIX_F,10.0,40.0,58.0,False,0.894646840148699,2
1.0,65.0,211.0,4,4,0.3924999999999999,0.4099999999999999,0.43,0.0,13.0,13.0,13.0,210.0,199.0,0.1538693467336684,0.1822857142857143,,44,BAND_MIX_F,9.0,35.0,51.0,False,0.9171812662619254,2
0.0,,10.0,4,4,0.4575,0.4649999999999999,0.5,0.0,15.0,15.0,15.0,,,,,,45,BAND_MIX_F,11.0,42.0,65.0,False,0.7525890162945081,2
0.0,,12.0,4,4,0.3249999999999999,0.3199999999999999,0.43,0.0,12.0,12.0,12.0,,,,,,46,BAND_MIX_F,8.0,37.0,52.0,False,0.9050523311132256,2
1.0,129.0,246.0,4,4,0.41,0.41,0.42,0.0,14.0,14.0,14.0,246.0,136.0,0.4397058823529413,0.5056910569105693,0.4500000000000001,47,BAND_MIX_F,10.0,45.0,62.0,False,0.88339837398374,2
0.0,,8.0,4,4,0.2949999999999999,0.2749999999999999,0.4099999999999999,0.0,12.0,12.0,12.0,,,,,,48,BAND_MIX_F,8.0,41.0,59.0,False,0.8841531823085221,2
0.0,,8.0,4,4,0.475,0.5,0.5,0.0,15.0,15.0,15.0,,,,,,49,BAND_MIX_F,11.0,34.0,61.0,False,0.8056919223544146,2
0.0,,8.0,4,4,0.3249999999999999,0.3199999999999999,0.3400000000000001,0.0,12.0,12.0,12.0,,,,,,50,BAND_MIX_F,8.0,43.0,68.0,False,0.8867424242424241,2
0.0,,8.0,4,4,0.3125,0.285,0.4399999999999999,0.0,13.0,13.0,13.0,,,,,,51,BAND_MIX_F,9.0,38.0,54.0,False,0.8797735191637631,2
0.0,,10.0,4,4,0.3224999999999999,0.3199999999999999,0.33,0.0,12.0,12.0,12.0,,,,,,52,BAND_MIX_F,8.0,38.0,46.0,False,0.8765359477124183,2
0.0,,11.0,4,4,0.3824999999999999,0.4099999999999999,0.5,0.0,14.0,14.0,14.0,,,,,,53,BAND_MIX_F,10.0,36.0,62.0,False,0.8337645107794361,2
0.0,,14.0,4,4,0.4549999999999999,0.4549999999999999,0.5,0.0,15.0,15.0,15.0,,,,,,54,BAND_MIX_F,11.0,28.0,38.0,False,0.7721237244897959,2
0.0,,8.0,4,4,0.3725,0.37,0.42,0.0,14.0,14.0,14.0,,,,,,55,BAND_MIX_F,10.0,34.0,55.0,False,0.8661435331230284,2
0.0,,30.0,4,4,0.37,0.37,0.42,0.0,12.0,12.0,12.0,7.0,7.0,0.552857142857143,0.552857142857143,,56,BAND_MIX_F,8.0,37.0,66.0,False,0.9305793991416308,2
0.0,,12.0,4,4,0.3974999999999999,0.43,0.5,0.0,14.0,14.0,14.0,,,,,,57,BAND_MIX_F,10.0,37.0,56.0,False,0.8445972222222224,2
0.0,,18.0,4,4,0.3149999999999999,0.3149999999999999,0.4199999999999999,0.0,12.0,12.0,12.0,4.0,4.0,0.5350000000000003,0.5350000000000003,,58,BAND_MIX_F,8.0,37.0,71.0,False,0.8772105263157896,2
1.0,66.0,294.0,4,4,0.4025000000000001,0.41,0.4499999999999999,0.0,14.0,14.0,14.0,294.0,205.0,0.3218048780487808,0.3902721088435377,0.5366666666666672,59,BAND_MIX_F,10.0,40.0,76.0,False,0.8354154078549848,2
1.0,37.0,96.0,4,4,0.3524999999999999,0.3749999999999999,0.4199999999999999,0.0,12.0,12.0,12.0,88.0,88.0,0.1213636363636363,0.1213636363636363,,0,BAND_MIX_M,8.0,35.0,46.0,False,0.9666467661691542,2
0.0,,8.0,4,4,0.2724999999999999,0.2749999999999999,0.32,0.0,12.0,12.0,12.0,,,,,,1,BAND_MIX_M,8.0,36.0,52.0,False,0.9103696498054474,2
1.0,73.0,262.0,4,4,0.4375,0.47,0.5,0.0,15.0,15.0,15.0,262.0,221.0,0.113076923076923,0.1329007633587786,,2,BAND_MIX_M,11.0,45.0,61.0,False,0.8637737226277373,2
0.0,,14.0,4,4,0.3575,0.36,0.5,0.0,14.0,14.0,14.0,,,,,,3,BAND_MIX_M,10.0,34.0,57.0,False,0.8886603910209993,2
1.0,37.0,222.0,4,4,0.2724999999999999,0.2749999999999999,0.3299999999999999,0.0,13.0,13.0,13.0,214.0,171.0,0.1326315789473684,0.1847663551401869,,4,BAND_MIX_M,9.0,41.0,74.0,False,0.8764767747589833,2
1.0,48.0,229.0,4,4,0.3349999999999999,0.3199999999999999,0.3999999999999999,0.0,14.0,14.0,14.0,223.0,215.0,0.1364186046511628,0.1673991031390134,,5,BAND_MIX_M,10.0,31.0,45.0,False,0.9099692307692308,2
1.0,18.0,87.0,4,4,0.29,0.27,0.3999999999999999,0.0,14.0,14.0,14.0,79.0,79.0,0.0944303797468354,0.0944303797468354,,6,BAND_MIX_M,10.0,41.0,59.0,False,0.8316863905325445,2
1.0,77.0,114.0,4,4,0.3999999999999999,0.4199999999999999,0.42,0.0,12.0,12.0,12.0,106.0,106.0,0.1347169811320754,0.1347169811320754,,7,BAND_MIX_M,8.0,31.0,44.0,False,0.8905747126436782,2
0.0,,8.0,4,4,0.3824999999999999,0.4049999999999999,0.41,0.0,14.0,14.0,14.0,,,,,,8,BAND_MIX_M,10.0,34.0,52.0,False,0.8467245657568239,2
1.0,34.0,404.0,4,4,0.2674999999999999,0.2649999999999999,0.32,0.0,13.0,13.0,13.0,396.0,228.0,0.2224122807017544,0.3521212121212121,0.2950000000000001,9,BAND_MIX_M,9.0,32.0,47.0,False,0.8757005253940455,2
1.0,37.0,412.0,4,4,0.315,0.275,0.5,0.0,14.0,14.0,14.0,405.0,341.0,0.1000586510263929,0.1968888888888889,,10,BAND_MIX_M,10.0,38.0,58.0,False,0.8636882453151618,2
1.0,58.0,367.0,4,4,0.3424999999999999,0.3649999999999999,0.4099999999999999,0.0,13.0,13.0,13.0,363.0,290.0,0.1046551724137931,0.1761157024793388,1.0,11,BAND_MIX_M,9.0,35.0,51.0,False,0.8770050335570468,2
0.0,,8.0,4,4,0.3475,0.325,0.42,0.0,14.0,14.0,14.0,,,,,,12,BAND_MIX_M,10.0,35.0,58.0,False,0.8608952959028833,2
1.0,43.0,267.0,4,4,0.2975,0.2699999999999999,0.43,0.0,13.0,13.0,13.0,259.0,256.0,0.1591015625,0.1589575289575289,,13,BAND_MIX_M,9.0,32.0,59.0,False,0.8953415637860084,2
1.0,34.0,332.0,4,4,0.395,0.4099999999999999,0.42,0.0,12.0,12.0,12.0,324.0,248.0,0.1625,0.3238580246913581,,14,BAND_MIX_M,8.0,34.0,50.0,False,0.9243383947939262,2
0.0,,8.0,4,4,0.2749999999999999,0.2749999999999999,0.3099999999999999,0.0,12.0,12.0,12.0,,,,,,15,BAND_MIX_M,8.0,39.0,61.0,False,0.8939298892988929,2
1.0,27.0,424.0,4,4,0.4775,0.5,0.5,0.0,14.0,14.0,14.0,416.0,145.0,0.3233793103448276,0.4389663461538461,0.3792307692307692,16,BAND_MIX_M,10.0,38.0,51.0,False,0.8695717505634861,2
0.0,,8.0,4,4,0.36,0.3499999999999999,0.5,0.0,14.0,14.0,14.0,,,,,,17,BAND_MIX_M,10.0,51.0,61.0,False,0.8455121591746501,2
1.0,44.0,393.0,4,4,0.42,0.425,0.5,0.0,14.0,14.0,14.0,385.0,258.0,0.1826744186046511,0.2724935064935065,0.654,18,BAND_MIX_M,10.0,48.0,68.0,False,0.8726501766784454,2
1.0,40.0,178.0,4,4,0.4149999999999999,0.4099999999999999,0.43,0.0,13.0,13.0,13.0,170.0,150.0,0.1884,0.2569411764705882,0.2375,19,BAND_MIX_M,9.0,53.0,67.0,False,0.8878159931212382,2
0.0,,8.0,4,4,0.3324999999999999,0.31,0.3999999999999999,0.0,14.0,14.0,14.0,,,,,,20,BAND_MIX_M,10.0,27.0,36.0,False,0.9181727062451812,2
1.0,45.0,350.0,4,4,0.3525,0.38,0.4299999999999999,0.0,13.0,13.0,13.0,342.0,302.0,0.0984768211920529,0.1130409356725146,,21,BAND_MIX_M,9.0,47.0,65.0,False,0.7903581526861452,2
1.0,31.0,292.0,4,4,0.4125,0.46,0.5,0.0,14.0,14.0,14.0,284.0,196.0,0.1567857142857143,0.2439436619718309,0.295,22,BAND_MIX_M,10.0,54.0,71.0,False,0.8762004662004662,2
0.0,,8.0,4,4,0.3149999999999999,0.3149999999999999,0.4199999999999999,0.0,14.0,14.0,14.0,,,,,,23,BAND_MIX_M,10.0,41.0,56.0,False,0.8973010130246022,2
0.0,,8.0,4,4,0.2199999999999999,0.2199999999999999,0.2199999999999999,0.0,12.0,12.0,12.0,,,,,,24,BAND_MIX_M,8.0,43.0,56.0,False,0.9025229357798163,2
1.0,35.0,359.0,4,4,0.3724999999999999,0.415,0.4399999999999999,0.0,12.0,12.0,12.0,352.0,295.0,0.1304406779661017,0.2261079545454545,0.22,25,BAND_MIX_M,8.0,37.0,43.0,False,0.905722273998136,2
0.0,,76.0,4,4,0.4275,0.4549999999999999,0.5,0.0,14.0,14.0,14.0,10.0,10.0,0.5510000000000003,0.5510000000000003,,26,BAND_MIX_M,10.0,48.0,69.0,False,0.8147619047619048,2
0.0,,8.0,4,4,0.3175,0.3049999999999999,0.45,0.0,14.0,14.0,14.0,,,,,,27,BAND_MIX_M,10.0,42.0,61.0,False,0.806771714066103,2
1.0,131.0,177.0,4,4,0.2975,0.3249999999999999,0.3299999999999999,0.0,13.0,13.0,13.0,177.0,127.0,0.2376377952755905,0.2940677966101694,,28,BAND_MIX_M,9.0,33.0,51.0,False,0.8423351648351649,2
1.0,34.0,150.0,4,4,0.3774999999999999,0.425,0.4299999999999999,0.0,14.0,14.0,14.0,143.0,106.0,0.2544339622641509,0.4473426573426574,1.0,29,BAND_MIX_M,10.0,37.0,49.0,False,0.796914979757085,2
1.0,60.0,317.0,4,4,0.37,0.3699999999999999,0.42,0.0,13.0,13.0,13.0,314.0,273.0,0.1297435897435897,0.1856369426751592,0.02,30,BAND_MIX_M,9.0,33.0,45.0,False,0.8716341030195383,2
1.0,24.0,148.0,4,4,0.385,0.37,0.5,0.0,14.0,14.0,14.0,140.0,140.0,0.1510714285714285,0.1510714285714285,,31,BAND_MIX_M,10.0,32.0,50.0,False,0.8501025290498974,2
1.0,20.0,142.0,4,4,0.39,0.41,0.4199999999999999,0.0,14.0,14.0,14.0,134.0,134.0,0.0671641791044776,0.0671641791044776,,32,BAND_MIX_M,10.0,36.0,46.0,False,0.8245878434637802,2
1.0,127.0,264.0,4,4,0.3875,0.415,0.5,0.0,14.0,14.0,14.0,264.0,168.0,0.186547619047619,0.2098484848484848,0.1238461538461538,33,BAND_MIX_M,10.0,39.0,54.0,False,0.9102106084243368,2
1.0,59.0,403.0,4,4,0.3475,0.36,0.4199999999999999,0.0,14.0,14.0,14.0,401.0,317.0,0.1231230283911671,0.2350872817955112,,34,BAND_MIX_M,10.0,40.0,67.0,False,0.8119324026451139,2
0.0,,8.0,4,4,0.2925,0.275,0.41,0.0,14.0,14.0,14.0,,,,,,35,BAND_MIX_M,10.0,32.0,50.0,False,0.8297875569044005,2
0.0,,8.0,4,4,0.2299999999999999,0.2299999999999999,0.24,0.0,13.0,13.0,13.0,,,,,,36,BAND_MIX_M,9.0,34.0,39.0,False,0.9107407407407409,2
1.0,143.0,124.0,4,4,0.3174999999999999,0.3149999999999999,0.43,0.0,12.0,12.0,12.0,124.0,75.0,0.1472,0.2744354838709678,0.4000000000000001,37,BAND_MIX_M,8.0,40.0,54.0,False,0.8771836734693877,2
1.0,91.0,196.0,4,4,0.3549999999999999,0.3699999999999999,0.44,0.0,12.0,12.0,12.0,196.0,196.0,0.1447959183673469,0.1447959183673469,,38,BAND_MIX_M,8.0,43.0,58.0,False,0.9101358695652172,2
1.0,56.0,176.0,4,4,0.3475,0.3699999999999999,0.43,0.0,13.0,13.0,13.0,173.0,156.0,0.097051282051282,0.1172254335260116,,39,BAND_MIX_M,9.0,34.0,46.0,False,0.9357080035180296,2
1.0,47.0,227.0,4,4,0.3475,0.3649999999999999,0.44,0.0,13.0,13.0,13.0,219.0,213.0,0.0566197183098591,0.0824657534246575,,40,BAND_MIX_M,9.0,34.0,57.0,False,0.8777162629757786,2
1.0,49.0,338.0,4,4,0.345,0.3649999999999999,0.4099999999999999,0.0,12.0,12.0,12.0,331.0,262.0,0.1990076335877862,0.3360422960725076,,41,BAND_MIX_M,8.0,40.0,54.0,False,0.9227336683417084,2
0.0,,8.0,4,4,0.3274999999999999,0.3299999999999999,0.4299999999999999,0.0,13.0,13.0,13.0,,,,,,42,BAND_MIX_M,9.0,40.0,53.0,False,0.9089635157545606,2
1.0,25.0,214.0,4,4,0.3875,0.415,0.5,0.0,14.0,14.0,14.0,206.0,180.0,0.1122777777777777,0.2083009708737863,0.9271428571428572,43,BAND_MIX_M,10.0,40.0,58.0,False,0.894646840148699,2
1.0,92.0,397.0,4,4,0.4149999999999999,0.4149999999999999,0.4199999999999999,0.0,13.0,13.0,13.0,397.0,310.0,0.1827741935483871,0.2929471032745592,1.0,44,BAND_MIX_M,9.0,35.0,51.0,False,0.9171812662619254,2
1.0,28.0,252.0,4,4,0.4549999999999999,0.4599999999999999,0.5,0.0,15.0,15.0,15.0,244.0,186.0,0.2105913978494623,0.3151639344262295,0.5075000000000001,45,BAND_MIX_M,11.0,42.0,65.0,False,0.7525890162945081,2
0.0,,8.0,4,4,0.2949999999999999,0.2749999999999999,0.4199999999999999,0.0,12.0,12.0,12.0,,,,,,46,BAND_MIX_M,8.0,37.0,52.0,False,0.9050523311132256,2
0.0,,8.0,4,4,0.345,0.36,0.43,0.0,14.0,14.0,14.0,,,,,,47,BAND_MIX_M,10.0,45.0,62.0,False,0.88339837398374,2
0.0,,63.0,4,4,0.3624999999999999,0.4099999999999999,0.4099999999999999,0.0,12.0,12.0,12.0,59.0,59.0,0.1588135593220339,0.1588135593220339,,48,BAND_MIX_M,8.0,41.0,59.0,False,0.8841531823085221,2
1.0,76.0,201.0,4,4,0.375,0.37,0.5,0.0,15.0,15.0,15.0,201.0,201.0,0.0803482587064676,0.0803482587064676,,49,BAND_MIX_M,11.0,34.0,61.0,False,0.8056919223544146,2
0.0,,22.0,4,4,0.3299999999999999,0.3199999999999999,0.45,0.0,12.0,12.0,12.0,10.0,10.0,1.0,1.0,,50,BAND_MIX_M,8.0,43.0,68.0,False,0.8867424242424241,2
0.0,,8.0,4,4,0.3275,0.325,0.4299999999999999,0.0,13.0,13.0,13.0,,,,,,51,BAND_MIX_M,9.0,38.0,54.0,False,0.8797735191637631,2
0.0,,43.0,4,4,0.3025,0.3249999999999999,0.33,0.0,12.0,12.0,12.0,,,,,,52,BAND_MIX_M,8.0,38.0,46.0,False,0.8765359477124183,2
1.0,22.0,329.0,4,4,0.34,0.365,0.42,0.0,14.0,14.0,14.0,321.0,231.0,0.1492640692640693,0.1909345794392523,0.16,53,BAND_MIX_M,10.0,36.0,62.0,False,0.8337645107794361,2
1.0,58.0,95.0,4,4,0.465,0.475,0.5,0.0,15.0,15.0,15.0,88.0,88.0,0.0880681818181818,0.0880681818181818,,54,BAND_MIX_M,11.0,28.0,38.0,False,0.7721237244897959,2
1.0,48.0,227.0,4,4,0.3924999999999999,0.4049999999999999,0.43,0.0,14.0,14.0,14.0,220.0,198.0,0.1611111111111111,0.2425454545454545,0.9861538461538462,55,BAND_MIX_M,10.0,34.0,55.0,False,0.8661435331230284,2
1.0,81.0,298.0,4,4,0.4,0.42,0.4399999999999999,0.0,12.0,12.0,12.0,298.0,233.0,0.1687553648068669,0.241006711409396,0.6680000000000001,56,BAND_MIX_M,8.0,37.0,66.0,False,0.9305793991416308,2
1.0,58.0,137.0,4,4,0.3924999999999999,0.4099999999999999,0.43,0.0,14.0,14.0,14.0,128.0,128.0,0.120078125,0.120078125,,57,BAND_MIX_M,10.0,37.0,56.0,False,0.8445972222222224,2
1.0,112.0,216.0,4,4,0.3199999999999999,0.3249999999999999,0.4199999999999999,0.0,12.0,12.0,12.0,210.0,183.0,0.1309289617486339,0.2043333333333333,0.7054545454545454,58,BAND_MIX_M,8.0,37.0,71.0,False,0.8772105263157896,2
0.0,,8.0,4,4,0.3574999999999999,0.3999999999999999,0.3999999999999999,0.0,14.0,14.0,14.0,,,,,,59,BAND_MIX_M,10.0,40.0,76.0,False,0.8354154078549848,2
0.0,,8.0,4,4,0.01125,0.0,0.09,0.875,48.5,38.0,65.0,,,,,,0,D,61.0,35.0,46.0,False,0.0082469053195048,2
0.0,,8.0,4,4,0.01,0.0,0.08,0.875,54.0,47.0,67.0,,,,,,1,D,63.0,36.0,52.0,False,0.0041586538461538,2
0.0,,8.0,4,4,0.0,0.0,0.0,1.0,67.5,47.0,77.0,,,,,,2,D,79.0,45.0,61.0,False,0.0017257525083612,2
0.0,,8.0,4,4,0.0,0.0,0.0,1.0,45.5,32.0,57.0,,,,,,3,D,60.0,34.0,57.0,False,0.0057066029279952,2
0.0,,8.0,4,4,0.0,0.0,0.0,1.0,60.0,52.0,69.0,,,,,,4,D,72.0,41.0,74.0,False,0.0089571518588531,2
0.0,,8.0,4,4,0.0,0.0,0.0,1.0,47.5,37.0,58.0,,,,,,5,D,54.0,31.0,45.0,False,0.0073428484664439,2
0.0,,8.0,4,4,0.00125,0.0,0.01,0.875,56.0,26.0,62.0,,,,,,6,D,72.0,41.0,59.0,False,0.0037841530054644,2
0.0,,8.0,4,4,0.0,0.0,0.0,1.0,51.5,25.0,58.0,,,,,,7,D,54.0,31.0,44.0,False,0.0091468890314304,2
0.0,,8.0,4,4,0.08875,0.0,0.7100000000000002,0.875,61.0,29.0,64.0,,,,,,8,D,60.0,34.0,52.0,False,0.0036545682102628,2
0.0,,8.0,4,4,0.125,0.0,1.0,0.875,50.5,33.0,60.0,,,,,,9,D,56.0,32.0,47.0,False,0.0074391727493917,2
0.0,,8.0,4,4,0.01125,0.0,0.09,0.875,51.0,48.0,64.0,,,,,,10,D,66.0,38.0,58.0,False,0.0058359621451104,2
0.0,,8.0,4,4,0.00125,0.0,0.01,0.875,45.5,40.0,51.0,,,,,,11,D,61.0,35.0,51.0,False,0.0065824468085106,2
0.0,,8.0,4,4,0.00125,0.0,0.01,0.875,48.5,33.0,65.0,,,,,,12,D,61.0,35.0,58.0,False,0.0061301369863013,2
0.0,,8.0,4,4,0.0,0.0,0.0,1.0,43.0,34.0,60.0,,,,,,13,D,56.0,32.0,59.0,False,0.008360975609756,2
0.0,,8.0,4,4,0.0249999999999999,0.0,0.1999999999999999,0.875,42.5,36.0,64.0,,,,,,14,D,60.0,34.0,50.0,False,0.0053378586855908,2
0.0,,8.0,4,4,0.0,0.0,0.0,1.0,56.5,53.0,72.0,,,,,,15,D,68.0,39.0,61.0,False,0.0035250987027636,2
0.0,,8.0,4,4,0.0,0.0,0.0,1.0,54.0,42.0,70.0,,,,,,16,D,66.0,38.0,51.0,False,0.0038815566835871,2
0.0,,8.0,4,4,0.0,0.0,0.0,1.0,74.0,48.0,80.0,,,,,,17,D,89.0,51.0,61.0,False,0.0011478322672352,2
0.0,,8.0,4,4,0.0,0.0,0.0,1.0,72.0,34.0,76.0,,,,,,18,D,84.0,48.0,68.0,False,0.0028873461659829,2
0.0,,8.0,4,4,0.0,0.0,0.0,1.0,74.0,65.0,80.0,,,,,,19,D,93.0,53.0,67.0,False,0.001098344035147,2
0.0,,8.0,4,4,0.0,0.0,0.0,1.0,37.0,25.0,51.0,,,,,,20,D,47.0,27.0,36.0,False,0.0048397075365579,2
0.0,,8.0,4,4,0.0075,0.0,0.06,0.875,70.5,46.0,78.0,,,,,,21,D,82.0,47.0,65.0,False,0.0011372549019607,2
0.0,,8.0,4,4,0.0,0.0,0.0,1.0,76.0,40.0,80.0,,,,,,22,D,94.0,54.0,71.0,False,0.00115,2
0.0,,8.0,4,4,0.0,0.0,0.0,1.0,57.5,48.0,67.0,,,,,,23,D,72.0,41.0,56.0,False,0.0032941943900848,2
0.0,,8.0,4,4,0.0,0.0,0.0,1.0,65.0,35.0,79.0,,,,,,24,D,75.0,43.0,56.0,False,0.0022515212981744,2
0.0,,8.0,4,4,0.0,0.0,0.0,1.0,56.5,38.0,69.0,,,,,,25,D,65.0,37.0,43.0,False,0.0042433434445567,2
0.0,,8.0,4,4,0.0,0.0,0.0,1.0,65.0,46.0,80.0,,,,,,26,D,84.0,48.0,69.0,False,0.0022025153176394,2
0.0,,8.0,4,4,0.0,0.0,0.0,1.0,61.0,47.0,72.0,,,,,,27,D,74.0,42.0,61.0,False,0.0034132104454685,2
0.0,,8.0,4,4,0.0,0.0,0.0,1.0,47.0,32.0,62.0,,,,,,28,D,58.0,33.0,51.0,False,0.0066666666666666,2
0.0,,8.0,4,4,0.0,0.0,0.0,1.0,49.0,39.0,62.0,,,,,,29,D,65.0,37.0,49.0,False,0.0036419753086419,2
0.0,,8.0,4,4,0.0,0.0,0.0,1.0,51.0,30.0,62.0,,,,,,30,D,58.0,33.0,45.0,False,0.0069197324414715,2
0.0,,8.0,4,4,0.0,0.0,0.0,1.0,49.5,41.0,60.0,,,,,,31,D,56.0,32.0,50.0,False,0.0123266619013581,2
0.0,,8.0,4,4,0.0,0.0,0.0,1.0,52.0,47.0,67.0,,,,,,32,D,63.0,36.0,46.0,False,0.0053802639849151,2
0.0,,8.0,4,4,0.0,0.0,0.0,1.0,57.5,29.0,66.0,,,,,,33,D,68.0,39.0,54.0,False,0.0040587449933244,2
0.0,,8.0,4,4,0.0,0.0,0.0,1.0,55.5,51.0,74.0,,,,,,34,D,70.0,40.0,67.0,False,0.0048228571428571,2
0.0,,8.0,4,4,0.0,0.0,0.0,1.0,45.5,30.0,53.0,,,,,,35,D,56.0,32.0,50.0,False,0.0084461592423711,2
0.0,,8.0,4,4,0.00875,0.0,0.07,0.875,45.0,38.0,58.0,,,,,,36,D,60.0,34.0,39.0,False,0.0052167832167832,2
0.0,,8.0,4,4,0.0,0.0,0.0,1.0,62.0,55.0,74.0,,,,,,37,D,70.0,40.0,54.0,False,0.0039460476787954,2
0.0,,8.0,4,4,0.0,0.0,0.0,1.0,60.5,48.0,79.0,,,,,,38,D,75.0,43.0,58.0,False,0.0029894264658763,2
0.0,,8.0,4,4,0.0,0.0,0.0,1.0,50.0,42.0,64.0,,,,,,39,D,60.0,34.0,46.0,False,0.0053483146067415,2
0.0,,8.0,4,4,0.0,0.0,0.0,1.0,46.0,32.0,64.0,,,,,,40,D,60.0,34.0,57.0,False,0.0118132068588106,2
0.0,,8.0,4,4,0.0,0.0,0.0,1.0,62.5,48.0,74.0,,,,,,41,D,70.0,40.0,54.0,False,0.0058995956873315,2
0.0,,8.0,4,4,0.0,0.0,0.0,1.0,62.5,48.0,66.0,,,,,,42,D,70.0,40.0,53.0,False,0.0016956389143031,2
0.0,,8.0,4,4,0.0,0.0,0.0,1.0,59.5,28.0,74.0,,,,,,43,D,70.0,40.0,58.0,False,0.0023777089783281,2
0.0,,8.0,4,4,0.0,0.0,0.0,1.0,45.0,34.0,65.0,,,,,,44,D,61.0,35.0,51.0,False,0.0066351031450794,2
0.0,,8.0,4,4,0.0,0.0,0.0,1.0,62.5,44.0,68.0,,,,,,45,D,74.0,42.0,65.0,False,0.0037986798679867,2
0.0,,8.0,4,4,0.02125,0.0,0.17,0.875,53.0,43.0,69.0,,,,,,46,D,65.0,37.0,52.0,False,0.0049332443257676,2
0.0,,8.0,4,4,0.0,0.0,0.0,1.0,63.0,47.0,77.0,,,,,,47,D,79.0,45.0,62.0,False,0.0031778606965174,2
0.0,,8.0,4,4,0.0,0.0,0.0,1.0,59.0,49.0,76.0,,,,,,48,D,72.0,41.0,59.0,False,0.0026842923794712,2
0.0,,8.0,4,4,0.0,0.0,0.0,1.0,55.5,39.0,64.0,,,,,,49,D,60.0,34.0,61.0,False,0.005337386018237,2
0.0,,8.0,4,4,0.0,0.0,0.0,1.0,68.0,57.0,79.0,,,,,,50,D,75.0,43.0,68.0,False,0.0045418589321028,2
0.0,,8.0,4,4,0.0,0.0,0.0,1.0,49.0,44.0,70.0,,,,,,51,D,66.0,38.0,54.0,False,0.0066554980201035,2
0.0,,8.0,4,4,0.02,0.0,0.1600000000000001,0.875,49.0,32.0,70.0,,,,,,52,D,66.0,38.0,46.0,False,0.0034409296320206,2
0.0,,8.0,4,4,0.0,0.0,0.0,1.0,53.0,39.0,67.0,,,,,,53,D,63.0,36.0,62.0,False,0.0137343852728468,2
0.0,,8.0,4,4,0.0,0.0,0.0,1.0,36.5,27.0,53.0,,,,,,54,D,49.0,28.0,38.0,False,0.0112487170715018,2
0.0,,8.0,4,4,0.0,0.0,0.0,1.0,59.0,33.0,64.0,,,,,,55,D,60.0,34.0,55.0,False,0.0071343990526939,2
0.0,,8.0,4,4,0.0,0.0,0.0,1.0,59.0,46.0,69.0,,,,,,56,D,65.0,37.0,66.0,False,0.0086262087362454,2
0.0,,8.0,4,4,0.0,0.0,0.0,1.0,52.0,29.0,63.0,,,,,,57,D,65.0,37.0,56.0,False,0.0045904702584864,2
0.0,,8.0,4,4,0.0025,0.0,0.02,0.875,52.5,30.0,59.0,,,,,,58,D,65.0,37.0,71.0,False,0.004256,2
0.0,,8.0,4,4,0.0,0.0,0.0,1.0,58.5,54.0,74.0,,,,,,59,D,70.0,40.0,76.0,False,0.0106813509544787,2
0.0,,8.0,4,4,0.0,0.0,0.0,1.0,70.5,54.0,76.0,,,,,,0,Darg,80.0,35.0,46.0,False,0.0022158708809683,2
0.0,,8.0,4,4,0.0,0.0,0.0,1.0,74.0,64.0,80.0,,,,,,1,Darg,91.0,36.0,52.0,False,0.0004279069767441,2
0.0,,8.0,4,4,0.0,0.0,0.0,1.0,70.5,60.0,80.0,,,,,,2,Darg,107.0,45.0,61.0,False,0.0009530261969286,2
0.0,,8.0,4,4,0.0,0.0,0.0,1.0,76.0,67.0,79.0,,,,,,3,Darg,100.0,34.0,57.0,False,0.0004131391804944,2
0.0,,8.0,4,4,0.0,0.0,0.0,1.0,67.0,58.0,77.0,,,,,,4,Darg,130.0,41.0,74.0,False,0.0029493087557603,2
0.0,,8.0,4,4,0.0,0.0,0.0,1.0,68.0,45.0,74.0,,,,,,5,Darg,79.0,31.0,45.0,False,0.001504884004884,2
0.0,,8.0,4,4,0.0,0.0,0.0,1.0,67.5,57.0,78.0,,,,,,6,Darg,103.0,41.0,59.0,False,0.0007705122865472,2
0.0,,8.0,4,4,0.0,0.0,0.0,1.0,67.0,57.0,73.0,,,,,,7,Darg,77.0,31.0,44.0,False,0.0016865143224975,2
0.0,,8.0,4,4,0.0,0.0,0.0,1.0,77.5,71.0,80.0,,,,,,8,Darg,91.0,34.0,52.0,False,0.0003946942736978,2
0.0,,8.0,4,4,0.0,0.0,0.0,1.0,69.5,57.0,76.0,,,,,,9,Darg,82.0,32.0,47.0,False,0.001322849213691,2
0.0,,8.0,4,4,0.0,0.0,0.0,1.0,78.5,58.0,80.0,,,,,,10,Darg,102.0,38.0,58.0,False,0.0006961233847436,2
0.0,,8.0,4,4,0.0,0.0,0.0,1.0,76.5,64.0,80.0,,,,,,11,Darg,89.0,35.0,51.0,False,0.0005643496214728,2
0.0,,8.0,4,4,0.0,0.0,0.0,1.0,76.0,71.0,80.0,,,,,,12,Darg,102.0,35.0,58.0,False,0.0002335928809788,2
0.0,,8.0,4,4,0.0,0.0,0.0,1.0,75.0,67.0,80.0,,,,,,13,Darg,103.0,32.0,59.0,False,0.0006046329014526,2
0.0,,8.0,4,4,0.0,0.0,0.0,1.0,73.5,58.0,79.0,,,,,,14,Darg,88.0,34.0,50.0,False,0.0004791929382093,2
0.0,,8.0,4,4,0.00625,0.0,0.05,0.875,69.5,53.0,77.0,,,,,,15,Darg,107.0,39.0,61.0,False,0.0002183567727609,2
0.0,,8.0,4,4,0.0,0.0,0.0,1.0,75.0,69.0,79.0,,,,,,16,Darg,89.0,38.0,51.0,False,0.0010478519035976,2
0.0,,8.0,4,4,0.0,0.0,0.0,1.0,76.0,61.0,79.0,,,,,,17,Darg,107.0,51.0,61.0,False,0.0006049149338374,2
0.0,,8.0,4,4,0.0,0.0,0.0,1.0,68.5,52.0,79.0,,,,,,18,Darg,119.0,48.0,68.0,False,0.0002063628546861,2
0.0,,8.0,4,4,0.0,0.0,0.0,1.0,76.5,62.0,80.0,,,,,,19,Darg,117.0,53.0,67.0,False,0.0007703383729301,2
0.0,,8.0,4,4,0.0,0.0,0.0,1.0,48.5,34.0,61.0,,,,,,20,Darg,63.0,27.0,36.0,False,0.0010016882386043,2
0.0,,8.0,4,4,0.0,0.0,0.0,1.0,70.0,56.0,79.0,,,,,,21,Darg,114.0,47.0,65.0,False,0.0001288659793814,2
0.0,,8.0,4,4,0.0,0.0,0.0,1.0,73.5,61.0,80.0,,,,,,22,Darg,124.0,54.0,71.0,False,0.0023529411764705,2
0.0,,8.0,4,4,0.0,0.0,0.0,1.0,68.5,62.0,78.0,,,,,,23,Darg,98.0,41.0,56.0,False,0.0005910079767947,2
0.0,,8.0,4,4,0.0,0.0,0.0,1.0,74.0,53.0,80.0,,,,,,24,Darg,98.0,43.0,56.0,False,0.0006604068857589,2
0.0,,8.0,4,4,0.0,0.0,0.0,1.0,64.5,50.0,79.0,,,,,,25,Darg,75.0,37.0,43.0,False,0.0017819777252784,2
0.0,,8.0,4,4,0.0,0.0,0.0,1.0,73.0,58.0,78.0,,,,,,26,Darg,121.0,48.0,69.0,False,0.0004397394136807,2
0.0,,8.0,4,4,0.0,0.0,0.0,1.0,64.5,56.0,80.0,,,,,,27,Darg,107.0,42.0,61.0,False,0.0002511321531494,2
0.0,,8.0,4,4,0.0,0.0,0.0,1.0,78.0,73.0,80.0,,,,,,28,Darg,89.0,33.0,51.0,False,0.0003790726817042,2
0.0,,8.0,4,4,0.0,0.0,0.0,1.0,68.0,50.0,77.0,,,,,,29,Darg,86.0,37.0,49.0,False,0.00084214002642,2
0.0,,8.0,4,4,0.0,0.0,0.0,1.0,66.5,56.0,73.0,,,,,,30,Darg,79.0,33.0,45.0,False,0.0023865546218487,2
0.0,,8.0,4,4,0.0,0.0,0.0,1.0,76.5,62.0,80.0,,,,,,31,Darg,88.0,32.0,50.0,False,0.0021848739495798,2
0.0,,8.0,4,4,0.00375,0.0,0.03,0.875,70.5,49.0,77.0,,,,,,32,Darg,80.0,36.0,46.0,False,0.0011202531645569,2
0.0,,8.0,4,4,0.0,0.0,0.0,1.0,75.0,68.0,79.0,,,,,,33,Darg,94.0,39.0,54.0,False,0.0010619469026548,2
0.0,,8.0,4,4,0.0,0.0,0.0,1.0,71.5,62.0,80.0,,,,,,34,Darg,117.0,40.0,67.0,False,0.0005074257425742,2
0.0,,8.0,4,4,0.0,0.0,0.0,1.0,76.0,60.0,79.0,,,,,,35,Darg,88.0,32.0,50.0,False,0.0012724014336917,2
0.0,,8.0,4,4,0.0,0.0,0.0,1.0,58.0,40.0,72.0,,,,,,36,Darg,68.0,34.0,39.0,False,0.0028521373510861,2
0.0,,8.0,4,4,0.0,0.0,0.0,1.0,71.0,68.0,79.0,,,,,,37,Darg,94.0,40.0,54.0,False,0.0008666887198147,2
0.0,,8.0,4,4,0.0,0.0,0.0,1.0,77.5,60.0,80.0,,,,,,38,Darg,102.0,43.0,58.0,False,0.0012743227775658,2
0.0,,8.0,4,4,0.0,0.0,0.0,1.0,66.0,57.0,74.0,,,,,,39,Darg,80.0,34.0,46.0,False,0.0013712807244501,2
0.0,,8.0,4,4,0.0,0.0,0.0,1.0,77.0,67.0,80.0,,,,,,40,Darg,100.0,34.0,57.0,False,0.003343220338983,2
0.0,,8.0,4,4,0.0,0.0,0.0,1.0,69.5,57.0,79.0,,,,,,41,Darg,94.0,40.0,54.0,False,0.0014962593516209,2
0.0,,8.0,4,4,0.0,0.0,0.0,1.0,76.5,64.0,80.0,,,,,,42,Darg,93.0,40.0,53.0,False,0.0009082248332804,2
0.0,,8.0,4,4,0.0,0.0,0.0,1.0,60.0,45.0,79.0,,,,,,43,Darg,102.0,40.0,58.0,False,0.0003844771828961,2
0.0,,8.0,4,4,0.00125,0.0,0.01,0.875,77.5,61.0,79.0,,,,,,44,Darg,89.0,35.0,51.0,False,0.0011184668989547,2
0.0,,8.0,4,4,0.0,0.0,0.0,1.0,69.0,62.0,80.0,,,,,,45,Darg,114.0,42.0,65.0,False,0.0001911667765326,2
0.0,,8.0,4,4,0.0,0.0,0.0,1.0,73.5,62.0,80.0,,,,,,46,Darg,91.0,37.0,52.0,False,0.0010742659758203,2
0.0,,8.0,4,4,0.0,0.0,0.0,1.0,78.0,59.0,80.0,,,,,,47,Darg,108.0,45.0,62.0,False,0.0008394004282655,2
0.0,,8.0,4,4,0.0,0.0,0.0,1.0,76.5,64.0,80.0,,,,,,48,Darg,103.0,41.0,59.0,False,0.0004848936963819,2
0.0,,8.0,4,4,0.0,0.0,0.0,1.0,73.0,56.0,80.0,,,,,,49,Darg,107.0,34.0,61.0,False,0.0003317152103559,2
0.0,,8.0,4,4,0.0,0.0,0.0,1.0,75.5,52.0,79.0,,,,,,50,Darg,119.0,43.0,68.0,False,0.000366269165247,2
0.0,,8.0,4,4,0.0,0.0,0.0,1.0,77.5,58.0,78.0,,,,,,51,Darg,94.0,38.0,54.0,False,0.0008891752577319,2
0.0,,8.0,4,4,0.0,0.0,0.0,1.0,64.0,48.0,72.0,,,,,,52,Darg,80.0,38.0,46.0,False,0.001884952876178,2
0.0,,8.0,4,4,0.0,0.0,0.0,1.0,73.0,47.0,80.0,,,,,,53,Darg,108.0,36.0,62.0,False,0.0008272058823529,2
0.0,,8.0,4,4,0.01625,0.0,0.0999999999999999,0.75,54.0,45.0,57.0,,,,,,54,Darg,66.0,28.0,38.0,False,0.003305954825462,2
0.0,,8.0,4,4,0.0,0.0,0.0,1.0,78.0,69.0,80.0,,,,,,55,Darg,96.0,34.0,55.0,False,0.0010012634238787,2
0.0,,8.0,4,4,0.0,0.0,0.0,1.0,57.5,23.0,80.0,,,,,,56,Darg,116.0,37.0,66.0,False,0.0043973063973063,2
0.0,,8.0,4,4,0.0,0.0,0.0,1.0,69.0,54.0,79.0,,,,,,57,Darg,98.0,37.0,56.0,False,0.0003389250256761,2
0.0,,8.0,4,4,0.08375,0.0,0.5500000000000005,0.75,46.0,35.0,62.0,,,,,,58,Darg,124.0,37.0,71.0,False,0.0032470588235294,2
0.0,,8.0,4,4,0.0337499999999999,0.0,0.1999999999999999,0.75,69.5,58.0,75.0,,,,,,59,Darg,133.0,40.0,76.0,False,0.0100275482093663,2
0.0,,8.0,4,4,0.0,0.0,0.0,1.0,77.0,64.0,80.0,,,,,,0,Dfix,95.0,35.0,46.0,False,0.0005413208228076,2
0.0,,8.0,4,4,0.0,0.0,0.0,1.0,74.5,59.0,78.0,,,,,,1,Dfix,95.0,36.0,52.0,False,0.0003085241730279,2
0.0,,8.0,4,4,0.0,0.0,0.0,1.0,73.0,52.0,77.0,,,,,,2,Dfix,95.0,45.0,61.0,False,0.0010964285714285,2
0.0,,8.0,4,4,0.0,0.0,0.0,1.0,78.0,65.0,80.0,,,,,,3,Dfix,95.0,34.0,57.0,False,0.0004071246819338,2
0.0,,8.0,4,4,0.0,0.0,0.0,1.0,77.0,23.0,80.0,,,,,,4,Dfix,95.0,41.0,74.0,False,0.0014015277316506,2
0.0,,8.0,4,4,0.0,0.0,0.0,1.0,74.5,66.0,80.0,,,,,,5,Dfix,95.0,31.0,45.0,False,0.0004263565891472,2
0.0,,8.0,4,4,0.0,0.0,0.0,1.0,72.5,47.0,79.0,,,,,,6,Dfix,95.0,41.0,59.0,False,0.0010726012404232,2
0.0,,8.0,4,4,0.0,0.0,0.0,1.0,75.5,56.0,80.0,,,,,,7,Dfix,95.0,31.0,44.0,False,0.0010095824777549,2
0.0,,8.0,4,4,0.0,0.0,0.0,1.0,77.5,68.0,80.0,,,,,,8,Dfix,95.0,34.0,52.0,False,0.000375166002656,2
0.0,,8.0,4,4,0.0,0.0,0.0,1.0,72.0,56.0,80.0,,,,,,9,Dfix,95.0,32.0,47.0,False,0.0005865197666882,2
0.0,,8.0,4,4,0.0,0.0,0.0,1.0,74.0,55.0,80.0,,,,,,10,Dfix,95.0,38.0,58.0,False,0.0007515971439308,2
0.0,,8.0,4,4,0.0,0.0,0.0,1.0,76.0,57.0,80.0,,,,,,11,Dfix,95.0,35.0,51.0,False,0.0004296455424274,2
0.0,,8.0,4,4,0.0,0.0,0.0,1.0,71.0,57.0,77.0,,,,,,12,Dfix,95.0,35.0,58.0,False,0.0002737896494156,2
0.0,,8.0,4,4,0.0,0.0,0.0,1.0,68.5,60.0,78.0,,,,,,13,Dfix,95.0,32.0,59.0,False,0.0008790826963168,2
0.0,,8.0,4,4,0.0,0.0,0.0,1.0,74.5,69.0,80.0,,,,,,14,Dfix,95.0,34.0,50.0,False,0.000396201702685,2
0.0,,8.0,4,4,0.0,0.0,0.0,1.0,78.5,72.0,79.0,,,,,,15,Dfix,95.0,39.0,61.0,False,0.0003279181708784,2
0.0,,8.0,4,4,0.0,0.0,0.0,1.0,76.5,65.0,80.0,,,,,,16,Dfix,95.0,38.0,51.0,False,0.0009883720930232,2
0.0,,8.0,4,4,0.0,0.0,0.0,1.0,76.5,55.0,80.0,,,,,,17,Dfix,95.0,51.0,61.0,False,0.000801329394387,2
0.0,,8.0,4,4,0.0,0.0,0.0,1.0,71.5,38.0,78.0,,,,,,18,Dfix,95.0,48.0,68.0,False,0.0011684420772303,2
0.0,,8.0,4,4,0.0,0.0,0.0,1.0,70.5,59.0,78.0,,,,,,19,Dfix,95.0,53.0,67.0,False,0.001047227926078,2
0.0,,8.0,4,4,0.0,0.0,0.0,1.0,78.0,72.0,80.0,,,,,,20,Dfix,95.0,27.0,36.0,False,0.0001691896705253,2
0.0,,8.0,4,4,0.0,0.0,0.0,1.0,76.5,63.0,79.0,,,,,,21,Dfix,95.0,47.0,65.0,False,0.0004403948367501,2
0.0,,8.0,4,4,0.0,0.0,0.0,1.0,64.5,32.0,80.0,,,,,,22,Dfix,95.0,54.0,71.0,False,0.0011017520215633,2
0.0,,8.0,4,4,0.0,0.0,0.0,1.0,69.0,58.0,78.0,,,,,,23,Dfix,95.0,41.0,56.0,False,0.0006212914485165,2
0.0,,8.0,4,4,0.0,0.0,0.0,1.0,73.5,50.0,80.0,,,,,,24,Dfix,95.0,43.0,56.0,False,0.0006646341463414,2
0.0,,8.0,4,4,0.0,0.0,0.0,1.0,72.5,62.0,79.0,,,,,,25,Dfix,95.0,37.0,43.0,False,0.0004379038047379,2
0.0,,8.0,4,4,0.0,0.0,0.0,1.0,71.0,45.0,78.0,,,,,,26,Dfix,95.0,48.0,69.0,False,0.0009207419898819,2
0.0,,8.0,4,4,0.0,0.0,0.0,1.0,73.0,42.0,80.0,,,,,,27,Dfix,95.0,42.0,61.0,False,0.0005039267015706,2
0.0,,8.0,4,4,0.0,0.0,0.0,1.0,76.0,66.0,80.0,,,,,,28,Dfix,95.0,33.0,51.0,False,0.0002822842310188,2
0.0,,8.0,4,4,0.0,0.0,0.0,1.0,72.5,64.0,80.0,,,,,,29,Dfix,95.0,37.0,49.0,False,0.0007053941908713,2
0.0,,8.0,4,4,0.0,0.0,0.0,1.0,74.0,67.0,80.0,,,,,,30,Dfix,95.0,33.0,45.0,False,0.0015395530329904,2
0.0,,8.0,4,4,0.0,0.0,0.0,1.0,79.5,63.0,80.0,,,,,,31,Dfix,95.0,32.0,50.0,False,0.0014656488549618,2
0.0,,8.0,4,4,0.0,0.0,0.0,1.0,69.5,53.0,79.0,,,,,,32,Dfix,95.0,36.0,46.0,False,0.0004914170313025,2
0.0,,8.0,4,4,0.0,0.0,0.0,1.0,76.5,69.0,80.0,,,,,,33,Dfix,95.0,39.0,54.0,False,0.0010659536541889,2
0.0,,8.0,4,4,0.0,0.0,0.0,1.0,76.0,64.0,80.0,,,,,,34,Dfix,95.0,40.0,67.0,False,0.0005335365853658,2
0.0,,8.0,4,4,0.03875,0.0,0.3100000000000001,0.875,73.0,53.0,80.0,,,,,,35,Dfix,95.0,32.0,50.0,False,0.0010512532734754,2
0.0,,8.0,4,4,0.0,0.0,0.0,1.0,74.5,62.0,78.0,,,,,,36,Dfix,95.0,34.0,39.0,False,0.0010132827324478,2
0.0,,8.0,4,4,0.0,0.0,0.0,1.0,66.0,42.0,79.0,,,,,,37,Dfix,95.0,40.0,54.0,False,0.0008324974924774,2
0.0,,8.0,4,4,0.0,0.0,0.0,1.0,75.5,53.0,80.0,,,,,,38,Dfix,95.0,43.0,58.0,False,0.0014276002719238,2
0.0,,8.0,4,4,0.0,0.0,0.0,1.0,73.0,58.0,80.0,,,,,,39,Dfix,95.0,34.0,46.0,False,0.0006446111869031,2
0.0,,8.0,4,4,0.06,0.0,0.45,0.75,69.5,7.0,79.0,,,,,,40,Dfix,95.0,34.0,57.0,False,0.0035598577637297,2
0.0,,8.0,4,4,0.0,0.0,0.0,1.0,72.0,45.0,80.0,,,,,,41,Dfix,95.0,40.0,54.0,False,0.0013832853025936,2
0.0,,8.0,4,4,0.00625,0.0,0.05,0.875,61.5,52.0,79.0,,,,,,42,Dfix,95.0,40.0,53.0,False,0.0008185626812761,2
0.0,,8.0,4,4,0.0,0.0,0.0,1.0,77.0,66.0,80.0,,,,,,43,Dfix,95.0,40.0,58.0,False,0.0003815789473684,2
0.0,,8.0,4,4,0.0,0.0,0.0,1.0,71.5,63.0,79.0,,,,,,44,Dfix,95.0,35.0,51.0,False,0.0008728999269539,2
0.0,,8.0,4,4,0.0,0.0,0.0,1.0,78.0,60.0,80.0,,,,,,45,Dfix,95.0,42.0,65.0,False,0.0004968062455642,2
0.0,,8.0,4,4,0.0075,0.0,0.06,0.875,73.0,59.0,77.0,,,,,,46,Dfix,95.0,37.0,52.0,False,0.0007188612099644,2
0.0,,8.0,4,4,0.0,0.0,0.0,1.0,74.5,67.0,79.0,,,,,,47,Dfix,95.0,45.0,62.0,False,0.0012561657349556,2
0.0,,8.0,4,4,0.0,0.0,0.0,1.0,76.5,54.0,79.0,,,,,,48,Dfix,95.0,41.0,59.0,False,0.0004875621890547,2
0.0,,8.0,4,4,0.0,0.0,0.0,1.0,69.5,47.0,80.0,,,,,,49,Dfix,95.0,34.0,61.0,False,0.0006895435415992,2
0.0,,8.0,4,4,0.0,0.0,0.0,1.0,78.0,60.0,80.0,,,,,,50,Dfix,95.0,43.0,68.0,False,0.0011502265597769,2
0.0,,8.0,4,4,0.0,0.0,0.0,1.0,71.5,60.0,79.0,,,,,,51,Dfix,95.0,38.0,54.0,False,0.0008587167854828,2
0.0,,8.0,4,4,0.00625,0.0,0.05,0.875,77.5,67.0,80.0,,,,,,52,Dfix,95.0,38.0,46.0,False,0.0009068881966078,2
0.0,,8.0,4,4,0.0,0.0,0.0,1.0,74.5,63.0,80.0,,,,,,53,Dfix,95.0,36.0,62.0,False,0.0010970017636684,2
0.0,,8.0,4,4,0.0,0.0,0.0,1.0,75.0,70.0,80.0,,,,,,54,Dfix,95.0,28.0,38.0,False,0.0006649427410417,2
0.0,,8.0,4,4,0.0,0.0,0.0,1.0,72.5,69.0,77.0,,,,,,55,Dfix,95.0,34.0,55.0,False,0.0009921752738654,2
0.0,,8.0,4,4,0.07625,0.0,0.6100000000000002,0.875,68.5,11.0,77.0,,,,,,56,Dfix,95.0,37.0,66.0,False,0.010335429769392,2
0.0,,8.0,4,4,0.0,0.0,0.0,1.0,76.0,68.0,79.0,,,,,,57,Dfix,95.0,37.0,56.0,False,0.0004015799868334,2
0.0,,8.0,4,4,0.0,0.0,0.0,1.0,74.0,25.0,79.0,,,,,,58,Dfix,95.0,37.0,71.0,False,0.0029887793267596,2
0.0,,8.0,4,4,0.0,0.0,0.0,1.0,67.5,51.0,77.0,,,,,,59,Dfix,95.0,40.0,76.0,False,0.003252260679763,2
0.0,,8.0,4,4,0.1575,0.0,0.63,0.75,48.0,41.0,52.0,,,,,,0,MIX_F,61.0,35.0,46.0,False,0.0082469053195048,2
0.0,,8.0,4,4,0.0,0.0,0.0,1.0,53.5,43.0,55.0,,,,,,1,MIX_F,63.0,36.0,52.0,False,0.0041586538461538,2
0.0,,8.0,4,4,0.0,0.0,0.0,1.0,63.5,54.0,68.0,,,,,,2,MIX_F,79.0,45.0,61.0,False,0.0017257525083612,2
0.0,,8.0,4,4,0.0025,0.0,0.01,0.75,53.0,44.0,57.0,,,,,,3,MIX_F,60.0,34.0,57.0,False,0.0057066029279952,2
0.0,,8.0,4,4,0.0,0.0,0.0,1.0,46.0,33.0,76.0,,,,,,4,MIX_F,72.0,41.0,74.0,False,0.0089571518588531,2
0.0,,8.0,4,4,0.0,0.0,0.0,1.0,45.5,26.0,51.0,,,,,,5,MIX_F,54.0,31.0,45.0,False,0.0073428484664439,2
0.0,,8.0,4,4,0.0,0.0,0.0,1.0,62.5,47.0,68.0,,,,,,6,MIX_F,72.0,41.0,59.0,False,0.0037841530054644,2
0.0,,8.0,4,4,0.0,0.0,0.0,1.0,41.0,31.0,52.0,,,,,,7,MIX_F,54.0,31.0,44.0,False,0.0091468890314304,2
0.0,,8.0,4,4,0.0,0.0,0.0,1.0,45.0,42.0,64.0,,,,,,8,MIX_F,60.0,34.0,52.0,False,0.0036545682102628,2
0.0,,8.0,4,4,0.005,0.0,0.02,0.75,41.5,24.0,60.0,,,,,,9,MIX_F,56.0,32.0,47.0,False,0.0074391727493917,2
0.0,,8.0,4,4,0.0,0.0,0.0,1.0,48.5,42.0,70.0,,,,,,10,MIX_F,66.0,38.0,58.0,False,0.0058359621451104,2
0.0,,8.0,4,4,0.0,0.0,0.0,1.0,46.5,40.0,65.0,,,,,,11,MIX_F,61.0,35.0,51.0,False,0.0065824468085106,2
0.0,,8.0,4,4,0.0,0.0,0.0,1.0,45.0,33.0,56.0,,,,,,12,MIX_F,61.0,35.0,58.0,False,0.0061301369863013,2
0.0,,8.0,4,4,0.0125,0.0,0.05,0.75,37.0,25.0,46.0,,,,,,13,MIX_F,56.0,32.0,59.0,False,0.008360975609756,2
0.0,,8.0,4,4,0.0,0.0,0.0,1.0,44.0,40.0,50.0,,,,,,14,MIX_F,60.0,34.0,50.0,False,0.0053378586855908,2
0.0,,8.0,4,4,0.0,0.0,0.0,1.0,59.0,57.0,72.0,,,,,,15,MIX_F,68.0,39.0,61.0,False,0.0035250987027636,2
0.0,,8.0,4,4,0.0,0.0,0.0,1.0,59.0,57.0,70.0,,,,,,16,MIX_F,66.0,38.0,51.0,False,0.0038815566835871,2
0.0,,8.0,4,4,0.0,0.0,0.0,1.0,59.5,44.0,67.0,,,,,,17,MIX_F,89.0,51.0,61.0,False,0.0011478322672352,2
0.0,,8.0,4,4,0.0,0.0,0.0,1.0,69.5,69.0,73.0,,,,,,18,MIX_F,84.0,48.0,68.0,False,0.0028873461659829,2
0.0,,8.0,4,4,0.0,0.0,0.0,1.0,74.0,69.0,80.0,,,,,,19,MIX_F,93.0,53.0,67.0,False,0.001098344035147,2
0.0,,8.0,4,4,0.0,0.0,0.0,1.0,37.5,34.0,51.0,,,,,,20,MIX_F,47.0,27.0,36.0,False,0.0048397075365579,2
0.0,,8.0,4,4,0.0,0.0,0.0,1.0,56.0,36.0,74.0,,,,,,21,MIX_F,82.0,47.0,65.0,False,0.0011372549019607,2
0.0,,8.0,4,4,0.0,0.0,0.0,1.0,75.5,69.0,80.0,,,,,,22,MIX_F,94.0,54.0,71.0,False,0.00115,2
0.0,,8.0,4,4,0.0,0.0,0.0,1.0,66.0,47.0,76.0,,,,,,23,MIX_F,72.0,41.0,56.0,False,0.0032941943900848,2
0.0,,8.0,4,4,0.0,0.0,0.0,1.0,66.0,63.0,71.0,,,,,,24,MIX_F,75.0,43.0,56.0,False,0.0022515212981744,2
0.0,,8.0,4,4,0.0,0.0,0.0,1.0,62.0,57.0,69.0,,,,,,25,MIX_F,65.0,37.0,43.0,False,0.0042433434445567,2
0.0,,8.0,4,4,0.0,0.0,0.0,1.0,61.5,45.0,71.0,,,,,,26,MIX_F,84.0,48.0,69.0,False,0.0022025153176394,2
0.0,,8.0,4,4,0.0,0.0,0.0,1.0,65.5,56.0,78.0,,,,,,27,MIX_F,74.0,42.0,61.0,False,0.0034132104454685,2
0.0,,8.0,4,4,0.0,0.0,0.0,1.0,57.0,45.0,62.0,,,,,,28,MIX_F,58.0,33.0,51.0,False,0.0066666666666666,2
0.0,,8.0,4,4,0.0,0.0,0.0,1.0,58.0,28.0,69.0,,,,,,29,MIX_F,65.0,37.0,49.0,False,0.0036419753086419,2
0.0,,8.0,4,4,0.0,0.0,0.0,1.0,56.0,44.0,62.0,,,,,,30,MIX_F,58.0,33.0,45.0,False,0.0069197324414715,2
0.0,,8.0,4,4,0.0025,0.0,0.01,0.75,56.0,47.0,60.0,,,,,,31,MIX_F,56.0,32.0,50.0,False,0.0123266619013581,2
0.0,,8.0,4,4,0.0,0.0,0.0,1.0,44.5,37.0,48.0,,,,,,32,MIX_F,63.0,36.0,46.0,False,0.0053802639849151,2
0.0,,8.0,4,4,0.0,0.0,0.0,1.0,60.0,55.0,72.0,,,,,,33,MIX_F,68.0,39.0,54.0,False,0.0040587449933244,2
0.0,,8.0,4,4,0.0,0.0,0.0,1.0,53.0,50.0,57.0,,,,,,34,MIX_F,70.0,40.0,67.0,False,0.0048228571428571,2
0.0,,8.0,4,4,0.0,0.0,0.0,1.0,52.0,37.0,52.0,,,,,,35,MIX_F,56.0,32.0,50.0,False,0.0084461592423711,2
0.0,,8.0,4,4,0.0,0.0,0.0,1.0,50.5,27.0,52.0,,,,,,36,MIX_F,60.0,34.0,39.0,False,0.0052167832167832,2
0.0,,8.0,4,4,0.0,0.0,0.0,1.0,59.0,58.0,65.0,,,,,,37,MIX_F,70.0,40.0,54.0,False,0.0039460476787954,2
0.0,,8.0,4,4,0.0,0.0,0.0,1.0,50.0,33.0,72.0,,,,,,38,MIX_F,75.0,43.0,58.0,False,0.0029894264658763,2
0.0,,8.0,4,4,0.0,0.0,0.0,1.0,44.5,37.0,52.0,,,,,,39,MIX_F,60.0,34.0,46.0,False,0.0053483146067415,2
0.0,,8.0,4,4,0.0,0.0,0.0,1.0,52.5,43.0,58.0,,,,,,40,MIX_F,60.0,34.0,57.0,False,0.0118132068588106,2
0.0,,8.0,4,4,0.0,0.0,0.0,1.0,63.5,53.0,74.0,,,,,,41,MIX_F,70.0,40.0,54.0,False,0.0058995956873315,2
0.0,,8.0,4,4,0.0,0.0,0.0,1.0,56.5,29.0,66.0,,,,,,42,MIX_F,70.0,40.0,53.0,False,0.0016956389143031,2
0.0,,8.0,4,4,0.0,0.0,0.0,1.0,63.5,59.0,68.0,,,,,,43,MIX_F,70.0,40.0,58.0,False,0.0023777089783281,2
0.0,,8.0,4,4,0.0,0.0,0.0,1.0,43.0,39.0,53.0,,,,,,44,MIX_F,61.0,35.0,51.0,False,0.0066351031450794,2
0.0,,8.0,4,4,0.0,0.0,0.0,1.0,53.5,40.0,78.0,,,,,,45,MIX_F,74.0,42.0,65.0,False,0.0037986798679867,2
0.0,,8.0,4,4,0.0,0.0,0.0,1.0,62.5,52.0,69.0,,,,,,46,MIX_F,65.0,37.0,52.0,False,0.0049332443257676,2
0.0,,8.0,4,4,0.0,0.0,0.0,1.0,69.5,68.0,75.0,,,,,,47,MIX_F,79.0,45.0,62.0,False,0.0031778606965174,2
0.0,,8.0,4,4,0.0,0.0,0.0,1.0,61.5,54.0,67.0,,,,,,48,MIX_F,72.0,41.0,59.0,False,0.0026842923794712,2
0.0,,8.0,4,4,0.0,0.0,0.0,1.0,45.0,34.0,64.0,,,,,,49,MIX_F,60.0,34.0,61.0,False,0.005337386018237,2
0.0,,8.0,4,4,0.0,0.0,0.0,1.0,62.0,39.0,67.0,,,,,,50,MIX_F,75.0,43.0,68.0,False,0.0045418589321028,2
0.0,,8.0,4,4,0.01,0.0,0.04,0.75,52.5,37.0,63.0,,,,,,51,MIX_F,66.0,38.0,54.0,False,0.0066554980201035,2
0.0,,8.0,4,4,0.0,0.0,0.0,1.0,53.0,44.0,63.0,,,,,,52,MIX_F,66.0,38.0,46.0,False,0.0034409296320206,2
0.0,,8.0,4,4,0.0,0.0,0.0,1.0,67.0,54.0,67.0,,,,,,53,MIX_F,63.0,36.0,62.0,False,0.0137343852728468,2
0.0,,8.0,4,4,0.0125,0.0,0.05,0.75,41.5,33.0,53.0,,,,,,54,MIX_F,49.0,28.0,38.0,False,0.0112487170715018,2
0.0,,8.0,4,4,0.0,0.0,0.0,1.0,50.5,46.0,54.0,,,,,,55,MIX_F,60.0,34.0,55.0,False,0.0071343990526939,2
0.0,,8.0,4,4,0.0,0.0,0.0,1.0,58.0,53.0,69.0,,,,,,56,MIX_F,65.0,37.0,66.0,False,0.0086262087362454,2
0.0,,8.0,4,4,0.01,0.0,0.04,0.75,60.5,10.0,69.0,,,,,,57,MIX_F,65.0,37.0,56.0,False,0.0045904702584864,2
0.0,,8.0,4,4,0.0,0.0,0.0,1.0,62.0,56.0,69.0,,,,,,58,MIX_F,65.0,37.0,71.0,False,0.004256,2
0.0,,8.0,4,4,0.0,0.0,0.0,1.0,64.0,44.0,74.0,,,,,,59,MIX_F,70.0,40.0,76.0,False,0.0106813509544787,2
0.0,,8.0,4,4,0.0,0.0,0.0,1.0,47.5,35.0,52.0,,,,,,0,MIX_M,61.0,35.0,46.0,False,0.0082469053195048,2
0.0,,8.0,4,4,0.0,0.0,0.0,1.0,56.0,53.0,67.0,,,,,,1,MIX_M,63.0,36.0,52.0,False,0.0041586538461538,2
0.0,,8.0,4,4,0.0,0.0,0.0,1.0,65.0,62.0,71.0,,,,,,2,MIX_M,79.0,45.0,61.0,False,0.0017257525083612,2
0.0,,8.0,4,4,0.0125,0.0,0.05,0.75,41.0,39.0,56.0,,,,,,3,MIX_M,60.0,34.0,57.0,False,0.0057066029279952,2
0.0,,8.0,4,4,0.0,0.0,0.0,1.0,70.5,62.0,76.0,,,,,,4,MIX_M,72.0,41.0,74.0,False,0.0089571518588531,2
0.0,,8.0,4,4,0.0,0.0,0.0,1.0,41.0,31.0,58.0,,,,,,5,MIX_M,54.0,31.0,45.0,False,0.0073428484664439,2
0.0,,8.0,4,4,0.0749999999999999,0.0,0.2999999999999999,0.75,49.0,33.0,62.0,,,,,,6,MIX_M,72.0,41.0,59.0,False,0.0037841530054644,2
0.0,,8.0,4,4,0.0,0.0,0.0,1.0,40.5,37.0,45.0,,,,,,7,MIX_M,54.0,31.0,44.0,False,0.0091468890314304,2
1.0,19.0,81.0,4,4,0.2,0.0,0.8,0.75,49.0,36.0,52.0,,,,,,8,MIX_M,60.0,34.0,52.0,False,0.0036545682102628,2
0.0,,8.0,4,4,0.0,0.0,0.0,1.0,48.0,32.0,60.0,,,,,,9,MIX_M,56.0,32.0,47.0,False,0.0074391727493917,2
0.0,,8.0,4,4,0.0,0.0,0.0,1.0,55.5,53.0,58.0,,,,,,10,MIX_M,66.0,38.0,58.0,False,0.0058359621451104,2
0.0,,8.0,4,4,0.0,0.0,0.0,1.0,47.0,23.0,57.0,,,,,,11,MIX_M,61.0,35.0,51.0,False,0.0065824468085106,2
0.0,,8.0,4,4,0.0,0.0,0.0,1.0,47.0,41.0,65.0,,,,,,12,MIX_M,61.0,35.0,58.0,False,0.0061301369863013,2
0.0,,8.0,4,4,0.0,0.0,0.0,1.0,43.5,34.0,53.0,,,,,,13,MIX_M,56.0,32.0,59.0,False,0.008360975609756,2
0.0,,8.0,4,4,0.0,0.0,0.0,1.0,51.0,48.0,64.0,,,,,,14,MIX_M,60.0,34.0,50.0,False,0.0053378586855908,2
0.0,,8.0,4,4,0.0,0.0,0.0,1.0,49.0,43.0,66.0,,,,,,15,MIX_M,68.0,39.0,61.0,False,0.0035250987027636,2
0.0,,8.0,4,4,0.0,0.0,0.0,1.0,59.5,44.0,70.0,,,,,,16,MIX_M,66.0,38.0,51.0,False,0.0038815566835871,2
0.0,,8.0,4,4,0.0,0.0,0.0,1.0,79.0,64.0,80.0,,,,,,17,MIX_M,89.0,51.0,61.0,False,0.0011478322672352,2
0.0,,8.0,4,4,0.0,0.0,0.0,1.0,76.0,44.0,79.0,,,,,,18,MIX_M,84.0,48.0,68.0,False,0.0028873461659829,2
0.0,,8.0,4,4,0.0,0.0,0.0,1.0,75.5,56.0,80.0,,,,,,19,MIX_M,93.0,53.0,67.0,False,0.001098344035147,2
0.0,,8.0,4,4,0.0,0.0,0.0,1.0,37.5,26.0,42.0,,,,,,20,MIX_M,47.0,27.0,36.0,False,0.0048397075365579,2
0.0,,8.0,4,4,0.0,0.0,0.0,1.0,60.0,36.0,64.0,,,,,,21,MIX_M,82.0,47.0,65.0,False,0.0011372549019607,2
0.0,,8.0,4,4,0.04,0.0,0.1600000000000001,0.75,60.0,40.0,73.0,,,,,,22,MIX_M,94.0,54.0,71.0,False,0.00115,2
0.0,,8.0,4,4,0.0,0.0,0.0,1.0,63.0,49.0,76.0,,,,,,23,MIX_M,72.0,41.0,56.0,False,0.0032941943900848,2
0.0,,8.0,4,4,0.0,0.0,0.0,1.0,59.5,41.0,70.0,,,,,,24,MIX_M,75.0,43.0,56.0,False,0.0022515212981744,2
0.0,,8.0,4,4,0.0,0.0,0.0,1.0,58.0,47.0,69.0,,,,,,25,MIX_M,65.0,37.0,43.0,False,0.0042433434445567,2
0.0,,8.0,4,4,0.0,0.0,0.0,1.0,68.5,67.0,75.0,,,,,,26,MIX_M,84.0,48.0,69.0,False,0.0022025153176394,2
0.0,,8.0,4,4,0.0,0.0,0.0,1.0,56.5,33.0,66.0,,,,,,27,MIX_M,74.0,42.0,61.0,False,0.0034132104454685,2
0.0,,8.0,4,4,0.0,0.0,0.0,1.0,43.5,28.0,62.0,,,,,,28,MIX_M,58.0,33.0,51.0,False,0.0066666666666666,2
0.0,,8.0,4,4,0.0,0.0,0.0,1.0,60.0,42.0,63.0,,,,,,29,MIX_M,65.0,37.0,49.0,False,0.0036419753086419,2
0.0,,8.0,4,4,0.0,0.0,0.0,1.0,50.0,40.0,62.0,,,,,,30,MIX_M,58.0,33.0,45.0,False,0.0069197324414715,2
0.0,,8.0,4,4,0.0,0.0,0.0,1.0,48.0,44.0,54.0,,,,,,31,MIX_M,56.0,32.0,50.0,False,0.0123266619013581,2
0.0,,8.0,4,4,0.0,0.0,0.0,1.0,50.0,30.0,53.0,,,,,,32,MIX_M,63.0,36.0,46.0,False,0.0053802639849151,2
0.0,,8.0,4,4,0.0,0.0,0.0,1.0,58.0,49.0,64.0,,,,,,33,MIX_M,68.0,39.0,54.0,False,0.0040587449933244,2
0.0,,8.0,4,4,0.0,0.0,0.0,1.0,52.0,20.0,60.0,,,,,,34,MIX_M,70.0,40.0,67.0,False,0.0048228571428571,2
0.0,,8.0,4,4,0.0025,0.0,0.01,0.75,46.0,42.0,52.0,,,,,,35,MIX_M,56.0,32.0,50.0,False,0.0084461592423711,2
0.0,,8.0,4,4,0.0,0.0,0.0,1.0,42.0,33.0,56.0,,,,,,36,MIX_M,60.0,34.0,39.0,False,0.0052167832167832,2
0.0,,8.0,4,4,0.0,0.0,0.0,1.0,59.5,59.0,74.0,,,,,,37,MIX_M,70.0,40.0,54.0,False,0.0039460476787954,2
0.0,,8.0,4,4,0.0,0.0,0.0,1.0,63.5,31.0,67.0,,,,,,38,MIX_M,75.0,43.0,58.0,False,0.0029894264658763,2
0.0,,8.0,4,4,0.0,0.0,0.0,1.0,46.0,37.0,55.0,,,,,,39,MIX_M,60.0,34.0,46.0,False,0.0053483146067415,2
0.0,,8.0,4,4,0.0,0.0,0.0,1.0,45.0,24.0,64.0,,,,,,40,MIX_M,60.0,34.0,57.0,False,0.0118132068588106,2
0.0,,8.0,4,4,0.0,0.0,0.0,1.0,50.5,38.0,60.0,,,,,,41,MIX_M,70.0,40.0,54.0,False,0.0058995956873315,2
1.0,19.0,91.0,4,4,0.0625,0.0,0.2500000000000002,0.75,63.5,44.0,74.0,,,,,,42,MIX_M,70.0,40.0,53.0,False,0.0016956389143031,2
0.0,,8.0,4,4,0.02,0.0,0.08,0.75,57.0,49.0,74.0,,,,,,43,MIX_M,70.0,40.0,58.0,False,0.0023777089783281,2
0.0,,8.0,4,4,0.0,0.0,0.0,1.0,47.5,29.0,65.0,,,,,,44,MIX_M,61.0,35.0,51.0,False,0.0066351031450794,2
0.0,,8.0,4,4,0.0,0.0,0.0,1.0,58.0,43.0,67.0,,,,,,45,MIX_M,74.0,42.0,65.0,False,0.0037986798679867,2
0.0,,8.0,4,4,0.0,0.0,0.0,1.0,51.5,44.0,57.0,,,,,,46,MIX_M,65.0,37.0,52.0,False,0.0049332443257676,2
0.0,,8.0,4,4,0.0,0.0,0.0,1.0,48.5,46.0,67.0,,,,,,47,MIX_M,79.0,45.0,62.0,False,0.0031778606965174,2
0.0,,8.0,4,4,0.0,0.0,0.0,1.0,76.0,76.0,76.0,,,,,,48,MIX_M,72.0,41.0,59.0,False,0.0026842923794712,2
0.0,,8.0,4,4,0.0,0.0,0.0,1.0,51.0,48.0,54.0,,,,,,49,MIX_M,60.0,34.0,61.0,False,0.005337386018237,2
0.0,,8.0,4,4,0.0,0.0,0.0,1.0,51.0,40.0,79.0,,,,,,50,MIX_M,75.0,43.0,68.0,False,0.0045418589321028,2
0.0,,8.0,4,4,0.0,0.0,0.0,1.0,49.5,46.0,55.0,,,,,,51,MIX_M,66.0,38.0,54.0,False,0.0066554980201035,2
0.0,,8.0,4,4,0.0,0.0,0.0,1.0,54.0,50.0,57.0,,,,,,52,MIX_M,66.0,38.0,46.0,False,0.0034409296320206,2
0.0,,8.0,4,4,0.02,0.0,0.08,0.75,51.5,41.0,52.0,,,,,,53,MIX_M,63.0,36.0,62.0,False,0.0137343852728468,2
0.0,,8.0,4,4,0.005,0.0,0.0200000000000001,0.75,40.0,24.0,46.0,,,,,,54,MIX_M,49.0,28.0,38.0,False,0.0112487170715018,2
0.0,,8.0,4,4,0.0,0.0,0.0,1.0,44.5,41.0,55.0,,,,,,55,MIX_M,60.0,34.0,55.0,False,0.0071343990526939,2
0.0,,8.0,4,4,0.0,0.0,0.0,1.0,55.5,37.0,69.0,,,,,,56,MIX_M,65.0,37.0,66.0,False,0.0086262087362454,2
0.0,,8.0,4,4,0.0,0.0,0.0,1.0,59.5,56.0,69.0,,,,,,57,MIX_M,65.0,37.0,56.0,False,0.0045904702584864,2
0.0,,8.0,4,4,0.0225,0.0,0.09,0.75,55.5,44.0,59.0,,,,,,58,MIX_M,65.0,37.0,71.0,False,0.004256,2
0.0,,8.0,4,4,0.0,0.0,0.0,1.0,65.5,52.0,74.0,,,,,,59,MIX_M,70.0,40.0,76.0,False,0.0106813509544787,2
0.0,,8.0,4,4,0.0,0.0,0.0,1.0,65.5,62.0,73.0,,,,,,0,MIXfix_F,95.0,35.0,46.0,False,0.0005413208228076,2
0.0,,8.0,4,4,0.0,0.0,0.0,1.0,77.0,68.0,79.0,,,,,,1,MIXfix_F,95.0,36.0,52.0,False,0.0003085241730279,2
0.0,,8.0,4,4,0.0,0.0,0.0,1.0,63.5,42.0,77.0,,,,,,2,MIXfix_F,95.0,45.0,61.0,False,0.0010964285714285,2
0.0,,8.0,4,4,0.0,0.0,0.0,1.0,79.0,78.0,80.0,,,,,,3,MIXfix_F,95.0,34.0,57.0,False,0.0004071246819338,2
0.0,,8.0,4,4,0.0,0.0,0.0,1.0,76.5,56.0,77.0,,,,,,4,MIXfix_F,95.0,41.0,74.0,False,0.0014015277316506,2
0.0,,8.0,4,4,0.0,0.0,0.0,1.0,77.0,72.0,80.0,,,,,,5,MIXfix_F,95.0,31.0,45.0,False,0.0004263565891472,2
0.0,,8.0,4,4,0.0,0.0,0.0,1.0,68.5,58.0,73.0,,,,,,6,MIXfix_F,95.0,41.0,59.0,False,0.0010726012404232,2
0.0,,8.0,4,4,0.0,0.0,0.0,1.0,77.0,73.0,79.0,,,,,,7,MIXfix_F,95.0,31.0,44.0,False,0.0010095824777549,2
0.0,,8.0,4,4,0.0,0.0,0.0,1.0,74.0,65.0,75.0,,,,,,8,MIXfix_F,95.0,34.0,52.0,False,0.000375166002656,2
0.0,,8.0,4,4,0.0,0.0,0.0,1.0,72.5,49.0,77.0,,,,,,9,MIXfix_F,95.0,32.0,47.0,False,0.0005865197666882,2
0.0,,8.0,4,4,0.0,0.0,0.0,1.0,70.0,63.0,80.0,,,,,,10,MIXfix_F,95.0,38.0,58.0,False,0.0007515971439308,2
0.0,,8.0,4,4,0.0,0.0,0.0,1.0,71.5,66.0,80.0,,,,,,11,MIXfix_F,95.0,35.0,51.0,False,0.0004296455424274,2
0.0,,8.0,4,4,0.0,0.0,0.0,1.0,77.5,68.0,79.0,,,,,,12,MIXfix_F,95.0,35.0,58.0,False,0.0002737896494156,2
0.0,,8.0,4,4,0.0,0.0,0.0,1.0,71.0,64.0,78.0,,,,,,13,MIXfix_F,95.0,32.0,59.0,False,0.0008790826963168,2
0.0,,8.0,4,4,0.0,0.0,0.0,1.0,71.5,69.0,78.0,,,,,,14,MIXfix_F,95.0,34.0,50.0,False,0.000396201702685,2
0.0,,8.0,4,4,0.0,0.0,0.0,1.0,74.0,70.0,77.0,,,,,,15,MIXfix_F,95.0,39.0,61.0,False,0.0003279181708784,2
0.0,,8.0,4,4,0.0,0.0,0.0,1.0,76.5,74.0,78.0,,,,,,16,MIXfix_F,95.0,38.0,51.0,False,0.0009883720930232,2
0.0,,8.0,4,4,0.0,0.0,0.0,1.0,76.0,65.0,77.0,,,,,,17,MIXfix_F,95.0,51.0,61.0,False,0.000801329394387,2
0.0,,8.0,4,4,0.0,0.0,0.0,1.0,66.0,33.0,80.0,,,,,,18,MIXfix_F,95.0,48.0,68.0,False,0.0011684420772303,2
0.0,,8.0,4,4,0.0,0.0,0.0,1.0,73.0,67.0,76.0,,,,,,19,MIXfix_F,95.0,53.0,67.0,False,0.001047227926078,2
0.0,,8.0,4,4,0.0,0.0,0.0,1.0,79.5,77.0,80.0,,,,,,20,MIXfix_F,95.0,27.0,36.0,False,0.0001691896705253,2
0.0,,8.0,4,4,0.0,0.0,0.0,1.0,71.5,43.0,80.0,,,,,,21,MIXfix_F,95.0,47.0,65.0,False,0.0004403948367501,2
0.0,,8.0,4,4,0.0,0.0,0.0,1.0,52.5,49.0,73.0,,,,,,22,MIXfix_F,95.0,54.0,71.0,False,0.0011017520215633,2
0.0,,8.0,4,4,0.0,0.0,0.0,1.0,77.5,62.0,79.0,,,,,,23,MIXfix_F,95.0,41.0,56.0,False,0.0006212914485165,2
0.0,,8.0,4,4,0.0175,0.0,0.07,0.75,76.5,48.0,79.0,,,,,,24,MIXfix_F,95.0,43.0,56.0,False,0.0006646341463414,2
0.0,,8.0,4,4,0.0,0.0,0.0,1.0,65.0,53.0,70.0,,,,,,25,MIXfix_F,95.0,37.0,43.0,False,0.0004379038047379,2
0.0,,8.0,4,4,0.0,0.0,0.0,1.0,63.0,48.0,68.0,,,,,,26,MIXfix_F,95.0,48.0,69.0,False,0.0009207419898819,2
0.0,,8.0,4,4,0.0,0.0,0.0,1.0,76.5,75.0,77.0,,,,,,27,MIXfix_F,95.0,42.0,61.0,False,0.0005039267015706,2
0.0,,8.0,4,4,0.0,0.0,0.0,1.0,71.5,68.0,78.0,,,,,,28,MIXfix_F,95.0,33.0,51.0,False,0.0002822842310188,2
0.0,,8.0,4,4,0.0,0.0,0.0,1.0,73.5,66.0,77.0,,,,,,29,MIXfix_F,95.0,37.0,49.0,False,0.0007053941908713,2
0.0,,8.0,4,4,0.0,0.0,0.0,1.0,77.5,74.0,80.0,,,,,,30,MIXfix_F,95.0,33.0,45.0,False,0.0015395530329904,2
0.0,,8.0,4,4,0.0,0.0,0.0,1.0,79.0,77.0,80.0,,,,,,31,MIXfix_F,95.0,32.0,50.0,False,0.0014656488549618,2
0.0,,8.0,4,4,0.0,0.0,0.0,1.0,76.5,70.0,80.0,,,,,,32,MIXfix_F,95.0,36.0,46.0,False,0.0004914170313025,2
0.0,,8.0,4,4,0.0,0.0,0.0,1.0,77.5,75.0,79.0,,,,,,33,MIXfix_F,95.0,39.0,54.0,False,0.0010659536541889,2
0.0,,8.0,4,4,0.0125,0.0,0.05,0.75,74.0,54.0,78.0,,,,,,34,MIXfix_F,95.0,40.0,67.0,False,0.0005335365853658,2
0.0,,8.0,4,4,0.0,0.0,0.0,1.0,68.5,58.0,76.0,,,,,,35,MIXfix_F,95.0,32.0,50.0,False,0.0010512532734754,2
0.0,,8.0,4,4,0.0,0.0,0.0,1.0,75.0,69.0,79.0,,,,,,36,MIXfix_F,95.0,34.0,39.0,False,0.0010132827324478,2
0.0,,8.0,4,4,0.0,0.0,0.0,1.0,76.0,59.0,80.0,,,,,,37,MIXfix_F,95.0,40.0,54.0,False,0.0008324974924774,2
0.0,,8.0,4,4,0.0,0.0,0.0,1.0,74.0,72.0,77.0,,,,,,38,MIXfix_F,95.0,43.0,58.0,False,0.0014276002719238,2
0.0,,8.0,4,4,0.0,0.0,0.0,1.0,73.0,70.0,77.0,,,,,,39,MIXfix_F,95.0,34.0,46.0,False,0.0006446111869031,2
0.0,,10.0,4,4,0.1125,0.0,0.45,0.75,77.5,7.0,80.0,,,,,,40,MIXfix_F,95.0,34.0,57.0,False,0.0035598577637297,2
0.0,,8.0,4,4,0.0,0.0,0.0,1.0,73.5,51.0,76.0,,,,,,41,MIXfix_F,95.0,40.0,54.0,False,0.0013832853025936,2
0.0,,8.0,4,4,0.0,0.0,0.0,1.0,78.5,53.0,79.0,,,,,,42,MIXfix_F,95.0,40.0,53.0,False,0.0008185626812761,2
0.0,,8.0,4,4,0.0,0.0,0.0,1.0,74.5,58.0,78.0,,,,,,43,MIXfix_F,95.0,40.0,58.0,False,0.0003815789473684,2
0.0,,8.0,4,4,0.0,0.0,0.0,1.0,74.5,73.0,77.0,,,,,,44,MIXfix_F,95.0,35.0,51.0,False,0.0008728999269539,2
0.0,,8.0,4,4,0.0175,0.0,0.07,0.75,76.0,63.0,80.0,,,,,,45,MIXfix_F,95.0,42.0,65.0,False,0.0004968062455642,2
0.0,,8.0,4,4,0.0,0.0,0.0,1.0,75.5,60.0,79.0,,,,,,46,MIXfix_F,95.0,37.0,52.0,False,0.0007188612099644,2
0.0,,8.0,4,4,0.0,0.0,0.0,1.0,71.5,69.0,78.0,,,,,,47,MIXfix_F,95.0,45.0,62.0,False,0.0012561657349556,2
0.0,,8.0,4,4,0.0,0.0,0.0,1.0,78.0,56.0,79.0,,,,,,48,MIXfix_F,95.0,41.0,59.0,False,0.0004875621890547,2
0.0,,8.0,4,4,0.0,0.0,0.0,1.0,78.5,76.0,80.0,,,,,,49,MIXfix_F,95.0,34.0,61.0,False,0.0006895435415992,2
0.0,,8.0,4,4,0.0,0.0,0.0,1.0,72.0,70.0,74.0,,,,,,50,MIXfix_F,95.0,43.0,68.0,False,0.0011502265597769,2
0.0,,8.0,4,4,0.0,0.0,0.0,1.0,78.5,76.0,80.0,,,,,,51,MIXfix_F,95.0,38.0,54.0,False,0.0008587167854828,2
0.0,,8.0,4,4,0.0,0.0,0.0,1.0,76.0,65.0,80.0,,,,,,52,MIXfix_F,95.0,38.0,46.0,False,0.0009068881966078,2
0.0,,8.0,4,4,0.0,0.0,0.0,1.0,76.0,72.0,79.0,,,,,,53,MIXfix_F,95.0,36.0,62.0,False,0.0010970017636684,2
0.0,,8.0,4,4,0.0,0.0,0.0,1.0,74.5,71.0,79.0,,,,,,54,MIXfix_F,95.0,28.0,38.0,False,0.0006649427410417,2
0.0,,8.0,4,4,0.0,0.0,0.0,1.0,68.0,64.0,72.0,,,,,,55,MIXfix_F,95.0,34.0,55.0,False,0.0009921752738654,2
0.0,,8.0,4,4,0.0,0.0,0.0,1.0,78.0,70.0,79.0,,,,,,56,MIXfix_F,95.0,37.0,66.0,False,0.010335429769392,2
0.0,,8.0,4,4,0.0,0.0,0.0,1.0,78.5,67.0,80.0,,,,,,57,MIXfix_F,95.0,37.0,56.0,False,0.0004015799868334,2
0.0,,8.0,4,4,0.0,0.0,0.0,1.0,78.5,73.0,79.0,,,,,,58,MIXfix_F,95.0,37.0,71.0,False,0.0029887793267596,2
0.0,,8.0,4,4,0.0,0.0,0.0,1.0,67.0,47.0,70.0,,,,,,59,MIXfix_F,95.0,40.0,76.0,False,0.003252260679763,2
0.0,,8.0,4,4,0.0,0.0,0.0,1.0,75.0,68.0,80.0,,,,,,0,MIXfix_M,95.0,35.0,46.0,False,0.0005413208228076,2
0.0,,8.0,4,4,0.0,0.0,0.0,1.0,72.5,67.0,79.0,,,,,,1,MIXfix_M,95.0,36.0,52.0,False,0.0003085241730279,2
0.0,,8.0,4,4,0.0,0.0,0.0,1.0,77.5,55.0,80.0,,,,,,2,MIXfix_M,95.0,45.0,61.0,False,0.0010964285714285,2
0.0,,8.0,4,4,0.0,0.0,0.0,1.0,77.0,63.0,80.0,,,,,,3,MIXfix_M,95.0,34.0,57.0,False,0.0004071246819338,2
0.0,,8.0,4,4,0.0,0.0,0.0,1.0,76.0,68.0,80.0,,,,,,4,MIXfix_M,95.0,41.0,74.0,False,0.0014015277316506,2
0.0,,8.0,4,4,0.0,0.0,0.0,1.0,78.0,68.0,79.0,,,,,,5,MIXfix_M,95.0,31.0,45.0,False,0.0004263565891472,2
0.0,,8.0,4,4,0.0,0.0,0.0,1.0,69.0,57.0,77.0,,,,,,6,MIXfix_M,95.0,41.0,59.0,False,0.0010726012404232,2
0.0,,8.0,4,4,0.0,0.0,0.0,1.0,70.5,67.0,76.0,,,,,,7,MIXfix_M,95.0,31.0,44.0,False,0.0010095824777549,2
0.0,,8.0,4,4,0.0,0.0,0.0,1.0,73.5,67.0,80.0,,,,,,8,MIXfix_M,95.0,34.0,52.0,False,0.000375166002656,2
0.0,,8.0,4,4,0.0,0.0,0.0,1.0,73.5,65.0,78.0,,,,,,9,MIXfix_M,95.0,32.0,47.0,False,0.0005865197666882,2
0.0,,8.0,4,4,0.0,0.0,0.0,1.0,78.5,72.0,80.0,,,,,,10,MIXfix_M,95.0,38.0,58.0,False,0.0007515971439308,2
0.0,,8.0,4,4,0.0,0.0,0.0,1.0,69.0,51.0,77.0,,,,,,11,MIXfix_M,95.0,35.0,51.0,False,0.0004296455424274,2
0.0,,8.0,4,4,0.0,0.0,0.0,1.0,67.5,63.0,80.0,,,,,,12,MIXfix_M,95.0,35.0,58.0,False,0.0002737896494156,2
0.0,,8.0,4,4,0.0,0.0,0.0,1.0,74.0,61.0,80.0,,,,,,13,MIXfix_M,95.0,32.0,59.0,False,0.0008790826963168,2
0.0,,8.0,4,4,0.0,0.0,0.0,1.0,78.5,70.0,79.0,,,,,,14,MIXfix_M,95.0,34.0,50.0,False,0.000396201702685,2
0.0,,8.0,4,4,0.0,0.0,0.0,1.0,78.5,74.0,80.0,,,,,,15,MIXfix_M,95.0,39.0,61.0,False,0.0003279181708784,2
0.0,,8.0,4,4,0.0,0.0,0.0,1.0,74.5,46.0,80.0,,,,,,16,MIXfix_M,95.0,38.0,51.0,False,0.0009883720930232,2
0.0,,8.0,4,4,0.0,0.0,0.0,1.0,73.0,65.0,74.0,,,,,,17,MIXfix_M,95.0,51.0,61.0,False,0.000801329394387,2
0.0,,8.0,4,4,0.0,0.0,0.0,1.0,59.5,48.0,80.0,,,,,,18,MIXfix_M,95.0,48.0,68.0,False,0.0011684420772303,2
0.0,,8.0,4,4,0.0,0.0,0.0,1.0,73.5,54.0,78.0,,,,,,19,MIXfix_M,95.0,53.0,67.0,False,0.001047227926078,2
0.0,,8.0,4,4,0.0,0.0,0.0,1.0,76.0,70.0,77.0,,,,,,20,MIXfix_M,95.0,27.0,36.0,False,0.0001691896705253,2
0.0,,8.0,4,4,0.0,0.0,0.0,1.0,74.0,67.0,75.0,,,,,,21,MIXfix_M,95.0,47.0,65.0,False,0.0004403948367501,2
0.0,,8.0,4,4,0.0,0.0,0.0,1.0,79.0,75.0,80.0,,,,,,22,MIXfix_M,95.0,54.0,71.0,False,0.0011017520215633,2
0.0,,8.0,4,4,0.0,0.0,0.0,1.0,68.5,61.0,79.0,,,,,,23,MIXfix_M,95.0,41.0,56.0,False,0.0006212914485165,2
0.0,,8.0,4,4,0.0,0.0,0.0,1.0,75.5,69.0,78.0,,,,,,24,MIXfix_M,95.0,43.0,56.0,False,0.0006646341463414,2
0.0,,8.0,4,4,0.0,0.0,0.0,1.0,76.0,65.0,80.0,,,,,,25,MIXfix_M,95.0,37.0,43.0,False,0.0004379038047379,2
0.0,,8.0,4,4,0.0,0.0,0.0,1.0,66.5,52.0,80.0,,,,,,26,MIXfix_M,95.0,48.0,69.0,False,0.0009207419898819,2
0.0,,8.0,4,4,0.0,0.0,0.0,1.0,74.0,53.0,77.0,,,,,,27,MIXfix_M,95.0,42.0,61.0,False,0.0005039267015706,2
0.0,,8.0,4,4,0.0,0.0,0.0,1.0,76.5,69.0,80.0,,,,,,28,MIXfix_M,95.0,33.0,51.0,False,0.0002822842310188,2
0.0,,8.0,4,4,0.0,0.0,0.0,1.0,69.0,68.0,76.0,,,,,,29,MIXfix_M,95.0,37.0,49.0,False,0.0007053941908713,2
0.0,,8.0,4,4,0.0,0.0,0.0,1.0,73.5,65.0,80.0,,,,,,30,MIXfix_M,95.0,33.0,45.0,False,0.0015395530329904,2
0.0,,8.0,4,4,0.0,0.0,0.0,1.0,78.0,57.0,80.0,,,,,,31,MIXfix_M,95.0,32.0,50.0,False,0.0014656488549618,2
0.0,,8.0,4,4,0.0,0.0,0.0,1.0,73.0,70.0,79.0,,,,,,32,MIXfix_M,95.0,36.0,46.0,False,0.0004914170313025,2
0.0,,8.0,4,4,0.0,0.0,0.0,1.0,69.5,62.0,74.0,,,,,,33,MIXfix_M,95.0,39.0,54.0,False,0.0010659536541889,2
0.0,,8.0,4,4,0.0,0.0,0.0,1.0,75.5,70.0,80.0,,,,,,34,MIXfix_M,95.0,40.0,67.0,False,0.0005335365853658,2
0.0,,8.0,4,4,0.0,0.0,0.0,1.0,73.0,71.0,79.0,,,,,,35,MIXfix_M,95.0,32.0,50.0,False,0.0010512532734754,2
0.0,,8.0,4,4,0.0,0.0,0.0,1.0,74.5,62.0,80.0,,,,,,36,MIXfix_M,95.0,34.0,39.0,False,0.0010132827324478,2
0.0,,8.0,4,4,0.0,0.0,0.0,1.0,70.5,65.0,75.0,,,,,,37,MIXfix_M,95.0,40.0,54.0,False,0.0008324974924774,2
0.0,,8.0,4,4,0.0,0.0,0.0,1.0,73.0,68.0,79.0,,,,,,38,MIXfix_M,95.0,43.0,58.0,False,0.0014276002719238,2
0.0,,8.0,4,4,0.0,0.0,0.0,1.0,75.5,72.0,79.0,,,,,,39,MIXfix_M,95.0,34.0,46.0,False,0.0006446111869031,2
0.0,,8.0,4,4,0.125,0.0,0.5000000000000001,0.75,77.0,73.0,79.0,,,,,,40,MIXfix_M,95.0,34.0,57.0,False,0.0035598577637297,2
0.0,,8.0,4,4,0.0,0.0,0.0,1.0,78.0,68.0,79.0,,,,,,41,MIXfix_M,95.0,40.0,54.0,False,0.0013832853025936,2
0.0,,8.0,4,4,0.0,0.0,0.0,1.0,78.5,59.0,80.0,,,,,,42,MIXfix_M,95.0,40.0,53.0,False,0.0008185626812761,2
0.0,,8.0,4,4,0.0,0.0,0.0,1.0,75.0,50.0,77.0,,,,,,43,MIXfix_M,95.0,40.0,58.0,False,0.0003815789473684,2
0.0,,8.0,4,4,0.0,0.0,0.0,1.0,72.0,55.0,75.0,,,,,,44,MIXfix_M,95.0,35.0,51.0,False,0.0008728999269539,2
0.0,,8.0,4,4,0.0,0.0,0.0,1.0,77.0,75.0,78.0,,,,,,45,MIXfix_M,95.0,42.0,65.0,False,0.0004968062455642,2
0.0,,8.0,4,4,0.0,0.0,0.0,1.0,75.0,58.0,79.0,,,,,,46,MIXfix_M,95.0,37.0,52.0,False,0.0007188612099644,2
0.0,,8.0,4,4,0.0,0.0,0.0,1.0,76.0,61.0,80.0,,,,,,47,MIXfix_M,95.0,45.0,62.0,False,0.0012561657349556,2
0.0,,8.0,4,4,0.0,0.0,0.0,1.0,72.5,66.0,79.0,,,,,,48,MIXfix_M,95.0,41.0,59.0,False,0.0004875621890547,2
0.0,,8.0,4,4,0.0,0.0,0.0,1.0,73.0,69.0,78.0,,,,,,49,MIXfix_M,95.0,34.0,61.0,False,0.0006895435415992,2
0.0,,8.0,4,4,0.0,0.0,0.0,1.0,77.5,52.0,80.0,,,,,,50,MIXfix_M,95.0,43.0,68.0,False,0.0011502265597769,2
0.0,,8.0,4,4,0.0,0.0,0.0,1.0,77.5,75.0,80.0,,,,,,51,MIXfix_M,95.0,38.0,54.0,False,0.0008587167854828,2
0.0,,8.0,4,4,0.0,0.0,0.0,1.0,73.5,64.0,80.0,,,,,,52,MIXfix_M,95.0,38.0,46.0,False,0.0009068881966078,2
0.0,,8.0,4,4,0.0,0.0,0.0,1.0,74.5,35.0,77.0,,,,,,53,MIXfix_M,95.0,36.0,62.0,False,0.0010970017636684,2
0.0,,8.0,4,4,0.0,0.0,0.0,1.0,77.5,76.0,80.0,,,,,,54,MIXfix_M,95.0,28.0,38.0,False,0.0006649427410417,2
0.0,,8.0,4,4,0.0,0.0,0.0,1.0,73.5,59.0,75.0,,,,,,55,MIXfix_M,95.0,34.0,55.0,False,0.0009921752738654,2
0.0,,8.0,4,4,0.1,1.3877787807814457e-17,0.4,0.75,53.5,36.0,79.0,,,,,,56,MIXfix_M,95.0,37.0,66.0,False,0.010335429769392,2
0.0,,8.0,4,4,0.0,0.0,0.0,1.0,68.0,53.0,76.0,,,,,,57,MIXfix_M,95.0,37.0,56.0,False,0.0004015799868334,2
0.0,,8.0,4,4,0.0,0.0,0.0,1.0,71.5,65.0,80.0,,,,,,58,MIXfix_M,95.0,37.0,71.0,False,0.0029887793267596,2
0.0,,8.0,4,4,0.0,0.0,0.0,1.0,71.0,67.0,79.0,,,,,,59,MIXfix_M,95.0,40.0,76.0,False,0.003252260679763,2
1.0,25.0,80.0,4,4,1.0,1.0,1.0,0.0,11.0,11.0,11.0,,,,,,0,B,7.0,41.0,68.0,False,0.9794577006507592,3
1.0,21.0,83.0,4,4,1.0,1.0,1.0,0.0,12.0,12.0,12.0,,,,,,1,B,8.0,48.0,80.0,False,0.9926729559748428,3
1.0,15.0,92.0,4,4,1.0,1.0,1.0,0.0,12.0,12.0,12.0,,,,,,2,B,8.0,51.0,79.0,False,0.8921149897330596,3
1.0,26.0,84.0,4,4,1.0,1.0,1.0,0.0,11.0,11.0,11.0,,,,,,3,B,7.0,43.0,65.0,False,0.9523125,3
1.0,20.0,80.0,4,4,1.0,1.0,1.0,0.0,13.0,7.0,13.0,,,,,,4,B,9.0,39.0,76.0,False,0.935505193578848,3
1.0,15.0,91.0,4,4,0.96875,1.0,1.0,0.0,12.0,6.0,12.0,,,,,,5,B,8.0,45.0,75.0,False,0.9334164070612668,3
1.0,22.0,87.0,4,4,1.0,1.0,1.0,0.0,11.0,11.0,11.0,,,,,,6,B,7.0,43.0,73.0,False,0.942747844827586,3
1.0,40.0,80.0,4,4,0.98875,1.0,1.0,0.0,10.0,10.0,10.0,,,,,,7,B,6.0,47.0,77.0,False,0.9759905660377358,3
1.0,108.0,84.0,4,4,0.875,1.0,1.0,0.125,11.0,11.0,11.0,,,,,,8,B,7.0,54.0,80.0,False,0.9639729119638826,3
1.0,22.0,84.0,4,4,0.86875,1.0,1.0,0.0,12.0,6.0,12.0,,,,,,9,B,8.0,44.0,74.0,False,0.9487772925764192,3
1.0,27.0,87.0,4,4,1.0,1.0,1.0,0.0,11.0,11.0,11.0,,,,,,10,B,7.0,38.0,71.0,False,0.9854143019296254,3
0.0,,8.0,4,4,1.0,1.0,1.0,0.0,11.0,11.0,11.0,,,,,,11,B,7.0,36.0,67.0,False,0.985756880733945,3
1.0,21.0,87.0,4,4,0.99,1.0,1.0,0.0,12.0,12.0,12.0,,,,,,12,B,8.0,43.0,70.0,False,0.96621412803532,3
1.0,20.0,81.0,4,4,0.8887499999999999,1.0,1.0,0.0,11.0,11.0,11.0,,,,,,13,B,7.0,48.0,70.0,False,0.928835386338186,3
1.0,62.0,82.0,4,4,0.98875,1.0,1.0,0.0,11.0,11.0,11.0,,,,,,14,B,7.0,58.0,77.0,False,0.9903665521191296,3
1.0,33.0,80.0,4,4,0.97625,1.0,1.0,0.0,11.0,11.0,11.0,,,,,,15,B,7.0,43.0,78.0,False,0.982490974729242,3
1.0,56.0,83.0,4,4,0.95125,1.0,1.0,0.0,11.0,11.0,11.0,,,,,,16,B,7.0,49.0,82.0,False,0.9719391206313416,3
1.0,13.0,87.0,4,4,1.0,1.0,1.0,0.0,11.0,11.0,11.0,,,,,,17,B,7.0,64.0,77.0,False,0.9581857451403888,3
1.0,31.0,84.0,4,4,0.98875,1.0,1.0,0.0,11.0,11.0,11.0,,,,,,18,B,7.0,51.0,76.0,False,0.975392781316348,3
1.0,47.0,80.0,4,4,1.0,1.0,1.0,0.0,11.0,11.0,11.0,,,,,,19,B,7.0,55.0,71.0,False,0.9814442013129102,3
1.0,38.0,90.0,4,4,1.0,1.0,1.0,0.0,11.0,11.0,11.0,,,,,,20,B,7.0,47.0,76.0,False,0.965855472901169,3
1.0,35.0,83.0,4,4,0.845,1.0,1.0,0.0,11.0,11.0,11.0,,,,,,21,B,7.0,51.0,73.0,False,0.9479306358381504,3
1.0,74.0,81.0,4,4,0.6387499999999999,0.8250000000000001,1.0,0.125,12.0,6.0,12.0,,,,,,22,B,8.0,41.0,78.0,False,0.8776185458377239,3
1.0,70.0,95.0,4,4,0.83125,1.0,1.0,0.0,11.0,11.0,11.0,,,,,,23,B,7.0,58.0,83.0,False,0.9391797752808988,3
1.0,47.0,81.0,4,4,1.0,1.0,1.0,0.0,11.0,11.0,11.0,,,,,,24,B,7.0,39.0,74.0,False,0.9785234899328858,3
1.0,87.0,81.0,4,4,0.97625,1.0,1.0,0.0,11.0,11.0,11.0,,,,,,25,B,7.0,50.0,74.0,False,0.9831653888280394,3
1.0,33.0,82.0,4,4,1.0,1.0,1.0,0.0,11.0,11.0,11.0,,,,,,26,B,7.0,41.0,74.0,False,0.9400108225108224,3
1.0,40.0,83.0,4,4,1.0,1.0,1.0,0.0,10.0,10.0,10.0,,,,,,27,B,6.0,42.0,71.0,False,0.9640185830429732,3
1.0,37.0,85.0,4,4,0.9025,1.0,1.0,0.0,12.0,12.0,12.0,,,,,,28,B,8.0,52.0,76.0,False,0.9267468619246862,3
1.0,39.0,95.0,4,4,0.95125,1.0,1.0,0.0,11.0,11.0,11.0,,,,,,29,B,7.0,63.0,84.0,False,0.9622030456852791,3
1.0,16.0,83.0,4,4,0.92875,1.0,1.0,0.0,10.0,10.0,10.0,,,,,,30,B,6.0,54.0,70.0,False,0.9850782190132372,3
1.0,24.0,84.0,4,4,0.99,1.0,1.0,0.0,11.0,11.0,11.0,,,,,,31,B,7.0,44.0,68.0,False,0.9823798627002288,3
1.0,19.0,87.0,4,4,1.0,1.0,1.0,0.0,12.0,6.0,12.0,,,,,,32,B,8.0,43.0,74.0,False,0.9177017364657816,3
1.0,14.0,80.0,4,4,1.0,1.0,1.0,0.0,11.0,11.0,11.0,,,,,,33,B,7.0,58.0,82.0,False,0.9684650112866816,3
1.0,36.0,84.0,4,4,0.79625,1.0,1.0,0.0,7.0,6.0,13.0,,,,,,34,B,9.0,48.0,77.0,False,0.9051440329218108,3
1.0,25.0,87.0,4,4,0.8225,0.965,1.0,0.0,12.0,6.0,12.0,,,,,,35,B,8.0,46.0,78.0,False,0.940674778761062,3
1.0,23.0,82.0,4,4,1.0,1.0,1.0,0.0,11.0,11.0,11.0,,,,,,36,B,7.0,46.0,74.0,False,0.9611846318036286,3
1.0,19.0,84.0,4,4,1.0,1.0,1.0,0.0,11.0,11.0,11.0,,,,,,37,B,7.0,46.0,74.0,False,0.9278674033149172,3
1.0,34.0,80.0,4,4,0.9025,1.0,1.0,0.0,12.0,6.0,12.0,,,,,,38,B,8.0,52.0,72.0,False,0.9427212389380532,3
1.0,41.0,80.0,4,4,1.0,1.0,1.0,0.0,12.0,12.0,12.0,,,,,,39,B,8.0,50.0,84.0,False,0.9643995510662178,3
1.0,73.0,82.0,4,4,1.0,1.0,1.0,0.0,10.0,10.0,10.0,,,,,,40,B,6.0,42.0,77.0,False,0.980430733410943,3
1.0,34.0,96.0,4,4,0.86625,1.0,1.0,0.0,12.0,6.0,12.0,,,,,,41,B,8.0,48.0,77.0,False,0.9579414838035528,3
1.0,63.0,88.0,4,4,0.8887499999999999,1.0,1.0,0.0,12.0,6.0,12.0,,,,,,42,B,8.0,42.0,76.0,False,0.9353353973168214,3
1.0,20.0,91.0,4,4,0.9025,1.0,1.0,0.0,11.0,11.0,11.0,,,,,,43,B,7.0,49.0,76.0,False,0.9751082251082251,3
1.0,30.0,82.0,4,4,1.0,1.0,1.0,0.0,10.0,10.0,10.0,,,,,,44,B,6.0,59.0,80.0,False,0.9851781472684086,3
1.0,38.0,85.0,4,4,0.91375,1.0,1.0,0.0,11.0,11.0,11.0,,,,,,45,B,7.0,64.0,74.0,False,0.9329202586206896,3
1.0,39.0,109.0,4,4,1.0,1.0,1.0,0.0,11.0,11.0,11.0,,,,,,46,B,7.0,44.0,68.0,False,0.9814634146341464,3
1.0,18.0,80.0,4,4,1.0,1.0,1.0,0.0,10.0,10.0,10.0,,,,,,47,B,6.0,60.0,80.0,False,0.9861190476190476,3
1.0,15.0,85.0,4,4,1.0,1.0,1.0,0.0,11.0,11.0,11.0,,,,,,48,B,7.0,39.0,69.0,False,0.9875,3
1.0,26.0,82.0,4,4,1.0,1.0,1.0,0.0,12.0,12.0,12.0,,,,,,49,B,8.0,50.0,76.0,False,0.9407532751091704,3
1.0,40.0,90.0,4,4,1.0,1.0,1.0,0.0,11.0,11.0,11.0,,,,,,50,B,7.0,42.0,75.0,False,0.9829071170084438,3
1.0,14.0,81.0,4,4,1.0,1.0,1.0,0.0,12.0,6.0,12.0,,,,,,51,B,8.0,55.0,75.0,False,0.9702156057494866,3
0.0,,11.0,4,4,0.98875,1.0,1.0,0.0,12.0,6.0,12.0,,,,,,52,B,8.0,49.0,77.0,False,0.9743005181347152,3
1.0,36.0,83.0,4,4,0.87625,1.0,1.0,0.0,12.0,6.0,12.0,,,,,,53,B,8.0,41.0,61.0,False,0.9575103734439834,3
1.0,73.0,80.0,4,4,1.0,1.0,1.0,0.0,10.0,10.0,10.0,,,,,,54,B,6.0,42.0,69.0,False,0.9869859813084112,3
1.0,43.0,82.0,4,4,1.0,1.0,1.0,0.0,11.0,11.0,11.0,,,,,,55,B,7.0,43.0,74.0,False,0.9946006749156356,3
1.0,35.0,80.0,4,4,1.0,1.0,1.0,0.0,11.0,11.0,11.0,,,,,,56,B,7.0,38.0,78.0,False,0.9549381443298968,3
1.0,13.0,90.0,4,4,1.0,1.0,1.0,0.0,12.0,6.0,12.0,,,,,,57,B,8.0,48.0,69.0,False,0.9392947368421052,3
1.0,15.0,81.0,4,4,0.9175,1.0,1.0,0.0,9.0,6.0,12.0,,,,,,58,B,8.0,46.0,79.0,False,0.9222991967871486,3
1.0,62.0,80.0,4,4,0.9675,1.0,1.0,0.0,12.0,6.0,12.0,,,,,,59,B,8.0,53.0,75.0,False,0.916956077630235,3
1.0,79.0,354.0,4,4,0.2937499999999999,0.23,0.42,0.0,14.0,14.0,14.0,354.0,294.0,0.1791496598639456,0.235,0.8766666666666666,0,BAND,10.0,41.0,68.0,False,0.8033028919330288,3
1.0,63.0,149.0,4,4,0.3512499999999999,0.4099999999999999,0.4099999999999999,0.0,14.0,14.0,14.0,149.0,136.0,0.2543382352941177,0.2663758389261745,,1,BAND,10.0,48.0,80.0,False,0.8908698999230177,3
1.0,40.0,389.0,4,4,0.37625,0.4099999999999999,0.4099999999999999,0.0,12.0,12.0,12.0,382.0,340.0,0.1572941176470588,0.2119895287958115,0.5752631578947369,2,BAND,8.0,51.0,79.0,False,0.8921149897330596,3
1.0,67.0,429.0,4,4,0.2925,0.2799999999999999,0.4199999999999999,0.0,13.0,13.0,13.0,428.0,260.0,0.277,0.4115654205607477,0.6266666666666666,3,BAND,9.0,43.0,65.0,False,0.853772504091653,3
1.0,60.0,287.0,4,4,0.34375,0.37,0.4499999999999999,0.0,15.0,15.0,15.0,287.0,197.0,0.2809644670050762,0.4004878048780488,,4,BAND,11.0,39.0,76.0,False,0.8569452662721895,3
1.0,49.0,298.0,4,4,0.3874999999999999,0.4099999999999999,0.4099999999999999,0.0,12.0,12.0,12.0,293.0,261.0,0.1698467432950192,0.1841979522184301,0.605,5,BAND,8.0,45.0,75.0,False,0.9334164070612668,3
0.0,,9.0,4,4,0.3149999999999999,0.3149999999999999,0.4099999999999999,0.0,12.0,12.0,12.0,,,,,,6,BAND,8.0,43.0,73.0,False,0.9064605137963844,3
0.0,,18.0,4,4,0.2937499999999999,0.2849999999999999,0.42,0.0,13.0,13.0,13.0,3.0,3.0,1.0,1.0,,7,BAND,9.0,47.0,77.0,False,0.8713327948303716,3
1.0,70.0,138.0,4,4,0.3299999999999999,0.3249999999999999,0.4499999999999999,0.0,16.0,16.0,16.0,138.0,128.0,0.213515625,0.2189855072463768,,8,BAND,12.0,54.0,80.0,False,0.7659854014598542,3
1.0,87.0,292.0,4,4,0.355,0.365,0.42,0.0,12.0,12.0,12.0,292.0,187.0,0.3272727272727273,0.5082534246575343,0.5630000000000001,9,BAND,8.0,44.0,74.0,False,0.9487772925764192,3
0.0,,8.0,4,4,0.3274999999999999,0.3349999999999999,0.4099999999999999,0.0,14.0,14.0,14.0,,,,,,10,BAND,10.0,38.0,71.0,False,0.9069135802469136,3
1.0,78.0,285.0,4,4,0.3662499999999999,0.4099999999999999,0.4199999999999999,0.0,14.0,14.0,14.0,285.0,231.0,0.1733766233766233,0.2133684210526316,0.0025,11,BAND,10.0,36.0,67.0,False,0.858019145802651,3
1.0,72.0,231.0,4,4,0.4225,0.4199999999999999,0.44,0.0,14.0,14.0,14.0,231.0,206.0,0.2793203883495146,0.3304761904761905,,12,BAND,10.0,43.0,70.0,False,0.8763052543786489,3
1.0,46.0,291.0,4,4,0.3162499999999999,0.3099999999999999,0.4199999999999999,0.0,12.0,12.0,12.0,285.0,216.0,0.2460185185185185,0.2892280701754386,0.5599999999999999,13,BAND,8.0,48.0,70.0,False,0.8937537537537537,3
1.0,56.0,414.0,4,4,0.3249999999999999,0.3099999999999999,0.43,0.0,13.0,13.0,13.0,413.0,292.0,0.125,0.2580629539951574,0.6243478260869566,14,BAND,9.0,58.0,77.0,False,0.9253644067796608,3
1.0,108.0,129.0,4,4,0.3549999999999999,0.4099999999999999,0.45,0.0,13.0,13.0,13.0,129.0,112.0,0.2667857142857143,0.3584496124031008,0.3600000000000001,15,BAND,9.0,43.0,78.0,False,0.9047416137805984,3
1.0,53.0,409.0,4,4,0.3387499999999999,0.3649999999999999,0.42,0.0,12.0,12.0,12.0,404.0,271.0,0.2190405904059041,0.3390594059405941,0.7205000000000001,16,BAND,8.0,49.0,82.0,False,0.9186105263157897,3
1.0,90.0,222.0,4,4,0.3225,0.3149999999999999,0.44,0.0,14.0,14.0,14.0,222.0,196.0,0.2110204081632654,0.2330180180180182,0.4200000000000009,17,BAND,10.0,64.0,77.0,False,0.841467958271237,3
1.0,83.0,379.0,4,4,0.25625,0.24,0.32,0.0,12.0,12.0,12.0,379.0,276.0,0.2428623188405797,0.2894195250659631,0.2887499999999999,18,BAND,8.0,51.0,76.0,False,0.9401556420233464,3
1.0,47.0,232.0,4,4,0.3675,0.42,0.42,0.0,12.0,12.0,12.0,226.0,217.0,0.2230414746543779,0.2256194690265487,,19,BAND,8.0,55.0,71.0,False,0.9363333333333336,3
0.0,,8.0,4,4,0.3662499999999999,0.4099999999999999,0.4600000000000001,0.0,14.0,14.0,14.0,,,,,,20,BAND,10.0,47.0,76.0,False,0.8600302343159486,3
1.0,66.0,250.0,4,4,0.34875,0.37,0.43,0.0,12.0,12.0,12.0,249.0,200.0,0.2523500000000001,0.3744979919678715,,21,BAND,8.0,51.0,73.0,False,0.9142458677685952,3
0.0,,10.0,4,4,0.3112499999999999,0.3199999999999999,0.4099999999999999,0.0,12.0,12.0,12.0,,,,,,22,BAND,8.0,41.0,78.0,False,0.8776185458377239,3
1.0,114.0,150.0,4,4,0.3637499999999999,0.3799999999999999,0.4300000000000001,0.0,12.0,12.0,12.0,150.0,150.0,0.2604666666666667,0.2604666666666667,,23,BAND,8.0,58.0,83.0,False,0.9088116817724068,3
0.0,,9.0,4,4,0.3762499999999999,0.4099999999999999,0.4399999999999999,0.0,14.0,14.0,14.0,,,,,,24,BAND,10.0,39.0,74.0,False,0.8433309709425938,3
1.0,83.0,314.0,4,4,0.3037499999999999,0.3099999999999999,0.4099999999999999,0.0,14.0,14.0,14.0,314.0,243.0,0.1822222222222222,0.2640127388535032,0.6147368421052631,25,BAND,10.0,50.0,74.0,False,0.8881096275474349,3
1.0,80.0,102.0,4,4,0.26375,0.235,0.3400000000000001,0.0,14.0,14.0,14.0,102.0,95.0,0.2647368421052632,0.2725490196078432,,26,BAND,10.0,41.0,74.0,False,0.839607535321821,3
1.0,69.0,201.0,4,4,0.32375,0.3199999999999999,0.43,0.0,12.0,12.0,12.0,201.0,162.0,0.2478395061728395,0.2738308457711443,0.5872727272727273,27,BAND,8.0,42.0,71.0,False,0.9097807435653,3
1.0,54.0,411.0,4,4,0.3774999999999999,0.4199999999999999,0.46,0.0,13.0,13.0,13.0,406.0,254.0,0.2207874015748032,0.3781527093596058,,28,BAND,9.0,52.0,76.0,False,0.8786654135338346,3
0.0,,20.0,4,4,0.285,0.2749999999999999,0.4199999999999999,0.0,13.0,13.0,13.0,1.0,1.0,1.0,1.0,,29,BAND,9.0,63.0,84.0,False,0.8598373983739837,3
0.0,,9.0,4,4,0.3525,0.39,0.45,0.0,14.0,14.0,14.0,,,,,,30,BAND,10.0,54.0,70.0,False,0.8284554597701149,3
1.0,59.0,383.0,4,4,0.29625,0.285,0.42,0.0,13.0,13.0,13.0,383.0,354.0,0.1733050847457627,0.2303655352480418,0.1399999999999999,31,BAND,9.0,44.0,68.0,False,0.8925469168900804,3
1.0,69.0,405.0,4,4,0.3974999999999999,0.42,0.43,0.0,12.0,12.0,12.0,404.0,246.0,0.1707723577235772,0.3484900990099009,0.5467857142857143,32,BAND,8.0,43.0,74.0,False,0.9177017364657816,3
1.0,77.0,353.0,4,4,0.31875,0.33,0.43,0.0,13.0,13.0,13.0,353.0,226.0,0.3223893805309734,0.3930311614730878,0.5733333333333334,33,BAND,9.0,58.0,82.0,False,0.8956797853309482,3
1.0,52.0,389.0,4,4,0.3099999999999999,0.3199999999999999,0.42,0.0,15.0,15.0,15.0,389.0,354.0,0.1615819209039548,0.2231876606683805,0.4300000000000006,34,BAND,11.0,48.0,77.0,False,0.8173577552611069,3
1.0,69.0,293.0,4,4,0.28125,0.2299999999999999,0.42,0.0,12.0,12.0,12.0,293.0,218.0,0.241697247706422,0.3194539249146758,,35,BAND,8.0,46.0,78.0,False,0.940674778761062,3
1.0,90.0,191.0,4,4,0.3399999999999999,0.3199999999999999,0.4199999999999999,0.0,13.0,13.0,13.0,190.0,144.0,0.2425694444444445,0.2188947368421052,0.2655555555555555,36,BAND,9.0,46.0,74.0,False,0.8349957662997459,3
1.0,71.0,410.0,4,4,0.325,0.3099999999999999,0.4400000000000001,0.0,13.0,13.0,13.0,407.0,159.0,0.3439622641509434,0.5194348894348895,0.5508333333333335,37,BAND,9.0,46.0,74.0,False,0.837263986013986,3
1.0,129.0,200.0,4,4,0.3112499999999999,0.3199999999999999,0.4299999999999999,0.0,13.0,13.0,13.0,200.0,136.0,0.4762500000000003,0.4413500000000002,0.4700000000000005,38,BAND,9.0,52.0,72.0,False,0.9045948522402288,3
1.0,76.0,402.0,4,4,0.365,0.4099999999999999,0.42,0.0,13.0,13.0,13.0,402.0,239.0,0.3290376569037657,0.4280348258706468,0.6986666666666668,39,BAND,9.0,50.0,84.0,False,0.9162362362362362,3
1.0,56.0,189.0,4,4,0.32125,0.3349999999999999,0.3500000000000001,0.0,14.0,14.0,14.0,181.0,181.0,0.2418232044198895,0.2418232044198895,,40,BAND,10.0,42.0,77.0,False,0.8518275154004107,3
1.0,69.0,304.0,4,4,0.3199999999999999,0.3099999999999999,0.44,0.0,14.0,14.0,14.0,304.0,261.0,0.196551724137931,0.2473026315789473,0.04,41,BAND,10.0,48.0,77.0,False,0.8607877813504823,3
1.0,60.0,408.0,4,4,0.32375,0.3299999999999999,0.4299999999999999,0.0,14.0,14.0,14.0,405.0,193.0,0.2260103626943006,0.3083209876543211,0.4163636363636364,42,BAND,10.0,42.0,76.0,False,0.8952252252252253,3
1.0,70.0,263.0,4,4,0.3562499999999999,0.37,0.4299999999999999,0.0,13.0,13.0,13.0,263.0,236.0,0.1752542372881355,0.2567300380228137,,43,BAND,9.0,49.0,76.0,False,0.8908508845829823,3
1.0,103.0,369.0,4,4,0.3299999999999999,0.3099999999999999,0.42,0.0,13.0,13.0,13.0,368.0,253.0,0.2381422924901186,0.3164402173913044,0.3900000000000002,44,BAND,9.0,59.0,80.0,False,0.8235132662397072,3
0.0,,18.0,4,4,0.32875,0.3299999999999999,0.42,0.0,12.0,12.0,12.0,3.0,3.0,1.0,1.0,,45,BAND,8.0,64.0,74.0,False,0.8721311475409835,3
1.0,78.0,297.0,4,4,0.3674999999999999,0.43,0.4499999999999999,0.0,13.0,13.0,13.0,297.0,183.0,0.2587978142076503,0.3381818181818183,0.2894444444444446,46,BAND,9.0,44.0,68.0,False,0.901510096575944,3
0.0,,14.0,4,4,0.2812499999999999,0.3099999999999999,0.3299999999999999,0.0,14.0,14.0,14.0,4.0,4.0,1.0,1.0,,47,BAND,10.0,60.0,80.0,False,0.8621433796634966,3
1.0,50.0,289.0,4,4,0.3249999999999999,0.3199999999999999,0.4499999999999999,0.0,14.0,14.0,14.0,288.0,232.0,0.1732758620689655,0.2491319444444445,0.462,48,BAND,10.0,39.0,69.0,False,0.8422559171597633,3
1.0,100.0,253.0,4,4,0.41125,0.435,0.44,0.0,14.0,14.0,14.0,253.0,196.0,0.2791836734693879,0.3836363636363638,0.3966666666666668,49,BAND,10.0,50.0,76.0,False,0.8598333333333333,3
0.0,,8.0,4,4,0.3175,0.3099999999999999,0.44,0.0,14.0,14.0,14.0,,,,,,50,BAND,10.0,42.0,75.0,False,0.8382015503875969,3
1.0,67.0,128.0,4,4,0.365,0.3849999999999999,0.44,0.0,14.0,14.0,14.0,128.0,122.0,0.2605737704918033,0.28875,1.0,51,BAND,10.0,55.0,75.0,False,0.8904555984555984,3
0.0,,8.0,4,4,0.30125,0.28,0.42,0.0,14.0,14.0,14.0,,,,,,52,BAND,10.0,49.0,77.0,False,0.8969802371541502,3
1.0,62.0,265.0,4,4,0.3412499999999999,0.335,0.4399999999999999,0.0,15.0,15.0,15.0,265.0,182.0,0.2826923076923077,0.3908679245283019,0.4609523809523809,53,BAND,11.0,41.0,61.0,False,0.8124430379746834,3
0.0,,15.0,4,4,0.3699999999999999,0.4099999999999999,0.43,0.0,14.0,14.0,14.0,,,,,,54,BAND,10.0,42.0,69.0,False,0.8218350668647846,3
1.0,61.0,402.0,4,4,0.2425,0.2149999999999999,0.33,0.0,13.0,13.0,13.0,400.0,240.0,0.243625,0.345825,0.3375000000000006,55,BAND,9.0,43.0,74.0,False,0.920503089143866,3
0.0,,9.0,4,4,0.3099999999999999,0.3099999999999999,0.3099999999999999,0.0,12.0,12.0,12.0,1.0,1.0,1.0,1.0,,56,BAND,8.0,38.0,78.0,False,0.9335395814376708,3
1.0,91.0,401.0,4,4,0.3249999999999999,0.3399999999999999,0.4099999999999999,0.0,12.0,12.0,12.0,401.0,241.0,0.2400829875518672,0.381072319201995,,57,BAND,8.0,48.0,69.0,False,0.9392947368421052,3
1.0,78.0,153.0,4,4,0.3824999999999999,0.4099999999999999,0.4299999999999999,0.0,13.0,13.0,13.0,153.0,143.0,0.2294405594405594,0.2489542483660131,0.655,58,BAND,9.0,46.0,79.0,False,0.8867424931756142,3
1.0,78.0,98.0,4,4,0.3275,0.3299999999999999,0.43,0.0,12.0,12.0,12.0,98.0,88.0,0.3531818181818183,0.3920408163265307,1.0,59,BAND,8.0,53.0,75.0,False,0.916956077630235,3
0.0,,9.0,4,4,0.3099999999999999,0.3099999999999999,0.4099999999999999,0.0,14.0,14.0,14.0,,,,,,0,BAND_MIX_F,10.0,41.0,68.0,False,0.8033028919330288,3
1.0,95.0,228.0,4,4,0.2649999999999999,0.2199999999999999,0.4099999999999999,0.0,14.0,14.0,14.0,228.0,187.0,0.2531016042780749,0.3100877192982456,,1,BAND_MIX_F,10.0,48.0,80.0,False,0.8908698999230177,3
1.0,96.0,402.0,4,4,0.3899999999999999,0.4099999999999999,0.4199999999999999,0.0,12.0,12.0,12.0,402.0,306.0,0.2132352941176471,0.3166417910447762,0.595,2,BAND_MIX_F,8.0,51.0,79.0,False,0.8921149897330596,3
0.0,,14.0,4,4,0.3074999999999999,0.3249999999999999,0.3399999999999999,0.0,13.0,13.0,13.0,,,,,,3,BAND_MIX_F,9.0,43.0,65.0,False,0.853772504091653,3
1.0,63.0,316.0,4,4,0.325,0.325,0.42,0.0,15.0,15.0,15.0,316.0,204.0,0.2708333333333334,0.3019620253164558,0.41,4,BAND_MIX_F,11.0,39.0,76.0,False,0.8569452662721895,3
1.0,32.0,401.0,4,4,0.3874999999999999,0.4099999999999999,0.4099999999999999,0.0,12.0,12.0,12.0,393.0,287.0,0.2179790940766551,0.3599745547073792,0.8100000000000005,5,BAND_MIX_F,8.0,45.0,75.0,False,0.9334164070612668,3
0.0,,8.0,4,4,0.3149999999999999,0.3149999999999999,0.4099999999999999,0.0,12.0,12.0,12.0,,,,,,6,BAND_MIX_F,8.0,43.0,73.0,False,0.9064605137963844,3
1.0,72.0,248.0,4,4,0.3075,0.2849999999999999,0.42,0.0,13.0,13.0,13.0,248.0,184.0,0.2973913043478261,0.4581854838709678,0.986,7,BAND_MIX_F,9.0,47.0,77.0,False,0.8713327948303716,3
1.0,66.0,403.0,4,4,0.3099999999999999,0.3349999999999999,0.35,0.0,16.0,16.0,16.0,402.0,225.0,0.2302666666666666,0.3996268656716418,0.7228571428571428,8,BAND_MIX_F,12.0,54.0,80.0,False,0.7659854014598542,3
1.0,41.0,365.0,4,4,0.3924999999999999,0.4149999999999999,0.42,0.0,12.0,12.0,12.0,357.0,285.0,0.2031578947368422,0.2548179271708684,,9,BAND_MIX_F,8.0,44.0,74.0,False,0.9487772925764192,3
1.0,71.0,113.0,4,4,0.3674999999999999,0.3599999999999999,0.44,0.0,14.0,14.0,14.0,113.0,109.0,0.2394495412844037,0.2367256637168142,,10,BAND_MIX_F,10.0,38.0,71.0,False,0.9069135802469136,3
0.0,,8.0,4,4,0.3424999999999999,0.3599999999999999,0.4099999999999999,0.0,14.0,14.0,14.0,,,,,,11,BAND_MIX_F,10.0,36.0,67.0,False,0.858019145802651,3
1.0,62.0,406.0,4,4,0.4224999999999999,0.4199999999999999,0.4399999999999999,0.0,14.0,14.0,14.0,405.0,200.0,0.2763500000000001,0.3956543209876543,0.2800000000000002,12,BAND_MIX_F,10.0,43.0,70.0,False,0.8763052543786489,3
1.0,56.0,420.0,4,4,0.3974999999999999,0.4199999999999999,0.44,0.0,12.0,12.0,12.0,413.0,288.0,0.2217708333333334,0.4157869249394674,0.805,13,BAND_MIX_F,8.0,48.0,70.0,False,0.8937537537537537,3
1.0,110.0,400.0,4,4,0.3349999999999999,0.3099999999999999,0.4099999999999999,0.0,13.0,13.0,13.0,400.0,279.0,0.2205017921146954,0.30855,,14,BAND_MIX_F,9.0,58.0,77.0,False,0.9253644067796608,3
1.0,56.0,265.0,4,4,0.3874999999999999,0.4099999999999999,0.42,0.0,13.0,13.0,13.0,264.0,160.0,0.2610625000000001,0.361780303030303,,15,BAND_MIX_F,9.0,43.0,78.0,False,0.9047416137805984,3
1.0,53.0,406.0,4,4,0.3399999999999999,0.3649999999999999,0.42,0.0,12.0,12.0,12.0,399.0,224.0,0.2318303571428571,0.4000250626566416,0.028,16,BAND_MIX_F,8.0,49.0,82.0,False,0.9186105263157897,3
1.0,58.0,378.0,4,4,0.2975,0.2699999999999999,0.4299999999999999,0.0,14.0,14.0,14.0,376.0,322.0,0.1954037267080745,0.2722872340425532,,17,BAND_MIX_F,10.0,64.0,77.0,False,0.841467958271237,3
0.0,,9.0,4,4,0.2249999999999999,0.2249999999999999,0.24,0.0,12.0,12.0,12.0,,,,,,18,BAND_MIX_F,8.0,51.0,76.0,False,0.9401556420233464,3
1.0,63.0,114.0,4,4,0.365,0.4149999999999999,0.42,0.0,12.0,12.0,12.0,114.0,96.0,0.4138541666666668,0.4667543859649125,0.6400000000000008,19,BAND_MIX_F,8.0,55.0,71.0,False,0.9363333333333336,3
1.0,67.0,401.0,4,4,0.3724999999999999,0.4099999999999999,0.4600000000000001,0.0,14.0,14.0,14.0,396.0,269.0,0.2261338289962825,0.3031565656565657,0.823125,20,BAND_MIX_F,10.0,47.0,76.0,False,0.8600302343159486,3
1.0,71.0,284.0,4,4,0.3974999999999999,0.4199999999999999,0.44,0.0,12.0,12.0,12.0,284.0,207.0,0.3144927536231884,0.3546830985915493,0.6023076923076923,21,BAND_MIX_F,8.0,51.0,73.0,False,0.9142458677685952,3
1.0,66.0,199.0,4,4,0.3025,0.285,0.42,0.0,12.0,12.0,12.0,198.0,190.0,0.2356842105263158,0.2552020202020202,,22,BAND_MIX_F,8.0,41.0,78.0,False,0.8776185458377239,3
0.0,,20.0,4,4,0.3724999999999999,0.3799999999999999,0.4099999999999999,0.0,12.0,12.0,12.0,,,,,,23,BAND_MIX_F,8.0,58.0,83.0,False,0.9088116817724068,3
1.0,48.0,248.0,4,4,0.3674999999999999,0.3599999999999999,0.4399999999999999,0.0,14.0,14.0,14.0,244.0,234.0,0.1778205128205128,0.205,,24,BAND_MIX_F,10.0,39.0,74.0,False,0.8433309709425938,3
1.0,58.0,165.0,4,4,0.3374999999999999,0.3599999999999999,0.4099999999999999,0.0,14.0,14.0,14.0,164.0,160.0,0.2114375,0.2160365853658537,,25,BAND_MIX_F,10.0,50.0,74.0,False,0.8881096275474349,3
1.0,88.0,244.0,4,4,0.305,0.3199999999999999,0.3400000000000001,0.0,14.0,14.0,14.0,243.0,202.0,0.2552475247524752,0.3289300411522634,0.99,26,BAND_MIX_F,10.0,41.0,74.0,False,0.839607535321821,3
1.0,75.0,197.0,4,4,0.32,0.3149999999999999,0.43,0.0,12.0,12.0,12.0,197.0,157.0,0.248407643312102,0.3649238578680204,,27,BAND_MIX_F,8.0,42.0,71.0,False,0.9097807435653,3
1.0,78.0,198.0,4,4,0.3724999999999999,0.3799999999999999,0.4199999999999999,0.0,13.0,13.0,13.0,198.0,163.0,0.2407975460122699,0.2811616161616162,,28,BAND_MIX_F,9.0,52.0,76.0,False,0.8786654135338346,3
1.0,59.0,325.0,4,4,0.2975,0.275,0.43,0.0,13.0,13.0,13.0,320.0,241.0,0.1554771784232365,0.19446875,0.1549999999999999,29,BAND_MIX_F,9.0,63.0,84.0,False,0.8598373983739837,3
1.0,76.0,247.0,4,4,0.3524999999999999,0.3649999999999999,0.4199999999999999,0.0,14.0,14.0,14.0,246.0,246.0,0.1589024390243902,0.1589024390243902,,30,BAND_MIX_F,10.0,54.0,70.0,False,0.8284554597701149,3
0.0,,17.0,4,4,0.285,0.285,0.35,0.0,13.0,13.0,13.0,5.0,5.0,1.0,1.0,,31,BAND_MIX_F,9.0,44.0,68.0,False,0.8925469168900804,3
1.0,42.0,414.0,4,4,0.37,0.415,0.42,0.0,12.0,12.0,12.0,406.0,261.0,0.2569348659003831,0.3991133004926109,0.5135714285714287,32,BAND_MIX_F,8.0,43.0,74.0,False,0.9177017364657816,3
0.0,,11.0,4,4,0.305,0.325,0.3500000000000001,0.0,13.0,13.0,13.0,,,,,,33,BAND_MIX_F,9.0,58.0,82.0,False,0.8956797853309482,3
1.0,46.0,234.0,4,4,0.3199999999999999,0.3199999999999999,0.42,0.0,15.0,15.0,15.0,228.0,218.0,0.2127522935779817,0.239780701754386,,34,BAND_MIX_F,11.0,48.0,77.0,False,0.8173577552611069,3
1.0,126.0,209.0,4,4,0.2149999999999999,0.2099999999999999,0.2299999999999999,0.0,12.0,12.0,12.0,209.0,157.0,0.1168789808917197,0.1573205741626794,0.2866666666666668,35,BAND_MIX_F,8.0,46.0,78.0,False,0.940674778761062,3
0.0,,12.0,4,4,0.3699999999999999,0.4199999999999999,0.4199999999999999,0.0,13.0,13.0,13.0,,,,,,36,BAND_MIX_F,9.0,46.0,74.0,False,0.8349957662997459,3
0.0,,11.0,4,4,0.2949999999999999,0.3099999999999999,0.3199999999999999,0.0,13.0,13.0,13.0,2.0,2.0,1.0,1.0,,37,BAND_MIX_F,9.0,46.0,74.0,False,0.837263986013986,3
0.0,,8.0,4,4,0.2975,0.2799999999999999,0.4099999999999999,0.0,13.0,13.0,13.0,,,,,,38,BAND_MIX_F,9.0,52.0,72.0,False,0.9045948522402288,3
1.0,48.0,295.0,4,4,0.3874999999999999,0.4099999999999999,0.4099999999999999,0.0,13.0,13.0,13.0,289.0,267.0,0.141123595505618,0.1641522491349481,1.0,39,BAND_MIX_F,9.0,50.0,84.0,False,0.9162362362362362,3
0.0,,14.0,4,4,0.38,0.4199999999999999,0.4400000000000001,0.0,14.0,14.0,14.0,,,,,,40,BAND_MIX_F,10.0,42.0,77.0,False,0.8518275154004107,3
1.0,113.0,138.0,4,4,0.3175,0.3099999999999999,0.44,0.0,14.0,14.0,14.0,137.0,118.0,0.4602542372881357,0.5230656934306571,,41,BAND_MIX_F,10.0,48.0,77.0,False,0.8607877813504823,3
0.0,,8.0,4,4,0.3125,0.29,0.43,0.0,14.0,14.0,14.0,,,,,,42,BAND_MIX_F,10.0,42.0,76.0,False,0.8952252252252253,3
1.0,59.0,406.0,4,4,0.3224999999999999,0.3249999999999999,0.4099999999999999,0.0,13.0,13.0,13.0,405.0,282.0,0.2123404255319149,0.3535308641975309,,43,BAND_MIX_F,9.0,49.0,76.0,False,0.8908508845829823,3
1.0,87.0,188.0,4,4,0.3425,0.365,0.42,0.0,13.0,13.0,13.0,188.0,173.0,0.2094797687861272,0.2164893617021277,0.3000000000000002,44,BAND_MIX_F,9.0,59.0,80.0,False,0.8235132662397072,3
1.0,56.0,301.0,4,4,0.37,0.42,0.42,0.0,12.0,12.0,12.0,297.0,274.0,0.1640510948905109,0.1746801346801347,,45,BAND_MIX_F,8.0,64.0,74.0,False,0.8721311475409835,3
1.0,51.0,412.0,4,4,0.3825,0.385,0.4499999999999999,0.0,13.0,13.0,13.0,404.0,267.0,0.2212359550561798,0.2876980198019802,,46,BAND_MIX_F,9.0,44.0,68.0,False,0.901510096575944,3
0.0,,10.0,4,4,0.2699999999999999,0.2649999999999999,0.3299999999999999,0.0,14.0,14.0,14.0,,,,,,47,BAND_MIX_F,10.0,60.0,80.0,False,0.8621433796634966,3
1.0,59.0,335.0,4,4,0.345,0.3649999999999999,0.4299999999999999,0.0,14.0,14.0,14.0,334.0,271.0,0.2112177121771218,0.2792215568862276,1.0,48,BAND_MIX_F,10.0,39.0,69.0,False,0.8422559171597633,3
1.0,48.0,433.0,4,4,0.4325,0.435,0.44,0.0,14.0,14.0,14.0,425.0,254.0,0.3125196850393702,0.4534823529411765,0.684,49,BAND_MIX_F,10.0,50.0,76.0,False,0.8598333333333333,3
0.0,,8.0,4,4,0.3374999999999999,0.3099999999999999,0.42,0.0,14.0,14.0,14.0,,,,,,50,BAND_MIX_F,10.0,42.0,75.0,False,0.8382015503875969,3
1.0,85.0,188.0,4,4,0.4,0.4149999999999999,0.44,0.0,14.0,14.0,14.0,188.0,130.0,0.5512307692307696,0.5996276595744685,0.3480000000000002,51,BAND_MIX_F,10.0,55.0,75.0,False,0.8904555984555984,3
0.0,,8.0,4,4,0.3525,0.375,0.43,0.0,14.0,14.0,14.0,,,,,,52,BAND_MIX_F,10.0,49.0,77.0,False,0.8969802371541502,3
1.0,65.0,228.0,4,4,0.3525,0.345,0.4600000000000001,0.0,15.0,15.0,15.0,227.0,132.0,0.3134090909090909,0.462511013215859,0.5641176470588235,53,BAND_MIX_F,11.0,41.0,61.0,False,0.8124430379746834,3
1.0,70.0,350.0,4,4,0.2925,0.3099999999999999,0.3399999999999999,0.0,14.0,14.0,14.0,348.0,313.0,0.2015974440894569,0.2372701149425287,0.669,54,BAND_MIX_F,10.0,42.0,69.0,False,0.8218350668647846,3
1.0,64.0,202.0,4,4,0.2725,0.275,0.33,0.0,13.0,13.0,13.0,202.0,161.0,0.2755900621118013,0.3647524752475248,0.1550000000000001,55,BAND_MIX_F,9.0,43.0,74.0,False,0.920503089143866,3
1.0,52.0,415.0,4,4,0.3099999999999999,0.3099999999999999,0.3099999999999999,0.0,12.0,12.0,12.0,410.0,232.0,0.2578017241379311,0.4283170731707317,0.5016666666666666,56,BAND_MIX_F,8.0,38.0,78.0,False,0.9335395814376708,3
1.0,74.0,304.0,4,4,0.3474999999999999,0.3749999999999999,0.4099999999999999,0.0,12.0,12.0,12.0,304.0,259.0,0.1836679536679537,0.232796052631579,0.744,57,BAND_MIX_F,8.0,48.0,69.0,False,0.9392947368421052,3
1.0,51.0,126.0,4,4,0.3249999999999999,0.3249999999999999,0.4299999999999999,0.0,13.0,13.0,13.0,119.0,108.0,0.2423148148148148,0.2331932773109244,,58,BAND_MIX_F,9.0,46.0,79.0,False,0.8867424931756142,3
0.0,,15.0,4,4,0.3474999999999999,0.3749999999999999,0.43,0.0,12.0,12.0,12.0,7.0,7.0,1.0,1.0,,59,BAND_MIX_F,8.0,53.0,75.0,False,0.916956077630235,3
1.0,14.0,213.0,4,4,0.3225,0.325,0.4099999999999999,0.0,14.0,14.0,14.0,205.0,161.0,0.2187577639751553,0.3433170731707317,0.73,0,BAND_MIX_M,10.0,41.0,68.0,False,0.8033028919330288,3
1.0,31.0,410.0,4,4,0.3124999999999999,0.3149999999999999,0.4099999999999999,0.0,14.0,14.0,14.0,403.0,330.0,0.1876969696969697,0.305136476426799,0.4300000000000002,1,BAND_MIX_M,10.0,48.0,80.0,False,0.8908698999230177,3
1.0,26.0,407.0,4,4,0.3649999999999999,0.3649999999999999,0.4099999999999999,0.0,12.0,12.0,12.0,399.0,231.0,0.2693939393939394,0.3967919799498747,0.5612903225806453,2,BAND_MIX_M,8.0,51.0,79.0,False,0.8921149897330596,3
1.0,28.0,355.0,4,4,0.3025,0.28,0.4199999999999999,0.0,13.0,13.0,13.0,347.0,288.0,0.2137847222222222,0.2792507204610952,1.0,3,BAND_MIX_M,9.0,43.0,65.0,False,0.853772504091653,3
1.0,48.0,327.0,4,4,0.3475,0.37,0.42,0.0,15.0,15.0,15.0,321.0,285.0,0.2088771929824562,0.2744859813084112,0.7380000000000001,4,BAND_MIX_M,11.0,39.0,76.0,False,0.8569452662721895,3
1.0,25.0,400.0,4,4,0.3874999999999999,0.4099999999999999,0.4099999999999999,0.0,12.0,12.0,12.0,392.0,281.0,0.2958362989323844,0.4020663265306123,0.6625000000000001,5,BAND_MIX_M,8.0,45.0,75.0,False,0.9334164070612668,3
0.0,,8.0,4,4,0.3149999999999999,0.3149999999999999,0.4099999999999999,0.0,12.0,12.0,12.0,,,,,,6,BAND_MIX_M,8.0,43.0,73.0,False,0.9064605137963844,3
1.0,69.0,305.0,4,4,0.28,0.2799999999999999,0.3500000000000001,0.0,13.0,13.0,13.0,305.0,233.0,0.1771244635193133,0.2514098360655737,,7,BAND_MIX_M,9.0,47.0,77.0,False,0.8713327948303716,3
1.0,32.0,362.0,4,4,0.2925,0.3099999999999999,0.3099999999999999,0.0,16.0,16.0,16.0,354.0,308.0,0.1827922077922078,0.2506779661016949,,8,BAND_MIX_M,12.0,54.0,80.0,False,0.7659854014598542,3
1.0,48.0,345.0,4,4,0.3399999999999999,0.365,0.4099999999999999,0.0,12.0,12.0,12.0,337.0,290.0,0.1871724137931035,0.2282492581602374,,9,BAND_MIX_M,8.0,44.0,74.0,False,0.9487772925764192,3
1.0,25.0,285.0,4,4,0.4099999999999999,0.4099999999999999,0.4099999999999999,0.0,14.0,14.0,14.0,277.0,258.0,0.139031007751938,0.1521660649819494,,10,BAND_MIX_M,10.0,38.0,71.0,False,0.9069135802469136,3
0.0,,8.0,4,4,0.3874999999999999,0.4099999999999999,0.4199999999999999,0.0,14.0,14.0,14.0,,,,,,11,BAND_MIX_M,10.0,36.0,67.0,False,0.858019145802651,3
1.0,23.0,95.0,4,4,0.3674999999999999,0.4149999999999999,0.4199999999999999,0.0,14.0,14.0,14.0,87.0,85.0,0.2744705882352942,0.2752873563218391,,12,BAND_MIX_M,10.0,43.0,70.0,False,0.8763052543786489,3
1.0,33.0,207.0,4,4,0.2349999999999999,0.2099999999999999,0.3099999999999999,0.0,12.0,12.0,12.0,199.0,137.0,0.2826277372262776,0.3617587939698494,0.9066666666666672,13,BAND_MIX_M,8.0,48.0,70.0,False,0.8937537537537537,3
1.0,32.0,188.0,4,4,0.3149999999999999,0.32,0.4099999999999999,0.0,13.0,13.0,13.0,180.0,162.0,0.2806172839506173,0.3104444444444445,0.88,14,BAND_MIX_M,9.0,58.0,77.0,False,0.9253644067796608,3
1.0,34.0,191.0,4,4,0.3175,0.3149999999999999,0.42,0.0,13.0,13.0,13.0,183.0,109.0,0.4424770642201835,0.5737158469945356,0.7693333333333336,15,BAND_MIX_M,9.0,43.0,78.0,False,0.9047416137805984,3
1.0,34.0,410.0,4,4,0.2649999999999999,0.2649999999999999,0.3199999999999999,0.0,12.0,12.0,12.0,402.0,294.0,0.1584353741496598,0.2666915422885572,0.92875,16,BAND_MIX_M,8.0,49.0,82.0,False,0.9186105263157897,3
1.0,63.0,203.0,4,4,0.345,0.3599999999999999,0.4299999999999999,0.0,14.0,14.0,14.0,203.0,141.0,0.3686524822695037,0.4345320197044336,0.3800000000000001,17,BAND_MIX_M,10.0,64.0,77.0,False,0.841467958271237,3
1.0,120.0,264.0,4,4,0.2424999999999999,0.2249999999999999,0.3099999999999999,0.0,12.0,12.0,12.0,264.0,181.0,0.3345303867403315,0.360189393939394,0.4781818181818182,18,BAND_MIX_M,8.0,51.0,76.0,False,0.9401556420233464,3
1.0,19.0,247.0,4,4,0.3149999999999999,0.3149999999999999,0.42,0.0,12.0,12.0,12.0,239.0,165.0,0.2587272727272727,0.3099581589958159,0.7533333333333334,19,BAND_MIX_M,8.0,55.0,71.0,False,0.9363333333333336,3
1.0,32.0,301.0,4,4,0.3649999999999999,0.3749999999999999,0.45,0.0,14.0,14.0,14.0,293.0,166.0,0.367710843373494,0.5849829351535837,0.95125,20,BAND_MIX_M,10.0,47.0,76.0,False,0.8600302343159486,3
1.0,44.0,230.0,4,4,0.3899999999999999,0.4099999999999999,0.43,0.0,12.0,12.0,12.0,223.0,213.0,0.1626760563380282,0.1768609865470852,,21,BAND_MIX_M,8.0,51.0,73.0,False,0.9142458677685952,3
1.0,40.0,389.0,4,4,0.3274999999999999,0.3299999999999999,0.4099999999999999,0.0,12.0,12.0,12.0,382.0,312.0,0.2811217948717949,0.336413612565445,0.3600000000000001,22,BAND_MIX_M,8.0,41.0,78.0,False,0.8776185458377239,3
1.0,53.0,407.0,4,4,0.355,0.3799999999999999,0.4300000000000001,0.0,12.0,12.0,12.0,400.0,261.0,0.3244061302681993,0.42365,0.6589473684210526,23,BAND_MIX_M,8.0,58.0,83.0,False,0.9088116817724068,3
1.0,25.0,394.0,4,4,0.3599999999999999,0.3599999999999999,0.4099999999999999,0.0,14.0,14.0,14.0,387.0,271.0,0.2302583025830258,0.4110852713178294,0.3400000000000001,24,BAND_MIX_M,10.0,39.0,74.0,False,0.8433309709425938,3
0.0,,8.0,4,4,0.2674999999999999,0.2699999999999999,0.3099999999999999,0.0,14.0,14.0,14.0,,,,,,25,BAND_MIX_M,10.0,50.0,74.0,False,0.8881096275474349,3
1.0,63.0,225.0,4,4,0.2224999999999999,0.2249999999999999,0.2299999999999999,0.0,14.0,14.0,14.0,223.0,206.0,0.2253883495145631,0.2408520179372198,,26,BAND_MIX_M,10.0,41.0,74.0,False,0.839607535321821,3
1.0,36.0,246.0,4,4,0.3275,0.3299999999999999,0.43,0.0,12.0,12.0,12.0,238.0,214.0,0.1897663551401869,0.2287394957983193,1.0,27,BAND_MIX_M,8.0,42.0,71.0,False,0.9097807435653,3
1.0,31.0,148.0,4,4,0.2899999999999999,0.3099999999999999,0.32,0.0,13.0,13.0,13.0,140.0,121.0,0.2346280991735537,0.2675714285714287,,28,BAND_MIX_M,9.0,52.0,76.0,False,0.8786654135338346,3
1.0,43.0,190.0,4,4,0.2699999999999999,0.2749999999999999,0.3199999999999999,0.0,13.0,13.0,13.0,182.0,130.0,0.310923076923077,0.4775274725274726,0.6454545454545454,29,BAND_MIX_M,9.0,63.0,84.0,False,0.8598373983739837,3
1.0,60.0,383.0,4,4,0.3675,0.39,0.45,0.0,14.0,14.0,14.0,383.0,298.0,0.1527181208053691,0.1812532637075718,0.6023529411764708,30,BAND_MIX_M,10.0,54.0,70.0,False,0.8284554597701149,3
1.0,42.0,263.0,4,4,0.3075,0.285,0.42,0.0,13.0,13.0,13.0,256.0,232.0,0.1994827586206896,0.2413671875,,31,BAND_MIX_M,9.0,44.0,68.0,False,0.8925469168900804,3
1.0,75.0,358.0,4,4,0.425,0.4299999999999999,0.43,0.0,12.0,12.0,12.0,358.0,290.0,0.1809655172413793,0.3040223463687151,1.0,32,BAND_MIX_M,8.0,43.0,74.0,False,0.9177017364657816,3
0.0,,8.0,4,4,0.2999999999999999,0.2749999999999999,0.43,0.0,13.0,13.0,13.0,,,,,,33,BAND_MIX_M,9.0,58.0,82.0,False,0.8956797853309482,3
1.0,69.0,360.0,4,4,0.29,0.29,0.35,0.0,15.0,15.0,15.0,359.0,244.0,0.312827868852459,0.4405292479108636,0.8000000000000002,34,BAND_MIX_M,11.0,48.0,77.0,False,0.8173577552611069,3
1.0,60.0,263.0,4,4,0.2975,0.2799999999999999,0.42,0.0,12.0,12.0,12.0,261.0,219.0,0.2986757990867581,0.3549425287356322,,35,BAND_MIX_M,8.0,46.0,78.0,False,0.940674778761062,3
1.0,17.0,310.0,4,4,0.345,0.3199999999999999,0.4199999999999999,0.0,13.0,13.0,13.0,302.0,277.0,0.1935740072202166,0.2547019867549669,0.9630769230769232,36,BAND_MIX_M,9.0,46.0,74.0,False,0.8349957662997459,3
0.0,,8.0,4,4,0.305,0.2749999999999999,0.4400000000000001,0.0,13.0,13.0,13.0,,,,,,37,BAND_MIX_M,9.0,46.0,74.0,False,0.837263986013986,3
1.0,48.0,303.0,4,4,0.3249999999999999,0.3199999999999999,0.4299999999999999,0.0,13.0,13.0,13.0,297.0,232.0,0.2525431034482758,0.3389898989898991,0.2920000000000001,38,BAND_MIX_M,9.0,52.0,72.0,False,0.9045948522402288,3
1.0,29.0,404.0,4,4,0.3399999999999999,0.3649999999999999,0.4099999999999999,0.0,13.0,13.0,13.0,396.0,294.0,0.2242857142857142,0.2765404040404041,0.40625,39,BAND_MIX_M,9.0,50.0,84.0,False,0.9162362362362362,3
1.0,65.0,184.0,4,4,0.325,0.3199999999999999,0.35,0.0,14.0,14.0,14.0,184.0,131.0,0.2948854961832062,0.4979891304347826,,40,BAND_MIX_M,10.0,42.0,77.0,False,0.8518275154004107,3
1.0,96.0,302.0,4,4,0.2724999999999999,0.2599999999999999,0.36,0.0,14.0,14.0,14.0,302.0,269.0,0.1868029739776951,0.2368543046357616,,41,BAND_MIX_M,10.0,48.0,77.0,False,0.8607877813504823,3
1.0,42.0,430.0,4,4,0.3775,0.38,0.4299999999999999,0.0,14.0,14.0,14.0,422.0,202.0,0.3436633663366337,0.4885071090047393,,42,BAND_MIX_M,10.0,42.0,76.0,False,0.8952252252252253,3
1.0,13.0,276.0,4,4,0.3924999999999999,0.4149999999999999,0.4299999999999999,0.0,13.0,13.0,13.0,268.0,234.0,0.1638034188034188,0.2521268656716418,0.8883333333333333,43,BAND_MIX_M,9.0,49.0,76.0,False,0.8908508845829823,3
1.0,109.0,417.0,4,4,0.3,0.275,0.43,0.0,13.0,13.0,13.0,417.0,313.0,0.203258785942492,0.3208872901678657,0.4275000000000002,44,BAND_MIX_M,9.0,59.0,80.0,False,0.8235132662397072,3
1.0,54.0,202.0,4,4,0.2875,0.285,0.3399999999999999,0.0,12.0,12.0,12.0,198.0,191.0,0.181413612565445,0.1898484848484849,,45,BAND_MIX_M,8.0,64.0,74.0,False,0.8721311475409835,3
1.0,25.0,188.0,4,4,0.325,0.32,0.4499999999999999,0.0,13.0,13.0,13.0,180.0,141.0,0.2647517730496454,0.3826666666666667,,46,BAND_MIX_M,9.0,44.0,68.0,False,0.901510096575944,3
1.0,72.0,216.0,4,4,0.2699999999999999,0.2649999999999999,0.3299999999999999,0.0,14.0,14.0,14.0,216.0,150.0,0.2981333333333333,0.3322685185185186,0.3125000000000001,47,BAND_MIX_M,10.0,60.0,80.0,False,0.8621433796634966,3
1.0,24.0,415.0,4,4,0.3475,0.3249999999999999,0.43,0.0,14.0,14.0,14.0,407.0,309.0,0.2333656957928803,0.3648402948402948,0.21,48,BAND_MIX_M,10.0,39.0,69.0,False,0.8422559171597633,3
1.0,88.0,410.0,4,4,0.39,0.43,0.44,0.0,14.0,14.0,14.0,410.0,297.0,0.2573400673400673,0.3440243902439024,0.6914285714285714,49,BAND_MIX_M,10.0,50.0,76.0,False,0.8598333333333333,3
1.0,40.0,289.0,4,4,0.2875,0.2599999999999999,0.42,0.0,14.0,14.0,14.0,282.0,213.0,0.2639906103286385,0.368936170212766,0.5700000000000001,50,BAND_MIX_M,10.0,42.0,75.0,False,0.8382015503875969,3
1.0,41.0,267.0,4,4,0.3474999999999999,0.3699999999999999,0.4199999999999999,0.0,14.0,14.0,14.0,260.0,231.0,0.1842424242424243,0.2389615384615384,0.5900000000000004,51,BAND_MIX_M,10.0,55.0,75.0,False,0.8904555984555984,3
1.0,37.0,339.0,4,4,0.3,0.2799999999999999,0.42,0.0,14.0,14.0,14.0,333.0,302.0,0.1686754966887417,0.2017717717717718,,52,BAND_MIX_M,10.0,49.0,77.0,False,0.8969802371541502,3
1.0,136.0,92.0,4,4,0.3025,0.275,0.4399999999999999,0.0,15.0,15.0,15.0,91.0,84.0,0.4157142857142858,0.3989010989010991,,53,BAND_MIX_M,11.0,41.0,61.0,False,0.8124430379746834,3
1.0,44.0,405.0,4,4,0.3399999999999999,0.3099999999999999,0.4299999999999999,0.0,14.0,14.0,14.0,398.0,163.0,0.2429447852760736,0.3591457286432161,0.0839999999999999,54,BAND_MIX_M,10.0,42.0,69.0,False,0.8218350668647846,3
1.0,76.0,343.0,4,4,0.2124999999999999,0.2099999999999999,0.2199999999999999,0.0,13.0,13.0,13.0,340.0,254.0,0.2774803149606299,0.3370588235294118,0.4494117647058824,55,BAND_MIX_M,9.0,43.0,74.0,False,0.920503089143866,3
1.0,57.0,409.0,4,4,0.3374999999999999,0.3099999999999999,0.4199999999999999,0.0,12.0,12.0,12.0,405.0,246.0,0.2682520325203252,0.374716049382716,0.7036363636363636,56,BAND_MIX_M,8.0,38.0,78.0,False,0.9335395814376708,3
0.0,,8.0,4,4,0.3025,0.285,0.4099999999999999,0.0,12.0,12.0,12.0,,,,,,57,BAND_MIX_M,8.0,48.0,69.0,False,0.9392947368421052,3
1.0,23.0,149.0,4,4,0.3925,0.4099999999999999,0.42,0.0,13.0,13.0,13.0,141.0,137.0,0.2214598540145985,0.2247517730496454,,58,BAND_MIX_M,9.0,46.0,79.0,False,0.8867424931756142,3
1.0,48.0,356.0,4,4,0.2724999999999999,0.2699999999999999,0.3399999999999999,0.0,12.0,12.0,12.0,349.0,263.0,0.2163878326996198,0.3026361031518624,0.2800000000000001,59,BAND_MIX_M,8.0,53.0,75.0,False,0.916956077630235,3
0.0,,8.0,4,4,0.07625,0.025,0.2,0.25,57.5,41.0,66.0,,,,,,0,D,72.0,41.0,68.0,False,0.0433550103458468,3
0.0,,8.0,4,4,0.02375,0.02,0.05,0.125,70.0,49.0,77.0,,,,,,1,D,84.0,48.0,80.0,False,0.0481068560840024,3
0.0,,8.0,4,4,0.05375,0.04,0.16,0.0,71.5,13.0,78.0,,,,,,2,D,89.0,51.0,79.0,False,0.0525982060006186,3
0.0,,8.0,4,4,0.05,0.025,0.16,0.375,63.0,56.0,79.0,,,,,,3,D,75.0,43.0,65.0,False,0.0506209453197405,3
0.0,,8.0,4,4,0.04125,0.035,0.1099999999999999,0.25,52.0,24.0,72.0,,,,,,4,D,68.0,39.0,76.0,False,0.0462159090909091,3
0.0,,8.0,4,4,0.0475,0.055,0.09,0.25,65.0,56.0,75.0,,,,,,5,D,79.0,45.0,75.0,False,0.0468317728782845,3
0.0,,8.0,4,4,0.055,0.025,0.18,0.375,62.5,19.0,71.0,,,,,,6,D,75.0,43.0,73.0,False,0.0545876128229069,3
0.0,,8.0,4,4,0.09625,0.08,0.2900000000000001,0.0,71.5,61.0,75.0,,,,,,7,D,82.0,47.0,77.0,False,0.0523406980467499,3
0.0,,8.0,4,4,0.0225,0.02,0.07,0.25,76.0,27.0,79.0,,,,,,8,D,94.0,54.0,80.0,False,0.0490771653543307,3
0.0,,8.0,4,4,0.07375,0.08,0.18,0.125,65.0,63.0,71.0,,,,,,9,D,77.0,44.0,74.0,False,0.0542544416243654,3
0.0,,8.0,4,4,0.02625,0.005,0.15,0.5,52.5,42.0,61.0,,,,,,10,D,66.0,38.0,71.0,False,0.0498457888493475,3
0.0,,8.0,4,4,0.0175,0.01,0.05,0.5,53.0,40.0,61.0,,,,,,11,D,63.0,36.0,67.0,False,0.0503572538055296,3
0.0,,8.0,4,4,0.025,0.02,0.07,0.375,75.5,53.0,79.0,,,,,,12,D,75.0,43.0,70.0,False,0.04492252681764,3
0.0,,8.0,4,4,0.08875,0.0849999999999999,0.23,0.25,73.5,36.0,80.0,,,,,,13,D,84.0,48.0,70.0,False,0.0433587088915956,3
0.0,,8.0,4,4,0.09875,0.065,0.3100000000000001,0.125,62.5,39.0,77.0,,,,,,14,D,102.0,58.0,77.0,False,0.057559224694903,3
0.0,,8.0,4,4,0.04625,0.02,0.21,0.125,66.5,63.0,67.0,,,,,,15,D,75.0,43.0,78.0,False,0.0554383116883117,3
0.0,,8.0,4,4,0.0475,0.015,0.2,0.25,76.5,48.0,80.0,,,,,,16,D,86.0,49.0,82.0,False,0.061136286777139,3
0.0,,8.0,4,4,0.11125,0.06,0.4300000000000002,0.0,56.5,32.0,80.0,,,,,,17,D,112.0,64.0,77.0,False,0.0840196078431372,3
0.0,,8.0,4,4,0.0775,0.015,0.3900000000000002,0.375,76.0,67.0,80.0,,,,,,18,D,89.0,51.0,76.0,False,0.0490266299357208,3
0.0,,8.0,4,4,0.06125,0.04,0.2800000000000001,0.375,66.0,49.0,78.0,,,,,,19,D,96.0,55.0,71.0,False,0.0541394262841894,3
0.0,,8.0,4,4,0.0525,0.015,0.22,0.5,72.5,23.0,79.0,,,,,,20,D,82.0,47.0,76.0,False,0.0459552195405641,3
0.0,,8.0,4,4,0.03,0.02,0.08,0.25,71.0,57.0,79.0,,,,,,21,D,89.0,51.0,73.0,False,0.0476703552708212,3
0.0,,8.0,4,4,0.05125,0.045,0.1399999999999999,0.125,54.5,46.0,76.0,,,,,,22,D,72.0,41.0,78.0,False,0.0470874074074074,3
0.0,,8.0,4,4,0.13375,0.03,0.8000000000000005,0.5,76.0,52.0,80.0,,,,,,23,D,102.0,58.0,83.0,False,0.0532464146023468,3
0.0,,8.0,4,4,0.03125,0.025,0.08,0.125,58.0,47.0,59.0,,,,,,24,D,68.0,39.0,74.0,False,0.0416352908120258,3
0.0,,8.0,4,4,0.0475,0.04,0.1199999999999999,0.25,60.5,31.0,80.0,,,,,,25,D,88.0,50.0,74.0,False,0.0447761627906976,3
0.0,,8.0,4,4,0.03875,0.02,0.16,0.25,58.0,56.0,76.0,,,,,,26,D,72.0,41.0,74.0,False,0.0490739662201514,3
0.0,,8.0,4,4,0.02,0.02,0.04,0.25,64.0,47.0,72.0,,,,,,27,D,74.0,42.0,71.0,False,0.0505497299014935,3
0.0,,8.0,4,4,0.01875,0.005,0.0999999999999999,0.5,68.5,50.0,78.0,,,,,,28,D,91.0,52.0,76.0,False,0.0503129890453834,3
0.0,,10.0,4,4,0.0625,0.045,0.22,0.0,43.5,38.0,77.0,,,,,,29,D,110.0,63.0,84.0,False,0.0708463434675431,3
0.0,,8.0,4,4,0.0325,0.025,0.09,0.125,75.0,65.0,80.0,,,,,,30,D,94.0,54.0,70.0,False,0.0543717105263158,3
0.0,,8.0,4,4,0.03625,0.03,0.08,0.25,65.0,10.0,72.0,,,,,,31,D,77.0,44.0,68.0,False,0.0475535168195718,3
0.0,,8.0,4,4,0.0387499999999999,0.03,0.1199999999999999,0.375,66.0,53.0,73.0,,,,,,32,D,75.0,43.0,74.0,False,0.0482575535347609,3
0.0,,8.0,4,4,0.085,0.025,0.5300000000000007,0.375,60.0,7.0,78.0,,,,,,33,D,102.0,58.0,82.0,False,0.0600300075018754,3
0.0,,8.0,4,4,0.0162499999999999,0.0,0.1099999999999999,0.75,69.0,36.0,80.0,,,,,,34,D,84.0,48.0,77.0,False,0.0517218934911242,3
0.0,,8.0,4,4,0.05375,0.035,0.2,0.125,66.0,61.0,78.0,,,,,,35,D,80.0,46.0,78.0,False,0.0500506103006847,3
0.0,,8.0,4,4,0.0125,0.0,0.08,0.625,66.5,56.0,77.0,,,,,,36,D,80.0,46.0,74.0,False,0.049319453076445,3
0.0,,8.0,4,4,0.05375,0.0,0.19,0.625,63.0,52.0,77.0,,,,,,37,D,80.0,46.0,74.0,False,0.0523199509653693,3
0.0,,8.0,4,4,0.0312499999999999,0.015,0.1199999999999999,0.125,74.0,47.0,80.0,,,,,,38,D,91.0,52.0,72.0,False,0.049443013522215,3
0.0,,8.0,4,4,0.0287499999999999,0.02,0.1199999999999999,0.25,73.0,20.0,78.0,,,,,,39,D,88.0,50.0,84.0,False,0.0518125770653514,3
0.0,,8.0,4,4,0.0474999999999999,0.035,0.1299999999999999,0.125,64.5,44.0,78.0,,,,,,40,D,74.0,42.0,77.0,False,0.0504069400630914,3
0.0,,8.0,4,4,0.08125,0.08,0.25,0.0,72.0,68.0,77.0,,,,,,41,D,84.0,48.0,77.0,False,0.050042748091603,3
0.0,,8.0,4,4,0.15625,0.055,0.5600000000000003,0.125,62.5,53.0,68.0,,,,,,42,D,74.0,42.0,76.0,False,0.0508899579073962,3
0.0,,8.0,4,4,0.0925,0.02,0.4300000000000002,0.125,75.0,64.0,78.0,,,,,,43,D,86.0,49.0,76.0,False,0.0556024844720497,3
0.0,,8.0,4,4,0.04625,0.04,0.16,0.25,75.0,37.0,80.0,,,,,,44,D,103.0,59.0,80.0,False,0.0709210019267822,3
0.0,,8.0,4,4,0.12125,0.075,0.3700000000000001,0.25,67.0,28.0,79.0,,,,,,45,D,112.0,64.0,74.0,False,0.0961285425101214,3
0.0,,8.0,4,4,0.0275,0.02,0.08,0.25,66.5,56.0,74.0,,,,,,46,D,77.0,44.0,68.0,False,0.0510425602111514,3
0.0,,8.0,4,4,0.07,0.05,0.22,0.25,73.5,34.0,79.0,,,,,,47,D,105.0,60.0,80.0,False,0.0783373688458434,3
0.0,,8.0,4,4,0.0675,0.045,0.19,0.25,56.5,38.0,62.0,,,,,,48,D,68.0,39.0,69.0,False,0.0493581081081081,3
0.0,,8.0,4,4,0.04125,0.015,0.26,0.375,73.0,64.0,80.0,,,,,,49,D,88.0,50.0,76.0,False,0.0529804270462633,3
0.0,,8.0,4,4,0.03625,0.005,0.22,0.5,60.0,40.0,78.0,,,,,,50,D,74.0,42.0,75.0,False,0.0475063613231552,3
0.0,,8.0,4,4,0.0299999999999999,0.0,0.1199999999999999,0.625,75.5,25.0,80.0,,,,,,51,D,96.0,55.0,75.0,False,0.0448317307692307,3
0.0,,8.0,4,4,0.0124999999999999,0.005,0.04,0.5,69.5,46.0,78.0,,,,,,52,D,86.0,49.0,77.0,False,0.0410084033613445,3
0.0,,8.0,4,4,0.05375,0.03,0.23,0.0,64.0,53.0,76.0,,,,,,53,D,72.0,41.0,61.0,False,0.0430120837017388,3
0.0,,8.0,4,4,0.0199999999999999,0.0,0.1299999999999999,0.625,66.5,18.0,72.0,,,,,,54,D,74.0,42.0,69.0,False,0.0600499219968798,3
0.0,,8.0,4,4,0.04125,0.0,0.18,0.625,63.0,56.0,68.0,,,,,,55,D,75.0,43.0,74.0,False,0.0447019867549668,3
0.0,,8.0,4,4,0.05125,0.03,0.15,0.375,55.0,35.0,70.0,,,,,,56,D,66.0,38.0,78.0,False,0.0483659933675007,3
0.0,,8.0,4,4,0.03375,0.015,0.0999999999999999,0.375,64.0,31.0,75.0,,,,,,57,D,84.0,48.0,69.0,False,0.0477444703143189,3
0.0,,8.0,4,4,0.065,0.035,0.18,0.125,70.5,63.0,77.0,,,,,,58,D,80.0,46.0,79.0,False,0.0441156747694886,3
0.0,,8.0,4,4,0.07125,0.045,0.21,0.125,75.5,70.0,79.0,,,,,,59,D,93.0,53.0,75.0,False,0.0533643063120794,3
0.0,,8.0,4,4,0.14625,0.1149999999999999,0.3900000000000002,0.125,71.0,64.0,79.0,,,,,,0,Darg,119.0,41.0,68.0,False,0.1086503948312993,3
0.0,,8.0,4,4,0.2875000000000001,0.265,0.4700000000000002,0.0,73.0,28.0,79.0,,,,,,1,Darg,140.0,48.0,80.0,False,0.2976018099547512,3
0.0,,8.0,4,4,0.3275000000000001,0.3200000000000002,0.5200000000000002,0.0,63.0,47.0,71.0,,,,,,2,Darg,138.0,51.0,79.0,False,0.2966666666666668,3
0.0,,8.0,4,4,0.0562499999999999,0.0549999999999999,0.1099999999999999,0.125,73.0,33.0,80.0,,,,,,3,Darg,114.0,43.0,65.0,False,0.0880237825594564,3
0.0,,8.0,4,4,0.2325,0.24,0.3700000000000001,0.0,68.0,50.0,79.0,,,,,,4,Darg,133.0,39.0,76.0,False,0.2335975609756098,3
0.0,,12.0,4,4,0.255,0.255,0.3400000000000001,0.0,63.5,48.0,79.0,,,,,,5,Darg,131.0,45.0,75.0,False,0.2288516746411484,3
0.0,,10.0,4,4,0.2300000000000001,0.24,0.3600000000000005,0.0,56.5,41.0,78.0,,,,,,6,Darg,128.0,43.0,73.0,False,0.2055765920826162,3
1.0,106.0,84.0,4,4,0.2462500000000001,0.25,0.3700000000000006,0.0,62.0,49.0,68.0,,,,,,7,Darg,135.0,47.0,77.0,False,0.2771830985915494,3
0.0,,8.0,4,4,0.2850000000000001,0.3000000000000001,0.3700000000000001,0.0,68.5,47.0,79.0,,,,,,8,Darg,140.0,54.0,80.0,False,0.3085826771653544,3
0.0,,8.0,4,4,0.2850000000000001,0.2,0.7400000000000005,0.0,67.0,40.0,75.0,,,,,,9,Darg,130.0,44.0,74.0,False,0.2226939655172414,3
0.0,,8.0,4,4,0.19,0.155,0.4900000000000003,0.0,63.5,36.0,79.0,,,,,,10,Darg,124.0,38.0,71.0,False,0.1620106524633821,3
0.0,,8.0,4,4,0.1525,0.0949999999999999,0.3200000000000001,0.0,67.0,36.0,80.0,,,,,,11,Darg,117.0,36.0,67.0,False,0.1111929107021131,3
0.0,,8.0,4,4,0.13375,0.08,0.3500000000000001,0.0,73.5,30.0,80.0,,,,,,12,Darg,122.0,43.0,70.0,False,0.1377228596646072,3
0.0,,8.0,4,4,0.22875,0.225,0.4100000000000002,0.0,71.0,39.0,77.0,,,,,,13,Darg,122.0,48.0,70.0,False,0.1470496894409938,3
0.0,,8.0,4,4,0.20375,0.21,0.3100000000000001,0.0,69.0,52.0,72.0,,,,,,14,Darg,135.0,58.0,77.0,False,0.2662345679012347,3
0.0,,9.0,4,4,0.2575,0.24,0.3600000000000001,0.0,64.5,50.0,75.0,,,,,,15,Darg,136.0,43.0,78.0,False,0.2769512195121952,3
0.0,,8.0,4,4,0.2525000000000001,0.2400000000000001,0.3300000000000001,0.0,63.5,29.0,69.0,,,,,,16,Darg,144.0,49.0,82.0,False,0.352039800995025,3
0.0,,8.0,4,4,0.2475,0.24,0.3800000000000001,0.0,68.0,49.0,72.0,,,,,,17,Darg,135.0,64.0,77.0,False,0.2696774193548388,3
0.0,,10.0,4,4,0.2025,0.195,0.3200000000000002,0.0,67.0,43.0,73.0,,,,,,18,Darg,133.0,51.0,76.0,False,0.241150159744409,3
0.0,,8.0,4,4,0.22375,0.17,0.5400000000000003,0.0,67.5,34.0,79.0,,,,,,19,Darg,124.0,55.0,71.0,False,0.1867560664112388,3
0.0,,8.0,4,4,0.2862500000000001,0.2750000000000001,0.5200000000000002,0.0,64.5,56.0,77.0,,,,,,20,Darg,133.0,47.0,76.0,False,0.2258904109589042,3
0.0,,8.0,4,4,0.1475,0.145,0.23,0.0,61.5,39.0,72.0,,,,,,21,Darg,128.0,51.0,73.0,False,0.1797991967871486,3
0.0,,10.0,4,4,0.3712500000000002,0.2900000000000001,0.7200000000000004,0.0,43.0,25.0,75.0,,,,,,22,Darg,136.0,41.0,78.0,False,0.2858849557522125,3
0.0,,8.0,4,4,0.2262500000000002,0.2350000000000005,0.5300000000000009,0.25,53.0,8.0,80.0,,,,,,23,Darg,145.0,58.0,83.0,False,0.3567796610169494,3
0.0,,8.0,4,4,0.1725,0.19,0.3800000000000001,0.125,69.0,57.0,73.0,,,,,,24,Darg,130.0,39.0,74.0,False,0.1818681318681319,3
0.0,,8.0,4,4,0.2587500000000001,0.21,0.4600000000000004,0.0,69.0,38.0,77.0,,,,,,25,Darg,130.0,50.0,74.0,False,0.2276685934489403,3
1.0,90.0,85.0,4,4,0.2012500000000002,0.205,0.3800000000000004,0.0,37.0,7.0,66.0,,,,,,26,Darg,130.0,41.0,74.0,False,0.2366741071428572,3
0.0,,13.0,4,4,0.10625,0.1149999999999999,0.17,0.0,58.0,27.0,79.0,,,,,,27,Darg,124.0,42.0,71.0,False,0.1761294416243655,3
0.0,,9.0,4,4,0.2025,0.175,0.3500000000000001,0.0,71.5,44.0,77.0,,,,,,28,Darg,133.0,52.0,76.0,False,0.2351201923076923,3
0.0,,8.0,4,4,0.2875000000000001,0.3100000000000001,0.5900000000000003,0.0,70.0,57.0,80.0,,,,,,29,Darg,147.0,63.0,84.0,False,0.318708133971292,3
0.0,,8.0,4,4,0.12875,0.1399999999999999,0.25,0.0,62.0,35.0,79.0,,,,,,30,Darg,122.0,54.0,70.0,False,0.1425119846596357,3
0.0,,8.0,4,4,0.07,0.05,0.22,0.125,49.0,25.0,77.0,,,,,,31,Darg,119.0,44.0,68.0,False,0.1098648648648648,3
0.0,,8.0,4,4,0.14,0.15,0.24,0.0,56.0,39.0,79.0,,,,,,32,Darg,130.0,43.0,74.0,False,0.2072201492537314,3
1.0,46.0,82.0,4,4,0.4012500000000002,0.4950000000000002,0.5800000000000003,0.125,61.5,22.0,80.0,,,,,,33,Darg,144.0,58.0,82.0,False,0.3286428571428573,3
0.0,,8.0,4,4,0.2375000000000001,0.245,0.4000000000000003,0.0,63.5,42.0,80.0,,,,,,34,Darg,135.0,48.0,77.0,False,0.2451267605633803,3
0.0,,9.0,4,4,0.25,0.24,0.4400000000000002,0.0,68.5,36.0,78.0,,,,,,35,Darg,136.0,46.0,78.0,False,0.2846859903381643,3
0.0,,8.0,4,4,0.24375,0.22,0.4600000000000002,0.0,72.5,57.0,77.0,,,,,,36,Darg,130.0,46.0,74.0,False,0.2320512820512821,3
0.0,,8.0,4,4,0.16,0.18,0.2900000000000001,0.0,66.5,31.0,73.0,,,,,,37,Darg,130.0,46.0,74.0,False,0.2080286738351255,3
0.0,,8.0,4,4,0.07625,0.075,0.19,0.0,52.0,17.0,76.0,,,,,,38,Darg,126.0,52.0,72.0,False,0.1630929264909847,3
0.0,,8.0,4,4,0.4150000000000001,0.4050000000000002,0.5700000000000003,0.0,68.0,50.0,78.0,,,,,,39,Darg,147.0,50.0,84.0,False,0.380763888888889,3
0.0,,11.0,4,4,0.2800000000000001,0.3000000000000001,0.4300000000000002,0.0,64.5,52.0,80.0,,,,,,40,Darg,135.0,42.0,77.0,False,0.2913089005235603,3
0.0,,12.0,4,4,0.2962500000000001,0.2900000000000001,0.4700000000000003,0.0,66.5,42.0,73.0,,,,,,41,Darg,135.0,48.0,77.0,False,0.2809689922480621,3
0.0,,8.0,4,4,0.3600000000000002,0.3600000000000001,0.6500000000000009,0.0,55.5,39.0,76.0,,,,,,42,Darg,133.0,42.0,76.0,False,0.2685156250000001,3
0.0,,8.0,4,4,0.3162500000000002,0.2700000000000002,0.7000000000000004,0.125,43.0,7.0,77.0,,,,,,43,Darg,133.0,49.0,76.0,False,0.2540047961630696,3
0.0,,8.0,4,4,0.3275000000000001,0.3000000000000001,0.5500000000000003,0.0,72.5,54.0,80.0,,,,,,44,Darg,140.0,59.0,80.0,False,0.330138888888889,3
0.0,,8.0,4,4,0.17,0.165,0.3200000000000001,0.0,65.0,48.0,76.0,,,,,,45,Darg,130.0,64.0,74.0,False,0.2282278481012659,3
0.0,,8.0,4,4,0.16125,0.18,0.2700000000000001,0.125,42.0,25.0,75.0,,,,,,46,Darg,119.0,44.0,68.0,False,0.1436242208370436,3
0.0,,11.0,4,4,0.3475000000000001,0.3350000000000001,0.5400000000000003,0.0,57.5,45.0,77.0,,,,,,47,Darg,140.0,60.0,80.0,False,0.3271428571428573,3
0.0,,11.0,4,4,0.11875,0.075,0.3000000000000002,0.0,54.5,34.0,80.0,,,,,,48,Darg,121.0,39.0,69.0,False,0.140066037735849,3
0.0,,8.0,4,4,0.23375,0.215,0.3600000000000001,0.0,68.5,36.0,78.0,,,,,,49,Darg,133.0,50.0,76.0,False,0.2231974248927039,3
0.0,,16.0,4,4,0.2512500000000001,0.2700000000000001,0.3100000000000001,0.0,49.5,38.0,66.0,,,,,,50,Darg,131.0,42.0,75.0,False,0.2442359249329759,3
0.0,,8.0,4,4,0.3175000000000001,0.2400000000000001,0.9300000000000006,0.0,60.5,41.0,79.0,,,,,,51,Darg,131.0,55.0,75.0,False,0.2163461538461539,3
0.0,,9.0,4,4,0.3250000000000001,0.3400000000000001,0.4800000000000002,0.0,69.0,45.0,79.0,,,,,,52,Darg,135.0,49.0,77.0,False,0.2673114754098362,3
0.0,,8.0,4,4,0.07125,0.0499999999999999,0.21,0.0,74.0,27.0,79.0,,,,,,53,Darg,107.0,41.0,61.0,False,0.060801393728223,3
0.0,,8.0,4,4,0.24375,0.14,0.8000000000000005,0.125,62.5,19.0,80.0,,,,,,54,Darg,121.0,42.0,69.0,False,0.14,3
0.0,,8.0,4,4,0.2175,0.215,0.3300000000000001,0.0,68.5,50.0,79.0,,,,,,55,Darg,130.0,43.0,74.0,False,0.208953488372093,3
0.0,,8.0,4,4,0.26375,0.2900000000000001,0.3600000000000001,0.0,73.0,61.0,79.0,,,,,,56,Darg,136.0,38.0,78.0,False,0.2867906976744187,3
0.0,,11.0,4,4,0.19625,0.1349999999999999,0.4500000000000002,0.0,67.0,39.0,79.0,,,,,,57,Darg,121.0,48.0,69.0,False,0.1312140077821011,3
0.0,,12.0,4,4,0.3025000000000001,0.3150000000000001,0.4200000000000002,0.0,63.0,51.0,76.0,,,,,,58,Darg,138.0,46.0,79.0,False,0.2609863945578232,3
0.0,,8.0,4,4,0.2475,0.2700000000000001,0.3200000000000001,0.0,75.0,54.0,79.0,,,,,,59,Darg,131.0,53.0,75.0,False,0.2418337408312959,3
0.0,,8.0,4,4,0.0525,0.035,0.1199999999999999,0.125,75.0,61.0,79.0,,,,,,0,Dfix,95.0,41.0,68.0,False,0.049006581009088,3
0.0,,8.0,4,4,0.0725,0.045,0.2900000000000002,0.25,78.0,31.0,80.0,,,,,,1,Dfix,95.0,48.0,80.0,False,0.0485354025218234,3
0.0,,8.0,4,4,0.02625,0.01,0.09,0.25,62.0,13.0,76.0,,,,,,2,Dfix,95.0,51.0,79.0,False,0.0527042614546619,3
0.0,,8.0,4,4,0.0624999999999999,0.055,0.1399999999999999,0.125,74.5,67.0,80.0,,,,,,3,Dfix,95.0,43.0,65.0,False,0.0522697583278902,3
0.0,,8.0,4,4,0.05125,0.04,0.1199999999999999,0.0,72.0,57.0,80.0,,,,,,4,Dfix,95.0,39.0,76.0,False,0.0471611177170035,3
0.0,,8.0,4,4,0.0287499999999999,0.015,0.0999999999999999,0.25,71.5,60.0,79.0,,,,,,5,Dfix,95.0,45.0,75.0,False,0.0508275206087508,3
0.0,,8.0,4,4,0.065,0.03,0.23,0.125,71.5,34.0,80.0,,,,,,6,Dfix,95.0,43.0,73.0,False,0.0573216644649934,3
0.0,,8.0,4,4,0.09,0.055,0.2800000000000001,0.375,69.0,28.0,76.0,,,,,,7,Dfix,95.0,47.0,77.0,False,0.0568336134453781,3
0.0,,8.0,4,4,0.0174999999999999,0.01,0.08,0.375,68.5,16.0,80.0,,,,,,8,Dfix,95.0,54.0,80.0,False,0.0493698281349459,3
0.0,,8.0,4,4,0.015,0.005,0.07,0.5,61.5,34.0,78.0,,,,,,9,Dfix,95.0,44.0,74.0,False,0.0598972148541114,3
0.0,,8.0,4,4,0.0399999999999999,0.03,0.1199999999999999,0.25,78.0,66.0,80.0,,,,,,10,Dfix,95.0,38.0,71.0,False,0.0487378944079975,3
0.0,,8.0,4,4,0.0625,0.02,0.2900000000000003,0.375,73.0,47.0,79.0,,,,,,11,Dfix,95.0,36.0,67.0,False,0.0553276817737202,3
0.0,,8.0,4,4,0.095,0.08,0.23,0.375,76.0,67.0,80.0,,,,,,12,Dfix,95.0,43.0,70.0,False,0.0469461077844311,3
1.0,86.0,83.0,4,4,0.13375,0.155,0.23,0.0,67.0,9.0,80.0,,,,,,13,Dfix,95.0,48.0,70.0,False,0.0505365697860108,3
0.0,,8.0,4,4,0.0225,0.0,0.17,0.75,74.0,43.0,79.0,,,,,,14,Dfix,95.0,58.0,77.0,False,0.052399081063341,3
0.0,,8.0,4,4,0.0475,0.03,0.18,0.125,70.5,7.0,80.0,,,,,,15,Dfix,95.0,43.0,78.0,False,0.0521719767043508,3
0.0,,8.0,4,4,0.0212499999999999,0.0149999999999999,0.05,0.375,75.5,45.0,80.0,,,,,,16,Dfix,95.0,49.0,82.0,False,0.0582796075683251,3
0.0,,8.0,4,4,0.04375,0.04,0.09,0.125,76.0,20.0,80.0,,,,,,17,Dfix,95.0,64.0,77.0,False,0.048385737439222,3
0.0,,8.0,4,4,0.04,0.045,0.08,0.25,78.0,31.0,80.0,,,,,,18,Dfix,95.0,51.0,76.0,False,0.0528933206710984,3
0.0,,8.0,4,4,0.03125,0.02,0.0999999999999999,0.375,74.5,54.0,80.0,,,,,,19,Dfix,95.0,55.0,71.0,False,0.0528997020854022,3
0.0,,8.0,4,4,0.0212499999999999,0.02,0.04,0.25,78.0,70.0,80.0,,,,,,20,Dfix,95.0,47.0,76.0,False,0.0471688390421339,3
0.0,,8.0,4,4,0.0412499999999999,0.035,0.1099999999999999,0.25,75.5,64.0,79.0,,,,,,21,Dfix,95.0,51.0,73.0,False,0.0462770432692307,3
0.0,,8.0,4,4,0.04625,0.05,0.09,0.125,76.0,60.0,77.0,,,,,,22,Dfix,95.0,41.0,78.0,False,0.0524774072919912,3
0.0,,8.0,4,4,0.055,0.01,0.3500000000000001,0.375,75.0,53.0,80.0,,,,,,23,Dfix,95.0,58.0,83.0,False,0.0489470535447203,3
0.0,,8.0,4,4,0.0287499999999999,0.015,0.0999999999999999,0.375,73.5,34.0,80.0,,,,,,24,Dfix,95.0,39.0,74.0,False,0.0425625744934445,3
0.0,,8.0,4,4,0.06875,0.04,0.2700000000000003,0.125,75.5,26.0,80.0,,,,,,25,Dfix,95.0,50.0,74.0,False,0.0495747266099635,3
0.0,,8.0,4,4,0.045,0.02,0.15,0.25,75.5,39.0,80.0,,,,,,26,Dfix,95.0,41.0,74.0,False,0.0504361085696858,3
0.0,,8.0,4,4,0.0474999999999999,0.045,0.08,0.125,68.5,47.0,78.0,,,,,,27,Dfix,95.0,42.0,71.0,False,0.0499932795698924,3
0.0,,8.0,4,4,0.035,0.04,0.07,0.125,76.5,44.0,80.0,,,,,,28,Dfix,95.0,52.0,76.0,False,0.0536774193548387,3
0.0,,8.0,4,4,0.06875,0.02,0.2400000000000001,0.5,68.5,37.0,80.0,,,,,,29,Dfix,95.0,63.0,84.0,False,0.0457544069315805,3
0.0,,8.0,4,4,0.0412499999999999,0.025,0.1199999999999999,0.5,76.0,20.0,79.0,,,,,,30,Dfix,95.0,54.0,70.0,False,0.0543714759535655,3
0.0,,8.0,4,4,0.0262499999999999,0.01,0.0999999999999999,0.25,75.5,60.0,80.0,,,,,,31,Dfix,95.0,44.0,68.0,False,0.0540154689010634,3
0.0,,8.0,4,4,0.035,0.015,0.1199999999999999,0.25,77.5,71.0,80.0,,,,,,32,Dfix,95.0,43.0,74.0,False,0.0479747614650661,3
0.0,,8.0,4,4,0.06375,0.025,0.21,0.25,76.5,55.0,80.0,,,,,,33,Dfix,95.0,58.0,82.0,False,0.0576344452008169,3
0.0,,10.0,4,4,0.04375,0.02,0.18,0.25,75.0,66.0,80.0,,,,,,34,Dfix,95.0,48.0,77.0,False,0.0519870808981851,3
0.0,,8.0,4,4,0.0675,0.045,0.2,0.0,79.5,64.0,80.0,,,,,,35,Dfix,95.0,46.0,78.0,False,0.0526708268330733,3
0.0,,8.0,4,4,0.05875,0.025,0.21,0.375,76.5,74.0,80.0,,,,,,36,Dfix,95.0,46.0,74.0,False,0.0533147723550606,3
0.0,,8.0,4,4,0.03,0.025,0.09,0.25,75.5,68.0,80.0,,,,,,37,Dfix,95.0,46.0,74.0,False,0.0549127906976744,3
0.0,,8.0,4,4,0.0475,0.025,0.15,0.125,70.5,54.0,78.0,,,,,,38,Dfix,95.0,52.0,72.0,False,0.0508792302587923,3
0.0,,8.0,4,4,0.05875,0.055,0.1199999999999999,0.125,76.5,56.0,78.0,,,,,,39,Dfix,95.0,50.0,84.0,False,0.0490897476844458,3
0.0,,8.0,4,4,0.09625,0.0849999999999999,0.2800000000000001,0.125,75.0,48.0,80.0,,,,,,40,Dfix,95.0,42.0,77.0,False,0.055921712947474,3
0.0,,8.0,4,4,0.02125,0.01,0.08,0.5,75.0,68.0,77.0,,,,,,41,Dfix,95.0,48.0,77.0,False,0.0491125954198473,3
0.0,,8.0,4,4,0.0325,0.02,0.1399999999999999,0.25,74.5,54.0,80.0,,,,,,42,Dfix,95.0,42.0,76.0,False,0.0565519439133206,3
0.0,,8.0,4,4,0.0575,0.01,0.2800000000000001,0.25,72.5,65.0,79.0,,,,,,43,Dfix,95.0,49.0,76.0,False,0.0588492706645056,3
0.0,,8.0,4,4,0.05875,0.025,0.2900000000000001,0.125,73.0,63.0,80.0,,,,,,44,Dfix,95.0,59.0,80.0,False,0.058115696887686,3
0.0,,8.0,4,4,0.0574999999999999,0.03,0.1399999999999999,0.375,61.0,32.0,80.0,,,,,,45,Dfix,95.0,64.0,74.0,False,0.0600033760972316,3
0.0,,8.0,4,4,0.05875,0.035,0.16,0.125,73.5,52.0,77.0,,,,,,46,Dfix,95.0,44.0,68.0,False,0.058031878031878,3
0.0,,8.0,4,4,0.04125,0.0449999999999999,0.08,0.125,76.0,11.0,80.0,,,,,,47,Dfix,95.0,60.0,80.0,False,0.0621430993557138,3
0.0,,8.0,4,4,0.05125,0.02,0.2,0.25,69.0,63.0,77.0,,,,,,48,Dfix,95.0,39.0,69.0,False,0.0505385117493472,3
0.0,,8.0,4,4,0.1437500000000001,0.02,0.8100000000000005,0.5,67.0,10.0,80.0,,,,,,49,Dfix,95.0,50.0,76.0,False,0.0563686298443698,3
0.0,,8.0,4,4,0.11875,0.0549999999999999,0.4000000000000002,0.25,72.0,61.0,78.0,,,,,,50,Dfix,95.0,42.0,75.0,False,0.0536266666666666,3
0.0,,8.0,4,4,0.07,0.04,0.2,0.125,74.5,24.0,79.0,,,,,,51,Dfix,95.0,55.0,75.0,False,0.0449731983323406,3
0.0,,8.0,4,4,0.08125,0.04,0.3800000000000001,0.125,78.0,72.0,79.0,,,,,,52,Dfix,95.0,49.0,77.0,False,0.0451473241130487,3
0.0,,8.0,4,4,0.05875,0.045,0.2,0.25,74.5,51.0,80.0,,,,,,53,Dfix,95.0,41.0,61.0,False,0.047394540942928,3
0.0,,8.0,4,4,0.0675,0.035,0.3000000000000001,0.375,75.5,25.0,80.0,,,,,,54,Dfix,95.0,42.0,69.0,False,0.0569409076069213,3
0.0,,8.0,4,4,0.02375,0.005,0.07,0.5,65.0,35.0,75.0,,,,,,55,Dfix,95.0,43.0,74.0,False,0.0511258278145695,3
0.0,,8.0,4,4,0.05125,0.025,0.15,0.5,72.5,67.0,80.0,,,,,,56,Dfix,95.0,38.0,78.0,False,0.0460526315789473,3
0.0,,8.0,4,4,0.05375,0.02,0.2800000000000001,0.375,74.0,42.0,79.0,,,,,,57,Dfix,95.0,48.0,69.0,False,0.0518376068376068,3
0.0,,8.0,4,4,0.04875,0.04,0.15,0.25,75.5,8.0,80.0,,,,,,58,Dfix,95.0,46.0,79.0,False,0.0401546993578517,3
0.0,,8.0,4,4,0.0525,0.045,0.1399999999999999,0.125,74.5,67.0,80.0,,,,,,59,Dfix,95.0,53.0,75.0,False,0.0553671215074723,3
0.0,,10.0,4,4,0.06,0.05,0.0999999999999999,0.0,55.5,42.0,67.0,,,,,,0,MIX_F,72.0,41.0,68.0,False,0.0433550103458468,3
0.0,,8.0,4,4,0.065,0.055,0.15,0.25,74.5,61.0,78.0,,,,,,1,MIX_F,84.0,48.0,80.0,False,0.0481068560840024,3
0.0,,8.0,4,4,0.0675,0.01,0.25,0.5,66.0,45.0,79.0,,,,,,2,MIX_F,89.0,51.0,79.0,False,0.0525982060006186,3
0.0,,8.0,4,4,0.045,0.05,0.08,0.25,79.0,72.0,79.0,,,,,,3,MIX_F,75.0,43.0,65.0,False,0.0506209453197405,3
0.0,,8.0,4,4,0.015,0.015,0.03,0.5,57.5,53.0,72.0,,,,,,4,MIX_F,68.0,39.0,76.0,False,0.0462159090909091,3
0.0,,8.0,4,4,0.0675,0.03,0.21,0.25,73.0,67.0,75.0,,,,,,5,MIX_F,79.0,45.0,75.0,False,0.0468317728782845,3
0.0,,8.0,4,4,0.0699999999999999,0.0699999999999999,0.1399999999999999,0.25,54.5,50.0,72.0,,,,,,6,MIX_F,75.0,43.0,73.0,False,0.0545876128229069,3
0.0,,8.0,4,4,0.0575,0.0,0.23,0.75,69.5,10.0,76.0,,,,,,7,MIX_F,82.0,47.0,77.0,False,0.0523406980467499,3
0.0,,8.0,4,4,0.085,0.045,0.22,0.0,72.5,61.0,78.0,,,,,,8,MIX_F,94.0,54.0,80.0,False,0.0490771653543307,3
0.0,,8.0,4,4,0.0675,0.045,0.18,0.25,68.0,61.0,75.0,,,,,,9,MIX_F,77.0,44.0,74.0,False,0.0542544416243654,3
0.0,,8.0,4,4,0.025,0.025,0.05,0.25,52.0,41.0,57.0,,,,,,10,MIX_F,66.0,38.0,71.0,False,0.0498457888493475,3
0.0,,8.0,4,4,0.0725,0.035,0.22,0.25,53.5,31.0,61.0,,,,,,11,MIX_F,63.0,36.0,67.0,False,0.0503572538055296,3
0.0,,8.0,4,4,0.065,0.0599999999999999,0.1399999999999999,0.25,62.0,54.0,79.0,,,,,,12,MIX_F,75.0,43.0,70.0,False,0.04492252681764,3
0.0,,8.0,4,4,0.0125,0.005,0.04,0.5,66.0,59.0,72.0,,,,,,13,MIX_F,84.0,48.0,70.0,False,0.0433587088915956,3
0.0,,8.0,4,4,0.11,0.06,0.3000000000000001,0.0,75.5,66.0,80.0,,,,,,14,MIX_F,102.0,58.0,77.0,False,0.057559224694903,3
1.0,85.0,82.0,4,4,0.0625,0.035,0.18,0.25,75.5,59.0,79.0,,,,,,15,MIX_F,75.0,43.0,78.0,False,0.0554383116883117,3
0.0,,8.0,4,4,0.135,0.105,0.3200000000000002,0.0,74.0,59.0,76.0,,,,,,16,MIX_F,86.0,49.0,82.0,False,0.061136286777139,3
0.0,,8.0,4,4,0.07,0.07,0.09,0.0,80.0,72.0,80.0,,,,,,17,MIX_F,112.0,64.0,77.0,False,0.0840196078431372,3
0.0,,8.0,4,4,0.04,0.045,0.07,0.25,73.5,68.0,80.0,,,,,,18,MIX_F,89.0,51.0,76.0,False,0.0490266299357208,3
1.0,108.0,82.0,4,4,0.0125,0.01,0.03,0.5,74.0,33.0,80.0,,,,,,19,MIX_F,96.0,55.0,71.0,False,0.0541394262841894,3
0.0,,9.0,4,4,0.0475,0.02,0.15,0.5,63.5,53.0,79.0,,,,,,20,MIX_F,82.0,47.0,76.0,False,0.0459552195405641,3
0.0,,8.0,4,4,0.13,0.13,0.22,0.0,67.5,33.0,78.0,,,,,,21,MIX_F,89.0,51.0,73.0,False,0.0476703552708212,3
0.0,,8.0,4,4,0.02,0.005,0.07,0.5,62.5,28.0,68.0,,,,,,22,MIX_F,72.0,41.0,78.0,False,0.0470874074074074,3
0.0,,8.0,4,4,0.0975,0.02,0.3500000000000001,0.25,70.5,36.0,77.0,,,,,,23,MIX_F,102.0,58.0,83.0,False,0.0532464146023468,3
0.0,,8.0,4,4,0.0425,0.05,0.07,0.25,67.0,52.0,72.0,,,,,,24,MIX_F,68.0,39.0,74.0,False,0.0416352908120258,3
0.0,,8.0,4,4,0.0375,0.045,0.06,0.25,75.5,72.0,80.0,,,,,,25,MIX_F,88.0,50.0,74.0,False,0.0447761627906976,3
0.0,,10.0,4,4,0.035,0.03,0.08,0.25,52.0,50.0,63.0,,,,,,26,MIX_F,72.0,41.0,74.0,False,0.0490739662201514,3
0.0,,8.0,4,4,0.045,0.015,0.15,0.5,67.0,41.0,78.0,,,,,,27,MIX_F,74.0,42.0,71.0,False,0.0505497299014935,3
0.0,,8.0,4,4,0.01,0.005,0.03,0.5,73.0,73.0,78.0,,,,,,28,MIX_F,91.0,52.0,76.0,False,0.0503129890453834,3
0.0,,12.0,4,4,0.1,0.0799999999999999,0.22,0.0,42.0,19.0,66.0,,,,,,29,MIX_F,110.0,63.0,84.0,False,0.0708463434675431,3
1.0,78.0,80.0,4,4,0.125,0.025,0.4500000000000003,0.25,33.0,15.0,71.0,,,,,,30,MIX_F,94.0,54.0,70.0,False,0.0543717105263158,3
0.0,,8.0,4,4,0.09,0.0599999999999999,0.24,0.5,56.5,42.0,67.0,,,,,,31,MIX_F,77.0,44.0,68.0,False,0.0475535168195718,3
0.0,,8.0,4,4,0.0424999999999999,0.0449999999999999,0.08,0.25,65.5,57.0,73.0,,,,,,32,MIX_F,75.0,43.0,74.0,False,0.0482575535347609,3
0.0,,8.0,4,4,0.04,0.045,0.06,0.0,41.0,17.0,77.0,,,,,,33,MIX_F,102.0,58.0,82.0,False,0.0600300075018754,3
0.0,,8.0,4,4,0.045,0.03,0.09,0.0,66.5,63.0,78.0,,,,,,34,MIX_F,84.0,48.0,77.0,False,0.0517218934911242,3
0.0,,8.0,4,4,0.0424999999999999,0.025,0.1199999999999999,0.25,67.5,61.0,71.0,,,,,,35,MIX_F,80.0,46.0,78.0,False,0.0500506103006847,3
0.0,,8.0,4,4,0.1125,0.0599999999999999,0.3300000000000001,0.5,65.0,49.0,70.0,,,,,,36,MIX_F,80.0,46.0,74.0,False,0.049319453076445,3
0.0,,8.0,4,4,0.0850000000000001,0.0850000000000001,0.1700000000000002,0.5,67.5,67.0,75.0,,,,,,37,MIX_F,80.0,46.0,74.0,False,0.0523199509653693,3
0.0,,8.0,4,4,0.0325,0.015,0.0999999999999999,0.25,71.5,60.0,78.0,,,,,,38,MIX_F,91.0,52.0,72.0,False,0.049443013522215,3
0.0,,8.0,4,4,0.0275,0.02,0.07,0.25,73.5,69.0,79.0,,,,,,39,MIX_F,88.0,50.0,84.0,False,0.0518125770653514,3
0.0,,8.0,4,4,0.035,0.03,0.08,0.25,62.0,48.0,69.0,,,,,,40,MIX_F,74.0,42.0,77.0,False,0.0504069400630914,3
0.0,,8.0,4,4,0.035,0.035,0.07,0.25,62.0,59.0,80.0,,,,,,41,MIX_F,84.0,48.0,77.0,False,0.050042748091603,3
0.0,,8.0,4,4,0.025,0.025,0.05,0.25,56.0,54.0,64.0,,,,,,42,MIX_F,74.0,42.0,76.0,False,0.0508899579073962,3
0.0,,8.0,4,4,0.0875,0.075,0.2000000000000001,0.25,72.0,62.0,74.0,,,,,,43,MIX_F,86.0,49.0,76.0,False,0.0556024844720497,3
0.0,,8.0,4,4,0.1375,0.0849999999999999,0.3800000000000001,0.25,73.5,70.0,80.0,,,,,,44,MIX_F,103.0,59.0,80.0,False,0.0709210019267822,3
0.0,,13.0,4,4,0.1275,0.11,0.2900000000000001,0.25,55.0,31.0,68.0,,,,,,45,MIX_F,112.0,64.0,74.0,False,0.0961285425101214,3
0.0,,8.0,4,4,0.015,0.005,0.05,0.5,59.0,19.0,64.0,,,,,,46,MIX_F,77.0,44.0,68.0,False,0.0510425602111514,3
0.0,,8.0,4,4,0.065,0.065,0.0999999999999999,0.0,56.5,35.0,72.0,,,,,,47,MIX_F,105.0,60.0,80.0,False,0.0783373688458434,3
0.0,,8.0,4,4,0.0175,0.01,0.05,0.5,61.5,58.0,64.0,,,,,,48,MIX_F,68.0,39.0,69.0,False,0.0493581081081081,3
0.0,,8.0,4,4,0.085,0.07,0.16,0.0,69.0,49.0,73.0,,,,,,49,MIX_F,88.0,50.0,76.0,False,0.0529804270462633,3
0.0,,8.0,4,4,0.045,0.05,0.08,0.25,73.5,65.0,78.0,,,,,,50,MIX_F,74.0,42.0,75.0,False,0.0475063613231552,3
0.0,,8.0,4,4,0.12,0.085,0.3100000000000001,0.25,79.0,77.0,80.0,,,,,,51,MIX_F,96.0,55.0,75.0,False,0.0448317307692307,3
0.0,,8.0,4,4,0.0925,0.0799999999999999,0.21,0.25,65.0,54.0,77.0,,,,,,52,MIX_F,86.0,49.0,77.0,False,0.0410084033613445,3
0.0,,8.0,4,4,0.035,0.03,0.08,0.25,60.5,55.0,76.0,,,,,,53,MIX_F,72.0,41.0,61.0,False,0.0430120837017388,3
0.0,,8.0,4,4,0.0725,0.06,0.16,0.0,57.5,46.0,66.0,,,,,,54,MIX_F,74.0,42.0,69.0,False,0.0600499219968798,3
0.0,,8.0,4,4,0.0575,0.04,0.15,0.25,64.0,56.0,79.0,,,,,,55,MIX_F,75.0,43.0,74.0,False,0.0447019867549668,3
0.0,,10.0,4,4,0.0775,0.025,0.25,0.0,55.5,53.0,60.0,,,,,,56,MIX_F,66.0,38.0,78.0,False,0.0483659933675007,3
0.0,,8.0,4,4,0.025,0.015,0.07,0.25,67.0,63.0,73.0,,,,,,57,MIX_F,84.0,48.0,69.0,False,0.0477444703143189,3
0.0,,8.0,4,4,0.0675,0.035,0.2000000000000001,0.25,66.0,50.0,77.0,,,,,,58,MIX_F,80.0,46.0,79.0,False,0.0441156747694886,3
0.0,,8.0,4,4,0.0175,0.02,0.03,0.25,70.0,63.0,79.0,,,,,,59,MIX_F,93.0,53.0,75.0,False,0.0533643063120794,3
0.0,,8.0,4,4,0.0375,0.03,0.09,0.25,64.5,48.0,76.0,,,,,,0,MIX_M,72.0,41.0,68.0,False,0.0433550103458468,3
0.0,,8.0,4,4,0.0324999999999999,0.01,0.1099999999999999,0.5,71.5,64.0,78.0,,,,,,1,MIX_M,84.0,48.0,80.0,False,0.0481068560840024,3
1.0,49.0,85.0,4,4,0.0775,0.07,0.1199999999999999,0.0,79.0,39.0,80.0,,,,,,2,MIX_M,89.0,51.0,79.0,False,0.0525982060006186,3
0.0,,8.0,4,4,0.0325,0.035,0.06,0.25,62.0,54.0,79.0,,,,,,3,MIX_M,75.0,43.0,65.0,False,0.0506209453197405,3
1.0,42.0,94.0,4,4,0.01,0.005,0.03,0.5,45.5,28.0,59.0,,,,,,4,MIX_M,68.0,39.0,76.0,False,0.0462159090909091,3
0.0,,8.0,4,4,0.135,0.08,0.3800000000000001,0.5,74.0,71.0,77.0,,,,,,5,MIX_M,79.0,45.0,75.0,False,0.0468317728782845,3
0.0,,8.0,4,4,0.0275,0.02,0.07,0.5,63.5,50.0,68.0,,,,,,6,MIX_M,75.0,43.0,73.0,False,0.0545876128229069,3
0.0,,8.0,4,4,0.2025,0.105,0.6000000000000003,0.25,68.5,60.0,74.0,,,,,,7,MIX_M,82.0,47.0,77.0,False,0.0523406980467499,3
0.0,,8.0,4,4,0.0225,0.02,0.05,0.25,68.0,24.0,80.0,,,,,,8,MIX_M,94.0,54.0,80.0,False,0.0490771653543307,3
0.0,,8.0,4,4,0.06,0.04,0.1299999999999999,0.0,62.5,50.0,67.0,,,,,,9,MIX_M,77.0,44.0,74.0,False,0.0542544416243654,3
0.0,,8.0,4,4,0.08,0.0699999999999999,0.18,0.25,55.5,33.0,70.0,,,,,,10,MIX_M,66.0,38.0,71.0,False,0.0498457888493475,3
0.0,,8.0,4,4,0.115,0.045,0.3700000000000002,0.25,58.5,56.0,59.0,,,,,,11,MIX_M,63.0,36.0,67.0,False,0.0503572538055296,3
1.0,65.0,80.0,4,4,0.0125,0.01,0.03,0.5,57.5,51.0,71.0,,,,,,12,MIX_M,75.0,43.0,70.0,False,0.04492252681764,3
0.0,,8.0,4,4,0.0375,0.025,0.09,0.0,72.0,13.0,79.0,,,,,,13,MIX_M,84.0,48.0,70.0,False,0.0433587088915956,3
0.0,,8.0,4,4,0.0249999999999999,0.0299999999999999,0.04,0.25,70.5,63.0,80.0,,,,,,14,MIX_M,102.0,58.0,77.0,False,0.057559224694903,3
0.0,,8.0,4,4,0.2475,0.2950000000000001,0.3500000000000001,0.0,65.5,50.0,79.0,,,,,,15,MIX_M,75.0,43.0,78.0,False,0.0554383116883117,3
0.0,,8.0,4,4,0.065,0.025,0.21,0.25,75.0,30.0,80.0,,,,,,16,MIX_M,86.0,49.0,82.0,False,0.061136286777139,3
1.0,60.0,80.0,4,4,0.1325,0.0499999999999999,0.4300000000000002,0.25,40.5,32.0,80.0,,,,,,17,MIX_M,112.0,64.0,77.0,False,0.0840196078431372,3
0.0,,8.0,4,4,0.0325,0.035,0.06,0.25,70.5,10.0,75.0,,,,,,18,MIX_M,89.0,51.0,76.0,False,0.0490266299357208,3
0.0,,8.0,4,4,0.04,0.035,0.08,0.0,75.0,55.0,80.0,,,,,,19,MIX_M,96.0,55.0,71.0,False,0.0541394262841894,3
0.0,,8.0,4,4,0.075,0.05,0.2,0.25,72.0,59.0,79.0,,,,,,20,MIX_M,82.0,47.0,76.0,False,0.0459552195405641,3
0.0,,8.0,4,4,0.0325,0.025,0.08,0.25,76.5,60.0,78.0,,,,,,21,MIX_M,89.0,51.0,73.0,False,0.0476703552708212,3
0.0,,8.0,4,4,0.0275,0.02,0.0700000000000001,0.25,60.5,39.0,66.0,,,,,,22,MIX_M,72.0,41.0,78.0,False,0.0470874074074074,3
0.0,,8.0,4,4,0.0574999999999999,0.055,0.0999999999999999,0.0,69.5,64.0,80.0,,,,,,23,MIX_M,102.0,58.0,83.0,False,0.0532464146023468,3
0.0,,8.0,4,4,0.03,0.02,0.07,0.0,50.0,35.0,57.0,,,,,,24,MIX_M,68.0,39.0,74.0,False,0.0416352908120258,3
0.0,,8.0,4,4,0.06,0.05,0.1099999999999999,0.0,74.5,69.0,80.0,,,,,,25,MIX_M,88.0,50.0,74.0,False,0.0447761627906976,3
0.0,,8.0,4,4,0.0225,0.005,0.08,0.5,61.5,60.0,64.0,,,,,,26,MIX_M,72.0,41.0,74.0,False,0.0490739662201514,3
0.0,,8.0,4,4,0.0725,0.045,0.19,0.0,66.0,62.0,78.0,,,,,,27,MIX_M,74.0,42.0,71.0,False,0.0505497299014935,3
0.0,,8.0,4,4,0.0349999999999999,0.025,0.09,0.25,70.0,56.0,78.0,,,,,,28,MIX_M,91.0,52.0,76.0,False,0.0503129890453834,3
0.0,,8.0,4,4,0.1575,0.16,0.3000000000000001,0.0,61.5,47.0,79.0,,,,,,29,MIX_M,110.0,63.0,84.0,False,0.0708463434675431,3
0.0,,8.0,4,4,0.13,0.065,0.3900000000000002,0.25,78.0,62.0,79.0,,,,,,30,MIX_M,94.0,54.0,70.0,False,0.0543717105263158,3
1.0,36.0,80.0,4,4,0.12,0.1100000000000001,0.26,0.25,67.5,42.0,68.0,,,,,,31,MIX_M,77.0,44.0,68.0,False,0.0475535168195718,3
0.0,,8.0,4,4,0.0249999999999999,0.025,0.05,0.25,63.5,52.0,79.0,,,,,,32,MIX_M,75.0,43.0,74.0,False,0.0482575535347609,3
0.0,,8.0,4,4,0.0675,0.02,0.22,0.0,64.5,44.0,77.0,,,,,,33,MIX_M,102.0,58.0,82.0,False,0.0600300075018754,3
0.0,,8.0,4,4,0.0399999999999999,0.015,0.1299999999999999,0.25,73.5,58.0,75.0,,,,,,34,MIX_M,84.0,48.0,77.0,False,0.0517218934911242,3
0.0,,8.0,4,4,0.015,0.015,0.02,0.0,68.0,57.0,71.0,,,,,,35,MIX_M,80.0,46.0,78.0,False,0.0500506103006847,3
1.0,53.0,84.0,4,4,0.055,0.045,0.1299999999999999,0.25,69.5,55.0,78.0,,,,,,36,MIX_M,80.0,46.0,74.0,False,0.049319453076445,3
0.0,,8.0,4,4,0.0674999999999999,0.0649999999999999,0.1399999999999999,0.5,69.0,60.0,78.0,,,,,,37,MIX_M,80.0,46.0,74.0,False,0.0523199509653693,3
0.0,,8.0,4,4,0.0425,0.02,0.13,0.25,64.0,47.0,76.0,,,,,,38,MIX_M,91.0,52.0,72.0,False,0.049443013522215,3
0.0,,8.0,4,4,0.07,0.0,0.2800000000000001,0.75,67.5,53.0,76.0,,,,,,39,MIX_M,88.0,50.0,84.0,False,0.0518125770653514,3
0.0,,8.0,4,4,0.0875,0.035,0.2800000000000001,0.5,67.5,41.0,71.0,,,,,,40,MIX_M,74.0,42.0,77.0,False,0.0504069400630914,3
0.0,,14.0,4,4,0.03,0.04,0.04,0.25,72.0,64.0,78.0,,,,,,41,MIX_M,84.0,48.0,77.0,False,0.050042748091603,3
0.0,,8.0,4,4,0.17,0.1750000000000001,0.3300000000000001,0.25,59.0,46.0,78.0,,,,,,42,MIX_M,74.0,42.0,76.0,False,0.0508899579073962,3
0.0,,11.0,4,4,0.04,0.04,0.07,0.0,65.0,59.0,75.0,,,,,,43,MIX_M,86.0,49.0,76.0,False,0.0556024844720497,3
1.0,53.0,90.0,4,4,0.0525,0.045,0.1199999999999999,0.25,50.5,25.0,73.0,,,,,,44,MIX_M,103.0,59.0,80.0,False,0.0709210019267822,3
0.0,,8.0,4,4,0.0475,0.04,0.08,0.0,60.5,29.0,79.0,,,,,,45,MIX_M,112.0,64.0,74.0,False,0.0961285425101214,3
0.0,,8.0,4,4,0.0425,0.04,0.08,0.0,63.5,33.0,66.0,,,,,,46,MIX_M,77.0,44.0,68.0,False,0.0510425602111514,3
0.0,,13.0,4,4,0.125,0.1249999999999999,0.2200000000000003,0.0,48.0,12.0,80.0,,,,,,47,MIX_M,105.0,60.0,80.0,False,0.0783373688458434,3
0.0,,8.0,4,4,0.13,0.1149999999999999,0.26,0.0,54.0,34.0,54.0,,,,,,48,MIX_M,68.0,39.0,69.0,False,0.0493581081081081,3
0.0,,8.0,4,4,0.0475,0.05,0.08,0.0,73.0,52.0,76.0,,,,,,49,MIX_M,88.0,50.0,76.0,False,0.0529804270462633,3
0.0,,8.0,4,4,0.0574999999999999,0.06,0.1099999999999999,0.25,63.0,53.0,64.0,,,,,,50,MIX_M,74.0,42.0,75.0,False,0.0475063613231552,3
0.0,,8.0,4,4,0.0325,0.015,0.0999999999999999,0.25,76.0,74.0,80.0,,,,,,51,MIX_M,96.0,55.0,75.0,False,0.0448317307692307,3
1.0,30.0,80.0,4,4,0.005,0.0,0.02,0.75,72.5,71.0,75.0,,,,,,52,MIX_M,86.0,49.0,77.0,False,0.0410084033613445,3
1.0,75.0,86.0,4,4,0.03,0.03,0.06,0.25,57.5,46.0,65.0,,,,,,53,MIX_M,72.0,41.0,61.0,False,0.0430120837017388,3
0.0,,8.0,4,4,0.0624999999999999,0.06,0.1299999999999999,0.25,61.5,58.0,70.0,,,,,,54,MIX_M,74.0,42.0,69.0,False,0.0600499219968798,3
0.0,,8.0,4,4,0.0175,0.02,0.03,0.25,60.5,48.0,70.0,,,,,,55,MIX_M,75.0,43.0,74.0,False,0.0447019867549668,3
0.0,,8.0,4,4,0.02,0.01,0.05,0.0,56.0,41.0,70.0,,,,,,56,MIX_M,66.0,38.0,78.0,False,0.0483659933675007,3
1.0,51.0,80.0,4,4,0.0325,0.035,0.05,0.0,64.5,58.0,75.0,,,,,,57,MIX_M,84.0,48.0,69.0,False,0.0477444703143189,3
0.0,,8.0,4,4,0.05,0.0499999999999999,0.1,0.5,67.5,66.0,72.0,,,,,,58,MIX_M,80.0,46.0,79.0,False,0.0441156747694886,3
0.0,,8.0,4,4,0.0525,0.045,0.1199999999999999,0.25,72.5,56.0,78.0,,,,,,59,MIX_M,93.0,53.0,75.0,False,0.0533643063120794,3
0.0,,8.0,4,4,0.04,0.035,0.08,0.0,69.5,67.0,76.0,,,,,,0,MIXfix_F,95.0,41.0,68.0,False,0.049006581009088,3
0.0,,8.0,4,4,0.02,0.025,0.03,0.25,77.5,72.0,80.0,,,,,,1,MIXfix_F,95.0,48.0,80.0,False,0.0485354025218234,3
0.0,,8.0,4,4,0.0675,0.03,0.2,0.0,71.0,54.0,77.0,,,,,,2,MIXfix_F,95.0,51.0,79.0,False,0.0527042614546619,3
0.0,,8.0,4,4,0.1025,0.055,0.2900000000000001,0.0,74.0,70.0,77.0,,,,,,3,MIXfix_F,95.0,43.0,65.0,False,0.0522697583278902,3
0.0,,8.0,4,4,0.005,0.005,0.01,0.5,78.0,75.0,79.0,,,,,,4,MIXfix_F,95.0,39.0,76.0,False,0.0471611177170035,3
0.0,,8.0,4,4,0.0975,0.05,0.2900000000000001,0.25,59.5,53.0,76.0,,,,,,5,MIXfix_F,95.0,45.0,75.0,False,0.0508275206087508,3
0.0,,8.0,4,4,0.0975,0.095,0.18,0.0,73.5,68.0,78.0,,,,,,6,MIXfix_F,95.0,43.0,73.0,False,0.0573216644649934,3
0.0,,8.0,4,4,0.0675,0.0549999999999999,0.16,0.25,70.0,42.0,78.0,,,,,,7,MIXfix_F,95.0,47.0,77.0,False,0.0568336134453781,3
0.0,,8.0,4,4,0.0025,0.0,0.01,0.75,75.5,64.0,80.0,,,,,,8,MIXfix_F,95.0,54.0,80.0,False,0.0493698281349459,3
0.0,,8.0,4,4,0.0424999999999999,0.01,0.15,0.5,61.0,15.0,73.0,,,,,,9,MIXfix_F,95.0,44.0,74.0,False,0.0598972148541114,3
0.0,,8.0,4,4,0.0799999999999999,0.095,0.1199999999999999,0.0,75.0,62.0,80.0,,,,,,10,MIXfix_F,95.0,38.0,71.0,False,0.0487378944079975,3
0.0,,8.0,4,4,0.0174999999999999,0.015,0.04,0.25,79.0,74.0,80.0,,,,,,11,MIXfix_F,95.0,36.0,67.0,False,0.0553276817737202,3
0.0,,8.0,4,4,0.0825,0.055,0.22,0.25,76.0,55.0,79.0,,,,,,12,MIXfix_F,95.0,43.0,70.0,False,0.0469461077844311,3
0.0,,8.0,4,4,0.0549999999999999,0.04,0.1399999999999999,0.25,78.5,70.0,79.0,,,,,,13,MIXfix_F,95.0,48.0,70.0,False,0.0505365697860108,3
0.0,,8.0,4,4,0.08,0.04,0.24,0.25,68.0,59.0,71.0,,,,,,14,MIXfix_F,95.0,58.0,77.0,False,0.052399081063341,3
0.0,,8.0,4,4,0.095,0.075,0.22,0.0,77.0,74.0,80.0,,,,,,15,MIXfix_F,95.0,43.0,78.0,False,0.0521719767043508,3
0.0,,8.0,4,4,0.0324999999999999,0.0,0.1299999999999999,0.75,69.5,57.0,80.0,,,,,,16,MIXfix_F,95.0,49.0,82.0,False,0.0582796075683251,3
0.0,,9.0,4,4,0.075,0.055,0.14,0.0,72.5,47.0,80.0,,,,,,17,MIXfix_F,95.0,64.0,77.0,False,0.048385737439222,3
0.0,,8.0,4,4,0.0499999999999999,0.045,0.1099999999999999,0.25,77.5,44.0,80.0,,,,,,18,MIXfix_F,95.0,51.0,76.0,False,0.0528933206710984,3
0.0,,8.0,4,4,0.0349999999999999,0.02,0.0999999999999999,0.25,59.0,30.0,80.0,,,,,,19,MIXfix_F,95.0,55.0,71.0,False,0.0528997020854022,3
0.0,,8.0,4,4,0.0125,0.01,0.03,0.5,78.0,71.0,80.0,,,,,,20,MIXfix_F,95.0,47.0,76.0,False,0.0471688390421339,3
0.0,,8.0,4,4,0.0125,0.01,0.03,0.5,75.0,66.0,79.0,,,,,,21,MIXfix_F,95.0,51.0,73.0,False,0.0462770432692307,3
0.0,,8.0,4,4,0.095,0.01,0.3600000000000002,0.5,71.0,23.0,76.0,,,,,,22,MIXfix_F,95.0,41.0,78.0,False,0.0524774072919912,3
0.0,,8.0,4,4,0.0225,0.025,0.04,0.25,69.0,33.0,77.0,,,,,,23,MIXfix_F,95.0,58.0,83.0,False,0.0489470535447203,3
0.0,,8.0,4,4,0.0625,0.06,0.0999999999999999,0.0,67.0,50.0,76.0,,,,,,24,MIXfix_F,95.0,39.0,74.0,False,0.0425625744934445,3
1.0,118.0,85.0,4,4,0.1075,0.03,0.3700000000000001,0.25,63.0,56.0,76.0,,,,,,25,MIXfix_F,95.0,50.0,74.0,False,0.0495747266099635,3
0.0,,8.0,4,4,0.01,0.01,0.02,0.5,73.5,64.0,79.0,,,,,,26,MIXfix_F,95.0,41.0,74.0,False,0.0504361085696858,3
0.0,,8.0,4,4,0.01,0.005,0.03,0.5,73.0,69.0,78.0,,,,,,27,MIXfix_F,95.0,42.0,71.0,False,0.0499932795698924,3
0.0,,8.0,4,4,0.05,0.05,0.09,0.0,77.5,67.0,80.0,,,,,,28,MIXfix_F,95.0,52.0,76.0,False,0.0536774193548387,3
0.0,,8.0,4,4,0.0524999999999999,0.04,0.1299999999999999,0.25,60.0,24.0,80.0,,,,,,29,MIXfix_F,95.0,63.0,84.0,False,0.0457544069315805,3
0.0,,8.0,4,4,0.03,0.015,0.08,0.0,74.5,72.0,78.0,,,,,,30,MIXfix_F,95.0,54.0,70.0,False,0.0543714759535655,3
0.0,,8.0,4,4,0.0225,0.005,0.08,0.5,72.5,46.0,77.0,,,,,,31,MIXfix_F,95.0,44.0,68.0,False,0.0540154689010634,3
0.0,,8.0,4,4,0.0324999999999999,0.0,0.1299999999999999,0.75,78.5,77.0,79.0,,,,,,32,MIXfix_F,95.0,43.0,74.0,False,0.0479747614650661,3
0.0,,8.0,4,4,0.0925000000000001,0.035,0.3000000000000004,0.25,68.5,29.0,75.0,,,,,,33,MIXfix_F,95.0,58.0,82.0,False,0.0576344452008169,3
0.0,,8.0,4,4,0.1175000000000001,0.015,0.4400000000000005,0.25,70.0,10.0,80.0,,,,,,34,MIXfix_F,95.0,48.0,77.0,False,0.0519870808981851,3
1.0,53.0,81.0,4,4,0.1725,0.0499999999999999,0.5900000000000003,0.25,74.5,18.0,79.0,,,,,,35,MIXfix_F,95.0,46.0,78.0,False,0.0526708268330733,3
0.0,,8.0,4,4,0.005,0.005,0.01,0.5,75.0,67.0,76.0,,,,,,36,MIXfix_F,95.0,46.0,74.0,False,0.0533147723550606,3
0.0,,8.0,4,4,0.0625,0.045,0.1599999999999999,0.25,61.5,54.0,76.0,,,,,,37,MIXfix_F,95.0,46.0,74.0,False,0.0549127906976744,3
0.0,,8.0,4,4,0.0574999999999999,0.065,0.0999999999999999,0.25,70.0,27.0,78.0,,,,,,38,MIXfix_F,95.0,52.0,72.0,False,0.0508792302587923,3
1.0,108.0,82.0,4,4,0.0975,0.06,0.2700000000000001,0.5,53.0,16.0,76.0,,,,,,39,MIXfix_F,95.0,50.0,84.0,False,0.0490897476844458,3
0.0,,8.0,4,4,0.0075,0.0,0.03,0.75,75.5,55.0,79.0,,,,,,40,MIXfix_F,95.0,42.0,77.0,False,0.055921712947474,3
0.0,,8.0,4,4,0.035,0.035,0.07,0.25,75.0,68.0,78.0,,,,,,41,MIXfix_F,95.0,48.0,77.0,False,0.0491125954198473,3
0.0,,8.0,4,4,0.01,0.01,0.02,0.25,68.0,63.0,78.0,,,,,,42,MIXfix_F,95.0,42.0,76.0,False,0.0565519439133206,3
0.0,,9.0,4,4,0.01,0.005,0.03,0.5,60.0,51.0,72.0,,,,,,43,MIXfix_F,95.0,49.0,76.0,False,0.0588492706645056,3
0.0,,8.0,4,4,0.0324999999999999,0.015,0.0999999999999999,0.25,78.0,76.0,80.0,,,,,,44,MIXfix_F,95.0,59.0,80.0,False,0.058115696887686,3
0.0,,8.0,4,4,0.05,0.02,0.16,0.25,55.5,33.0,63.0,,,,,,45,MIXfix_F,95.0,64.0,74.0,False,0.0600033760972316,3
0.0,,8.0,4,4,0.0474999999999999,0.035,0.1199999999999999,0.25,74.0,69.0,79.0,,,,,,46,MIXfix_F,95.0,44.0,68.0,False,0.058031878031878,3
0.0,,8.0,4,4,0.0675,0.065,0.0999999999999999,0.0,72.0,69.0,80.0,,,,,,47,MIXfix_F,95.0,60.0,80.0,False,0.0621430993557138,3
0.0,,8.0,4,4,0.0725,0.045,0.2,0.25,69.0,64.0,75.0,,,,,,48,MIXfix_F,95.0,39.0,69.0,False,0.0505385117493472,3
0.0,,8.0,4,4,0.0075,0.005,0.02,0.5,76.0,67.0,80.0,,,,,,49,MIXfix_F,95.0,50.0,76.0,False,0.0563686298443698,3
0.0,,8.0,4,4,0.045,0.01,0.16,0.25,74.0,66.0,77.0,,,,,,50,MIXfix_F,95.0,42.0,75.0,False,0.0536266666666666,3
0.0,,8.0,4,4,0.0575,0.025,0.18,0.25,78.0,73.0,80.0,,,,,,51,MIXfix_F,95.0,55.0,75.0,False,0.0449731983323406,3
0.0,,8.0,4,4,0.0325,0.025,0.08,0.25,77.5,68.0,79.0,,,,,,52,MIXfix_F,95.0,49.0,77.0,False,0.0451473241130487,3
0.0,,8.0,4,4,0.025,0.025,0.05,0.25,74.5,49.0,79.0,,,,,,53,MIXfix_F,95.0,41.0,61.0,False,0.047394540942928,3
0.0,,8.0,4,4,0.025,0.02,0.06,0.5,72.5,45.0,80.0,,,,,,54,MIXfix_F,95.0,42.0,69.0,False,0.0569409076069213,3
0.0,,8.0,4,4,0.0275,0.025,0.05,0.0,55.0,15.0,79.0,,,,,,55,MIXfix_F,95.0,43.0,74.0,False,0.0511258278145695,3
0.0,,8.0,4,4,0.0675,0.025,0.22,0.5,71.0,37.0,76.0,,,,,,56,MIXfix_F,95.0,38.0,78.0,False,0.0460526315789473,3
0.0,,8.0,4,4,0.0525,0.01,0.19,0.25,72.0,33.0,79.0,,,,,,57,MIXfix_F,95.0,48.0,69.0,False,0.0518376068376068,3
0.0,,8.0,4,4,0.0324999999999999,0.015,0.0999999999999999,0.25,66.0,59.0,72.0,,,,,,58,MIXfix_F,95.0,46.0,79.0,False,0.0401546993578517,3
0.0,,8.0,4,4,0.0275,0.01,0.09,0.25,75.0,56.0,80.0,,,,,,59,MIXfix_F,95.0,53.0,75.0,False,0.0553671215074723,3
0.0,,8.0,4,4,0.0125,0.005,0.04,0.5,73.5,64.0,78.0,,,,,,0,MIXfix_M,95.0,41.0,68.0,False,0.049006581009088,3
0.0,,8.0,4,4,0.055,0.06,0.08,0.0,73.5,68.0,78.0,,,,,,1,MIXfix_M,95.0,48.0,80.0,False,0.0485354025218234,3
0.0,,8.0,4,4,0.09,0.105,0.1500000000000003,0.25,61.5,17.0,74.0,,,,,,2,MIXfix_M,95.0,51.0,79.0,False,0.0527042614546619,3
0.0,,8.0,4,4,0.015,0.005,0.05,0.5,52.5,31.0,74.0,,,,,,3,MIXfix_M,95.0,43.0,65.0,False,0.0522697583278902,3
0.0,,8.0,4,4,0.0549999999999999,0.04,0.1199999999999999,0.0,75.5,71.0,79.0,,,,,,4,MIXfix_M,95.0,39.0,76.0,False,0.0471611177170035,3
1.0,60.0,85.0,4,4,0.1125,0.095,0.23,0.0,73.5,8.0,78.0,,,,,,5,MIXfix_M,95.0,45.0,75.0,False,0.0508275206087508,3
1.0,32.0,84.0,4,4,0.0675,0.04,0.19,0.25,57.5,20.0,77.0,,,,,,6,MIXfix_M,95.0,43.0,73.0,False,0.0573216644649934,3
0.0,,8.0,4,4,0.045,0.045,0.06,0.0,66.0,34.0,77.0,,,,,,7,MIXfix_M,95.0,47.0,77.0,False,0.0568336134453781,3
0.0,,8.0,4,4,0.0275,0.025,0.05,0.0,73.0,57.0,79.0,,,,,,8,MIXfix_M,95.0,54.0,80.0,False,0.0493698281349459,3
0.0,,15.0,4,4,0.0725,0.01,0.2700000000000001,0.5,75.5,65.0,80.0,,,,,,9,MIXfix_M,95.0,44.0,74.0,False,0.0598972148541114,3
0.0,,8.0,4,4,0.02,0.005,0.07,0.5,76.0,64.0,80.0,,,,,,10,MIXfix_M,95.0,38.0,71.0,False,0.0487378944079975,3
0.0,,8.0,4,4,0.0675,0.025,0.22,0.25,74.5,74.0,78.0,,,,,,11,MIXfix_M,95.0,36.0,67.0,False,0.0553276817737202,3
0.0,,8.0,4,4,0.015,0.015,0.02,0.0,71.0,57.0,80.0,,,,,,12,MIXfix_M,95.0,43.0,70.0,False,0.0469461077844311,3
0.0,,8.0,4,4,0.0475,0.02,0.1500000000000001,0.25,73.5,61.0,80.0,,,,,,13,MIXfix_M,95.0,48.0,70.0,False,0.0505365697860108,3
0.0,,8.0,4,4,0.0774999999999999,0.0649999999999999,0.18,0.25,76.0,59.0,79.0,,,,,,14,MIXfix_M,95.0,58.0,77.0,False,0.052399081063341,3
1.0,55.0,85.0,4,4,0.0075,0.0,0.03,0.75,70.5,53.0,77.0,,,,,,15,MIXfix_M,95.0,43.0,78.0,False,0.0521719767043508,3
1.0,34.0,89.0,4,4,0.06,0.055,0.1099999999999999,0.0,70.0,68.0,80.0,,,,,,16,MIXfix_M,95.0,49.0,82.0,False,0.0582796075683251,3
0.0,,8.0,4,4,0.025,0.015,0.07,0.5,53.5,18.0,78.0,,,,,,17,MIXfix_M,95.0,64.0,77.0,False,0.048385737439222,3
0.0,,8.0,4,4,0.0349999999999999,0.025,0.08,0.0,73.5,50.0,80.0,,,,,,18,MIXfix_M,95.0,51.0,76.0,False,0.0528933206710984,3
0.0,,8.0,4,4,0.0225,0.01,0.07,0.25,72.0,47.0,79.0,,,,,,19,MIXfix_M,95.0,55.0,71.0,False,0.0528997020854022,3
0.0,,8.0,4,4,0.0375,0.04,0.06,0.0,75.0,73.0,80.0,,,,,,20,MIXfix_M,95.0,47.0,76.0,False,0.0471688390421339,3
0.0,,8.0,4,4,0.0275,0.025,0.06,0.25,74.5,72.0,80.0,,,,,,21,MIXfix_M,95.0,51.0,73.0,False,0.0462770432692307,3
0.0,,8.0,4,4,0.0474999999999999,0.035,0.0999999999999999,0.0,74.5,24.0,78.0,,,,,,22,MIXfix_M,95.0,41.0,78.0,False,0.0524774072919912,3
0.0,,8.0,4,4,0.0825,0.0549999999999999,0.22,0.5,77.0,67.0,80.0,,,,,,23,MIXfix_M,95.0,58.0,83.0,False,0.0489470535447203,3
1.0,44.0,95.0,4,4,0.045,0.04,0.0999999999999999,0.25,71.5,64.0,79.0,,,,,,24,MIXfix_M,95.0,39.0,74.0,False,0.0425625744934445,3
0.0,,8.0,4,4,0.04,0.005,0.15,0.5,68.5,57.0,80.0,,,,,,25,MIXfix_M,95.0,50.0,74.0,False,0.0495747266099635,3
0.0,,8.0,4,4,0.0399999999999999,0.0299999999999999,0.09,0.0,63.5,35.0,80.0,,,,,,26,MIXfix_M,95.0,41.0,74.0,False,0.0504361085696858,3
0.0,,8.0,4,4,0.0125,0.015,0.02,0.25,74.0,66.0,80.0,,,,,,27,MIXfix_M,95.0,42.0,71.0,False,0.0499932795698924,3
0.0,,8.0,4,4,0.0324999999999999,0.0,0.1299999999999999,0.75,75.5,54.0,77.0,,,,,,28,MIXfix_M,95.0,52.0,76.0,False,0.0536774193548387,3
0.0,,8.0,4,4,0.045,0.045,0.07,0.0,71.0,53.0,73.0,,,,,,29,MIXfix_M,95.0,63.0,84.0,False,0.0457544069315805,3
0.0,,8.0,4,4,0.075,0.035,0.22,0.0,76.0,65.0,77.0,,,,,,30,MIXfix_M,95.0,54.0,70.0,False,0.0543714759535655,3
0.0,,8.0,4,4,0.0424999999999999,0.0499999999999999,0.07,0.25,70.5,65.0,80.0,,,,,,31,MIXfix_M,95.0,44.0,68.0,False,0.0540154689010634,3
0.0,,8.0,4,4,0.005,0.0,0.02,0.75,79.5,74.0,80.0,,,,,,32,MIXfix_M,95.0,43.0,74.0,False,0.0479747614650661,3
1.0,36.0,95.0,4,4,0.045,0.03,0.1199999999999999,0.25,74.0,66.0,79.0,,,,,,33,MIXfix_M,95.0,58.0,82.0,False,0.0576344452008169,3
0.0,,8.0,4,4,0.0575,0.055,0.0999999999999999,0.0,77.0,68.0,80.0,,,,,,34,MIXfix_M,95.0,48.0,77.0,False,0.0519870808981851,3
0.0,,8.0,4,4,0.04,0.04,0.07,0.0,75.0,75.0,79.0,,,,,,35,MIXfix_M,95.0,46.0,78.0,False,0.0526708268330733,3
0.0,,8.0,4,4,0.015,0.015,0.03,0.25,74.0,71.0,78.0,,,,,,36,MIXfix_M,95.0,46.0,74.0,False,0.0533147723550606,3
0.0,,8.0,4,4,0.0575,0.02,0.19,0.25,77.5,53.0,78.0,,,,,,37,MIXfix_M,95.0,46.0,74.0,False,0.0549127906976744,3
0.0,,8.0,4,4,0.1,0.09,0.2,0.0,78.0,71.0,79.0,,,,,,38,MIXfix_M,95.0,52.0,72.0,False,0.0508792302587923,3
0.0,,8.0,4,4,0.0375,0.025,0.08,0.0,61.5,16.0,76.0,,,,,,39,MIXfix_M,95.0,50.0,84.0,False,0.0490897476844458,3
0.0,,8.0,4,4,0.105,0.065,0.25,0.0,73.0,69.0,78.0,,,,,,40,MIXfix_M,95.0,42.0,77.0,False,0.055921712947474,3
1.0,29.0,84.0,4,4,0.04,0.04,0.08,0.25,78.5,66.0,80.0,,,,,,41,MIXfix_M,95.0,48.0,77.0,False,0.0491125954198473,3
0.0,,8.0,4,4,0.0225,0.015,0.06,0.5,77.0,76.0,80.0,,,,,,42,MIXfix_M,95.0,42.0,76.0,False,0.0565519439133206,3
0.0,,8.0,4,4,0.015,0.01,0.04,0.5,74.5,47.0,79.0,,,,,,43,MIXfix_M,95.0,49.0,76.0,False,0.0588492706645056,3
0.0,,8.0,4,4,0.0349999999999999,0.035,0.0699999999999999,0.25,70.0,67.0,79.0,,,,,,44,MIXfix_M,95.0,59.0,80.0,False,0.058115696887686,3
1.0,50.0,81.0,4,4,0.075,0.05,0.2,0.25,56.0,27.0,73.0,,,,,,45,MIXfix_M,95.0,64.0,74.0,False,0.0600033760972316,3
1.0,84.0,80.0,4,4,0.045,0.045,0.09,0.25,59.0,41.0,73.0,,,,,,46,MIXfix_M,95.0,44.0,68.0,False,0.058031878031878,3
0.0,,8.0,4,4,0.0325,0.02,0.09,0.25,75.0,64.0,76.0,,,,,,47,MIXfix_M,95.0,60.0,80.0,False,0.0621430993557138,3
0.0,,8.0,4,4,0.0225,0.01,0.07,0.5,70.0,65.0,78.0,,,,,,48,MIXfix_M,95.0,39.0,69.0,False,0.0505385117493472,3
0.0,,8.0,4,4,0.025,0.025,0.04,0.0,79.0,73.0,79.0,,,,,,49,MIXfix_M,95.0,50.0,76.0,False,0.0563686298443698,3
0.0,,8.0,4,4,0.065,0.015,0.23,0.25,72.0,68.0,75.0,,,,,,50,MIXfix_M,95.0,42.0,75.0,False,0.0536266666666666,3
1.0,57.0,84.0,4,4,0.0,0.0,0.0,1.0,43.5,22.0,78.0,,,,,,51,MIXfix_M,95.0,55.0,75.0,False,0.0449731983323406,3
1.0,39.0,90.0,4,4,0.1275,0.0599999999999999,0.3800000000000001,0.0,71.0,67.0,75.0,,,,,,52,MIXfix_M,95.0,49.0,77.0,False,0.0451473241130487,3
0.0,,8.0,4,4,0.1,0.075,0.2400000000000001,0.0,75.5,67.0,80.0,,,,,,53,MIXfix_M,95.0,41.0,61.0,False,0.047394540942928,3
0.0,,8.0,4,4,0.01,0.0,0.04,0.75,72.0,39.0,76.0,,,,,,54,MIXfix_M,95.0,42.0,69.0,False,0.0569409076069213,3
0.0,,8.0,4,4,0.09,0.0599999999999999,0.24,0.5,78.0,76.0,80.0,,,,,,55,MIXfix_M,95.0,43.0,74.0,False,0.0511258278145695,3
0.0,,8.0,4,4,0.0125,0.01,0.03,0.5,72.0,67.0,80.0,,,,,,56,MIXfix_M,95.0,38.0,78.0,False,0.0460526315789473,3
0.0,,8.0,4,4,0.0324999999999999,0.01,0.1099999999999999,0.25,75.5,65.0,79.0,,,,,,57,MIXfix_M,95.0,48.0,69.0,False,0.0518376068376068,3
0.0,,8.0,4,4,0.005,0.0,0.02,0.75,73.0,69.0,79.0,,,,,,58,MIXfix_M,95.0,46.0,79.0,False,0.0401546993578517,3
0.0,,8.0,4,4,0.03,0.025,0.07,0.25,75.0,56.0,78.0,,,,,,59,MIXfix_M,95.0,53.0,75.0,False,0.0553671215074723,3
1.0,43.0,86.0,4,4,0.9535612168761098,1.0,1.0,0.0,11.0,11.0,11.0,,,,,,0,B,7.0,37.0,62.0,False,0.5876439698401402,4
1.0,16.0,86.0,4,4,0.918694800349087,1.0,1.0,0.0,11.0,11.0,11.0,,,,,,1,B,7.0,40.0,64.0,False,0.5883664060354671,4
1.0,16.0,89.0,4,4,1.0,1.0,1.0,0.0,10.0,10.0,10.0,,,,,,2,B,6.0,33.0,53.0,False,0.5913700679094728,4
1.0,11.0,109.0,4,4,0.875,1.0,1.0,0.125,11.0,11.0,11.0,,,,,,3,B,7.0,32.0,49.0,False,0.5948684973850651,4
1.0,24.0,84.0,4,4,1.0,1.0,1.0,0.0,10.0,10.0,10.0,,,,,,4,B,6.0,36.0,63.0,False,0.6178658320655663,4
0.0,,8.0,4,4,1.0,1.0,1.0,0.0,10.0,10.0,10.0,,,,,,5,B,6.0,38.0,54.0,False,0.6023029519278226,4
1.0,32.0,85.0,4,4,0.9449417287480684,1.0,1.0,0.0,10.0,10.0,10.0,,,,,,6,B,6.0,33.0,54.0,False,0.5946907191710084,4
1.0,28.0,83.0,4,4,0.9675045263116496,1.0,1.0,0.0,11.0,11.0,11.0,,,,,,7,B,7.0,35.0,64.0,False,0.5830488100165033,4
1.0,24.0,80.0,4,4,0.9807828571428572,1.0,1.0,0.0,10.0,10.0,10.0,,,,,,8,B,6.0,35.0,58.0,False,0.5653492204613065,4
1.0,25.0,84.0,4,4,0.93836750742373,1.0,1.0,0.0,11.0,11.0,11.0,,,,,,9,B,7.0,40.0,68.0,False,0.5727385004395356,4
1.0,44.0,83.0,4,4,1.0,1.0,1.0,0.0,10.0,10.0,10.0,,,,,,10,B,6.0,29.0,49.0,False,0.596649255657242,4
1.0,21.0,89.0,4,4,0.875,1.0,1.0,0.125,11.0,11.0,11.0,,,,,,11,B,7.0,31.0,45.0,False,0.5662543562274395,4
1.0,18.0,84.0,4,4,1.0,1.0,1.0,0.0,11.0,11.0,11.0,,,,,,12,B,7.0,29.0,39.0,False,0.5806331560579101,4
1.0,45.0,97.0,4,4,0.8314951554232805,1.0,1.0,0.125,11.0,11.0,11.0,,,,,,13,B,7.0,36.0,56.0,False,0.5670471816999675,4
1.0,18.0,82.0,4,4,1.0,1.0,1.0,0.0,10.0,10.0,10.0,,,,,,14,B,6.0,38.0,49.0,False,0.6195657590116713,4
1.0,19.0,86.0,4,4,1.0,1.0,1.0,0.0,11.0,11.0,11.0,,,,,,15,B,7.0,38.0,59.0,False,0.5414197804365802,4
1.0,18.0,85.0,4,4,0.9247893855215495,1.0,1.0,0.0,10.0,10.0,10.0,,,,,,16,B,6.0,42.0,60.0,False,0.6089223063920408,4
1.0,40.0,89.0,4,4,0.7444529409622185,1.0,1.0,0.125,12.0,6.0,12.0,,,,,,17,B,8.0,34.0,59.0,False,0.5853748613040208,4
1.0,16.0,103.0,4,4,1.0,1.0,1.0,0.0,10.0,10.0,10.0,,,,,,18,B,6.0,37.0,60.0,False,0.6033093974533281,4
1.0,17.0,80.0,4,4,1.0,1.0,1.0,0.0,10.0,10.0,10.0,,,,,,19,B,6.0,47.0,64.0,False,0.619989496766948,4
1.0,19.0,86.0,4,4,0.9920781635802468,1.0,1.0,0.0,10.0,10.0,10.0,,,,,,20,B,6.0,32.0,48.0,False,0.6198819926526453,4
1.0,15.0,80.0,4,4,1.0,1.0,1.0,0.0,11.0,11.0,11.0,,,,,,21,B,7.0,34.0,53.0,False,0.6007845976744345,4
1.0,23.0,84.0,4,4,1.0,1.0,1.0,0.0,11.0,11.0,11.0,,,,,,22,B,7.0,37.0,56.0,False,0.6280801995492546,4
1.0,13.0,86.0,4,4,1.0,1.0,1.0,0.0,10.0,10.0,10.0,,,,,,23,B,6.0,31.0,49.0,False,0.6222627565582494,4
1.0,22.0,81.0,4,4,1.0,1.0,1.0,0.0,10.0,10.0,10.0,,,,,,24,B,6.0,29.0,44.0,False,0.5900525656722538,4
1.0,46.0,94.0,4,4,0.8850987181676948,1.0,1.0,0.0,11.0,11.0,11.0,,,,,,25,B,7.0,31.0,37.0,False,0.5858186275769585,4
1.0,16.0,96.0,4,4,0.995,1.0,1.0,0.0,10.0,10.0,10.0,,,,,,26,B,6.0,34.0,59.0,False,0.5813504777725201,4
1.0,18.0,93.0,4,4,0.8436953368773137,1.0,1.0,0.0,12.0,6.0,12.0,,,,,,27,B,8.0,33.0,47.0,False,0.5822085197263402,4
1.0,80.0,80.0,4,4,0.9315460343855269,1.0,1.0,0.0,11.0,11.0,11.0,,,,,,28,B,7.0,37.0,52.0,False,0.5917390045750344,4
1.0,15.0,94.0,4,4,1.0,1.0,1.0,0.0,11.0,11.0,11.0,,,,,,29,B,7.0,38.0,64.0,False,0.5935817596786349,4
1.0,20.0,82.0,4,4,1.0,1.0,1.0,0.0,11.0,11.0,11.0,,,,,,30,B,7.0,41.0,55.0,False,0.6186469773507258,4
1.0,24.0,81.0,4,4,1.0,1.0,1.0,0.0,10.0,10.0,10.0,,,,,,31,B,6.0,35.0,64.0,False,0.6051220053312847,4
1.0,29.0,89.0,4,4,0.9783108440945124,1.0,1.0,0.0,11.0,11.0,11.0,,,,,,32,B,7.0,42.0,59.0,False,0.5798718099683673,4
1.0,30.0,94.0,4,4,0.661185191631703,1.0,1.0,0.25,11.0,11.0,11.0,,,,,,33,B,7.0,38.0,69.0,False,0.5715359842270152,4
1.0,27.0,82.0,4,4,1.0,1.0,1.0,0.0,11.0,11.0,11.0,,,,,,34,B,7.0,33.0,58.0,False,0.6179759141826368,4
1.0,25.0,80.0,4,4,1.0,1.0,1.0,0.0,11.0,11.0,11.0,,,,,,35,B,7.0,33.0,54.0,False,0.5868569406406623,4
1.0,15.0,82.0,4,4,1.0,1.0,1.0,0.0,10.0,10.0,10.0,,,,,,36,B,6.0,33.0,52.0,False,0.606582757665573,4
1.0,12.0,90.0,4,4,0.9604859943977592,1.0,1.0,0.0,10.0,10.0,10.0,,,,,,37,B,6.0,31.0,54.0,False,0.6199595625423606,4
1.0,18.0,81.0,4,4,0.7509831232761079,1.0,1.0,0.0,11.0,11.0,11.0,,,,,,38,B,7.0,32.0,57.0,False,0.5745210879458664,4
1.0,19.0,89.0,4,4,1.0,1.0,1.0,0.0,11.0,11.0,11.0,,,,,,39,B,7.0,34.0,43.0,False,0.5593426020162082,4
1.0,29.0,97.0,4,4,0.994,1.0,1.0,0.0,11.0,11.0,11.0,,,,,,40,B,7.0,32.0,49.0,False,0.574235988793771,4
1.0,17.0,82.0,4,4,0.7707720799810853,1.0,1.0,0.0,10.0,10.0,10.0,,,,,,41,B,6.0,35.0,50.0,False,0.6091237732270267,4
1.0,21.0,84.0,4,4,1.0,1.0,1.0,0.0,10.0,10.0,10.0,,,,,,42,B,6.0,33.0,60.0,False,0.6304091566921415,4
1.0,19.0,82.0,4,4,1.0,1.0,1.0,0.0,11.0,11.0,11.0,,,,,,43,B,7.0,35.0,51.0,False,0.6159769749390003,4
1.0,27.0,93.0,4,4,1.0,1.0,1.0,0.0,10.0,10.0,10.0,,,,,,44,B,6.0,30.0,69.0,False,0.5967053007615739,4
1.0,9.0,87.0,4,4,1.0,1.0,1.0,0.0,10.0,10.0,10.0,,,,,,45,B,6.0,38.0,51.0,False,0.6018259212799255,4
1.0,53.0,87.0,4,4,0.9051471900384968,1.0,1.0,0.0,11.0,11.0,11.0,,,,,,46,B,7.0,36.0,71.0,False,0.5987973915242351,4
1.0,12.0,82.0,4,4,1.0,1.0,1.0,0.0,10.0,10.0,10.0,,,,,,47,B,6.0,35.0,60.0,False,0.5997512219821036,4
1.0,30.0,88.0,4,4,1.0,1.0,1.0,0.0,10.0,10.0,10.0,,,,,,48,B,6.0,31.0,55.0,False,0.5923560151371258,4
1.0,21.0,81.0,4,4,1.0,1.0,1.0,0.0,11.0,11.0,11.0,,,,,,49,B,7.0,36.0,53.0,False,0.5699663223070942,4
1.0,11.0,83.0,4,4,0.9687037037037036,1.0,1.0,0.0,10.0,10.0,10.0,,,,,,50,B,6.0,38.0,53.0,False,0.6142670488729025,4
1.0,34.0,82.0,4,4,1.0,1.0,1.0,0.0,10.0,10.0,10.0,,,,,,51,B,6.0,40.0,67.0,False,0.6283708974824163,4
1.0,22.0,82.0,4,4,0.9381432737100488,1.0,1.0,0.0,10.0,10.0,10.0,,,,,,52,B,6.0,34.0,47.0,False,0.6065235967090425,4
1.0,20.0,97.0,4,4,0.988261140143698,1.0,1.0,0.0,11.0,11.0,11.0,,,,,,53,B,7.0,33.0,52.0,False,0.5999191810827708,4
1.0,13.0,80.0,4,4,1.0,1.0,1.0,0.0,11.0,11.0,11.0,,,,,,54,B,7.0,34.0,62.0,False,0.6158796892158157,4
1.0,9.0,88.0,4,4,1.0,1.0,1.0,0.0,10.0,10.0,10.0,,,,,,55,B,6.0,32.0,64.0,False,0.5911555342534861,4
1.0,28.0,83.0,4,4,0.9556615477159434,1.0,1.0,0.0,10.0,10.0,10.0,,,,,,56,B,6.0,37.0,63.0,False,0.6162459596253512,4
1.0,19.0,106.0,4,4,1.0,1.0,1.0,0.0,10.0,10.0,10.0,,,,,,57,B,6.0,32.0,48.0,False,0.6217853003360496,4
1.0,23.0,84.0,4,4,1.0,1.0,1.0,0.0,10.0,10.0,10.0,,,,,,58,B,6.0,37.0,59.0,False,0.6028518880063831,4
1.0,25.0,80.0,4,4,0.8873321047511856,1.0,1.0,0.0,11.0,11.0,11.0,,,,,,59,B,7.0,29.0,58.0,False,0.5911678549499988,4
1.0,21.0,208.0,4,4,0.358597091024779,0.3429062693418756,0.5,0.0,14.0,14.0,14.0,200.0,134.0,0.3507462686567164,0.4894999999999999,0.6,0,BAND,10.0,37.0,62.0,False,0.4751134629122781,4
1.0,37.0,408.0,4,4,0.3570165890932746,0.3545640610765748,0.4332465232790382,0.0,13.0,13.0,13.0,400.0,147.0,0.3585034013605442,0.5985,0.705,1,BAND,9.0,40.0,64.0,False,0.4978619882524386,4
1.0,27.0,426.0,4,4,0.3880072248422471,0.4396807073043961,0.4814621517947052,0.0,13.0,13.0,13.0,418.0,177.0,0.4090395480225989,0.5868421052631578,0.4913043478260868,2,BAND,9.0,33.0,53.0,False,0.477449353297554,4
1.0,18.0,408.0,4,4,0.3528465297902842,0.4063648301406314,0.4381596266406676,0.0,12.0,12.0,12.0,400.0,137.0,0.327007299270073,0.413,0.6214285714285713,3,BAND,8.0,32.0,49.0,False,0.5487529562486384,4
1.0,26.0,401.0,4,4,0.3454967102012942,0.3394742053764618,0.474692104949761,0.0,13.0,13.0,13.0,393.0,243.0,0.2897119341563786,0.3697201017811704,0.3615384615384615,4,BAND,9.0,36.0,63.0,False,0.4727090135714658,4
1.0,67.0,405.0,4,4,0.3348670178686945,0.3427502435890158,0.4843648849595768,0.0,14.0,14.0,14.0,405.0,235.0,0.3021276595744681,0.4009876543209876,0.3999999999999999,5,BAND,10.0,38.0,54.0,False,0.4748340711659565,4
1.0,17.0,407.0,4,4,0.3506102813844577,0.361978137461005,0.4866194625283106,0.0,12.0,12.0,12.0,399.0,259.0,0.2667953667953667,0.3909774436090225,0.5928571428571429,6,BAND,8.0,33.0,54.0,False,0.4849995385124137,4
1.0,16.0,414.0,4,4,0.3865951837308681,0.4141500232603498,0.4339126748909018,0.0,12.0,12.0,12.0,406.0,233.0,0.2660944206008583,0.3869458128078818,0.4266666666666666,7,BAND,8.0,35.0,64.0,False,0.5716467786623298,4
1.0,16.0,405.0,4,4,0.3030171903998639,0.2464980019268291,0.4548837146041654,0.0,12.0,12.0,12.0,397.0,287.0,0.2337979094076654,0.3488664987405541,0.0999999999999999,8,BAND,8.0,35.0,58.0,False,0.5000401245105194,4
1.0,27.0,415.0,4,4,0.3196108810767374,0.2846159184274758,0.4633415600283409,0.0,12.0,12.0,12.0,407.0,199.0,0.4266331658291457,0.5697788697788698,0.5,9,BAND,8.0,40.0,68.0,False,0.5121495209092083,4
1.0,19.0,421.0,4,4,0.3554058788683441,0.3574098649988597,0.4998767621718417,0.0,13.0,13.0,13.0,413.0,231.0,0.3264069264069263,0.5159806295399516,0.8243243243243245,10,BAND,9.0,29.0,49.0,False,0.4574613710544331,4
1.0,22.0,421.0,4,4,0.35696024833129,0.356447411730538,0.4597626629025845,0.0,12.0,12.0,12.0,413.0,215.0,0.2474418604651163,0.4152542372881356,0.5444444444444444,11,BAND,8.0,31.0,45.0,False,0.5148185777308492,4
1.0,23.0,404.0,4,4,0.3060653524508108,0.3044649314128329,0.4222976901386082,0.0,13.0,13.0,13.0,396.0,236.0,0.2983050847457627,0.4757575757575757,0.2888888888888888,12,BAND,9.0,29.0,39.0,False,0.5238642975797141,4
0.0,,8.0,4,4,0.3909288690209622,0.3663015079814337,0.4978137438538253,0.0,13.0,13.0,13.0,,,,,,13,BAND,9.0,36.0,56.0,False,0.5056959308871462,4
1.0,27.0,378.0,4,4,0.4063805200082526,0.4916455767869291,0.4993755121134737,0.0,13.0,13.0,13.0,370.0,203.0,0.3364532019704434,0.4264864864864865,0.04,14,BAND,9.0,38.0,49.0,False,0.4957337962978708,4
1.0,85.0,417.0,4,4,0.3466659056841332,0.3382710772620962,0.3999999999999999,0.0,14.0,14.0,14.0,417.0,250.0,0.27,0.4160671462829736,0.625,15,BAND,10.0,38.0,59.0,False,0.4523730434027259,4
1.0,32.0,412.0,4,4,0.3072129286436518,0.2505406897397528,0.4863618311666476,0.0,12.0,12.0,12.0,404.0,254.0,0.3255905511811023,0.3915841584158415,,16,BAND,8.0,42.0,60.0,False,0.5479721507788358,4
1.0,30.0,406.0,4,4,0.4215049455323328,0.4262794239101058,0.4958492383410342,0.0,12.0,12.0,12.0,398.0,217.0,0.2986175115207374,0.4384422110552763,,17,BAND,8.0,34.0,59.0,False,0.5853748613040208,4
1.0,18.0,429.0,4,4,0.349375995182222,0.3828964048431174,0.4080572589220469,0.0,12.0,12.0,12.0,421.0,209.0,0.3057416267942583,0.4615201900237529,0.5194444444444444,18,BAND,8.0,37.0,60.0,False,0.5307235754398938,4
0.0,,10.0,4,4,0.4096960159725811,0.4101732995095993,0.4737879140313956,0.0,12.0,12.0,12.0,,,,,,19,BAND,8.0,47.0,64.0,False,0.5057707199276565,4
1.0,32.0,439.0,4,4,0.347508808923639,0.3651127903304365,0.4312490250067935,0.0,12.0,12.0,12.0,431.0,221.0,0.3787330316742081,0.4698375870069605,0.3363636363636363,20,BAND,8.0,32.0,48.0,False,0.5400261299032673,4
1.0,24.0,404.0,4,4,0.3620864150844662,0.3735491075251743,0.4596674172382749,0.0,13.0,13.0,13.0,396.0,198.0,0.3782828282828283,0.5585858585858585,0.6964285714285714,21,BAND,9.0,34.0,53.0,False,0.5253190938758381,4
1.0,25.0,417.0,4,4,0.4059071745267474,0.4436458293397181,0.446595338047026,0.0,13.0,13.0,13.0,409.0,186.0,0.3397849462365591,0.5616136919315404,1.0,22,BAND,9.0,37.0,56.0,False,0.5187744904503776,4
1.0,24.0,429.0,4,4,0.3776937944402272,0.4476659069596269,0.457646448904967,0.0,12.0,12.0,12.0,421.0,229.0,0.3078602620087336,0.5068883610451307,0.5239999999999999,23,BAND,8.0,31.0,49.0,False,0.5482894372228032,4
1.0,27.0,411.0,4,4,0.4117317256850161,0.4061388148969507,0.4935185800615284,0.0,12.0,12.0,12.0,403.0,168.0,0.3601190476190476,0.5277915632754343,0.7777777777777778,24,BAND,8.0,29.0,44.0,False,0.5338092326149381,4
1.0,18.0,206.0,4,4,0.3520964404576516,0.3555428018223943,0.4433305409937498,0.0,12.0,12.0,12.0,198.0,157.0,0.3840764331210191,0.4863636363636363,,25,BAND,8.0,31.0,37.0,False,0.5480647251298565,4
1.0,16.0,405.0,4,4,0.4576957862448275,0.4551098807066145,0.4827241035476375,0.0,12.0,12.0,12.0,397.0,273.0,0.2498168498168497,0.3408060453400504,0.3714285714285714,26,BAND,8.0,34.0,59.0,False,0.5111803084894634,4
1.0,29.0,424.0,4,4,0.397431814075267,0.3587019680395177,0.4992751485442662,0.0,13.0,13.0,13.0,416.0,197.0,0.3091370558375634,0.438701923076923,0.3142857142857142,27,BAND,9.0,33.0,47.0,False,0.5477788769939279,4
1.0,20.0,415.0,4,4,0.4217683410917008,0.4263959358821342,0.4516365439360085,0.0,13.0,13.0,13.0,407.0,174.0,0.3218390804597701,0.4852579852579852,0.8470588235294118,28,BAND,9.0,37.0,52.0,False,0.5278871978624106,4
1.0,22.0,408.0,4,4,0.3399883840261065,0.3231249417371402,0.4811488293587264,0.0,12.0,12.0,12.0,400.0,179.0,0.38268156424581,0.4919999999999999,0.49375,29,BAND,8.0,38.0,64.0,False,0.5539906987284965,4
1.0,26.0,412.0,4,4,0.3860910541886587,0.3999999999999999,0.466903796079394,0.0,14.0,14.0,14.0,404.0,199.0,0.2592964824120603,0.3876237623762376,0.5840000000000001,30,BAND,10.0,41.0,55.0,False,0.4854695684389919,4
1.0,25.0,402.0,4,4,0.2913945506862439,0.2557641317304455,0.467849345987387,0.0,13.0,13.0,13.0,394.0,160.0,0.41,0.5395939086294416,0.295,31,BAND,9.0,35.0,64.0,False,0.5068626189619002,4
1.0,40.0,458.0,4,4,0.317255638368131,0.3014580139232758,0.4717151401296954,0.0,12.0,12.0,12.0,450.0,254.0,0.3311023622047244,0.5622222222222222,0.8416666666666666,32,BAND,8.0,42.0,59.0,False,0.5488946316560993,4
1.0,16.0,424.0,4,4,0.3107156873087255,0.2786718189977241,0.449070571042992,0.0,12.0,12.0,12.0,416.0,248.0,0.2620967741935484,0.3675480769230769,0.2642857142857142,33,BAND,8.0,38.0,69.0,False,0.5229170285936765,4
1.0,61.0,403.0,4,4,0.4664587616353622,0.4962171568507708,0.5,0.0,14.0,14.0,14.0,399.0,189.0,0.3423280423280423,0.4451127819548872,0.4499999999999999,34,BAND,10.0,33.0,58.0,False,0.4927331413171704,4
1.0,20.0,403.0,4,4,0.2827571835337823,0.2418731255566443,0.4037346895437865,0.0,13.0,13.0,13.0,395.0,221.0,0.3819004524886878,0.5425316455696202,0.7777777777777777,35,BAND,9.0,33.0,54.0,False,0.5120433865900756,4
1.0,23.0,423.0,4,4,0.3702587122343324,0.3999999999999999,0.4493961094008148,0.0,14.0,14.0,14.0,415.0,168.0,0.2708333333333333,0.2754216867469879,0.1738095238095238,36,BAND,10.0,33.0,52.0,False,0.448449098112414,4
1.0,25.0,442.0,4,4,0.3413136618024833,0.3282736529267661,0.4457316617684494,0.0,14.0,14.0,14.0,434.0,258.0,0.3220930232558139,0.4460829493087557,0.6599999999999999,37,BAND,10.0,31.0,54.0,False,0.4743787608676621,4
1.0,26.0,405.0,4,4,0.3253792925452419,0.3499425947023482,0.4304668302556467,0.0,12.0,12.0,12.0,397.0,176.0,0.3386363636363636,0.4937027707808564,,38,BAND,8.0,32.0,57.0,False,0.5318200399613311,4
1.0,98.0,431.0,4,4,0.4592382645928031,0.5,0.5,0.0,15.0,15.0,15.0,431.0,222.0,0.3554054054054054,0.5470997679814386,0.6571428571428571,39,BAND,11.0,34.0,43.0,False,0.4539106777081395,4
1.0,24.0,407.0,4,4,0.3435025738494065,0.3499999999999999,0.4943807400088337,0.0,14.0,14.0,14.0,399.0,279.0,0.3125448028673835,0.437844611528822,1.0,40,BAND,10.0,32.0,49.0,False,0.4408781422020223,4
1.0,40.0,403.0,4,4,0.3204033510934067,0.3362176253782649,0.4476919049319077,0.0,13.0,13.0,13.0,395.0,226.0,0.2880530973451327,0.4250632911392405,0.5272727272727272,41,BAND,9.0,35.0,50.0,False,0.519923869947699,4
1.0,38.0,405.0,4,4,0.3375430859571373,0.3315974341161647,0.4850180472158679,0.0,14.0,14.0,14.0,397.0,218.0,0.3266055045871559,0.5413098236775818,0.5583333333333331,42,BAND,10.0,33.0,60.0,False,0.4851543743435196,4
1.0,31.0,408.0,4,4,0.3759832570898238,0.4017455653835275,0.4416725502570117,0.0,14.0,14.0,14.0,400.0,231.0,0.2662337662337662,0.3389999999999999,0.4666666666666666,43,BAND,10.0,35.0,51.0,False,0.5039644316835228,4
1.0,21.0,409.0,4,4,0.3473557303196688,0.3682519615989283,0.4791422672558524,0.0,12.0,12.0,12.0,401.0,255.0,0.348235294117647,0.4326683291770573,0.7,44,BAND,8.0,30.0,69.0,False,0.539555419646554,4
1.0,13.0,415.0,4,4,0.4740110285365678,0.4937012516952721,0.4994752956259881,0.0,13.0,13.0,13.0,407.0,260.0,0.3042307692307692,0.4732186732186732,1.0,45,BAND,9.0,38.0,51.0,False,0.4821121970478766,4
1.0,18.0,411.0,4,4,0.4226796093079205,0.4295252324056489,0.4421939014248061,0.0,13.0,13.0,13.0,403.0,324.0,0.2780864197530864,0.35136476426799,0.3333333333333333,46,BAND,9.0,36.0,71.0,False,0.5364024718342192,4
1.0,27.0,412.0,4,4,0.3978730433693377,0.3930116110481749,0.4483006853726752,0.0,13.0,13.0,13.0,404.0,217.0,0.3506912442396313,0.467079207920792,0.7045454545454546,47,BAND,9.0,35.0,60.0,False,0.4824622986248317,4
1.0,70.0,408.0,4,4,0.4285240052112947,0.4790193043947812,0.5,0.0,14.0,14.0,14.0,408.0,251.0,0.3187250996015936,0.3580882352941175,0.3391304347826086,48,BAND,10.0,31.0,55.0,False,0.4689939377009891,4
1.0,18.0,411.0,4,4,0.3710501530337868,0.3522734106134854,0.4666590408510019,0.0,12.0,12.0,12.0,403.0,217.0,0.3225806451612903,0.4672456575682382,0.6714285714285715,49,BAND,8.0,36.0,53.0,False,0.5315089594586271,4
1.0,31.0,411.0,4,4,0.309321572943018,0.2720464264711384,0.4657502999472875,0.0,12.0,12.0,12.0,403.0,262.0,0.348854961832061,0.4369727047146401,1.0,50,BAND,8.0,38.0,53.0,False,0.5169282720738165,4
1.0,28.0,411.0,4,4,0.411773964376005,0.4141166013825307,0.4466343964720513,0.0,13.0,13.0,13.0,403.0,247.0,0.3226720647773279,0.4240694789081885,0.0,51,BAND,9.0,40.0,67.0,False,0.4929732244789099,4
1.0,30.0,422.0,4,4,0.3436063915665072,0.3246733815102535,0.476536066348794,0.0,13.0,13.0,13.0,414.0,194.0,0.3474226804123712,0.4683574879227054,0.2499999999999999,52,BAND,9.0,34.0,47.0,False,0.4938211536299408,4
1.0,28.0,409.0,4,4,0.3008148409571706,0.2866607350828264,0.4221186306146378,0.0,14.0,14.0,14.0,402.0,258.0,0.3531007751937984,0.4281094527363183,0.875,53,BAND,10.0,33.0,52.0,False,0.4753052869559503,4
1.0,54.0,305.0,4,4,0.3505877455741303,0.3167685230529555,0.5,0.0,14.0,14.0,14.0,301.0,164.0,0.3951219512195121,0.5212624584717607,,54,BAND,10.0,34.0,62.0,False,0.4852649317431478,4
0.0,,10.0,4,4,0.3022972174255097,0.2391117058411195,0.4502648526694857,0.0,13.0,13.0,13.0,,,,,,55,BAND,9.0,32.0,64.0,False,0.4939153571393622,4
1.0,55.0,423.0,4,4,0.3542232769244268,0.3806820570689386,0.46924526102532,0.0,13.0,13.0,13.0,418.0,260.0,0.3576923076923077,0.4636363636363635,0.175,56,BAND,9.0,37.0,63.0,False,0.4950247264506541,4
1.0,50.0,412.0,4,4,0.3414649442554362,0.3369267702504788,0.3788297093552653,0.0,13.0,13.0,13.0,407.0,296.0,0.2266891891891892,0.385995085995086,1.0,57,BAND,9.0,32.0,48.0,False,0.4992958904614242,4
1.0,36.0,409.0,4,4,0.3202018294845368,0.2910505975654436,0.4844790038907434,0.0,12.0,12.0,12.0,401.0,158.0,0.5164556962025316,0.6433915211970075,0.5349999999999999,58,BAND,8.0,37.0,59.0,False,0.5140426945841676,4
1.0,92.0,413.0,4,4,0.3900438331782585,0.3968394645570572,0.4791631299973252,0.0,12.0,12.0,12.0,413.0,270.0,0.2674074074074074,0.3774818401937046,0.5349999999999999,59,BAND,8.0,29.0,58.0,False,0.5547202422784743,4
1.0,59.0,402.0,4,4,0.3256427598222346,0.3429062693418756,0.3825768800806527,0.0,14.0,14.0,14.0,397.0,157.0,0.4471337579617833,0.6236775818639798,0.53125,0,BAND_MIX_F,10.0,37.0,62.0,False,0.4751134629122781,4
1.0,26.0,402.0,4,4,0.3213864657866606,0.315946125880666,0.3763254207005533,0.0,13.0,13.0,13.0,394.0,207.0,0.3328502415458937,0.4593908629441624,0.4294117647058824,1,BAND_MIX_F,9.0,40.0,64.0,False,0.4978619882524386,4
1.0,33.0,426.0,4,4,0.3624283907853295,0.360357747860085,0.4902221656181697,0.0,13.0,13.0,13.0,418.0,249.0,0.3433734939759036,0.4641148325358851,0.6379310344827587,2,BAND_MIX_F,9.0,33.0,53.0,False,0.477449353297554,4
1.0,38.0,448.0,4,4,0.323283673921786,0.32198310920973,0.4381596266406676,0.0,12.0,12.0,12.0,440.0,263.0,0.3577946768060836,0.5561363636363637,1.0,3,BAND_MIX_F,8.0,32.0,49.0,False,0.5487529562486384,4
0.0,,8.0,4,4,0.3176836976900536,0.3172979804383958,0.3429316992958006,0.0,13.0,13.0,13.0,,,,,,4,BAND_MIX_F,9.0,36.0,63.0,False,0.4727090135714658,4
1.0,37.0,402.0,4,4,0.3377320487801483,0.3133429864259671,0.4843648849595768,0.0,14.0,14.0,14.0,394.0,277.0,0.2873646209386281,0.4086294416243654,0.675,5,BAND_MIX_F,10.0,38.0,54.0,False,0.4748340711659565,4
1.0,38.0,405.0,4,4,0.3647473443569231,0.3633406881334581,0.4866194625283106,0.0,12.0,12.0,12.0,397.0,265.0,0.3090566037735849,0.4050377833753149,0.80625,6,BAND_MIX_F,8.0,33.0,54.0,False,0.4849995385124137,4
1.0,31.0,414.0,4,4,0.3855145236253845,0.4141500232603498,0.4339126748909018,0.0,12.0,12.0,12.0,406.0,235.0,0.2404255319148936,0.4120689655172414,0.3714285714285714,7,BAND_MIX_F,8.0,35.0,64.0,False,0.5716467786623298,4
1.0,22.0,408.0,4,4,0.29460642830383,0.2464980019268291,0.4389317074348326,0.0,12.0,12.0,12.0,400.0,252.0,0.2146825396825396,0.3359999999999999,0.3785714285714285,8,BAND_MIX_F,8.0,35.0,58.0,False,0.5000401245105194,4
1.0,23.0,404.0,4,4,0.3333372323893766,0.310516924028444,0.4828345406492457,0.0,12.0,12.0,12.0,396.0,188.0,0.3180851063829787,0.4116161616161616,,9,BAND_MIX_F,8.0,40.0,68.0,False,0.5121495209092083,4
1.0,16.0,421.0,4,4,0.3600714751494432,0.3735756350817145,0.4462676947564734,0.0,13.0,13.0,13.0,413.0,182.0,0.3703296703296703,0.5009685230024213,0.157142857142857,10,BAND_MIX_F,9.0,29.0,49.0,False,0.4574613710544331,4
1.0,60.0,401.0,4,4,0.3068411325475229,0.2572348533645077,0.4556599700965683,0.0,12.0,12.0,12.0,393.0,212.0,0.3613207547169811,0.4557251908396947,0.4478260869565217,11,BAND_MIX_F,8.0,31.0,45.0,False,0.5148185777308492,4
1.0,81.0,307.0,4,4,0.3245402914809943,0.3176235407417497,0.4190468395038843,0.0,13.0,13.0,13.0,307.0,166.0,0.3259036144578313,0.429315960912052,0.3461538461538461,12,BAND_MIX_F,9.0,29.0,39.0,False,0.5238642975797141,4
1.0,63.0,402.0,4,4,0.3094880773765278,0.3107125743724755,0.3663015079814337,0.0,13.0,13.0,13.0,396.0,212.0,0.3419811320754717,0.4126262626262625,0.4576923076923076,13,BAND_MIX_F,9.0,36.0,56.0,False,0.5056959308871462,4
1.0,15.0,407.0,4,4,0.3219592508613931,0.285928932878413,0.4993755121134737,0.0,13.0,13.0,13.0,399.0,202.0,0.3153465346534653,0.4200501253132831,0.5272727272727272,14,BAND_MIX_F,9.0,38.0,49.0,False,0.4957337962978708,4
1.0,48.0,433.0,4,4,0.3451473747189586,0.3319686564341683,0.3999999999999999,0.0,14.0,14.0,14.0,426.0,187.0,0.4010695187165775,0.5265258215962441,0.625,15,BAND_MIX_F,10.0,38.0,59.0,False,0.4523730434027259,4
1.0,27.0,416.0,4,4,0.2876186528802407,0.2309256606250334,0.4863618311666476,0.0,12.0,12.0,12.0,408.0,192.0,0.4244791666666667,0.5703431372549019,0.5611111111111111,16,BAND_MIX_F,8.0,42.0,60.0,False,0.5479721507788358,4
1.0,26.0,410.0,4,4,0.390574046513411,0.4045272612960299,0.4342901337130558,0.0,12.0,12.0,12.0,402.0,223.0,0.3502242152466367,0.5330845771144279,0.8833333333333333,17,BAND_MIX_F,8.0,34.0,59.0,False,0.5853748613040208,4
1.0,26.0,402.0,4,4,0.338202525295257,0.338202525295257,0.4080572589220469,0.0,12.0,12.0,12.0,394.0,225.0,0.2573333333333333,0.383502538071066,,18,BAND_MIX_F,8.0,37.0,60.0,False,0.5307235754398938,4
1.0,17.0,422.0,4,4,0.3774114251746648,0.368840473818078,0.4358584879343813,0.0,12.0,12.0,12.0,414.0,289.0,0.2716262975778546,0.3971014492753624,0.5153846153846153,19,BAND_MIX_F,8.0,47.0,64.0,False,0.5057707199276565,4
1.0,29.0,414.0,4,4,0.347216951201608,0.3651127903304365,0.3805289533915866,0.0,12.0,12.0,12.0,406.0,240.0,0.2929166666666667,0.3704433497536946,0.43,20,BAND_MIX_F,8.0,32.0,48.0,False,0.5400261299032673,4
1.0,23.0,421.0,4,4,0.3640307081066263,0.3606960461314565,0.4061571090854407,0.0,13.0,13.0,13.0,413.0,219.0,0.31324200913242,0.5094430992736078,,21,BAND_MIX_F,9.0,34.0,53.0,False,0.5253190938758381,4
1.0,20.0,418.0,4,4,0.4188190377747723,0.445120583693372,0.446595338047026,0.0,13.0,13.0,13.0,410.0,261.0,0.2854406130268199,0.405609756097561,0.5857142857142856,22,BAND_MIX_F,9.0,37.0,56.0,False,0.5187744904503776,4
1.0,28.0,404.0,4,4,0.4523597068074785,0.4520632356826601,0.457646448904967,0.0,12.0,12.0,12.0,396.0,199.0,0.3120603015075377,0.498989898989899,0.1999999999999998,23,BAND_MIX_F,8.0,31.0,49.0,False,0.5482894372228032,4
1.0,20.0,403.0,4,4,0.44972301835166,0.4612569152451617,0.4797093011493865,0.0,12.0,12.0,12.0,395.0,220.0,0.2931818181818181,0.3964556962025317,0.3294117647058823,24,BAND_MIX_F,8.0,29.0,44.0,False,0.5338092326149381,4
1.0,20.0,412.0,4,4,0.3100184001358543,0.2908294998391557,0.4202561038056328,0.0,12.0,12.0,12.0,404.0,209.0,0.3602870813397129,0.4633663366336633,0.3866666666666667,25,BAND_MIX_F,8.0,31.0,37.0,False,0.5480647251298565,4
1.0,20.0,406.0,4,4,0.4549049426686812,0.4793080831288974,0.4827241035476375,0.0,12.0,12.0,12.0,398.0,189.0,0.3227513227513227,0.4153266331658292,0.4099999999999998,26,BAND_MIX_F,8.0,34.0,59.0,False,0.5111803084894634,4
1.0,31.0,445.0,4,4,0.4282528004399392,0.4327269448750335,0.4992751485442662,0.0,13.0,13.0,13.0,437.0,223.0,0.3730941704035874,0.4803203661327231,0.6,27,BAND_MIX_F,9.0,33.0,47.0,False,0.5477788769939279,4
1.0,24.0,404.0,4,4,0.3683704164035588,0.3826449486665262,0.4516365439360085,0.0,13.0,13.0,13.0,396.0,282.0,0.2120567375886524,0.2532828282828282,0.3571428571428571,28,BAND_MIX_F,9.0,37.0,52.0,False,0.5278871978624106,4
1.0,30.0,410.0,4,4,0.2979576984862507,0.283304092180823,0.3817393669588511,0.0,12.0,12.0,12.0,402.0,220.0,0.2954545454545454,0.363681592039801,0.1,29,BAND_MIX_F,8.0,38.0,64.0,False,0.5539906987284965,4
1.0,24.0,414.0,4,4,0.4350701325501758,0.4316801006705191,0.4962167289035787,0.0,14.0,14.0,14.0,406.0,213.0,0.2690140845070423,0.3903940886699507,0.4181818181818181,30,BAND_MIX_F,10.0,41.0,55.0,False,0.4854695684389919,4
1.0,23.0,407.0,4,4,0.3272440163524027,0.305414116511343,0.452425707566384,0.0,13.0,13.0,13.0,399.0,128.0,0.3632812499999999,0.4812030075187968,0.3463414634146341,31,BAND_MIX_F,9.0,35.0,64.0,False,0.5068626189619002,4
1.0,32.0,402.0,4,4,0.2965180762851196,0.2918540742805456,0.4003869974596529,0.0,12.0,12.0,12.0,394.0,247.0,0.3194331983805668,0.398223350253807,0.3387096774193547,32,BAND_MIX_F,8.0,42.0,59.0,False,0.5488946316560993,4
1.0,28.0,414.0,4,4,0.2911732693630013,0.2786718189977241,0.3695018200585612,0.0,12.0,12.0,12.0,406.0,197.0,0.3928934010152284,0.5817733990147783,0.55,33,BAND_MIX_F,8.0,38.0,69.0,False,0.5229170285936765,4
1.0,19.0,414.0,4,4,0.4829175232707244,0.4962171568507708,0.5,0.0,14.0,14.0,14.0,406.0,240.0,0.2970833333333333,0.3889162561576354,0.4914893617021277,34,BAND_MIX_F,10.0,33.0,58.0,False,0.4927331413171704,4
1.0,16.0,404.0,4,4,0.2590545144755935,0.2343458401659082,0.3608086698360702,0.0,13.0,13.0,13.0,396.0,219.0,0.2315068493150684,0.3646464646464647,0.625,35,BAND_MIX_F,9.0,33.0,54.0,False,0.5120433865900756,4
1.0,33.0,419.0,4,4,0.3903241540329728,0.4428390109830784,0.4617372244935191,0.0,14.0,14.0,14.0,411.0,216.0,0.3060185185185184,0.5153284671532847,0.8454545454545453,36,BAND_MIX_F,10.0,33.0,52.0,False,0.448449098112414,4
1.0,28.0,407.0,4,4,0.386757299443771,0.3877002333692512,0.4457316617684494,0.0,14.0,14.0,14.0,399.0,225.0,0.2297777777777778,0.3017543859649123,0.2954545454545454,37,BAND_MIX_F,10.0,31.0,54.0,False,0.4743787608676621,4
1.0,53.0,402.0,4,4,0.3138439706760741,0.3499425947023482,0.3499425947023482,0.0,12.0,12.0,12.0,395.0,263.0,0.3771863117870722,0.4420253164556962,0.4222222222222221,38,BAND_MIX_F,8.0,32.0,57.0,False,0.5318200399613311,4
1.0,46.0,341.0,4,4,0.401536403023761,0.4093989286774291,0.5,0.0,15.0,15.0,15.0,335.0,205.0,0.2619512195121951,0.3438805970149254,,39,BAND_MIX_F,11.0,34.0,43.0,False,0.4539106777081395,4
1.0,30.0,422.0,4,4,0.3866554970157952,0.3999999999999999,0.4466219880631812,0.0,14.0,14.0,14.0,414.0,243.0,0.360082304526749,0.5142512077294686,0.7444444444444445,40,BAND_MIX_F,10.0,32.0,49.0,False,0.4408781422020223,4
1.0,18.0,427.0,4,4,0.3898382152718705,0.3877216653886547,0.4476919049319077,0.0,13.0,13.0,13.0,419.0,266.0,0.3684210526315789,0.4365155131264916,0.7909090909090909,41,BAND_MIX_F,9.0,35.0,50.0,False,0.519923869947699,4
1.0,21.0,410.0,4,4,0.3192665377464155,0.3331915112955597,0.3456996017966963,0.0,14.0,14.0,14.0,402.0,206.0,0.3626213592233009,0.4791044776119402,0.8550000000000001,42,BAND_MIX_F,10.0,33.0,60.0,False,0.4851543743435196,4
1.0,26.0,396.0,4,4,0.4371880803648347,0.4416725502570117,0.4619160901782601,0.0,14.0,14.0,14.0,388.0,270.0,0.2688888888888888,0.2938144329896907,0.0777777777777777,43,BAND_MIX_F,10.0,35.0,51.0,False,0.5039644316835228,4
1.0,44.0,401.0,4,4,0.3513159657619329,0.3523666944555437,0.4791422672558524,0.0,12.0,12.0,12.0,393.0,215.0,0.3293023255813954,0.4076335877862595,0.4666666666666667,44,BAND_MIX_F,8.0,30.0,69.0,False,0.539555419646554,4
1.0,41.0,423.0,4,4,0.4093229606470244,0.4480040104425324,0.4994752956259881,0.0,13.0,13.0,13.0,415.0,198.0,0.4191919191919191,0.567710843373494,0.9705882352941176,45,BAND_MIX_F,9.0,38.0,51.0,False,0.4821121970478766,4
1.0,33.0,432.0,4,4,0.4113491840766578,0.4242546928906696,0.4421939014248061,0.0,13.0,13.0,13.0,424.0,164.0,0.3323170731707317,0.5224056603773586,0.5176470588235295,46,BAND_MIX_F,9.0,36.0,71.0,False,0.5364024718342192,4
1.0,15.0,410.0,4,4,0.393779361493123,0.3930116110481749,0.4483006853726752,0.0,13.0,13.0,13.0,402.0,203.0,0.3871921182266009,0.5706467661691542,0.7533333333333334,47,BAND_MIX_F,9.0,35.0,60.0,False,0.4824622986248317,4
0.0,,11.0,4,4,0.4671799363104033,0.4790193043947812,0.5,0.0,14.0,14.0,14.0,,,,,,48,BAND_MIX_F,10.0,31.0,55.0,False,0.4689939377009891,4
1.0,32.0,425.0,4,4,0.441901584181018,0.4439821463902824,0.4898166014428157,0.0,12.0,12.0,12.0,417.0,266.0,0.3270676691729323,0.5155875299760192,0.4888888888888888,49,BAND_MIX_F,8.0,36.0,53.0,False,0.5315089594586271,4
1.0,52.0,413.0,4,4,0.2549116484849306,0.2566120919334131,0.2684966860585396,0.0,12.0,12.0,12.0,405.0,204.0,0.3990196078431373,0.4790123456790124,0.6523809523809524,50,BAND_MIX_F,8.0,38.0,53.0,False,0.5169282720738165,4
1.0,29.0,403.0,4,4,0.4050503013626861,0.4285236357531659,0.4466343964720513,0.0,13.0,13.0,13.0,395.0,220.0,0.3686363636363636,0.56,0.85,51,BAND_MIX_F,9.0,40.0,67.0,False,0.4929732244789099,4
1.0,33.0,409.0,4,4,0.3872544087634179,0.3912129334921169,0.476536066348794,0.0,13.0,13.0,13.0,401.0,235.0,0.3327659574468085,0.4271820448877805,0.3833333333333332,52,BAND_MIX_F,9.0,34.0,47.0,False,0.4938211536299408,4
1.0,32.0,420.0,4,4,0.2898773306795311,0.263246442582133,0.4055274764161294,0.0,14.0,14.0,14.0,412.0,246.0,0.2642276422764227,0.3936893203883495,0.4125,53,BAND_MIX_F,10.0,33.0,52.0,False,0.4753052869559503,4
1.0,18.0,419.0,4,4,0.4308126872170061,0.4517907548928038,0.5,0.0,14.0,14.0,14.0,411.0,299.0,0.2685618729096989,0.3948905109489051,1.0,54,BAND_MIX_F,10.0,34.0,62.0,False,0.4852649317431478,4
1.0,38.0,402.0,4,4,0.3835550756241497,0.4224218719929967,0.4502648526694857,0.0,13.0,13.0,13.0,394.0,181.0,0.2370165745856353,0.3969543147208122,0.5171428571428572,55,BAND_MIX_F,9.0,32.0,64.0,False,0.4939153571393622,4
1.0,23.0,408.0,4,4,0.3488299959311865,0.3624587165722565,0.3921217642472402,0.0,13.0,13.0,13.0,400.0,232.0,0.355603448275862,0.46825,0.6055555555555556,56,BAND_MIX_F,9.0,37.0,63.0,False,0.4950247264506541,4
1.0,35.0,429.0,4,4,0.3456623418123373,0.3369267702504788,0.3774666035630398,0.0,13.0,13.0,13.0,421.0,252.0,0.2492063492063491,0.3966745843230403,0.2814814814814814,57,BAND_MIX_F,9.0,32.0,48.0,False,0.4992958904614242,4
1.0,21.0,436.0,4,4,0.3457884557233106,0.3249199087650173,0.4844790038907434,0.0,12.0,12.0,12.0,428.0,210.0,0.3628571428571429,0.5322429906542055,0.990909090909091,58,BAND_MIX_F,8.0,37.0,59.0,False,0.5140426945841676,4
1.0,31.0,413.0,4,4,0.3946716266938799,0.378240138266867,0.4791631299973252,0.0,12.0,12.0,12.0,405.0,203.0,0.3275862068965517,0.4395061728395061,0.5588235294117647,59,BAND_MIX_F,8.0,29.0,58.0,False,0.5547202422784743,4
1.0,12.0,410.0,4,4,0.4308248548918545,0.4434167909380423,0.5,0.0,14.0,14.0,14.0,402.0,309.0,0.2650485436893204,0.35,0.4130434782608695,0,BAND_MIX_M,10.0,37.0,62.0,False,0.4751134629122781,4
1.0,41.0,417.0,4,4,0.4117264162240443,0.4295475402702821,0.4332465232790382,0.0,13.0,13.0,13.0,409.0,206.0,0.2650485436893203,0.3929095354523227,0.125,1,BAND_MIX_M,9.0,40.0,64.0,False,0.4978619882524386,4
1.0,19.0,385.0,4,4,0.4296750781572199,0.4583472187842372,0.4814621517947052,0.0,13.0,13.0,13.0,377.0,248.0,0.3516129032258064,0.3960212201591512,,2,BAND_MIX_M,9.0,33.0,53.0,False,0.477449353297554,4
1.0,14.0,424.0,4,4,0.3427325259862359,0.3566952289514259,0.4364747922434591,0.0,12.0,12.0,12.0,416.0,207.0,0.2647342995169082,0.4187499999999999,0.48,3,BAND_MIX_M,8.0,32.0,49.0,False,0.5487529562486384,4
1.0,19.0,417.0,4,4,0.3586276171963461,0.3412029523361312,0.4126303587366607,0.0,13.0,13.0,13.0,409.0,235.0,0.3191489361702128,0.4440097799511003,0.6499999999999999,4,BAND_MIX_M,9.0,36.0,63.0,False,0.4727090135714658,4
1.0,23.0,423.0,4,4,0.4265041523529335,0.4170362677715623,0.4864435866905774,0.0,14.0,14.0,14.0,415.0,212.0,0.2537735849056604,0.3995180722891566,,5,BAND_MIX_M,10.0,38.0,54.0,False,0.4748340711659565,4
1.0,23.0,415.0,4,4,0.3818655583017559,0.4272578981915194,0.4272578981915194,0.0,12.0,12.0,12.0,407.0,242.0,0.3367768595041322,0.4484029484029484,0.6478260869565219,6,BAND_MIX_M,8.0,33.0,54.0,False,0.4849995385124137,4
1.0,19.0,403.0,4,4,0.3645574283090768,0.3414390127818018,0.4339126748909018,0.0,12.0,12.0,12.0,395.0,251.0,0.3059760956175298,0.4093670886075949,0.6291666666666667,7,BAND_MIX_M,8.0,35.0,64.0,False,0.5716467786623298,4
1.0,34.0,414.0,4,4,0.3114279524958979,0.2721650467262986,0.4548837146041654,0.0,12.0,12.0,12.0,406.0,155.0,0.3238709677419355,0.4366995073891626,0.3131578947368421,8,BAND_MIX_M,8.0,35.0,58.0,False,0.5000401245105194,4
1.0,17.0,408.0,4,4,0.2646527561291028,0.2701986097854451,0.2843840264087413,0.0,12.0,12.0,12.0,400.0,274.0,0.2974452554744525,0.3584999999999999,0.2333333333333333,9,BAND_MIX_M,8.0,40.0,68.0,False,0.5121495209092083,4
1.0,23.0,404.0,4,4,0.3530472933498123,0.3806097840232665,0.4462676947564734,0.0,13.0,13.0,13.0,396.0,278.0,0.3053956834532374,0.381060606060606,1.0,10,BAND_MIX_M,9.0,29.0,49.0,False,0.4574613710544331,4
1.0,26.0,402.0,4,4,0.4070793641150572,0.4556599700965683,0.4597626629025845,0.0,12.0,12.0,12.0,394.0,197.0,0.2284263959390862,0.3680203045685279,0.4545454545454545,11,BAND_MIX_M,8.0,31.0,45.0,False,0.5148185777308492,4
1.0,31.0,430.0,4,4,0.3063128614800282,0.2972026943018181,0.4222976901386082,0.0,13.0,13.0,13.0,422.0,222.0,0.3391891891891891,0.4059241706161137,0.2964285714285714,12,BAND_MIX_M,9.0,29.0,39.0,False,0.5238642975797141,4
1.0,50.0,414.0,4,4,0.3909545988722118,0.3590248678410355,0.4944877674347555,0.0,13.0,13.0,13.0,406.0,223.0,0.3116591928251121,0.479064039408867,0.5181818181818181,13,BAND_MIX_M,9.0,36.0,56.0,False,0.5056959308871462,4
1.0,29.0,402.0,4,4,0.4418447834083058,0.472636805628332,0.4993755121134737,0.0,13.0,13.0,13.0,394.0,189.0,0.3312169312169312,0.3710659898477157,0.537037037037037,14,BAND_MIX_M,9.0,38.0,49.0,False,0.4957337962978708,4
1.0,24.0,403.0,4,4,0.3208601394978133,0.3398402938409006,0.3999999999999999,0.0,14.0,14.0,14.0,395.0,193.0,0.3637305699481865,0.5088607594936709,1.0,15,BAND_MIX_M,10.0,38.0,59.0,False,0.4523730434027259,4
1.0,34.0,425.0,4,4,0.3931306209469845,0.4272046566811522,0.4675551252639349,0.0,12.0,12.0,12.0,417.0,176.0,0.459090909090909,0.6568345323741006,0.7272727272727273,16,BAND_MIX_M,8.0,42.0,60.0,False,0.5479721507788358,4
1.0,27.0,401.0,4,4,0.4524358445512546,0.4615541656895404,0.4958492383410342,0.0,12.0,12.0,12.0,393.0,299.0,0.2963210702341137,0.36412213740458,0.2999999999999999,17,BAND_MIX_M,8.0,34.0,59.0,False,0.5853748613040208,4
1.0,13.0,175.0,4,4,0.3668396785889196,0.3954768318825821,0.4080572589220469,0.0,12.0,12.0,12.0,167.0,105.0,0.3857142857142857,0.5269461077844312,0.1,18,BAND_MIX_M,8.0,37.0,60.0,False,0.5307235754398938,4
1.0,32.0,421.0,4,4,0.3627290727787622,0.3693796145647811,0.4737879140313956,0.0,12.0,12.0,12.0,413.0,185.0,0.3264864864864865,0.5036319612590799,0.4652173913043478,19,BAND_MIX_M,8.0,47.0,64.0,False,0.5057707199276565,4
1.0,61.0,403.0,4,4,0.3351206487418681,0.3699789070491696,0.3805289533915866,0.0,12.0,12.0,12.0,399.0,274.0,0.3156934306569343,0.3824561403508772,0.1999999999999999,20,BAND_MIX_M,8.0,32.0,48.0,False,0.5400261299032673,4
1.0,15.0,406.0,4,4,0.2688416147012863,0.2614223431720736,0.3285736310781515,0.0,13.0,13.0,13.0,398.0,181.0,0.3375690607734806,0.4449748743718593,0.7615384615384614,21,BAND_MIX_M,9.0,34.0,53.0,False,0.5253190938758381,4
1.0,27.0,424.0,4,4,0.3929953112787224,0.4436458293397181,0.446595338047026,0.0,13.0,13.0,13.0,416.0,266.0,0.362781954887218,0.5057692307692307,,22,BAND_MIX_M,9.0,37.0,56.0,False,0.5187744904503776,4
1.0,19.0,387.0,4,4,0.303027882072976,0.254815207110759,0.4476659069596269,0.0,12.0,12.0,12.0,379.0,211.0,0.25260663507109,0.31688654353562,0.5473684210526315,23,BAND_MIX_M,8.0,31.0,49.0,False,0.5482894372228032,4
1.0,16.0,402.0,4,4,0.3915150984794231,0.4070726055838952,0.484228823808293,0.0,12.0,12.0,12.0,394.0,163.0,0.3030674846625766,0.5258883248730964,0.305,24,BAND_MIX_M,8.0,29.0,44.0,False,0.5338092326149381,4
1.0,16.0,435.0,4,4,0.4052052807051013,0.4433305409937498,0.4433305409937498,0.0,12.0,12.0,12.0,427.0,209.0,0.3617224880382775,0.5309133489461358,0.7516129032258063,25,BAND_MIX_M,8.0,31.0,37.0,False,0.5480647251298565,4
1.0,30.0,411.0,4,4,0.441250363668129,0.4431069209299145,0.4549951959325572,0.0,12.0,12.0,12.0,405.0,268.0,0.3055970149253731,0.3814814814814815,0.1,26,BAND_MIX_M,8.0,34.0,59.0,False,0.5111803084894634,4
1.0,18.0,291.0,4,4,0.3482821634654234,0.3482821634654234,0.3482821634654234,0.0,13.0,13.0,13.0,283.0,190.0,0.3536842105263159,0.496113074204947,0.6333333333333333,27,BAND_MIX_M,9.0,33.0,47.0,False,0.5477788769939279,4
1.0,18.0,406.0,4,4,0.4516365439360085,0.4516365439360085,0.4516365439360085,0.0,13.0,13.0,13.0,398.0,302.0,0.2735099337748344,0.3512562814070352,0.5944444444444444,28,BAND_MIX_M,9.0,37.0,52.0,False,0.5278871978624106,4
1.0,17.0,436.0,4,4,0.3820190695659624,0.4017221031403087,0.4811488293587264,0.0,12.0,12.0,12.0,428.0,180.0,0.3477777777777777,0.611214953271028,0.8615384615384615,29,BAND_MIX_M,8.0,38.0,64.0,False,0.5539906987284965,4
1.0,20.0,438.0,4,4,0.4553462173678965,0.4625840702840037,0.4962167289035787,0.0,14.0,14.0,14.0,430.0,267.0,0.3528089887640449,0.4867441860465116,0.1,30,BAND_MIX_M,10.0,41.0,55.0,False,0.4854695684389919,4
1.0,24.0,408.0,4,4,0.2516891754148345,0.2457221248205404,0.2695903271977165,0.0,13.0,13.0,13.0,400.0,243.0,0.3469135802469136,0.41975,0.2666666666666666,31,BAND_MIX_M,9.0,35.0,64.0,False,0.5068626189619002,4
1.0,38.0,402.0,4,4,0.2539851976443,0.2539851976443,0.3014580139232758,0.0,12.0,12.0,12.0,394.0,225.0,0.4373333333333333,0.5421319796954314,0.4476190476190477,32,BAND_MIX_M,8.0,42.0,59.0,False,0.5488946316560993,4
1.0,23.0,453.0,4,4,0.3698628531996542,0.3962666111788142,0.449070571042992,0.0,12.0,12.0,12.0,445.0,256.0,0.317578125,0.4786516853932584,0.975,33,BAND_MIX_M,8.0,38.0,69.0,False,0.5229170285936765,4
1.0,16.0,404.0,4,4,0.4499999999999999,0.5,0.5,0.0,14.0,14.0,14.0,396.0,197.0,0.332994923857868,0.4641414141414141,0.4294117647058822,34,BAND_MIX_M,10.0,33.0,58.0,False,0.4927331413171704,4
1.0,46.0,443.0,4,4,0.2390396228825019,0.2418731255566443,0.2494004109473805,0.0,13.0,13.0,13.0,435.0,219.0,0.382648401826484,0.548735632183908,0.5222222222222223,35,BAND_MIX_M,9.0,33.0,54.0,False,0.5120433865900756,4
1.0,25.0,425.0,4,4,0.3158193697682575,0.3246980547004073,0.3999999999999999,0.0,14.0,14.0,14.0,417.0,203.0,0.4049261083743842,0.6069544364508392,0.6343749999999999,36,BAND_MIX_M,10.0,33.0,52.0,False,0.448449098112414,4
1.0,62.0,403.0,4,4,0.3470326920704356,0.3768785008834793,0.4341202796540031,0.0,14.0,14.0,14.0,398.0,242.0,0.3433884297520661,0.51356783919598,,37,BAND_MIX_M,10.0,31.0,54.0,False,0.4743787608676621,4
1.0,18.0,427.0,4,4,0.3318982608173711,0.3351453207827432,0.4304668302556467,0.0,12.0,12.0,12.0,419.0,222.0,0.2698198198198198,0.4183770883054892,0.7238095238095238,38,BAND_MIX_M,8.0,32.0,57.0,False,0.5318200399613311,4
1.0,23.0,405.0,4,4,0.4618188038778307,0.4736376077556615,0.5,0.0,15.0,15.0,15.0,397.0,266.0,0.2864661654135338,0.4274559193954659,0.5,39,BAND_MIX_M,11.0,34.0,43.0,False,0.4539106777081395,4
1.0,28.0,414.0,4,4,0.3450199538500302,0.3692164476498504,0.3999999999999999,0.0,14.0,14.0,14.0,406.0,190.0,0.3521052631578947,0.4773399014778325,0.4230769230769231,40,BAND_MIX_M,10.0,32.0,49.0,False,0.4408781422020223,4
1.0,14.0,428.0,4,4,0.3572164762949282,0.3877216653886547,0.4476919049319077,0.0,13.0,13.0,13.0,420.0,275.0,0.3105454545454545,0.4735714285714286,0.5411764705882353,41,BAND_MIX_M,9.0,35.0,50.0,False,0.519923869947699,4
1.0,14.0,405.0,4,4,0.3029868554446844,0.2999999999999999,0.3752008238323165,0.0,14.0,14.0,14.0,397.0,242.0,0.3231404958677685,0.4098236775818639,0.6,42,BAND_MIX_M,10.0,33.0,60.0,False,0.4851543743435196,4
1.0,18.0,402.0,4,4,0.3840214032512746,0.3725059077694791,0.4859264240548484,0.0,14.0,14.0,14.0,394.0,202.0,0.2133663366336633,0.367005076142132,0.211111111111111,43,BAND_MIX_M,10.0,35.0,51.0,False,0.5039644316835228,4
1.0,20.0,417.0,4,4,0.3261032314102532,0.3202712055898614,0.4377065476818841,0.0,12.0,12.0,12.0,409.0,223.0,0.3910313901345291,0.5254278728606357,0.6000000000000001,44,BAND_MIX_M,8.0,30.0,69.0,False,0.539555419646554,4
1.0,21.0,413.0,4,4,0.4771694260042335,0.4994752956259881,0.4994752956259881,0.0,13.0,13.0,13.0,405.0,309.0,0.2194174757281553,0.3088888888888889,0.0666666666666666,45,BAND_MIX_M,9.0,38.0,51.0,False,0.4821121970478766,4
1.0,28.0,421.0,4,4,0.4313747647816934,0.4295252324056489,0.4421939014248061,0.0,13.0,13.0,13.0,413.0,223.0,0.3121076233183856,0.4108958837772397,0.3193548387096773,46,BAND_MIX_M,9.0,36.0,71.0,False,0.5364024718342192,4
1.0,25.0,420.0,4,4,0.4266787993175076,0.4386202858494755,0.4404680278641207,0.0,13.0,13.0,13.0,412.0,215.0,0.3330232558139535,0.4480582524271844,0.6571428571428569,47,BAND_MIX_M,9.0,35.0,60.0,False,0.4824622986248317,4
1.0,11.0,409.0,4,4,0.3812282564071901,0.3976361333506524,0.5,0.0,14.0,14.0,14.0,401.0,293.0,0.2744027303754266,0.3730673316708229,0.8,48,BAND_MIX_M,10.0,31.0,55.0,False,0.4689939377009891,4
1.0,38.0,405.0,4,4,0.3570727691515558,0.3522734106134854,0.3898254425006913,0.0,12.0,12.0,12.0,397.0,188.0,0.3473404255319148,0.5387909319899243,,49,BAND_MIX_M,8.0,36.0,53.0,False,0.5315089594586271,4
1.0,23.0,409.0,4,4,0.3556799654159911,0.3556799654159911,0.4405061034566259,0.0,12.0,12.0,12.0,401.0,223.0,0.3650224215246637,0.4877805486284289,0.0666666666666666,50,BAND_MIX_M,8.0,38.0,53.0,False,0.5169282720738165,4
1.0,22.0,414.0,4,4,0.430375498927291,0.4322273621014161,0.4466343964720513,0.0,13.0,13.0,13.0,406.0,215.0,0.4390697674418604,0.5815270935960591,0.9,51,BAND_MIX_M,9.0,40.0,67.0,False,0.4929732244789099,4
1.0,22.0,405.0,4,4,0.3522427784887368,0.3636895928584638,0.4680619443380459,0.0,13.0,13.0,13.0,397.0,228.0,0.2692982456140351,0.3521410579345088,,52,BAND_MIX_M,9.0,34.0,47.0,False,0.4938211536299408,4
1.0,54.0,272.0,4,4,0.3382501910202857,0.3113814605302972,0.485003190039756,0.0,14.0,14.0,14.0,269.0,150.0,0.2806666666666666,0.4802973977695167,0.3499999999999999,53,BAND_MIX_M,10.0,33.0,52.0,False,0.4753052869559503,4
1.0,19.0,419.0,4,4,0.3736172766861013,0.3373999338309941,0.5,0.0,14.0,14.0,14.0,411.0,198.0,0.362121212121212,0.6272506082725061,0.6862068965517242,54,BAND_MIX_M,10.0,34.0,62.0,False,0.4852649317431478,4
1.0,26.0,403.0,4,4,0.3751317772204907,0.4188842681804013,0.4502648526694857,0.0,13.0,13.0,13.0,395.0,267.0,0.3704119850187266,0.430886075949367,0.3571428571428571,55,BAND_MIX_M,9.0,32.0,64.0,False,0.4939153571393622,4
1.0,22.0,419.0,4,4,0.3118754392445853,0.3241652982891442,0.3806820570689386,0.0,13.0,13.0,13.0,411.0,241.0,0.3099585062240663,0.4844282238442823,0.6727272727272727,56,BAND_MIX_M,9.0,37.0,63.0,False,0.4950247264506541,4
1.0,31.0,405.0,4,4,0.3488018917929572,0.3425243173156058,0.3788297093552653,0.0,13.0,13.0,13.0,397.0,177.0,0.4186440677966101,0.5561712846347606,0.4222222222222221,57,BAND_MIX_M,9.0,32.0,48.0,False,0.4992958904614242,4
1.0,26.0,402.0,4,4,0.3294091715936156,0.3580309248029679,0.4010048160575701,0.0,12.0,12.0,12.0,394.0,243.0,0.2843621399176954,0.3352791878172588,0.2333333333333333,58,BAND_MIX_M,8.0,37.0,59.0,False,0.5140426945841676,4
1.0,39.0,408.0,4,4,0.3732719988887933,0.3725513830093696,0.4134371762892737,0.0,12.0,12.0,12.0,400.0,231.0,0.3467532467532467,0.5205000000000001,0.5238095238095238,59,BAND_MIX_M,8.0,29.0,58.0,False,0.5547202422784743,4
1.0,33.0,82.0,4,4,0.0,0.0,0.0,1.0,48.0,42.0,61.0,,,,,,0,D,65.0,37.0,62.0,False,0.0093732977362107,4
1.0,33.0,82.0,4,4,0.0102312863138475,0.0,0.0818502905107807,0.875,61.5,41.0,74.0,,,,,,1,D,70.0,40.0,64.0,False,0.0058792519266364,4
1.0,32.0,84.0,4,4,0.0,0.0,0.0,1.0,45.0,30.0,62.0,,,,,,2,D,58.0,33.0,53.0,False,0.009696861062768,4
1.0,41.0,85.0,4,4,0.0557379609343975,0.0,0.3598300502218747,0.625,39.5,15.0,53.0,,,,,,3,D,56.0,32.0,49.0,False,0.013077702016688,4
1.0,31.0,93.0,4,4,0.0433915083736034,0.0,0.3471320669888278,0.875,52.5,45.0,67.0,,,,,,4,D,63.0,36.0,63.0,False,0.006781697824034,4
1.0,25.0,89.0,4,4,0.0049898567312804,0.0,0.0399188538502436,0.875,58.5,38.0,70.0,,,,,,5,D,66.0,38.0,54.0,False,0.0085175057780777,4
1.0,33.0,90.0,4,4,0.0,0.0,0.0,1.0,49.5,37.0,62.0,,,,,,6,D,58.0,33.0,54.0,False,0.0156096764972663,4
1.0,40.0,82.0,4,4,0.0,0.0,0.0,1.0,42.0,32.0,65.0,,,,,,7,D,61.0,35.0,64.0,False,0.012085343754788,4
1.0,33.0,84.0,4,4,0.0106547832850383,0.0,0.0852382662803069,0.875,49.0,21.0,57.0,,,,,,8,D,61.0,35.0,58.0,False,0.00835551993277,4
1.0,32.0,80.0,4,4,0.0036429943975229,0.0,0.0291439551801835,0.875,61.0,56.0,74.0,,,,,,9,D,70.0,40.0,68.0,False,0.0081499324624574,4
1.0,24.0,82.0,4,4,0.0,0.0,0.0,1.0,45.0,27.0,55.0,,,,,,10,D,51.0,29.0,49.0,False,0.0167792772626479,4
1.0,30.0,107.0,4,4,0.0,0.0,0.0,1.0,47.0,29.0,58.0,,,,,,11,D,54.0,31.0,45.0,False,0.0162058714548277,4
0.0,,8.0,4,4,0.0034265342297026,0.0,0.027412273837621,0.875,38.0,26.0,44.0,,,,,,12,D,51.0,29.0,39.0,False,0.0153488154399466,4
1.0,54.0,90.0,4,4,0.0062169099729563,0.0,0.0497352797836508,0.875,63.5,50.0,67.0,,,,,,13,D,63.0,36.0,56.0,False,0.0105858399669377,4
1.0,54.0,81.0,4,4,0.0,0.0,0.0,1.0,55.0,36.0,70.0,,,,,,14,D,66.0,38.0,49.0,False,0.0065617769718099,4
1.0,29.0,102.0,4,4,0.0,0.0,0.0,1.0,58.0,41.0,70.0,,,,,,15,D,66.0,38.0,59.0,False,0.0049706818121375,4
0.0,,8.0,4,4,0.0,0.0,0.0,1.0,65.0,26.0,78.0,,,,,,16,D,74.0,42.0,60.0,False,0.0071899170051282,4
1.0,66.0,85.0,4,4,0.0,0.0,0.0,1.0,52.0,42.0,64.0,,,,,,17,D,60.0,34.0,59.0,False,0.0110899603567869,4
1.0,25.0,86.0,4,4,0.0265941427901474,0.0,0.2127531423211794,0.875,58.5,41.0,63.0,,,,,,18,D,65.0,37.0,60.0,False,0.0081686097487863,4
1.0,49.0,81.0,4,4,0.0026266692061409,0.0,0.0210133536491278,0.875,75.0,45.0,80.0,,,,,,19,D,82.0,47.0,64.0,False,0.0039490230340695,4
1.0,32.0,81.0,4,4,0.0,0.0,0.0,1.0,45.0,22.0,60.0,,,,,,20,D,56.0,32.0,48.0,False,0.0133031485355024,4
1.0,30.0,100.0,4,4,0.0050799077519109,0.0,0.0406392620152874,0.875,59.5,39.0,64.0,,,,,,21,D,60.0,34.0,53.0,False,0.0085158181531082,4
1.0,35.0,90.0,4,4,0.0,0.0,0.0,1.0,57.0,39.0,69.0,,,,,,22,D,65.0,37.0,56.0,False,0.0088308875214153,4
1.0,32.0,93.0,4,4,0.0,0.0,0.0,1.0,47.0,35.0,58.0,,,,,,23,D,54.0,31.0,49.0,False,0.0162026826120695,4
1.0,77.0,80.0,4,4,0.0,0.0,0.0,1.0,41.0,33.0,55.0,,,,,,24,D,51.0,29.0,44.0,False,0.0077941630165334,4
0.0,,8.0,4,4,0.0371924351688888,0.0,0.1929075236263422,0.75,39.0,24.0,58.0,,,,,,25,D,54.0,31.0,37.0,False,0.0116267820848469,4
0.0,,10.0,4,4,0.0143306709115068,0.0,0.0840126666939655,0.75,51.5,48.0,64.0,,,,,,26,D,60.0,34.0,59.0,False,0.0103588279322727,4
1.0,26.0,99.0,4,4,0.0,0.0,0.0,1.0,45.0,29.0,62.0,,,,,,27,D,58.0,33.0,47.0,False,0.0087590922689425,4
1.0,43.0,86.0,4,4,0.0102676478683337,0.0,0.08214118294667,0.875,55.0,45.0,69.0,,,,,,28,D,65.0,37.0,52.0,False,0.0062211833760115,4
1.0,24.0,95.0,4,4,0.0017089740234494,0.0,0.0136717921875956,0.875,58.0,50.0,70.0,,,,,,29,D,66.0,38.0,64.0,False,0.0068342310430722,4
1.0,40.0,89.0,4,4,0.0,0.0,0.0,1.0,65.0,60.0,76.0,,,,,,30,D,72.0,41.0,55.0,False,0.0048449771117272,4
1.0,44.0,86.0,4,4,0.0,0.0,0.0,1.0,51.0,40.0,57.0,,,,,,31,D,61.0,35.0,64.0,False,0.0072339694824969,4
1.0,32.0,87.0,4,4,0.0,0.0,0.0,1.0,64.0,33.0,78.0,,,,,,32,D,74.0,42.0,59.0,False,0.0044082688168092,4
0.0,,8.0,4,4,0.0,0.0,0.0,1.0,56.0,11.0,70.0,,,,,,33,D,66.0,38.0,69.0,False,0.0111654780079099,4
1.0,46.0,82.0,4,4,0.0,0.0,0.0,1.0,43.0,30.0,62.0,,,,,,34,D,58.0,33.0,58.0,False,0.0109571453588971,4
1.0,53.0,81.0,4,4,0.0145342167007304,0.0,0.0927216482277013,0.75,43.5,31.0,53.0,,,,,,35,D,58.0,33.0,54.0,False,0.0118560070615553,4
1.0,28.0,80.0,4,4,0.0063264611407532,0.0,0.0506116891260263,0.875,49.0,37.0,62.0,,,,,,36,D,58.0,33.0,52.0,False,0.0108990593691652,4
1.0,42.0,81.0,4,4,0.0,0.0,0.0,1.0,45.0,32.0,58.0,,,,,,37,D,54.0,31.0,54.0,False,0.0130429491658944,4
1.0,22.0,80.0,4,4,0.0,0.0,0.0,1.0,45.0,33.0,60.0,,,,,,38,D,56.0,32.0,57.0,False,0.0126013096481471,4
1.0,26.0,80.0,4,4,0.0,0.0,0.0,1.0,46.5,40.0,64.0,,,,,,39,D,60.0,34.0,43.0,False,0.0123145314849609,4
1.0,31.0,83.0,4,4,0.029856332784719,0.0,0.2066794483580635,0.75,52.0,29.0,60.0,,,,,,40,D,56.0,32.0,49.0,False,0.0134046541902457,4
0.0,,8.0,4,4,0.0,0.0,0.0,1.0,56.5,31.0,65.0,,,,,,41,D,61.0,35.0,50.0,False,0.0064073270181836,4
0.0,,8.0,4,4,0.0,0.0,0.0,1.0,47.5,33.0,62.0,,,,,,42,D,58.0,33.0,60.0,False,0.0115928161699506,4
1.0,20.0,84.0,4,4,0.0,0.0,0.0,1.0,54.5,51.0,65.0,,,,,,43,D,61.0,35.0,51.0,False,0.0105005915656976,4
1.0,39.0,84.0,4,4,0.0311109728538706,0.0,0.1177542034608581,0.625,40.5,22.0,56.0,,,,,,44,D,52.0,30.0,69.0,False,0.0135593205016564,4
1.0,31.0,84.0,4,4,0.0771740426667661,0.0,0.3313320758040767,0.75,57.0,37.0,70.0,,,,,,45,D,66.0,38.0,51.0,False,0.0073882062930587,4
1.0,33.0,83.0,4,4,0.0,0.0,0.0,1.0,50.0,35.0,67.0,,,,,,46,D,63.0,36.0,71.0,False,0.0063812353606908,4
1.0,36.0,83.0,4,4,0.0,0.0,0.0,1.0,57.0,45.0,65.0,,,,,,47,D,61.0,35.0,60.0,False,0.0076079731597335,4
1.0,38.0,89.0,4,4,0.0191695429633178,0.0,0.1533563437065426,0.875,45.0,36.0,51.0,,,,,,48,D,54.0,31.0,55.0,False,0.0147408218808874,4
1.0,34.0,84.0,4,4,0.0028065399595288,0.0,0.0224523196762305,0.875,54.5,40.0,67.0,,,,,,49,D,63.0,36.0,53.0,False,0.0096622674459509,4
1.0,21.0,92.0,4,4,0.0,0.0,0.0,1.0,54.5,42.0,70.0,,,,,,50,D,66.0,38.0,53.0,False,0.006672852902435,4
1.0,24.0,80.0,4,4,0.0,0.0,0.0,1.0,60.5,49.0,74.0,,,,,,51,D,70.0,40.0,67.0,False,0.0058638260243537,4
1.0,28.0,81.0,4,4,0.0,0.0,0.0,1.0,48.5,37.0,64.0,,,,,,52,D,60.0,34.0,47.0,False,0.0092212927230244,4
1.0,24.0,86.0,4,4,0.0011034296205416,0.0,0.0088274369643331,0.875,51.0,39.0,62.0,,,,,,53,D,58.0,33.0,52.0,False,0.0103613627794057,4
1.0,22.0,110.0,4,4,0.004808831660071,0.0,0.0278606418535714,0.75,50.5,40.0,57.0,,,,,,54,D,60.0,34.0,62.0,False,0.0095201853432279,4
0.0,,8.0,4,4,0.0,0.0,0.0,1.0,50.5,42.0,60.0,,,,,,55,D,56.0,32.0,64.0,False,0.0126337131944675,4
0.0,,8.0,4,4,0.0148028339533712,0.0,0.1067936115130379,0.75,54.0,48.0,60.0,,,,,,56,D,65.0,37.0,63.0,False,0.0066469205723804,4
1.0,18.0,86.0,4,4,0.0080579668449543,0.0,0.0467429308681933,0.75,39.5,9.0,60.0,,,,,,57,D,56.0,32.0,48.0,False,0.0079383303125467,4
1.0,18.0,85.0,4,4,0.0058373392590108,0.0,0.0466987140720869,0.875,50.5,39.0,69.0,,,,,,58,D,65.0,37.0,59.0,False,0.0109261863480501,4
1.0,25.0,101.0,4,4,0.0,0.0,0.0,1.0,43.5,34.0,46.0,,,,,,59,D,51.0,29.0,58.0,False,0.0133633873769738,4
0.0,,8.0,4,4,0.0,0.0,0.0,1.0,78.0,65.0,80.0,,,,,,0,Darg,108.0,37.0,62.0,False,0.0010961926587833,4
0.0,,8.0,4,4,0.0,0.0,0.0,1.0,76.0,63.0,80.0,,,,,,1,Darg,112.0,40.0,64.0,False,0.0007868608312316,4
0.0,,12.0,4,4,0.0,0.0,0.0,1.0,72.5,66.0,80.0,,,,,,2,Darg,93.0,33.0,53.0,False,0.0016637911637741,4
0.0,,8.0,4,4,0.0,0.0,0.0,1.0,67.5,57.0,79.0,,,,,,3,Darg,86.0,32.0,49.0,False,0.0014694173490408,4
1.0,29.0,84.0,4,4,0.016559732522281,0.0,0.0981218277015679,0.75,73.5,16.0,80.0,,,,,,4,Darg,110.0,36.0,63.0,False,0.0019197290580057,4
0.0,,8.0,4,4,0.0,0.0,0.0,1.0,75.0,45.0,79.0,,,,,,5,Darg,94.0,38.0,54.0,False,0.002217700478764,4
0.0,,8.0,4,4,0.0,0.0,0.0,1.0,71.5,55.0,79.0,,,,,,6,Darg,94.0,33.0,54.0,False,0.0029658993881966,4
0.0,,8.0,4,4,0.0,0.0,0.0,1.0,78.5,70.0,80.0,,,,,,7,Darg,112.0,35.0,64.0,False,0.0018596643108627,4
0.0,,8.0,4,4,0.0,0.0,0.0,1.0,76.5,68.0,80.0,,,,,,8,Darg,102.0,35.0,58.0,False,0.0012627260295282,4
1.0,20.0,81.0,4,4,0.0,0.0,0.0,1.0,66.5,52.0,80.0,,,,,,9,Darg,119.0,40.0,68.0,False,0.0015647073750704,4
0.0,,8.0,4,4,0.0,0.0,0.0,1.0,74.5,63.0,79.0,,,,,,10,Darg,86.0,29.0,49.0,False,0.0020575092861058,4
0.0,,8.0,4,4,0.0087920411573324,0.0,0.0703363292586597,0.875,70.0,63.0,72.0,,,,,,11,Darg,79.0,31.0,45.0,False,0.0028808644270174,4
1.0,37.0,83.0,4,4,0.0,0.0,0.0,1.0,58.5,46.0,66.0,,,,,,12,Darg,68.0,29.0,39.0,False,0.0052836267316142,4
0.0,,8.0,4,4,0.0,0.0,0.0,1.0,75.5,67.0,80.0,,,,,,13,Darg,98.0,36.0,56.0,False,0.000917192502815,4
0.0,,8.0,4,4,0.0,0.0,0.0,1.0,76.5,60.0,78.0,,,,,,14,Darg,86.0,38.0,49.0,False,0.0019109393988072,4
0.0,,8.0,4,4,0.0,0.0,0.0,1.0,78.0,53.0,80.0,,,,,,15,Darg,103.0,38.0,59.0,False,0.0007237777080819,4
0.0,,10.0,4,4,0.0,0.0,0.0,1.0,72.5,50.0,80.0,,,,,,16,Darg,105.0,42.0,60.0,False,0.0010888871555639,4
1.0,63.0,93.0,4,4,0.0,0.0,0.0,1.0,71.0,45.0,79.0,,,,,,17,Darg,103.0,34.0,59.0,False,0.0006764647900484,4
0.0,,8.0,4,4,0.0,0.0,0.0,1.0,74.5,47.0,78.0,,,,,,18,Darg,105.0,37.0,60.0,False,0.0012945704541105,4
1.0,46.0,88.0,4,4,0.0,0.0,0.0,1.0,75.0,59.0,78.0,,,,,,19,Darg,112.0,47.0,64.0,False,0.0018484789330529,4
0.0,,8.0,4,4,0.0355150764597385,0.0,0.284120611677908,0.875,72.5,57.0,78.0,,,,,,20,Darg,84.0,32.0,48.0,False,0.002646749402051,4
0.0,,8.0,4,4,0.0,0.0,0.0,1.0,73.5,68.0,79.0,,,,,,21,Darg,93.0,34.0,53.0,False,0.0011670671335874,4
0.0,,8.0,4,4,0.0249147609719841,0.0,0.1993180877758733,0.875,74.5,51.0,80.0,,,,,,22,Darg,98.0,37.0,56.0,False,0.0020567724430622,4
0.0,,8.0,4,4,0.0042671500724548,0.0,0.0341372005796385,0.875,71.5,55.0,79.0,,,,,,23,Darg,86.0,31.0,49.0,False,0.0033620716559834,4
1.0,36.0,80.0,4,4,0.0,0.0,0.0,1.0,62.5,45.0,75.0,,,,,,24,Darg,77.0,29.0,44.0,False,0.0014205794880499,4
1.0,28.0,91.0,4,4,0.1156190954832535,0.0,0.5621300922281254,0.625,49.0,38.0,60.0,,,,,,25,Darg,65.0,31.0,37.0,False,0.0040026245607571,4
0.0,,8.0,4,4,0.0397199809754809,0.0,0.2617011336263546,0.75,75.0,45.0,80.0,,,,,,26,Darg,103.0,34.0,59.0,False,0.0028024193226674,4
0.0,,8.0,4,4,0.0,0.0,0.0,1.0,67.5,58.0,80.0,,,,,,27,Darg,82.0,33.0,47.0,False,0.0016887348508807,4
0.0,,8.0,4,4,0.0,0.0,0.0,1.0,76.5,71.0,80.0,,,,,,28,Darg,91.0,37.0,52.0,False,0.0015403045347584,4
0.0,,8.0,4,4,0.013703090514286,0.0,0.1025512574273354,0.75,77.0,49.0,80.0,,,,,,29,Darg,112.0,38.0,64.0,False,0.0011047224401841,4
0.0,,8.0,4,4,0.0,0.0,0.0,1.0,74.5,67.0,80.0,,,,,,30,Darg,96.0,41.0,55.0,False,0.0012244155395655,4
0.0,,8.0,4,4,0.0,0.0,0.0,1.0,77.5,65.0,80.0,,,,,,31,Darg,112.0,35.0,64.0,False,0.0007108008421052,4
0.0,,11.0,4,4,0.0,0.0,0.0,1.0,74.5,48.0,80.0,,,,,,32,Darg,103.0,42.0,59.0,False,0.000764680295744,4
1.0,24.0,87.0,4,4,0.0321296735024718,0.0,0.2561198201963345,0.875,57.0,53.0,77.0,,,,,,33,Darg,121.0,38.0,69.0,False,0.0015373382172602,4
0.0,,8.0,4,4,0.0,0.0,0.0,1.0,76.5,71.0,80.0,,,,,,34,Darg,102.0,33.0,58.0,False,0.0008204174797989,4
0.0,,8.0,4,4,0.0,0.0,0.0,1.0,71.0,67.0,78.0,,,,,,35,Darg,94.0,33.0,54.0,False,0.0018719430033729,4
0.0,,8.0,4,4,0.0,0.0,0.0,1.0,71.0,64.0,79.0,,,,,,36,Darg,91.0,33.0,52.0,False,0.001324862516249,4
0.0,,8.0,4,4,0.0,0.0,0.0,1.0,75.0,67.0,78.0,,,,,,37,Darg,94.0,31.0,54.0,False,0.0011400660274451,4
0.0,,8.0,4,4,0.0,0.0,0.0,1.0,78.0,68.0,80.0,,,,,,38,Darg,100.0,32.0,57.0,False,0.0009580912976428,4
0.0,,8.0,4,4,0.0,0.0,0.0,1.0,65.0,59.0,79.0,,,,,,39,Darg,75.0,34.0,43.0,False,0.0052041439437604,4
0.0,,8.0,4,4,0.0,0.0,0.0,1.0,73.5,69.0,78.0,,,,,,40,Darg,86.0,32.0,49.0,False,0.0025911587296417,4
1.0,40.0,93.0,4,4,0.0,0.0,0.0,1.0,69.0,43.0,80.0,,,,,,41,Darg,88.0,35.0,50.0,False,0.0010113445877358,4
0.0,,8.0,4,4,0.0882756904397106,0.0,0.5170516893255855,0.75,74.0,62.0,80.0,,,,,,42,Darg,105.0,33.0,60.0,False,0.0015929689339116,4
0.0,,8.0,4,4,0.0,0.0,0.0,1.0,73.0,64.0,80.0,,,,,,43,Darg,89.0,35.0,51.0,False,0.0024240997116963,4
0.0,,13.0,4,4,0.009424008374705,0.0,0.0709932213051085,0.75,62.0,34.0,63.0,,,,,,44,Darg,121.0,30.0,69.0,False,0.0012163680685055,4
0.0,,8.0,4,4,0.0,0.0,0.0,1.0,75.0,57.0,80.0,,,,,,45,Darg,89.0,38.0,51.0,False,0.0020571736583971,4
1.0,50.0,83.0,4,4,0.0,0.0,0.0,1.0,75.5,54.0,79.0,,,,,,46,Darg,124.0,36.0,71.0,False,0.0015801275400306,4
0.0,,8.0,4,4,0.0,0.0,0.0,1.0,76.5,63.0,80.0,,,,,,47,Darg,105.0,35.0,60.0,False,0.0010308876239176,4
0.0,,8.0,4,4,0.0,0.0,0.0,1.0,79.0,53.0,80.0,,,,,,48,Darg,96.0,31.0,55.0,False,0.0012682600347387,4
1.0,53.0,87.0,4,4,0.0,0.0,0.0,1.0,71.0,61.0,76.0,,,,,,49,Darg,93.0,36.0,53.0,False,0.0016182305423128,4
0.0,,10.0,4,4,0.0,0.0,0.0,1.0,73.0,44.0,80.0,,,,,,50,Darg,93.0,38.0,53.0,False,0.0006144683433206,4
1.0,47.0,82.0,4,4,0.0342752081376203,0.0,0.2742016651009629,0.875,76.5,51.0,78.0,,,,,,51,Darg,117.0,40.0,67.0,False,0.002346377747078,4
0.0,,8.0,4,4,0.0,0.0,0.0,1.0,73.0,66.0,78.0,,,,,,52,Darg,82.0,34.0,47.0,False,0.0022065354497195,4
0.0,,10.0,4,4,0.0,0.0,0.0,1.0,74.5,59.0,79.0,,,,,,53,Darg,91.0,33.0,52.0,False,0.0012102053444462,4
0.0,,8.0,4,4,0.0,0.0,0.0,1.0,79.0,72.0,80.0,,,,,,54,Darg,108.0,34.0,62.0,False,0.0013237124619152,4
0.0,,8.0,4,4,0.0009942295249108,0.0,0.0079538361992867,0.875,75.0,43.0,80.0,,,,,,55,Darg,112.0,32.0,64.0,False,0.0026094525840607,4
0.0,,8.0,4,4,0.0,0.0,0.0,1.0,76.0,70.0,80.0,,,,,,56,Darg,110.0,37.0,63.0,False,0.0019086560556635,4
0.0,,8.0,4,4,0.0075556339176225,0.0,0.0604450713409802,0.875,72.0,43.0,78.0,,,,,,57,Darg,84.0,32.0,48.0,False,0.0015763713929473,4
0.0,,8.0,4,4,0.0,0.0,0.0,1.0,79.0,65.0,80.0,,,,,,58,Darg,103.0,37.0,59.0,False,0.001615258649335,4
0.0,,8.0,4,4,0.0,0.0,0.0,1.0,75.0,70.0,80.0,,,,,,59,Darg,102.0,29.0,58.0,False,0.0008414505399989,4
0.0,,8.0,4,4,0.0,0.0,0.0,1.0,75.0,34.0,80.0,,,,,,0,Dfix,95.0,37.0,62.0,False,0.0010930222449352,4
0.0,,8.0,4,4,0.0,0.0,0.0,1.0,72.0,63.0,80.0,,,,,,1,Dfix,95.0,40.0,64.0,False,0.0012181998420198,4
0.0,,8.0,4,4,0.021134076710528,0.0,0.1690726136842241,0.875,77.5,65.0,79.0,,,,,,2,Dfix,95.0,33.0,53.0,False,0.0014976553309527,4
0.0,,8.0,4,4,0.0239289183533755,0.0,0.1914313468270045,0.875,76.0,65.0,80.0,,,,,,3,Dfix,95.0,32.0,49.0,False,0.0009592139738568,4
0.0,,8.0,4,4,0.0,0.0,0.0,1.0,71.0,60.0,80.0,,,,,,4,Dfix,95.0,36.0,63.0,False,0.0025566683417608,4
0.0,,8.0,4,4,0.0,0.0,0.0,1.0,73.5,62.0,79.0,,,,,,5,Dfix,95.0,38.0,54.0,False,0.0020947678726822,4
0.0,,8.0,4,4,0.0,0.0,0.0,1.0,79.0,70.0,80.0,,,,,,6,Dfix,95.0,33.0,54.0,False,0.0028087086647154,4
0.0,,8.0,4,4,0.0,0.0,0.0,1.0,71.5,69.0,76.0,,,,,,7,Dfix,95.0,35.0,64.0,False,0.0017866116898944,4
0.0,,8.0,4,4,0.0,0.0,0.0,1.0,76.5,69.0,80.0,,,,,,8,Dfix,95.0,35.0,58.0,False,0.0020012600552668,4
1.0,56.0,86.0,4,4,0.0051325270319599,0.0,0.0410602162556794,0.875,75.0,38.0,80.0,,,,,,9,Dfix,95.0,40.0,68.0,False,0.0019139484044719,4
0.0,,8.0,4,4,0.0,0.0,0.0,1.0,76.5,68.0,80.0,,,,,,10,Dfix,95.0,29.0,49.0,False,0.0009865628636579,4
0.0,,8.0,4,4,0.0144137682268413,0.0,0.1153101458147311,0.875,73.5,70.0,79.0,,,,,,11,Dfix,95.0,31.0,45.0,False,0.0017420563797575,4
0.0,,8.0,4,4,0.0,0.0,0.0,1.0,77.0,59.0,80.0,,,,,,12,Dfix,95.0,29.0,39.0,False,0.0010297231056277,4
0.0,,8.0,4,4,0.0,0.0,0.0,1.0,74.5,59.0,80.0,,,,,,13,Dfix,95.0,36.0,56.0,False,0.0009358557429168,4
0.0,,8.0,4,4,0.0,0.0,0.0,1.0,75.0,48.0,79.0,,,,,,14,Dfix,95.0,38.0,49.0,False,0.0014834822060338,4
0.0,,8.0,4,4,0.0,0.0,0.0,1.0,76.0,63.0,80.0,,,,,,15,Dfix,95.0,38.0,59.0,False,0.0007596086473063,4
0.0,,8.0,4,4,0.0,0.0,0.0,1.0,74.5,70.0,80.0,,,,,,16,Dfix,95.0,42.0,60.0,False,0.001307604705305,4
0.0,,8.0,4,4,0.0,0.0,0.0,1.0,76.5,51.0,80.0,,,,,,17,Dfix,95.0,34.0,59.0,False,0.0007849079362643,4
0.0,,8.0,4,4,0.0,0.0,0.0,1.0,73.0,43.0,80.0,,,,,,18,Dfix,95.0,37.0,60.0,False,0.0015591592789735,4
1.0,22.0,81.0,4,4,0.0,0.0,0.0,1.0,71.0,55.0,80.0,,,,,,19,Dfix,95.0,47.0,64.0,False,0.0019571698431809,4
0.0,,8.0,4,4,0.0,0.0,0.0,1.0,76.0,72.0,80.0,,,,,,20,Dfix,95.0,32.0,48.0,False,0.001277789700603,4
0.0,,8.0,4,4,0.0,0.0,0.0,1.0,75.0,68.0,80.0,,,,,,21,Dfix,95.0,34.0,53.0,False,0.0011868635386147,4
0.0,,10.0,4,4,0.0154072028536554,0.0,0.0946929613779838,0.75,74.0,71.0,78.0,,,,,,22,Dfix,95.0,37.0,56.0,False,0.0024205965641487,4
0.0,,8.0,4,4,0.0311561130756119,0.0,0.2323547992736427,0.75,77.0,66.0,78.0,,,,,,23,Dfix,95.0,31.0,49.0,False,0.0025871410951515,4
0.0,,8.0,4,4,0.0,0.0,0.0,1.0,76.0,68.0,80.0,,,,,,24,Dfix,95.0,29.0,44.0,False,0.0004973480622941,4
0.0,,8.0,4,4,0.0,0.0,0.0,1.0,75.5,70.0,80.0,,,,,,25,Dfix,95.0,31.0,37.0,False,0.0008972022348548,4
0.0,,8.0,4,4,0.0,0.0,0.0,1.0,72.5,66.0,79.0,,,,,,26,Dfix,95.0,34.0,59.0,False,0.0033639639138597,4
0.0,,8.0,4,4,0.0230161833845052,0.0,0.1401103564132778,0.75,77.0,68.0,80.0,,,,,,27,Dfix,95.0,33.0,47.0,False,0.0008590598277599,4
0.0,,8.0,4,4,0.0,0.0,0.0,1.0,70.5,46.0,80.0,,,,,,28,Dfix,95.0,37.0,52.0,False,0.0013369049193458,4
0.0,,8.0,4,4,0.0,0.0,0.0,1.0,69.0,58.0,78.0,,,,,,29,Dfix,95.0,38.0,64.0,False,0.0014516017568669,4
0.0,,10.0,4,4,0.0176341416091514,0.0,0.1410731328732118,0.875,74.0,60.0,79.0,,,,,,30,Dfix,95.0,41.0,55.0,False,0.0013553646811877,4
1.0,56.0,85.0,4,4,0.0,0.0,0.0,1.0,74.5,69.0,79.0,,,,,,31,Dfix,95.0,35.0,64.0,False,0.0008753058612746,4
0.0,,8.0,4,4,0.0,0.0,0.0,1.0,74.5,66.0,78.0,,,,,,32,Dfix,95.0,42.0,59.0,False,0.0009658762656133,4
0.0,,8.0,4,4,0.0,0.0,0.0,1.0,76.0,67.0,80.0,,,,,,33,Dfix,95.0,38.0,69.0,False,0.002227984001574,4
0.0,,8.0,4,4,0.0,0.0,0.0,1.0,77.0,56.0,80.0,,,,,,34,Dfix,95.0,33.0,58.0,False,0.0008281360499016,4
1.0,68.0,80.0,4,4,0.0369915515083935,0.0,0.2959324120671487,0.875,71.5,68.0,77.0,,,,,,35,Dfix,95.0,33.0,54.0,False,0.0018844800850196,4
1.0,30.0,82.0,4,4,0.0,0.0,0.0,1.0,74.0,61.0,79.0,,,,,,36,Dfix,95.0,33.0,52.0,False,0.0009569249935657,4
0.0,,8.0,4,4,0.0,0.0,0.0,1.0,76.5,63.0,79.0,,,,,,37,Dfix,95.0,31.0,54.0,False,0.0010632180949163,4
0.0,,8.0,4,4,0.0,0.0,0.0,1.0,75.5,66.0,80.0,,,,,,38,Dfix,95.0,32.0,57.0,False,0.0011665444927961,4
0.0,,8.0,4,4,0.0,0.0,0.0,1.0,77.5,64.0,80.0,,,,,,39,Dfix,95.0,34.0,43.0,False,0.0020389895066638,4
0.0,,8.0,4,4,0.0,0.0,0.0,1.0,74.0,64.0,80.0,,,,,,40,Dfix,95.0,32.0,49.0,False,0.0018901034012691,4
0.0,,8.0,4,4,0.0,0.0,0.0,1.0,77.0,67.0,80.0,,,,,,41,Dfix,95.0,35.0,50.0,False,0.0006326316278017,4
0.0,,8.0,4,4,0.0,0.0,0.0,1.0,76.5,66.0,80.0,,,,,,42,Dfix,95.0,33.0,60.0,False,0.0020126974115028,4
0.0,,8.0,4,4,0.0,0.0,0.0,1.0,74.5,58.0,80.0,,,,,,43,Dfix,95.0,35.0,51.0,False,0.0019987420975863,4
0.0,,8.0,4,4,0.0,0.0,0.0,1.0,75.0,70.0,80.0,,,,,,44,Dfix,95.0,30.0,69.0,False,0.0020451151107818,4
0.0,,8.0,4,4,0.0,0.0,0.0,1.0,68.5,58.0,79.0,,,,,,45,Dfix,95.0,38.0,51.0,False,0.0016454233404744,4
0.0,,10.0,4,4,0.0,0.0,0.0,1.0,78.5,65.0,80.0,,,,,,46,Dfix,95.0,36.0,71.0,False,0.0013238782865102,4
0.0,,8.0,4,4,0.0,0.0,0.0,1.0,78.5,74.0,80.0,,,,,,47,Dfix,95.0,35.0,60.0,False,0.0012830350018474,4
0.0,,8.0,4,4,0.0,0.0,0.0,1.0,76.5,67.0,80.0,,,,,,48,Dfix,95.0,31.0,55.0,False,0.0012543060734763,4
0.0,,8.0,4,4,0.0,0.0,0.0,1.0,74.5,64.0,80.0,,,,,,49,Dfix,95.0,36.0,53.0,False,0.0014147622676232,4
0.0,,8.0,4,4,0.0,0.0,0.0,1.0,77.5,67.0,80.0,,,,,,50,Dfix,95.0,38.0,53.0,False,0.0006019010383059,4
0.0,,8.0,4,4,0.0,0.0,0.0,1.0,68.5,52.0,78.0,,,,,,51,Dfix,95.0,40.0,67.0,False,0.0016515833032341,4
0.0,,9.0,4,4,0.0,0.0,0.0,1.0,76.0,67.0,79.0,,,,,,52,Dfix,95.0,34.0,47.0,False,0.0010411398790956,4
0.0,,8.0,4,4,0.0,0.0,0.0,1.0,76.5,68.0,80.0,,,,,,53,Dfix,95.0,33.0,52.0,False,0.0009908576906399,4
0.0,,8.0,4,4,0.0,0.0,0.0,1.0,74.0,64.0,79.0,,,,,,54,Dfix,95.0,34.0,62.0,False,0.00168442159894,4
0.0,,8.0,4,4,0.0,0.0,0.0,1.0,75.5,64.0,79.0,,,,,,55,Dfix,95.0,32.0,64.0,False,0.0024640781872899,4
0.0,,8.0,4,4,0.0282681948718874,0.0,0.1995343183613781,0.75,68.5,33.0,80.0,,,,,,56,Dfix,95.0,37.0,63.0,False,0.0020753755614378,4
0.0,,8.0,4,4,0.0,0.0,0.0,1.0,78.0,75.0,80.0,,,,,,57,Dfix,95.0,32.0,48.0,False,0.0008763188810423,4
0.0,,8.0,4,4,0.0,0.0,0.0,1.0,73.5,60.0,80.0,,,,,,58,Dfix,95.0,37.0,59.0,False,0.0020190884046011,4
0.0,,8.0,4,4,0.0,0.0,0.0,1.0,77.0,68.0,79.0,,,,,,59,Dfix,95.0,29.0,58.0,False,0.0008655448851724,4
1.0,87.0,83.0,4,4,0.0,0.0,0.0,1.0,49.0,42.0,55.0,,,,,,0,MIX_F,65.0,37.0,62.0,False,0.0093732977362107,4
1.0,84.0,86.0,4,4,0.0436041901053035,0.0251834303145765,0.1240498997920611,0.5,62.0,29.0,65.0,,,,,,1,MIX_F,70.0,40.0,64.0,False,0.0058792519266364,4
1.0,25.0,94.0,4,4,0.0,0.0,0.0,1.0,43.5,32.0,62.0,,,,,,2,MIX_F,58.0,33.0,53.0,False,0.009696861062768,4
1.0,31.0,84.0,4,4,0.0897315063840985,0.0,0.3589260255363941,0.75,44.0,28.0,49.0,,,,,,3,MIX_F,56.0,32.0,49.0,False,0.013077702016688,4
1.0,30.0,82.0,4,4,0.0,0.0,0.0,1.0,55.0,44.0,67.0,,,,,,4,MIX_F,63.0,36.0,63.0,False,0.006781697824034,4
1.0,29.0,85.0,4,4,0.0,0.0,0.0,1.0,41.0,34.0,51.0,,,,,,5,MIX_F,66.0,38.0,54.0,False,0.0085175057780777,4
0.0,,8.0,4,4,0.0139925923870648,0.0,0.0559703695482593,0.75,50.0,42.0,53.0,,,,,,6,MIX_F,58.0,33.0,54.0,False,0.0156096764972663,4
1.0,26.0,83.0,4,4,0.0029752468211234,0.0,0.0119009872844939,0.75,60.0,37.0,65.0,,,,,,7,MIX_F,61.0,35.0,64.0,False,0.012085343754788,4
1.0,39.0,80.0,4,4,0.0,0.0,0.0,1.0,55.0,42.0,65.0,,,,,,8,MIX_F,61.0,35.0,58.0,False,0.00835551993277,4
1.0,41.0,80.0,4,4,0.0,0.0,0.0,1.0,61.0,54.0,74.0,,,,,,9,MIX_F,70.0,40.0,68.0,False,0.0081499324624574,4
1.0,25.0,84.0,4,4,0.0,0.0,0.0,1.0,43.5,37.0,49.0,,,,,,10,MIX_F,51.0,29.0,49.0,False,0.0167792772626479,4
1.0,48.0,83.0,4,4,0.1039296896792332,0.0562905416334372,0.3031376754500586,0.5,45.5,40.0,58.0,,,,,,11,MIX_F,54.0,31.0,45.0,False,0.0162058714548277,4
1.0,33.0,85.0,4,4,0.0056199960877376,0.0,0.0224799843509505,0.75,41.0,31.0,55.0,,,,,,12,MIX_F,51.0,29.0,39.0,False,0.0153488154399466,4
0.0,,8.0,4,4,0.0,0.0,0.0,1.0,47.5,32.0,54.0,,,,,,13,MIX_F,63.0,36.0,56.0,False,0.0105858399669377,4
0.0,,8.0,4,4,0.0130342676921222,0.0,0.0521370707684888,0.75,54.5,26.0,57.0,,,,,,14,MIX_F,66.0,38.0,49.0,False,0.0065617769718099,4
1.0,38.0,99.0,4,4,0.0,0.0,0.0,1.0,59.5,51.0,70.0,,,,,,15,MIX_F,66.0,38.0,59.0,False,0.0049706818121375,4
1.0,26.0,82.0,4,4,0.0,0.0,0.0,1.0,63.5,51.0,69.0,,,,,,16,MIX_F,74.0,42.0,60.0,False,0.0071899170051282,4
1.0,55.0,87.0,4,4,0.0,0.0,0.0,1.0,43.5,40.0,54.0,,,,,,17,MIX_F,60.0,34.0,59.0,False,0.0110899603567869,4
1.0,53.0,94.0,4,4,0.0438211702560689,0.0,0.1752846810242757,0.75,59.0,34.0,69.0,,,,,,18,MIX_F,65.0,37.0,60.0,False,0.0081686097487863,4
0.0,,8.0,4,4,0.0,0.0,0.0,1.0,70.5,65.0,73.0,,,,,,19,MIX_F,82.0,47.0,64.0,False,0.0039490230340695,4
1.0,23.0,85.0,4,4,0.0727784449345191,0.0,0.2911137797380767,0.75,46.0,39.0,52.0,,,,,,20,MIX_F,56.0,32.0,48.0,False,0.0133031485355024,4
0.0,,8.0,4,4,0.0,0.0,0.0,1.0,52.0,45.0,56.0,,,,,,21,MIX_F,60.0,34.0,53.0,False,0.0085158181531082,4
1.0,27.0,80.0,4,4,0.0,0.0,0.0,1.0,55.0,26.0,61.0,,,,,,22,MIX_F,65.0,37.0,56.0,False,0.0088308875214153,4
1.0,37.0,99.0,4,4,0.0356218278373843,0.0,0.1424873113495375,0.75,50.0,40.0,58.0,,,,,,23,MIX_F,54.0,31.0,49.0,False,0.0162026826120695,4
1.0,37.0,124.0,4,4,0.0032986172382112,0.0,0.0131944689528451,0.75,36.0,28.0,41.0,,,,,,24,MIX_F,51.0,29.0,44.0,False,0.0077941630165334,4
1.0,41.0,94.0,4,4,0.0,0.0,0.0,1.0,40.5,34.0,45.0,,,,,,25,MIX_F,54.0,31.0,37.0,False,0.0116267820848469,4
1.0,42.0,81.0,4,4,0.0,0.0,0.0,1.0,59.0,53.0,64.0,,,,,,26,MIX_F,60.0,34.0,59.0,False,0.0103588279322727,4
1.0,28.0,86.0,4,4,0.0,0.0,0.0,1.0,49.5,47.0,62.0,,,,,,27,MIX_F,58.0,33.0,47.0,False,0.0087590922689425,4
1.0,27.0,80.0,4,4,0.0,0.0,0.0,1.0,64.5,51.0,69.0,,,,,,28,MIX_F,65.0,37.0,52.0,False,0.0062211833760115,4
1.0,41.0,91.0,4,4,0.0005822966558007,0.0,0.0023291866232031,0.75,63.0,59.0,70.0,,,,,,29,MIX_F,66.0,38.0,64.0,False,0.0068342310430722,4
1.0,26.0,85.0,4,4,0.0,0.0,0.0,1.0,56.5,49.0,76.0,,,,,,30,MIX_F,72.0,41.0,55.0,False,0.0048449771117272,4
0.0,,8.0,4,4,0.0,0.0,0.0,1.0,49.5,45.0,65.0,,,,,,31,MIX_F,61.0,35.0,64.0,False,0.0072339694824969,4
1.0,35.0,83.0,4,4,0.0,0.0,0.0,1.0,68.0,60.0,70.0,,,,,,32,MIX_F,74.0,42.0,59.0,False,0.0044082688168092,4
1.0,40.0,84.0,4,4,0.0069246878072276,0.0,0.0276987512289106,0.75,49.0,46.0,70.0,,,,,,33,MIX_F,66.0,38.0,69.0,False,0.0111654780079099,4
0.0,,8.0,4,4,0.0450020687911396,0.0,0.1800082751645584,0.75,50.0,34.0,62.0,,,,,,34,MIX_F,58.0,33.0,58.0,False,0.0109571453588971,4
1.0,34.0,95.0,4,4,0.0,0.0,0.0,1.0,39.0,36.0,47.0,,,,,,35,MIX_F,58.0,33.0,54.0,False,0.0118560070615553,4
1.0,38.0,101.0,4,4,0.047938314613292,0.0,0.1917532584531682,0.75,44.0,25.0,62.0,,,,,,36,MIX_F,58.0,33.0,52.0,False,0.0108990593691652,4
1.0,26.0,87.0,4,4,0.0,0.0,0.0,1.0,42.0,27.0,51.0,,,,,,37,MIX_F,54.0,31.0,54.0,False,0.0130429491658944,4
1.0,45.0,93.0,4,4,6.938893903907228e-18,0.0,2.775557561562892e-17,1.0,46.5,32.0,60.0,,,,,,38,MIX_F,56.0,32.0,57.0,False,0.0126013096481471,4
0.0,,8.0,4,4,0.0,0.0,0.0,1.0,44.0,36.0,54.0,,,,,,39,MIX_F,60.0,34.0,43.0,False,0.0123145314849609,4
1.0,27.0,87.0,4,4,0.0,0.0,0.0,1.0,47.5,44.0,51.0,,,,,,40,MIX_F,56.0,32.0,49.0,False,0.0134046541902457,4
1.0,49.0,87.0,4,4,0.0,0.0,0.0,1.0,47.0,40.0,57.0,,,,,,41,MIX_F,61.0,35.0,50.0,False,0.0064073270181836,4
1.0,19.0,108.0,4,4,0.1196358073469983,0.0,0.4785432293879934,0.75,45.5,41.0,53.0,,,,,,42,MIX_F,58.0,33.0,60.0,False,0.0115928161699506,4
1.0,19.0,88.0,4,4,0.0,0.0,0.0,1.0,52.0,44.0,56.0,,,,,,43,MIX_F,61.0,35.0,51.0,False,0.0105005915656976,4
1.0,31.0,81.0,4,4,0.0,0.0,0.0,1.0,43.5,33.0,56.0,,,,,,44,MIX_F,52.0,30.0,69.0,False,0.0135593205016564,4
1.0,20.0,83.0,4,4,0.0120873271407132,0.0,0.0483493085628528,0.75,55.0,49.0,61.0,,,,,,45,MIX_F,66.0,38.0,51.0,False,0.0073882062930587,4
1.0,31.0,84.0,4,4,0.0,0.0,0.0,1.0,50.0,43.0,56.0,,,,,,46,MIX_F,63.0,36.0,71.0,False,0.0063812353606908,4
1.0,24.0,83.0,4,4,0.0,0.0,0.0,1.0,53.0,50.0,57.0,,,,,,47,MIX_F,61.0,35.0,60.0,False,0.0076079731597335,4
1.0,77.0,85.0,4,4,0.0,0.0,0.0,1.0,53.5,35.0,58.0,,,,,,48,MIX_F,54.0,31.0,55.0,False,0.0147408218808874,4
1.0,25.0,84.0,4,4,0.0,0.0,0.0,1.0,53.0,46.0,57.0,,,,,,49,MIX_F,63.0,36.0,53.0,False,0.0096622674459509,4
1.0,26.0,87.0,4,4,0.0107077899559333,0.0,0.0428311598237333,0.75,54.5,46.0,70.0,,,,,,50,MIX_F,66.0,38.0,53.0,False,0.006672852902435,4
0.0,,8.0,4,4,0.0,0.0,0.0,1.0,59.5,55.0,66.0,,,,,,51,MIX_F,70.0,40.0,67.0,False,0.0058638260243537,4
1.0,30.0,88.0,4,4,0.0,0.0,0.0,1.0,55.0,51.0,64.0,,,,,,52,MIX_F,60.0,34.0,47.0,False,0.0092212927230244,4
1.0,34.0,82.0,4,4,0.0,0.0,0.0,1.0,53.0,50.0,56.0,,,,,,53,MIX_F,58.0,33.0,52.0,False,0.0103613627794057,4
0.0,,8.0,4,4,0.0,0.0,0.0,1.0,45.0,24.0,55.0,,,,,,54,MIX_F,60.0,34.0,62.0,False,0.0095201853432279,4
1.0,25.0,92.0,4,4,0.0,0.0,0.0,1.0,39.0,32.0,49.0,,,,,,55,MIX_F,56.0,32.0,64.0,False,0.0126337131944675,4
1.0,25.0,92.0,4,4,0.0,0.0,0.0,1.0,56.5,38.0,69.0,,,,,,56,MIX_F,65.0,37.0,63.0,False,0.0066469205723804,4
1.0,34.0,94.0,4,4,0.0,0.0,0.0,1.0,48.5,48.0,60.0,,,,,,57,MIX_F,56.0,32.0,48.0,False,0.0079383303125467,4
0.0,,8.0,4,4,0.0,0.0,0.0,1.0,52.5,48.0,60.0,,,,,,58,MIX_F,65.0,37.0,59.0,False,0.0109261863480501,4
1.0,56.0,110.0,4,4,0.0,0.0,0.0,1.0,39.0,32.0,44.0,,,,,,59,MIX_F,51.0,29.0,58.0,False,0.0133633873769738,4
0.0,,8.0,4,4,0.0391528829537217,0.0,0.1566115318148871,0.75,56.0,41.0,69.0,,,,,,0,MIX_M,65.0,37.0,62.0,False,0.0093732977362107,4
1.0,23.0,84.0,4,4,0.0,0.0,0.0,1.0,61.5,44.0,68.0,,,,,,1,MIX_M,70.0,40.0,64.0,False,0.0058792519266364,4
1.0,26.0,86.0,4,4,0.1204640038472241,0.0,0.4818560153888965,0.75,47.0,40.0,54.0,,,,,,2,MIX_M,58.0,33.0,53.0,False,0.009696861062768,4
1.0,39.0,93.0,4,4,0.0,0.0,0.0,1.0,47.5,36.0,60.0,,,,,,3,MIX_M,56.0,32.0,49.0,False,0.013077702016688,4
1.0,20.0,91.0,4,4,0.0125493541211868,0.0,0.0501974164847475,0.75,44.5,28.0,54.0,,,,,,4,MIX_M,63.0,36.0,63.0,False,0.006781697824034,4
1.0,19.0,94.0,4,4,0.0212926365420254,0.0,0.0851705461681018,0.75,62.5,59.0,70.0,,,,,,5,MIX_M,66.0,38.0,54.0,False,0.0085175057780777,4
1.0,35.0,94.0,4,4,0.0,0.0,0.0,1.0,42.5,36.0,45.0,,,,,,6,MIX_M,58.0,33.0,54.0,False,0.0156096764972663,4
0.0,,8.0,4,4,0.0,0.0,0.0,1.0,50.0,47.0,51.0,,,,,,7,MIX_M,61.0,35.0,64.0,False,0.012085343754788,4
0.0,,16.0,4,4,0.0,0.0,0.0,1.0,52.0,50.0,55.0,,,,,,8,MIX_M,61.0,35.0,58.0,False,0.00835551993277,4
1.0,26.0,80.0,4,4,0.0,0.0,0.0,1.0,58.0,46.0,61.0,,,,,,9,MIX_M,70.0,40.0,68.0,False,0.0081499324624574,4
0.0,,8.0,4,4,0.0,0.0,0.0,1.0,43.5,29.0,55.0,,,,,,10,MIX_M,51.0,29.0,49.0,False,0.0167792772626479,4
1.0,20.0,92.0,4,4,0.1386636445512998,0.0,0.5546545782051994,0.75,38.0,29.0,47.0,,,,,,11,MIX_M,54.0,31.0,45.0,False,0.0162058714548277,4
1.0,37.0,87.0,4,4,0.001091847863689,0.0,0.0043673914547562,0.75,44.0,31.0,55.0,,,,,,12,MIX_M,51.0,29.0,39.0,False,0.0153488154399466,4
1.0,34.0,87.0,4,4,0.0030841998599708,0.0,0.0123367994398832,0.75,52.5,42.0,56.0,,,,,,13,MIX_M,63.0,36.0,56.0,False,0.0105858399669377,4
1.0,30.0,80.0,4,4,0.0,0.0,0.0,1.0,58.5,55.0,64.0,,,,,,14,MIX_M,66.0,38.0,49.0,False,0.0065617769718099,4
1.0,68.0,88.0,4,4,0.0496428134682289,0.0,0.1985712538729157,0.75,50.5,23.0,70.0,,,,,,15,MIX_M,66.0,38.0,59.0,False,0.0049706818121375,4
1.0,34.0,80.0,4,4,0.0,0.0,0.0,1.0,68.0,59.0,70.0,,,,,,16,MIX_M,74.0,42.0,60.0,False,0.0071899170051282,4
1.0,25.0,84.0,4,4,0.0,0.0,0.0,1.0,42.5,42.0,46.0,,,,,,17,MIX_M,60.0,34.0,59.0,False,0.0110899603567869,4
1.0,42.0,85.0,4,4,0.0,0.0,0.0,1.0,53.5,32.0,69.0,,,,,,18,MIX_M,65.0,37.0,60.0,False,0.0081686097487863,4
1.0,80.0,80.0,4,4,0.0,0.0,0.0,1.0,66.0,45.0,77.0,,,,,,19,MIX_M,82.0,47.0,64.0,False,0.0039490230340695,4
1.0,38.0,87.0,4,4,0.0318094542913121,0.017311709924773,0.0926143973157026,0.5,47.5,44.0,54.0,,,,,,20,MIX_M,56.0,32.0,48.0,False,0.0133031485355024,4
0.0,,8.0,4,4,0.0018180895832553,0.0,0.0072723583330214,0.75,44.5,27.0,64.0,,,,,,21,MIX_M,60.0,34.0,53.0,False,0.0085158181531082,4
1.0,23.0,82.0,4,4,0.0,0.0,0.0,1.0,53.5,49.0,69.0,,,,,,22,MIX_M,65.0,37.0,56.0,False,0.0088308875214153,4
0.0,,8.0,4,4,0.0499999999999999,0.0,0.1999999999999999,0.75,43.5,40.0,58.0,,,,,,23,MIX_M,54.0,31.0,49.0,False,0.0162026826120695,4
1.0,26.0,86.0,4,4,0.0,0.0,0.0,1.0,40.0,36.0,55.0,,,,,,24,MIX_M,51.0,29.0,44.0,False,0.0077941630165334,4
0.0,,8.0,4,4,0.0942520963760109,0.030073585107279,0.3168612152894854,0.25,45.5,27.0,58.0,,,,,,25,MIX_M,54.0,31.0,37.0,False,0.0116267820848469,4
1.0,27.0,83.0,4,4,0.0,0.0,0.0,1.0,50.5,45.0,64.0,,,,,,26,MIX_M,60.0,34.0,59.0,False,0.0103588279322727,4
1.0,28.0,85.0,4,4,0.0011484645586949,0.0,0.0045938582347797,0.75,43.5,38.0,62.0,,,,,,27,MIX_M,58.0,33.0,47.0,False,0.0087590922689425,4
1.0,42.0,80.0,4,4,0.0,0.0,0.0,1.0,56.0,56.0,57.0,,,,,,28,MIX_M,65.0,37.0,52.0,False,0.0062211833760115,4
1.0,26.0,83.0,4,4,0.0,0.0,0.0,1.0,48.5,38.0,60.0,,,,,,29,MIX_M,66.0,38.0,64.0,False,0.0068342310430722,4
1.0,40.0,81.0,4,4,0.0,0.0,0.0,1.0,65.5,60.0,68.0,,,,,,30,MIX_M,72.0,41.0,55.0,False,0.0048449771117272,4
1.0,30.0,83.0,4,4,0.0,0.0,0.0,1.0,61.0,49.0,65.0,,,,,,31,MIX_M,61.0,35.0,64.0,False,0.0072339694824969,4
1.0,33.0,80.0,4,4,0.0,0.0,0.0,1.0,65.0,50.0,78.0,,,,,,32,MIX_M,74.0,42.0,59.0,False,0.0044082688168092,4
1.0,27.0,86.0,4,4,0.0,0.0,0.0,1.0,48.5,31.0,64.0,,,,,,33,MIX_M,66.0,38.0,69.0,False,0.0111654780079099,4
1.0,21.0,93.0,4,4,0.0139266909681451,0.0,0.0557067638725805,0.75,45.5,33.0,62.0,,,,,,34,MIX_M,58.0,33.0,58.0,False,0.0109571453588971,4
1.0,31.0,83.0,4,4,0.052106473563016,0.0,0.2084258942520643,0.75,50.5,40.0,55.0,,,,,,35,MIX_M,58.0,33.0,54.0,False,0.0118560070615553,4
1.0,33.0,80.0,4,4,0.0013007348662631,0.0,0.0052029394650524,0.75,39.5,28.0,50.0,,,,,,36,MIX_M,58.0,33.0,52.0,False,0.0108990593691652,4
0.0,,8.0,4,4,0.0,0.0,0.0,1.0,44.0,42.0,45.0,,,,,,37,MIX_M,54.0,31.0,54.0,False,0.0130429491658944,4
1.0,19.0,80.0,4,4,0.0195893698225809,0.0,0.0783574792903238,0.75,47.5,33.0,60.0,,,,,,38,MIX_M,56.0,32.0,57.0,False,0.0126013096481471,4
1.0,34.0,83.0,4,4,0.0,0.0,0.0,1.0,60.5,46.0,64.0,,,,,,39,MIX_M,60.0,34.0,43.0,False,0.0123145314849609,4
0.0,,8.0,4,4,0.0400664850993109,0.0,0.1602659403972439,0.75,41.0,31.0,54.0,,,,,,40,MIX_M,56.0,32.0,49.0,False,0.0134046541902457,4
1.0,16.0,82.0,4,4,0.0040593917854848,0.0,0.0162375671419392,0.75,45.0,39.0,58.0,,,,,,41,MIX_M,61.0,35.0,50.0,False,0.0064073270181836,4
1.0,29.0,84.0,4,4,0.0,0.0,0.0,1.0,48.5,44.0,52.0,,,,,,42,MIX_M,58.0,33.0,60.0,False,0.0115928161699506,4
1.0,41.0,80.0,4,4,0.0161658465448551,0.0,0.0646633861794205,0.75,38.0,26.0,54.0,,,,,,43,MIX_M,61.0,35.0,51.0,False,0.0105005915656976,4
1.0,20.0,80.0,4,4,0.0,0.0,0.0,1.0,45.0,37.0,49.0,,,,,,44,MIX_M,52.0,30.0,69.0,False,0.0135593205016564,4
0.0,,8.0,4,4,0.0,0.0,0.0,1.0,59.0,43.0,61.0,,,,,,45,MIX_M,66.0,38.0,51.0,False,0.0073882062930587,4
1.0,55.0,82.0,4,4,0.0,0.0,0.0,1.0,54.5,43.0,67.0,,,,,,46,MIX_M,63.0,36.0,71.0,False,0.0063812353606908,4
1.0,49.0,96.0,4,4,0.0,0.0,0.0,1.0,55.5,51.0,58.0,,,,,,47,MIX_M,61.0,35.0,60.0,False,0.0076079731597335,4
1.0,30.0,80.0,4,4,0.059868747948074,0.0,0.239474991792296,0.75,46.5,29.0,58.0,,,,,,48,MIX_M,54.0,31.0,55.0,False,0.0147408218808874,4
0.0,,8.0,4,4,0.0155466044916521,0.0067661197650108,0.0486541784365869,0.5,55.0,53.0,56.0,,,,,,49,MIX_M,63.0,36.0,53.0,False,0.0096622674459509,4
1.0,32.0,86.0,4,4,0.0,0.0,0.0,1.0,50.5,44.0,61.0,,,,,,50,MIX_M,66.0,38.0,53.0,False,0.006672852902435,4
1.0,18.0,84.0,4,4,0.0,0.0,0.0,1.0,65.5,49.0,74.0,,,,,,51,MIX_M,70.0,40.0,67.0,False,0.0058638260243537,4
1.0,34.0,93.0,4,4,0.0988358830391191,0.0251470622477868,0.345049407660903,0.5,47.0,45.0,51.0,,,,,,52,MIX_M,60.0,34.0,47.0,False,0.0092212927230244,4
1.0,34.0,95.0,4,4,0.0418063396416154,0.0,0.1672253585664619,0.75,46.5,41.0,52.0,,,,,,53,MIX_M,58.0,33.0,52.0,False,0.0103613627794057,4
0.0,,8.0,4,4,0.0,0.0,0.0,1.0,50.5,45.0,57.0,,,,,,54,MIX_M,60.0,34.0,62.0,False,0.0095201853432279,4
1.0,36.0,80.0,4,4,0.0,0.0,0.0,1.0,50.5,47.0,60.0,,,,,,55,MIX_M,56.0,32.0,64.0,False,0.0126337131944675,4
1.0,24.0,86.0,4,4,0.0,0.0,0.0,1.0,54.0,34.0,62.0,,,,,,56,MIX_M,65.0,37.0,63.0,False,0.0066469205723804,4
1.0,49.0,81.0,4,4,0.0004903827000359,0.0,0.0019615308001437,0.75,39.0,33.0,41.0,,,,,,57,MIX_M,56.0,32.0,48.0,False,0.0079383303125467,4
1.0,46.0,94.0,4,4,0.0,0.0,0.0,1.0,54.0,41.0,62.0,,,,,,58,MIX_M,65.0,37.0,59.0,False,0.0109261863480501,4
1.0,33.0,101.0,4,4,0.0074360163508117,0.0,0.0297440654032468,0.75,39.0,35.0,42.0,,,,,,59,MIX_M,51.0,29.0,58.0,False,0.0133633873769738,4
0.0,,8.0,4,4,0.0,0.0,0.0,1.0,73.5,67.0,79.0,,,,,,0,MIXfix_F,95.0,37.0,62.0,False,0.0010930222449352,4
1.0,32.0,80.0,4,4,0.0,0.0,0.0,1.0,78.0,69.0,80.0,,,,,,1,MIXfix_F,95.0,40.0,64.0,False,0.0012181998420198,4
0.0,,8.0,4,4,0.0,0.0,0.0,1.0,69.5,64.0,71.0,,,,,,2,MIXfix_F,95.0,33.0,53.0,False,0.0014976553309527,4
0.0,,8.0,4,4,0.0,0.0,0.0,1.0,77.0,74.0,80.0,,,,,,3,MIXfix_F,95.0,32.0,49.0,False,0.0009592139738568,4
1.0,42.0,85.0,4,4,0.0,0.0,0.0,1.0,77.5,65.0,79.0,,,,,,4,MIXfix_F,95.0,36.0,63.0,False,0.0025566683417608,4
0.0,,8.0,4,4,0.0,0.0,0.0,1.0,70.0,61.0,78.0,,,,,,5,MIXfix_F,95.0,38.0,54.0,False,0.0020947678726822,4
1.0,34.0,90.0,4,4,0.0257683556189513,0.0,0.1030734224758054,0.75,69.0,53.0,78.0,,,,,,6,MIXfix_F,95.0,33.0,54.0,False,0.0028087086647154,4
1.0,41.0,83.0,4,4,0.0,0.0,0.0,1.0,70.0,57.0,72.0,,,,,,7,MIXfix_F,95.0,35.0,64.0,False,0.0017866116898944,4
1.0,68.0,97.0,4,4,0.0,0.0,0.0,1.0,72.5,68.0,78.0,,,,,,8,MIXfix_F,95.0,35.0,58.0,False,0.0020012600552668,4
0.0,,8.0,4,4,0.0,0.0,0.0,1.0,77.0,75.0,80.0,,,,,,9,MIXfix_F,95.0,40.0,68.0,False,0.0019139484044719,4
0.0,,8.0,4,4,0.0,0.0,0.0,1.0,73.5,49.0,80.0,,,,,,10,MIXfix_F,95.0,29.0,49.0,False,0.0009865628636579,4
0.0,,8.0,4,4,0.0,0.0,0.0,1.0,71.0,61.0,79.0,,,,,,11,MIXfix_F,95.0,31.0,45.0,False,0.0017420563797575,4
0.0,,8.0,4,4,0.0,0.0,0.0,1.0,75.5,66.0,80.0,,,,,,12,MIXfix_F,95.0,29.0,39.0,False,0.0010297231056277,4
0.0,,8.0,4,4,0.0,0.0,0.0,1.0,76.5,69.0,79.0,,,,,,13,MIXfix_F,95.0,36.0,56.0,False,0.0009358557429168,4
0.0,,8.0,4,4,0.0224587626240278,0.0,0.0898350504961113,0.75,76.0,72.0,78.0,,,,,,14,MIXfix_F,95.0,38.0,49.0,False,0.0014834822060338,4
0.0,,8.0,4,4,0.0,0.0,0.0,1.0,73.0,52.0,78.0,,,,,,15,MIXfix_F,95.0,38.0,59.0,False,0.0007596086473063,4
0.0,,8.0,4,4,0.0,0.0,0.0,1.0,78.0,74.0,79.0,,,,,,16,MIXfix_F,95.0,42.0,60.0,False,0.001307604705305,4
1.0,34.0,80.0,4,4,0.0,0.0,0.0,1.0,77.0,68.0,79.0,,,,,,17,MIXfix_F,95.0,34.0,59.0,False,0.0007849079362643,4
0.0,,8.0,4,4,0.0,0.0,0.0,1.0,79.0,63.0,80.0,,,,,,18,MIXfix_F,95.0,37.0,60.0,False,0.0015591592789735,4
1.0,51.0,83.0,4,4,0.0,0.0,0.0,1.0,75.5,73.0,79.0,,,,,,19,MIXfix_F,95.0,47.0,64.0,False,0.0019571698431809,4
0.0,,8.0,4,4,0.0,0.0,0.0,1.0,77.5,76.0,80.0,,,,,,20,MIXfix_F,95.0,32.0,48.0,False,0.001277789700603,4
0.0,,8.0,4,4,0.0,0.0,0.0,1.0,74.5,69.0,78.0,,,,,,21,MIXfix_F,95.0,34.0,53.0,False,0.0011868635386147,4
1.0,37.0,83.0,4,4,0.0,0.0,0.0,1.0,70.5,67.0,75.0,,,,,,22,MIXfix_F,95.0,37.0,56.0,False,0.0024205965641487,4
0.0,,8.0,4,4,0.0,0.0,0.0,1.0,75.5,65.0,78.0,,,,,,23,MIXfix_F,95.0,31.0,49.0,False,0.0025871410951515,4
0.0,,8.0,4,4,0.0,0.0,0.0,1.0,78.5,68.0,80.0,,,,,,24,MIXfix_F,95.0,29.0,44.0,False,0.0004973480622941,4
0.0,,8.0,4,4,0.0,0.0,0.0,1.0,75.5,74.0,78.0,,,,,,25,MIXfix_F,95.0,31.0,37.0,False,0.0008972022348548,4
0.0,,8.0,4,4,0.0,0.0,0.0,1.0,76.5,58.0,78.0,,,,,,26,MIXfix_F,95.0,34.0,59.0,False,0.0033639639138597,4
0.0,,8.0,4,4,0.0,0.0,0.0,1.0,75.0,72.0,78.0,,,,,,27,MIXfix_F,95.0,33.0,47.0,False,0.0008590598277599,4
0.0,,8.0,4,4,0.0,0.0,0.0,1.0,68.0,50.0,79.0,,,,,,28,MIXfix_F,95.0,37.0,52.0,False,0.0013369049193458,4
0.0,,8.0,4,4,0.0,0.0,0.0,1.0,70.0,59.0,78.0,,,,,,29,MIXfix_F,95.0,38.0,64.0,False,0.0014516017568669,4
1.0,40.0,84.0,4,4,0.0001331766793412,0.0,0.000532706717365,1.0,78.0,54.0,80.0,,,,,,30,MIXfix_F,95.0,41.0,55.0,False,0.0013553646811877,4
0.0,,8.0,4,4,0.0,0.0,0.0,1.0,77.5,75.0,79.0,,,,,,31,MIXfix_F,95.0,35.0,64.0,False,0.0008753058612746,4
0.0,,10.0,4,4,0.0,0.0,0.0,1.0,73.0,54.0,79.0,,,,,,32,MIXfix_F,95.0,42.0,59.0,False,0.0009658762656133,4
0.0,,8.0,4,4,0.0,0.0,0.0,1.0,77.0,75.0,80.0,,,,,,33,MIXfix_F,95.0,38.0,69.0,False,0.002227984001574,4
0.0,,8.0,4,4,0.0,0.0,0.0,1.0,73.0,63.0,77.0,,,,,,34,MIXfix_F,95.0,33.0,58.0,False,0.0008281360499016,4
1.0,22.0,82.0,4,4,0.0,0.0,0.0,1.0,67.5,56.0,79.0,,,,,,35,MIXfix_F,95.0,33.0,54.0,False,0.0018844800850196,4
0.0,,8.0,4,4,0.0,0.0,0.0,1.0,77.5,63.0,80.0,,,,,,36,MIXfix_F,95.0,33.0,52.0,False,0.0009569249935657,4
1.0,42.0,81.0,4,4,0.0,0.0,0.0,1.0,70.0,68.0,79.0,,,,,,37,MIXfix_F,95.0,31.0,54.0,False,0.0010632180949163,4
1.0,23.0,82.0,4,4,0.0,0.0,0.0,1.0,72.0,70.0,72.0,,,,,,38,MIXfix_F,95.0,32.0,57.0,False,0.0011665444927961,4
1.0,33.0,86.0,4,4,0.0,0.0,0.0,1.0,78.0,53.0,80.0,,,,,,39,MIXfix_F,95.0,34.0,43.0,False,0.0020389895066638,4
1.0,54.0,80.0,4,4,0.0,0.0,0.0,1.0,74.5,72.0,80.0,,,,,,40,MIXfix_F,95.0,32.0,49.0,False,0.0018901034012691,4
1.0,36.0,80.0,4,4,0.0,0.0,0.0,1.0,75.5,60.0,79.0,,,,,,41,MIXfix_F,95.0,35.0,50.0,False,0.0006326316278017,4
0.0,,8.0,4,4,0.0,0.0,0.0,1.0,76.0,68.0,79.0,,,,,,42,MIXfix_F,95.0,33.0,60.0,False,0.0020126974115028,4
1.0,38.0,91.0,4,4,0.0,0.0,0.0,1.0,74.5,64.0,80.0,,,,,,43,MIXfix_F,95.0,35.0,51.0,False,0.0019987420975863,4
0.0,,9.0,4,4,0.0,0.0,0.0,1.0,77.5,72.0,80.0,,,,,,44,MIXfix_F,95.0,30.0,69.0,False,0.0020451151107818,4
0.0,,8.0,4,4,0.0,0.0,0.0,1.0,69.5,67.0,76.0,,,,,,45,MIXfix_F,95.0,38.0,51.0,False,0.0016454233404744,4
0.0,,8.0,4,4,0.0,0.0,0.0,1.0,78.5,76.0,79.0,,,,,,46,MIXfix_F,95.0,36.0,71.0,False,0.0013238782865102,4
0.0,,8.0,4,4,0.0,0.0,0.0,1.0,79.5,71.0,80.0,,,,,,47,MIXfix_F,95.0,35.0,60.0,False,0.0012830350018474,4
0.0,,8.0,4,4,0.0,0.0,0.0,1.0,77.5,60.0,80.0,,,,,,48,MIXfix_F,95.0,31.0,55.0,False,0.0012543060734763,4
0.0,,8.0,4,4,0.0,0.0,0.0,1.0,76.0,60.0,79.0,,,,,,49,MIXfix_F,95.0,36.0,53.0,False,0.0014147622676232,4
1.0,32.0,91.0,4,4,0.0,0.0,0.0,1.0,67.0,56.0,80.0,,,,,,50,MIXfix_F,95.0,38.0,53.0,False,0.0006019010383059,4
1.0,49.0,80.0,4,4,0.0,0.0,0.0,1.0,72.5,54.0,77.0,,,,,,51,MIXfix_F,95.0,40.0,67.0,False,0.0016515833032341,4
0.0,,8.0,4,4,0.0,0.0,0.0,1.0,77.5,77.0,78.0,,,,,,52,MIXfix_F,95.0,34.0,47.0,False,0.0010411398790956,4
0.0,,8.0,4,4,0.0,0.0,0.0,1.0,78.0,65.0,80.0,,,,,,53,MIXfix_F,95.0,33.0,52.0,False,0.0009908576906399,4
0.0,,9.0,4,4,0.1007475772409746,0.0,0.4029903089638987,0.75,72.0,69.0,72.0,,,,,,54,MIXfix_F,95.0,34.0,62.0,False,0.00168442159894,4
1.0,44.0,85.0,4,4,0.0,0.0,0.0,1.0,68.5,65.0,77.0,,,,,,55,MIXfix_F,95.0,32.0,64.0,False,0.0024640781872899,4
0.0,,8.0,4,4,0.0,0.0,0.0,1.0,76.5,60.0,79.0,,,,,,56,MIXfix_F,95.0,37.0,63.0,False,0.0020753755614378,4
0.0,,8.0,4,4,0.0,0.0,0.0,1.0,73.0,71.0,79.0,,,,,,57,MIXfix_F,95.0,32.0,48.0,False,0.0008763188810423,4
0.0,,9.0,4,4,0.0,0.0,0.0,1.0,78.5,76.0,79.0,,,,,,58,MIXfix_F,95.0,37.0,59.0,False,0.0020190884046011,4
0.0,,10.0,4,4,0.0530018243701959,0.0031304868546741,0.2057463237714352,0.5,78.0,65.0,79.0,,,,,,59,MIXfix_F,95.0,29.0,58.0,False,0.0008655448851724,4
1.0,60.0,85.0,4,4,0.0,0.0,0.0,1.0,74.5,45.0,78.0,,,,,,0,MIXfix_M,95.0,37.0,62.0,False,0.0010930222449352,4
1.0,30.0,81.0,4,4,0.0005459399604615,0.0,0.0021837598418461,0.75,71.5,23.0,72.0,,,,,,1,MIXfix_M,95.0,40.0,64.0,False,0.0012181998420198,4
0.0,,8.0,4,4,0.0,0.0,0.0,1.0,77.0,72.0,80.0,,,,,,2,MIXfix_M,95.0,33.0,53.0,False,0.0014976553309527,4
0.0,,8.0,4,4,0.0,0.0,0.0,1.0,77.0,56.0,80.0,,,,,,3,MIXfix_M,95.0,32.0,49.0,False,0.0009592139738568,4
1.0,22.0,87.0,4,4,0.074530456925392,0.0,0.298121827701568,0.75,59.5,18.0,72.0,,,,,,4,MIXfix_M,95.0,36.0,63.0,False,0.0025566683417608,4
0.0,,8.0,4,4,0.0,0.0,0.0,1.0,77.5,70.0,79.0,,,,,,5,MIXfix_M,95.0,38.0,54.0,False,0.0020947678726822,4
1.0,23.0,91.0,4,4,0.0,0.0,0.0,1.0,72.0,42.0,76.0,,,,,,6,MIXfix_M,95.0,33.0,54.0,False,0.0028087086647154,4
0.0,,8.0,4,4,0.0,0.0,0.0,1.0,67.0,64.0,78.0,,,,,,7,MIXfix_M,95.0,35.0,64.0,False,0.0017866116898944,4
0.0,,8.0,4,4,0.0,0.0,0.0,1.0,80.0,74.0,80.0,,,,,,8,MIXfix_M,95.0,35.0,58.0,False,0.0020012600552668,4
1.0,51.0,80.0,4,4,0.0,0.0,0.0,1.0,66.0,56.0,68.0,,,,,,9,MIXfix_M,95.0,40.0,68.0,False,0.0019139484044719,4
0.0,,8.0,4,4,0.0,0.0,0.0,1.0,75.5,72.0,80.0,,,,,,10,MIXfix_M,95.0,29.0,49.0,False,0.0009865628636579,4
1.0,26.0,90.0,4,4,0.0,0.0,0.0,1.0,78.0,77.0,80.0,,,,,,11,MIXfix_M,95.0,31.0,45.0,False,0.0017420563797575,4
1.0,29.0,85.0,4,4,0.0,0.0,0.0,1.0,74.0,72.0,79.0,,,,,,12,MIXfix_M,95.0,29.0,39.0,False,0.0010297231056277,4
1.0,39.0,80.0,4,4,0.0,0.0,0.0,1.0,75.5,71.0,78.0,,,,,,13,MIXfix_M,95.0,36.0,56.0,False,0.0009358557429168,4
0.0,,8.0,4,4,0.0,0.0,0.0,1.0,77.5,75.0,79.0,,,,,,14,MIXfix_M,95.0,38.0,49.0,False,0.0014834822060338,4
1.0,20.0,84.0,4,4,0.0,0.0,0.0,1.0,69.0,39.0,73.0,,,,,,15,MIXfix_M,95.0,38.0,59.0,False,0.0007596086473063,4
1.0,40.0,105.0,4,4,0.0,0.0,0.0,1.0,70.0,60.0,80.0,,,,,,16,MIXfix_M,95.0,42.0,60.0,False,0.001307604705305,4
1.0,24.0,108.0,4,4,0.0,0.0,0.0,1.0,72.0,70.0,80.0,,,,,,17,MIXfix_M,95.0,34.0,59.0,False,0.0007849079362643,4
0.0,,8.0,4,4,0.0,0.0,0.0,1.0,74.0,67.0,80.0,,,,,,18,MIXfix_M,95.0,37.0,60.0,False,0.0015591592789735,4
0.0,,8.0,4,4,0.0,0.0,0.0,1.0,67.5,52.0,79.0,,,,,,19,MIXfix_M,95.0,47.0,64.0,False,0.0019571698431809,4
1.0,33.0,88.0,4,4,0.0,0.0,0.0,1.0,73.5,54.0,80.0,,,,,,20,MIXfix_M,95.0,32.0,48.0,False,0.001277789700603,4
0.0,,8.0,4,4,0.0,0.0,0.0,1.0,66.5,55.0,80.0,,,,,,21,MIXfix_M,95.0,34.0,53.0,False,0.0011868635386147,4
1.0,40.0,85.0,4,4,0.0,0.0,0.0,1.0,73.0,66.0,78.0,,,,,,22,MIXfix_M,95.0,37.0,56.0,False,0.0024205965641487,4
0.0,,8.0,4,4,0.0,0.0,0.0,1.0,76.5,69.0,78.0,,,,,,23,MIXfix_M,95.0,31.0,49.0,False,0.0025871410951515,4
1.0,20.0,83.0,4,4,0.0,0.0,0.0,1.0,70.0,64.0,80.0,,,,,,24,MIXfix_M,95.0,29.0,44.0,False,0.0004973480622941,4
0.0,,8.0,4,4,0.0097852493131071,0.0,0.0391409972524285,0.75,73.0,70.0,79.0,,,,,,25,MIXfix_M,95.0,31.0,37.0,False,0.0008972022348548,4
0.0,,8.0,4,4,0.0,0.0,0.0,1.0,62.5,28.0,75.0,,,,,,26,MIXfix_M,95.0,34.0,59.0,False,0.0033639639138597,4
0.0,,8.0,4,4,0.0,0.0,0.0,1.0,76.5,75.0,80.0,,,,,,27,MIXfix_M,95.0,33.0,47.0,False,0.0008590598277599,4
0.0,,8.0,4,4,0.0,0.0,0.0,1.0,79.0,79.0,80.0,,,,,,28,MIXfix_M,95.0,37.0,52.0,False,0.0013369049193458,4
0.0,,8.0,4,4,0.0266089441572087,0.0,0.1064357766288351,0.75,74.5,73.0,75.0,,,,,,29,MIXfix_M,95.0,38.0,64.0,False,0.0014516017568669,4
1.0,32.0,83.0,4,4,0.0,0.0,0.0,1.0,73.0,47.0,78.0,,,,,,30,MIXfix_M,95.0,41.0,55.0,False,0.0013553646811877,4
1.0,27.0,91.0,4,4,0.0,0.0,0.0,1.0,73.0,67.0,77.0,,,,,,31,MIXfix_M,95.0,35.0,64.0,False,0.0008753058612746,4
0.0,,8.0,4,4,0.0514310924048447,0.0,0.2057243696193788,0.75,70.5,63.0,80.0,,,,,,32,MIXfix_M,95.0,42.0,59.0,False,0.0009658762656133,4
0.0,,8.0,4,4,0.0,0.0,0.0,1.0,72.0,66.0,80.0,,,,,,33,MIXfix_M,95.0,38.0,69.0,False,0.002227984001574,4
0.0,,8.0,4,4,0.0,0.0,0.0,1.0,78.0,71.0,79.0,,,,,,34,MIXfix_M,95.0,33.0,58.0,False,0.0008281360499016,4
0.0,,8.0,4,4,0.021517771504981,0.0,0.0860710860199243,0.75,74.5,68.0,80.0,,,,,,35,MIXfix_M,95.0,33.0,54.0,False,0.0018844800850196,4
0.0,,8.0,4,4,0.0,0.0,0.0,1.0,73.5,71.0,78.0,,,,,,36,MIXfix_M,95.0,33.0,52.0,False,0.0009569249935657,4
0.0,,8.0,4,4,0.0,0.0,0.0,1.0,75.0,70.0,80.0,,,,,,37,MIXfix_M,95.0,31.0,54.0,False,0.0010632180949163,4
0.0,,8.0,4,4,0.0,0.0,0.0,1.0,75.0,70.0,79.0,,,,,,38,MIXfix_M,95.0,32.0,57.0,False,0.0011665444927961,4
0.0,,8.0,4,4,0.0,0.0,0.0,1.0,73.5,57.0,80.0,,,,,,39,MIXfix_M,95.0,34.0,43.0,False,0.0020389895066638,4
1.0,35.0,97.0,4,4,0.0,0.0,0.0,1.0,71.0,61.0,74.0,,,,,,40,MIXfix_M,95.0,32.0,49.0,False,0.0018901034012691,4
0.0,,8.0,4,4,0.0,0.0,0.0,1.0,73.5,56.0,80.0,,,,,,41,MIXfix_M,95.0,35.0,50.0,False,0.0006326316278017,4
0.0,,8.0,4,4,0.0,0.0,0.0,1.0,75.5,71.0,77.0,,,,,,42,MIXfix_M,95.0,33.0,60.0,False,0.0020126974115028,4
0.0,,8.0,4,4,0.0,0.0,0.0,1.0,63.5,60.0,74.0,,,,,,43,MIXfix_M,95.0,35.0,51.0,False,0.0019987420975863,4
0.0,,8.0,4,4,0.0,0.0,0.0,1.0,78.5,76.0,79.0,,,,,,44,MIXfix_M,95.0,30.0,69.0,False,0.0020451151107818,4
1.0,48.0,83.0,4,4,0.0045704301775615,0.0,0.0182817207102462,0.75,79.0,67.0,79.0,,,,,,45,MIXfix_M,95.0,38.0,51.0,False,0.0016454233404744,4
0.0,,8.0,4,4,0.0,0.0,0.0,1.0,75.0,67.0,77.0,,,,,,46,MIXfix_M,95.0,36.0,71.0,False,0.0013238782865102,4
0.0,,8.0,4,4,0.0,0.0,0.0,1.0,78.5,70.0,80.0,,,,,,47,MIXfix_M,95.0,35.0,60.0,False,0.0012830350018474,4
0.0,,8.0,4,4,0.0,0.0,0.0,1.0,75.0,52.0,77.0,,,,,,48,MIXfix_M,95.0,31.0,55.0,False,0.0012543060734763,4
0.0,,8.0,4,4,0.0,0.0,0.0,1.0,75.5,49.0,77.0,,,,,,49,MIXfix_M,95.0,36.0,53.0,False,0.0014147622676232,4
0.0,,8.0,4,4,0.0,0.0,0.0,1.0,78.5,76.0,79.0,,,,,,50,MIXfix_M,95.0,38.0,53.0,False,0.0006019010383059,4
1.0,39.0,85.0,4,4,0.0,0.0,0.0,1.0,77.5,74.0,80.0,,,,,,51,MIXfix_M,95.0,40.0,67.0,False,0.0016515833032341,4
1.0,34.0,92.0,4,4,0.0,0.0,0.0,1.0,79.0,62.0,80.0,,,,,,52,MIXfix_M,95.0,34.0,47.0,False,0.0010411398790956,4
0.0,,8.0,4,4,0.0,0.0,0.0,1.0,75.0,69.0,76.0,,,,,,53,MIXfix_M,95.0,33.0,52.0,False,0.0009908576906399,4
1.0,20.0,87.0,4,4,0.0,0.0,0.0,1.0,68.0,64.0,72.0,,,,,,54,MIXfix_M,95.0,34.0,62.0,False,0.00168442159894,4
0.0,,8.0,4,4,0.0,0.0,0.0,1.0,77.5,65.0,80.0,,,,,,55,MIXfix_M,95.0,32.0,64.0,False,0.0024640781872899,4
0.0,,8.0,4,4,0.0,0.0,0.0,1.0,76.5,67.0,80.0,,,,,,56,MIXfix_M,95.0,37.0,63.0,False,0.0020753755614378,4
0.0,,8.0,4,4,0.0,0.0,0.0,1.0,79.5,76.0,80.0,,,,,,57,MIXfix_M,95.0,32.0,48.0,False,0.0008763188810423,4
0.0,,13.0,4,4,0.0,0.0,0.0,1.0,76.5,62.0,77.0,,,,,,58,MIXfix_M,95.0,37.0,59.0,False,0.0020190884046011,4
1.0,26.0,80.0,4,4,0.0,0.0,0.0,1.0,77.0,73.0,80.0,,,,,,59,MIXfix_M,95.0,29.0,58.0,False,0.0008655448851724,4
1.0,27.0,84.0,4,4,1.0,1.0,1.0,0.0,11.0,11.0,11.0,,,,,,0,B,7.0,33.0,54.0,False,0.6241107541955532,5
1.0,55.0,95.0,4,4,0.9939956056045924,1.0,1.0,0.0,10.0,10.0,10.0,,,,,,1,B,6.0,32.0,48.0,False,0.6050039905392878,5
1.0,23.0,89.0,4,4,1.0,1.0,1.0,0.0,10.0,10.0,10.0,,,,,,2,B,6.0,31.0,65.0,False,0.5931091573991877,5
0.0,,49.0,4,4,1.0,1.0,1.0,0.0,11.0,11.0,11.0,,,,,,3,B,7.0,38.0,67.0,False,0.6189693934244599,5
1.0,38.0,82.0,4,4,1.0,1.0,1.0,0.0,11.0,11.0,11.0,,,,,,4,B,7.0,37.0,59.0,False,0.5909718649308362,5
1.0,19.0,80.0,4,4,1.0,1.0,1.0,0.0,10.0,10.0,10.0,,,,,,5,B,6.0,37.0,48.0,False,0.6114644468007896,5
1.0,83.0,85.0,4,4,1.0,1.0,1.0,0.0,10.0,10.0,10.0,,,,,,6,B,6.0,35.0,59.0,False,0.6235523793345057,5
1.0,16.0,85.0,4,4,0.9918777985546812,1.0,1.0,0.0,11.0,11.0,11.0,,,,,,7,B,7.0,32.0,60.0,False,0.59719686665301,5
1.0,16.0,85.0,4,4,1.0,1.0,1.0,0.0,10.0,10.0,10.0,,,,,,8,B,6.0,30.0,53.0,False,0.6257398254700103,5
1.0,27.0,84.0,4,4,1.0,1.0,1.0,0.0,11.0,11.0,11.0,,,,,,9,B,7.0,30.0,51.0,False,0.6275618114616861,5
1.0,28.0,80.0,4,4,1.0,1.0,1.0,0.0,10.0,10.0,10.0,,,,,,10,B,6.0,34.0,47.0,False,0.6395770702849842,5
1.0,23.0,87.0,4,4,1.0,1.0,1.0,0.0,10.0,10.0,10.0,,,,,,11,B,6.0,32.0,59.0,False,0.6333658899178352,5
0.0,,57.0,4,4,0.8097836968274624,1.0,1.0,0.0,12.0,6.0,12.0,,,,,,12,B,8.0,35.0,60.0,False,0.599898714846013,5
0.0,,67.0,4,4,1.0,1.0,1.0,0.0,10.0,10.0,10.0,,,,,,13,B,6.0,37.0,54.0,False,0.6226060435207347,5
1.0,20.0,84.0,4,4,1.0,1.0,1.0,0.0,10.0,10.0,10.0,,,,,,14,B,6.0,30.0,52.0,False,0.6197882065310886,5
1.0,49.0,84.0,4,4,1.0,1.0,1.0,0.0,11.0,11.0,11.0,,,,,,15,B,7.0,33.0,45.0,False,0.6149053563260468,5
0.0,,68.0,4,4,1.0,1.0,1.0,0.0,10.0,10.0,10.0,,,,,,16,B,6.0,33.0,51.0,False,0.6378763843053822,5
1.0,21.0,90.0,4,4,1.0,1.0,1.0,0.0,10.0,10.0,10.0,,,,,,17,B,6.0,32.0,49.0,False,0.6145754758583856,5
1.0,31.0,84.0,4,4,1.0,1.0,1.0,0.0,10.0,10.0,10.0,,,,,,18,B,6.0,31.0,51.0,False,0.6351512406556794,5
1.0,18.0,85.0,4,4,0.993615092205738,1.0,1.0,0.0,10.0,10.0,10.0,,,,,,19,B,6.0,34.0,63.0,False,0.6231852691096729,5
1.0,17.0,83.0,4,4,1.0,1.0,1.0,0.0,10.0,10.0,10.0,,,,,,20,B,6.0,34.0,69.0,False,0.622771707102748,5
1.0,22.0,80.0,4,4,1.0,1.0,1.0,0.0,12.0,12.0,12.0,,,,,,21,B,8.0,32.0,50.0,False,0.608981803420507,5
1.0,72.0,83.0,4,4,1.0,1.0,1.0,0.0,10.0,10.0,10.0,,,,,,22,B,6.0,28.0,55.0,False,0.6098790202915387,5
1.0,22.0,93.0,4,4,1.0,1.0,1.0,0.0,11.0,11.0,11.0,,,,,,23,B,7.0,30.0,52.0,False,0.6201404363827847,5
1.0,17.0,85.0,4,4,1.0,1.0,1.0,0.0,11.0,11.0,11.0,,,,,,24,B,7.0,32.0,47.0,False,0.6235107664122772,5
1.0,20.0,80.0,4,4,1.0,1.0,1.0,0.0,11.0,11.0,11.0,,,,,,25,B,7.0,30.0,54.0,False,0.6161509091407705,5
1.0,30.0,81.0,4,4,1.0,1.0,1.0,0.0,11.0,11.0,11.0,,,,,,26,B,7.0,34.0,53.0,False,0.638105667550744,5
0.0,,8.0,4,4,1.0,1.0,1.0,0.0,10.0,10.0,10.0,,,,,,27,B,6.0,34.0,54.0,False,0.6310477249877829,5
1.0,26.0,82.0,4,4,1.0,1.0,1.0,0.0,10.0,10.0,10.0,,,,,,28,B,6.0,29.0,54.0,False,0.6080201684249642,5
1.0,25.0,80.0,4,4,0.9560256906884914,1.0,1.0,0.0,11.0,11.0,11.0,,,,,,29,B,7.0,33.0,48.0,False,0.599423023830995,5
1.0,25.0,86.0,4,4,1.0,1.0,1.0,0.0,10.0,10.0,10.0,,,,,,30,B,6.0,33.0,54.0,False,0.616196154332173,5
1.0,18.0,80.0,4,4,1.0,1.0,1.0,0.0,10.0,10.0,10.0,,,,,,31,B,6.0,35.0,48.0,False,0.6310259180310841,5
1.0,16.0,89.0,4,4,1.0,1.0,1.0,0.0,10.0,10.0,10.0,,,,,,32,B,6.0,31.0,54.0,False,0.6427890462573358,5
1.0,33.0,82.0,4,4,1.0,1.0,1.0,0.0,11.0,11.0,11.0,,,,,,33,B,7.0,33.0,60.0,False,0.6291422887844103,5
1.0,52.0,82.0,4,4,1.0,1.0,1.0,0.0,11.0,11.0,11.0,,,,,,34,B,7.0,36.0,57.0,False,0.6109818121373398,5
1.0,32.0,82.0,4,4,1.0,1.0,1.0,0.0,11.0,11.0,11.0,,,,,,35,B,7.0,34.0,54.0,False,0.6145320933318007,5
1.0,23.0,84.0,4,4,1.0,1.0,1.0,0.0,11.0,11.0,11.0,,,,,,36,B,7.0,29.0,42.0,False,0.6574050271834448,5
0.0,,73.0,4,4,1.0,1.0,1.0,0.0,10.0,10.0,10.0,,,,,,37,B,6.0,31.0,45.0,False,0.6369837451618668,5
1.0,70.0,80.0,4,4,1.0,1.0,1.0,0.0,10.0,10.0,10.0,,,,,,38,B,6.0,33.0,43.0,False,0.6159542375632486,5
1.0,16.0,82.0,4,4,1.0,1.0,1.0,0.0,11.0,11.0,11.0,,,,,,39,B,7.0,35.0,57.0,False,0.6194754187898959,5
1.0,25.0,84.0,4,4,1.0,1.0,1.0,0.0,11.0,11.0,11.0,,,,,,40,B,7.0,33.0,50.0,False,0.6316663701151303,5
1.0,16.0,94.0,4,4,0.9930434015695988,1.0,1.0,0.0,10.0,10.0,10.0,,,,,,41,B,6.0,30.0,38.0,False,0.624750479081313,5
1.0,81.0,83.0,4,4,1.0,1.0,1.0,0.0,11.0,11.0,11.0,,,,,,42,B,7.0,35.0,47.0,False,0.6319459254475475,5
1.0,43.0,80.0,4,4,1.0,1.0,1.0,0.0,11.0,11.0,11.0,,,,,,43,B,7.0,36.0,53.0,False,0.59835411467592,5
1.0,22.0,80.0,4,4,1.0,1.0,1.0,0.0,11.0,11.0,11.0,,,,,,44,B,7.0,29.0,47.0,False,0.6154175266264938,5
0.0,,74.0,4,4,1.0,1.0,1.0,0.0,10.0,10.0,10.0,,,,,,45,B,6.0,34.0,50.0,False,0.6296517046056724,5
1.0,19.0,80.0,4,4,1.0,1.0,1.0,0.0,10.0,10.0,10.0,,,,,,46,B,6.0,32.0,46.0,False,0.6375064300830705,5
0.0,,75.0,4,4,1.0,1.0,1.0,0.0,11.0,11.0,11.0,,,,,,47,B,7.0,33.0,47.0,False,0.6161998384735421,5
0.0,,45.0,4,4,1.0,1.0,1.0,0.0,10.0,10.0,10.0,,,,,,48,B,6.0,33.0,57.0,False,0.6290572765629905,5
1.0,18.0,80.0,4,4,1.0,1.0,1.0,0.0,11.0,11.0,11.0,,,,,,49,B,7.0,33.0,59.0,False,0.6165558833009602,5
0.0,,59.0,4,4,1.0,1.0,1.0,0.0,10.0,10.0,10.0,,,,,,50,B,6.0,31.0,56.0,False,0.619325436216571,5
1.0,13.0,103.0,4,4,1.0,1.0,1.0,0.0,10.0,10.0,10.0,,,,,,51,B,6.0,34.0,47.0,False,0.6440785664303849,5
1.0,19.0,83.0,4,4,1.0,1.0,1.0,0.0,10.0,10.0,10.0,,,,,,52,B,6.0,36.0,61.0,False,0.6211987473573349,5
1.0,24.0,81.0,4,4,0.9755871868431564,1.0,1.0,0.0,10.0,10.0,10.0,,,,,,53,B,6.0,28.0,38.0,False,0.5992339377348532,5
1.0,28.0,80.0,4,4,1.0,1.0,1.0,0.0,10.0,10.0,10.0,,,,,,54,B,6.0,40.0,61.0,False,0.6088231895997911,5
0.0,,77.0,4,4,1.0,1.0,1.0,0.0,10.0,10.0,10.0,,,,,,55,B,6.0,34.0,49.0,False,0.6423061054679227,5
1.0,24.0,86.0,4,4,1.0,1.0,1.0,0.0,10.0,10.0,10.0,,,,,,56,B,6.0,32.0,53.0,False,0.6166576783908089,5
0.0,,59.0,4,4,1.0,1.0,1.0,0.0,11.0,11.0,11.0,,,,,,57,B,7.0,32.0,58.0,False,0.6200210048604646,5
1.0,16.0,85.0,4,4,0.9825637372664212,1.0,1.0,0.0,11.0,11.0,11.0,,,,,,58,B,7.0,30.0,66.0,False,0.6028015348096242,5
0.0,,71.0,4,4,0.9918577823951488,1.0,1.0,0.0,10.0,10.0,10.0,,,,,,59,B,6.0,37.0,57.0,False,0.6096699884334544,5
0.0,,8.0,4,4,0.4091496326929618,0.3999999999999999,0.4411286191677738,0.0,14.0,14.0,14.0,,,,,,0,BAND,10.0,33.0,54.0,False,0.5444513810396868,5
0.0,,17.0,4,4,0.4367329780158814,0.4479261531843662,0.4479261531843662,0.0,12.0,12.0,12.0,,,,,,1,BAND,8.0,32.0,48.0,False,0.5841913070077841,5
0.0,,13.0,4,4,0.4226330792991362,0.3999999999999999,0.5,0.0,15.0,15.0,15.0,4.0,4.0,0.5059645192160311,0.5059645192160311,,2,BAND,11.0,31.0,65.0,False,0.485312391434727,5
0.0,,8.0,4,4,0.3287370278248098,0.311825657264749,0.4999247151829624,0.0,14.0,14.0,14.0,,,,,,3,BAND,10.0,38.0,67.0,False,0.5374831613373956,5
0.0,,21.0,4,4,0.3984437458630875,0.4228668741973043,0.4950097340025633,0.0,15.0,15.0,15.0,7.0,7.0,0.5032429743575587,0.5032429743575587,,4,BAND,11.0,37.0,59.0,False,0.5083728636447753,5
0.0,,8.0,4,4,0.4428702353208524,0.4214809412834098,0.5,0.0,14.0,14.0,14.0,,,,,,5,BAND,10.0,37.0,48.0,False,0.4953847679075347,5
0.0,,12.0,4,4,0.4627611337122593,0.4540357523199708,0.5,0.0,15.0,15.0,15.0,5.0,5.0,0.5184913108305503,0.5184913108305503,,6,BAND,11.0,35.0,59.0,False,0.5022587782677751,5
0.0,,49.0,4,4,0.3641723085522518,0.3594918303082622,0.5,0.0,15.0,15.0,15.0,44.0,44.0,0.1521500706392609,0.1521500706392609,,7,BAND,11.0,32.0,60.0,False,0.4779270904722085,5
0.0,,8.0,4,4,0.33573417514034,0.2999999999999999,0.4481404551768104,0.0,16.0,16.0,16.0,,,,,,8,BAND,12.0,30.0,53.0,False,0.4658361870016738,5
0.0,,8.0,4,4,0.3946653911204216,0.3804269414547778,0.5,0.0,14.0,14.0,14.0,,,,,,9,BAND,10.0,30.0,51.0,False,0.5228615265700796,5
0.0,,12.0,4,4,0.3778241840799082,0.4007626520455076,0.4225227616673992,0.0,14.0,14.0,14.0,,,,,,10,BAND,10.0,34.0,47.0,False,0.5444148486782091,5
0.0,,8.0,4,4,0.3934291683376357,0.4570989350195508,0.5,0.0,14.0,14.0,14.0,,,,,,11,BAND,10.0,32.0,59.0,False,0.4966740781700216,5
0.0,,8.0,4,4,0.3622507746502596,0.2999999999999999,0.5,0.0,16.0,16.0,16.0,,,,,,12,BAND,12.0,35.0,60.0,False,0.4871521783139113,5
0.0,,52.0,4,4,0.375370523296989,0.3736117057454848,0.4379549048009569,0.0,15.0,15.0,15.0,23.0,23.0,0.1013481291472705,0.1013481291472705,,13,BAND,11.0,37.0,54.0,False,0.4863253653347964,5
0.0,,8.0,4,4,0.3908323091519381,0.401144917918897,0.4492937742787184,0.0,14.0,14.0,14.0,,,,,,14,BAND,10.0,30.0,52.0,False,0.4868465125759351,5
0.0,,8.0,4,4,0.3778275385372601,0.3460746890575524,0.5,0.0,15.0,15.0,15.0,,,,,,15,BAND,11.0,33.0,45.0,False,0.5186376547536956,5
0.0,,8.0,4,4,0.3654314485098998,0.3294176606550658,0.5,0.0,16.0,16.0,16.0,,,,,,16,BAND,12.0,33.0,51.0,False,0.4643551131042936,5
0.0,,8.0,4,4,0.3754038933429785,0.3999999999999999,0.5,0.0,15.0,15.0,15.0,,,,,,17,BAND,11.0,32.0,49.0,False,0.485119980004088,5
0.0,,13.0,4,4,0.3700972159022557,0.3499999999999999,0.5,0.0,15.0,15.0,15.0,,,,,,18,BAND,11.0,31.0,51.0,False,0.4812316782978279,5
0.0,,10.0,4,4,0.3536631574577152,0.3133006798657944,0.5,0.0,15.0,15.0,15.0,,,,,,19,BAND,11.0,34.0,63.0,False,0.5194528371804222,5
0.0,,8.0,4,4,0.3546914542885843,0.3903635572698786,0.4382484389771194,0.0,15.0,15.0,15.0,,,,,,20,BAND,11.0,34.0,69.0,False,0.4734142496125342,5
0.0,,8.0,4,4,0.3811297976431849,0.3772765253944637,0.5,0.0,15.0,15.0,15.0,,,,,,21,BAND,11.0,32.0,50.0,False,0.513163578824059,5
0.0,,14.0,4,4,0.3918467950705089,0.3964823169223817,0.4922099494533903,0.0,14.0,14.0,14.0,1.0,1.0,0.5311308249641925,0.5311308249641925,,22,BAND,10.0,28.0,55.0,False,0.5080372711933937,5
0.0,,33.0,4,4,0.403580173204269,0.4506530347720622,0.4557200346617266,0.0,14.0,14.0,14.0,27.0,27.0,0.1073376410314795,0.1073376410314795,,23,BAND,10.0,30.0,52.0,False,0.5320989454613353,5
0.0,,10.0,4,4,0.3870390585660307,0.3999999999999999,0.3999999999999999,0.0,15.0,15.0,15.0,,,,,,24,BAND,11.0,32.0,47.0,False,0.4986280635033522,5
0.0,,38.0,4,4,0.4099273631878236,0.4225194149113697,0.5,0.0,15.0,15.0,15.0,2.0,2.0,0.2578273571074726,0.2578273571074726,,25,BAND,11.0,30.0,54.0,False,0.5053606888342579,5
0.0,,70.0,4,4,0.4779872319724082,0.5,0.5,0.0,14.0,14.0,14.0,48.0,48.0,0.1053290991692827,0.1053290991692827,,26,BAND,10.0,34.0,53.0,False,0.5084482008295683,5
0.0,,13.0,4,4,0.3548143097833768,0.3477831075047296,0.4945150645759876,0.0,14.0,14.0,14.0,,,,,,27,BAND,10.0,34.0,54.0,False,0.5050996066847648,5
0.0,,10.0,4,4,0.3685507541778873,0.3499999999999999,0.5,0.0,15.0,15.0,15.0,,,,,,28,BAND,11.0,29.0,54.0,False,0.4801197901222509,5
0.0,,8.0,4,4,0.3054507519702112,0.2999999999999999,0.477790628707905,0.0,15.0,15.0,15.0,,,,,,29,BAND,11.0,33.0,48.0,False,0.4897659063789791,5
0.0,,8.0,4,4,0.3475038988796783,0.3743543226902559,0.3999999999999999,0.0,14.0,14.0,14.0,,,,,,30,BAND,10.0,33.0,54.0,False,0.5191768337846809,5
0.0,,10.0,4,4,0.3219344597598757,0.3607080758860331,0.4173926449679682,0.0,13.0,13.0,13.0,2.0,2.0,0.1811522942364273,0.1811522942364273,,31,BAND,9.0,35.0,48.0,False,0.5404368867335494,5
0.0,,10.0,4,4,0.4636014140325206,0.5,0.5,0.0,14.0,14.0,14.0,,,,,,32,BAND,10.0,31.0,54.0,False,0.5292724360796427,5
0.0,,8.0,4,4,0.3968749375927477,0.4215854793443235,0.5,0.0,14.0,14.0,14.0,,,,,,33,BAND,10.0,33.0,60.0,False,0.5634811700760247,5
0.0,,8.0,4,4,0.4320073647984163,0.4490028040396833,0.5,0.0,15.0,15.0,15.0,,,,,,34,BAND,11.0,36.0,57.0,False,0.4804389914318254,5
0.0,,8.0,4,4,0.3331870489503746,0.2999999999999999,0.3999999999999999,0.0,16.0,16.0,16.0,,,,,,35,BAND,12.0,34.0,54.0,False,0.4536678459495629,5
0.0,,10.0,4,4,0.375,0.2999999999999999,0.5,0.0,17.0,17.0,17.0,,,,,,36,BAND,13.0,29.0,42.0,False,0.4812368437747849,5
0.0,,12.0,4,4,0.3861787043168269,0.3993717584893513,0.5,0.0,15.0,15.0,15.0,,,,,,37,BAND,11.0,31.0,45.0,False,0.4892734952497824,5
0.0,,8.0,4,4,0.3454997941595595,0.3050365322177265,0.4539252888410234,0.0,14.0,14.0,14.0,,,,,,38,BAND,10.0,33.0,43.0,False,0.5123088989620243,5
0.0,,8.0,4,4,0.3742054194490352,0.3841811740294751,0.5,0.0,15.0,15.0,15.0,,,,,,39,BAND,11.0,35.0,57.0,False,0.4908913949597802,5
0.0,,12.0,4,4,0.3884969641112433,0.3999999999999999,0.5,0.0,16.0,16.0,16.0,,,,,,40,BAND,12.0,33.0,50.0,False,0.4666168702197679,5
0.0,,9.0,4,4,0.3731758588797682,0.3701858674941252,0.456887075241478,0.0,14.0,14.0,14.0,,,,,,41,BAND,10.0,30.0,38.0,False,0.5024033334527491,5
0.0,,8.0,4,4,0.3537781448686981,0.3499999999999999,0.5,0.0,15.0,15.0,15.0,,,,,,42,BAND,11.0,35.0,47.0,False,0.4966823854198573,5
0.0,,8.0,4,4,0.3645682167115724,0.3999999999999999,0.4619876653908962,0.0,16.0,16.0,16.0,,,,,,43,BAND,12.0,36.0,53.0,False,0.4714733706205946,5
0.0,,14.0,4,4,0.3707482789640651,0.3999999999999999,0.5,0.0,15.0,15.0,15.0,,,,,,44,BAND,11.0,29.0,47.0,False,0.4988480347486105,5
0.0,,18.0,4,4,0.3241402840313892,0.3198890244341289,0.3999999999999999,0.0,14.0,14.0,14.0,,,,,,45,BAND,10.0,34.0,50.0,False,0.4990779347623893,5
0.0,,8.0,4,4,0.4108647527610982,0.4469128250927435,0.5,0.0,14.0,14.0,14.0,,,,,,46,BAND,10.0,32.0,46.0,False,0.5165601677635491,5
0.0,,15.0,4,4,0.3777897795329079,0.4020991346090723,0.5,0.0,15.0,15.0,15.0,,,,,,47,BAND,11.0,33.0,47.0,False,0.499482094720825,5
0.0,,8.0,4,4,0.4015967324636098,0.4241544888136082,0.5,0.0,15.0,15.0,15.0,,,,,,48,BAND,11.0,33.0,57.0,False,0.4806606758751781,5
0.0,,10.0,4,4,0.412491081859376,0.4,0.5,0.0,16.0,16.0,16.0,,,,,,49,BAND,12.0,33.0,59.0,False,0.4996705159254949,5
0.0,,11.0,4,4,0.4674986375950214,0.5,0.5,0.0,15.0,15.0,15.0,,,,,,50,BAND,11.0,31.0,56.0,False,0.488536531929542,5
0.0,,19.0,4,4,0.3661879543747937,0.3499999999999999,0.5,0.0,15.0,15.0,15.0,4.0,4.0,0.441771879184848,0.441771879184848,,51,BAND,11.0,34.0,47.0,False,0.4928435424866408,5
0.0,,33.0,4,4,0.396454224819563,0.3959435154312052,0.4747853933666289,0.0,13.0,13.0,13.0,20.0,20.0,0.5493025473201769,0.5493025473201769,,52,BAND,9.0,36.0,61.0,False,0.5200102984290247,5
0.0,,8.0,4,4,0.337883980168164,0.3111171588338324,0.4791410809805899,0.0,13.0,13.0,13.0,,,,,,53,BAND,9.0,28.0,38.0,False,0.5109906196378851,5
0.0,,16.0,4,4,0.3773192311889125,0.381616265280035,0.4493653168306262,0.0,12.0,12.0,12.0,,,,,,54,BAND,8.0,40.0,61.0,False,0.5400156979771086,5
0.0,,8.0,4,4,0.4209618055849431,0.4337836058825907,0.4904561005987768,0.0,13.0,13.0,13.0,,,,,,55,BAND,9.0,34.0,49.0,False,0.5731400453328336,5
0.0,,8.0,4,4,0.3907494913729816,0.4034596627245511,0.5,0.0,16.0,16.0,16.0,,,,,,56,BAND,12.0,32.0,53.0,False,0.4783378493313788,5
0.0,,8.0,4,4,0.423029288635585,0.3999999999999999,0.5,0.0,15.0,15.0,15.0,,,,,,57,BAND,11.0,32.0,58.0,False,0.4701787140117646,5
0.0,,8.0,4,4,0.2948002276275399,0.3123629199780099,0.3477114787182902,0.0,12.0,12.0,12.0,,,,,,58,BAND,8.0,30.0,66.0,False,0.5749594593121333,5
0.0,,8.0,4,4,0.3452873250513533,0.35,0.451623774016112,0.0,16.0,16.0,16.0,,,,,,59,BAND,12.0,37.0,57.0,False,0.438155162007677,5
0.0,,8.0,4,4,0.4080171105939801,0.4079031816342243,0.4172755459231422,0.0,14.0,14.0,14.0,,,,,,0,BAND_MIX_F,10.0,33.0,54.0,False,0.5444513810396868,5
0.0,,48.0,4,4,0.4281830892098048,0.4426395804595496,0.4479261531843662,0.0,12.0,12.0,12.0,,,,,,1,BAND_MIX_F,8.0,32.0,48.0,False,0.5841913070077841,5
0.0,,9.0,4,4,0.3999999999999999,0.3999999999999999,0.5,0.0,15.0,15.0,15.0,,,,,,2,BAND_MIX_F,11.0,31.0,65.0,False,0.485312391434727,5
0.0,,11.0,4,4,0.2633947578459387,0.2529609488358328,0.343732171433833,0.0,14.0,14.0,14.0,,,,,,3,BAND_MIX_F,10.0,38.0,67.0,False,0.5374831613373956,5
0.0,,8.0,4,4,0.4014602838937104,0.402920567787421,0.5,0.0,15.0,15.0,15.0,,,,,,4,BAND_MIX_F,11.0,37.0,59.0,False,0.5083728636447753,5
0.0,,8.0,4,4,0.4373674519444652,0.474441419303764,0.5,0.0,14.0,14.0,14.0,,,,,,5,BAND_MIX_F,10.0,37.0,48.0,False,0.4953847679075347,5
0.0,,53.0,4,4,0.44963341674199,0.4499999999999999,0.4999999999999999,0.0,15.0,15.0,15.0,11.0,11.0,0.0600410592624425,0.0600410592624425,,6,BAND_MIX_F,11.0,35.0,59.0,False,0.5022587782677751,5
0.0,,71.0,4,4,0.4739190695082614,0.497838139016523,0.5,0.0,15.0,15.0,15.0,36.0,35.0,0.174262176373399,0.1748131957258779,,7,BAND_MIX_F,11.0,32.0,60.0,False,0.4779270904722085,5
0.0,,56.0,4,4,0.3250284350393215,0.2999999999999999,0.4001137401572865,0.0,16.0,16.0,16.0,30.0,30.0,0.1147493652592563,0.1147493652592563,,8,BAND_MIX_F,12.0,30.0,53.0,False,0.4658361870016738,5
1.0,42.0,98.0,4,4,0.4402134707273889,0.4499999999999999,0.5,0.0,14.0,14.0,14.0,90.0,90.0,0.1453260483610829,0.1453260483610829,,9,BAND_MIX_F,10.0,30.0,51.0,False,0.5228615265700796,5
0.0,,11.0,4,4,0.3804333402180899,0.3604937462113528,0.4906418400589819,0.0,14.0,14.0,14.0,,,,,,10,BAND_MIX_F,10.0,34.0,47.0,False,0.5444148486782091,5
0.0,,8.0,4,4,0.4262869297831047,0.4815892408440066,0.5,0.0,14.0,14.0,14.0,,,,,,11,BAND_MIX_F,10.0,32.0,59.0,False,0.4966740781700216,5
0.0,,12.0,4,4,0.3999999999999999,0.3999999999999999,0.5,0.0,16.0,16.0,16.0,,,,,,12,BAND_MIX_F,12.0,35.0,60.0,False,0.4871521783139113,5
0.0,,9.0,4,4,0.3385891036802589,0.3310803040589795,0.3999999999999999,0.0,15.0,15.0,15.0,,,,,,13,BAND_MIX_F,11.0,37.0,54.0,False,0.4863253653347964,5
0.0,,9.0,4,4,0.3881705654422018,0.4022898358377941,0.4022898358377941,0.0,14.0,14.0,14.0,,,,,,14,BAND_MIX_F,10.0,30.0,52.0,False,0.4868465125759351,5
0.0,,14.0,4,4,0.3999999999999999,0.3999999999999999,0.5,0.0,15.0,15.0,15.0,,,,,,15,BAND_MIX_F,11.0,33.0,45.0,False,0.5186376547536956,5
0.0,,44.0,4,4,0.3283986679228906,0.3067973358457814,0.3999999999999999,0.0,16.0,16.0,16.0,,,,,,16,BAND_MIX_F,12.0,33.0,51.0,False,0.4643551131042936,5
0.0,,36.0,4,4,0.3500752903594617,0.3441413650812532,0.4999999999999999,0.0,15.0,15.0,15.0,,,,,,17,BAND_MIX_F,11.0,32.0,49.0,False,0.485119980004088,5
1.0,54.0,102.0,4,4,0.4357613640195976,0.4715227280391954,0.5,0.0,15.0,15.0,15.0,98.0,93.0,0.1472355048576598,0.1531492714258981,,18,BAND_MIX_F,11.0,31.0,51.0,False,0.4812316782978279,5
0.0,,54.0,4,4,0.3878379874912666,0.3999999999999999,0.5,0.0,15.0,15.0,15.0,17.0,17.0,0.0512038978721105,0.0512038978721105,,19,BAND_MIX_F,11.0,34.0,63.0,False,0.5194528371804222,5
0.0,,11.0,4,4,0.3886986123053819,0.387835497898405,0.4791234534247178,0.0,15.0,15.0,15.0,2.0,2.0,0.5616818883130732,0.5616818883130732,,20,BAND_MIX_F,11.0,34.0,69.0,False,0.4734142496125342,5
1.0,57.0,84.0,4,4,0.4499999999999999,0.5,0.5,0.0,15.0,15.0,15.0,75.0,75.0,0.069505252767639,0.069505252767639,,21,BAND_MIX_F,11.0,32.0,50.0,False,0.513163578824059,5
1.0,32.0,102.0,4,4,0.3762142685282084,0.3753360169209223,0.3999999999999999,0.0,14.0,14.0,14.0,94.0,94.0,0.0791500326255609,0.0791500326255609,,22,BAND_MIX_F,10.0,28.0,55.0,False,0.5080372711933937,5
0.0,,52.0,4,4,0.4256391549303504,0.43179019186056,0.4557200346617266,0.0,14.0,14.0,14.0,1.0,1.0,0.0,0.0,,23,BAND_MIX_F,10.0,30.0,52.0,False,0.5320989454613353,5
0.0,,41.0,4,4,0.3749999999999999,0.3999999999999999,0.3999999999999999,0.0,15.0,15.0,15.0,,,,,,24,BAND_MIX_F,11.0,32.0,47.0,False,0.4986280635033522,5
1.0,49.0,93.0,4,4,0.3947641582565936,0.3965397794505024,0.4924740688076485,0.0,15.0,15.0,15.0,84.0,84.0,0.0974426833738509,0.0974426833738509,,25,BAND_MIX_F,11.0,30.0,54.0,False,0.5053606888342579,5
1.0,63.0,134.0,4,4,0.4496833408012354,0.4625464029253691,0.5,0.0,14.0,14.0,14.0,128.0,124.0,0.120163234803334,0.1180116233009652,,26,BAND_MIX_F,10.0,34.0,53.0,False,0.5084482008295683,5
0.0,,8.0,4,4,0.3466247154983867,0.3461627946920134,0.4468819495334837,0.0,14.0,14.0,14.0,,,,,,27,BAND_MIX_F,10.0,34.0,54.0,False,0.5050996066847648,5
1.0,41.0,106.0,4,4,0.3999999999999999,0.3999999999999999,0.5,0.0,15.0,15.0,15.0,98.0,98.0,0.0968794999146928,0.0968794999146928,,28,BAND_MIX_F,11.0,29.0,54.0,False,0.4801197901222509,5
1.0,86.0,97.0,4,4,0.3217496063452286,0.277479530854899,0.4815721800579557,0.0,15.0,15.0,15.0,97.0,92.0,0.1232981808743716,0.1288123139892238,,29,BAND_MIX_F,11.0,33.0,48.0,False,0.4897659063789791,5
1.0,39.0,132.0,4,4,0.3696357092341124,0.3918436417955581,0.3999999999999999,0.0,14.0,14.0,14.0,125.0,111.0,0.0859568302506231,0.1049187209545267,,30,BAND_MIX_F,10.0,33.0,54.0,False,0.5191768337846809,5
0.0,,50.0,4,4,0.3638649775920788,0.3607080758860331,0.3733356827102159,0.0,13.0,13.0,13.0,8.0,8.0,0.0183999738713247,0.0183999738713247,,31,BAND_MIX_F,9.0,35.0,48.0,False,0.5404368867335494,5
0.0,,38.0,4,4,0.452240721600052,0.5,0.5,0.0,14.0,14.0,14.0,27.0,27.0,0.1469328048453705,0.1469328048453705,,32,BAND_MIX_F,10.0,31.0,54.0,False,0.5292724360796427,5
1.0,84.0,114.0,4,4,0.4260330604838746,0.4520661209677493,0.5,0.0,14.0,14.0,14.0,113.0,108.0,0.1126570935927813,0.1153521901283526,,33,BAND_MIX_F,10.0,33.0,60.0,False,0.5634811700760247,5
0.0,,62.0,4,4,0.4249999999999999,0.3999999999999999,0.4999999999999999,0.0,15.0,15.0,15.0,7.0,7.0,0.0179953453581829,0.0179953453581829,,34,BAND_MIX_F,11.0,36.0,57.0,False,0.4804389914318254,5
0.0,,62.0,4,4,0.3358887869013917,0.3217775738027835,0.3999999999999999,0.0,16.0,16.0,16.0,56.0,56.0,0.1020249756215187,0.1020249756215187,,35,BAND_MIX_F,12.0,34.0,54.0,False,0.4536678459495629,5
0.0,,12.0,4,4,0.3999999999999999,0.4,0.5,0.0,17.0,17.0,17.0,1.0,1.0,0.3075,0.3075,,36,BAND_MIX_F,13.0,29.0,42.0,False,0.4812368437747849,5
0.0,,11.0,4,4,0.297643429307785,0.272643429307785,0.3999999999999999,0.0,15.0,15.0,15.0,,,,,,37,BAND_MIX_F,11.0,31.0,45.0,False,0.4892734952497824,5
1.0,90.0,138.0,4,4,0.365993068310647,0.3550234922007824,0.4539252888410234,0.0,14.0,14.0,14.0,137.0,128.0,0.1068127477104488,0.110767383864303,,38,BAND_MIX_F,10.0,33.0,43.0,False,0.5123088989620243,5
0.0,,16.0,4,4,0.35,0.2999999999999999,0.5,0.0,15.0,15.0,15.0,3.0,3.0,0.6759773490698638,0.6759773490698638,,39,BAND_MIX_F,11.0,35.0,57.0,False,0.4908913949597802,5
0.0,,73.0,4,4,0.4726149384798078,0.4952298769596157,0.5,0.0,16.0,16.0,16.0,67.0,67.0,0.0633502843532117,0.0633502843532117,,40,BAND_MIX_F,12.0,33.0,50.0,False,0.4666168702197679,5
1.0,49.0,103.0,4,4,0.3779862737963602,0.3853046005431708,0.5,0.0,14.0,14.0,14.0,96.0,96.0,0.1285681648818781,0.1285681648818781,,41,BAND_MIX_F,10.0,30.0,38.0,False,0.5024033334527491,5
1.0,102.0,149.0,4,4,0.3764661146933001,0.3999999999999999,0.5,0.0,15.0,15.0,15.0,149.0,131.0,0.1956297969398949,0.1950220472342678,0.152423926044061,42,BAND_MIX_F,11.0,35.0,47.0,False,0.4966823854198573,5
0.0,,11.0,4,4,0.4249999999999999,0.3999999999999999,0.5,0.0,16.0,16.0,16.0,,,,,,43,BAND_MIX_F,12.0,36.0,53.0,False,0.4714733706205946,5
1.0,50.0,109.0,4,4,0.3601556302240972,0.3499999999999999,0.5,0.0,15.0,15.0,15.0,103.0,103.0,0.0985693862125776,0.0985693862125776,,44,BAND_MIX_F,11.0,29.0,47.0,False,0.4988480347486105,5
0.0,,19.0,4,4,0.3353399558998937,0.3499999999999999,0.4377016790889587,0.0,14.0,14.0,14.0,14.0,14.0,0.6832618847874139,0.6832618847874139,,45,BAND_MIX_F,10.0,34.0,50.0,False,0.4990779347623893,5
0.0,,48.0,4,4,0.4604897141327522,0.449591459170826,0.5,0.0,14.0,14.0,14.0,5.0,5.0,0.157912212430499,0.157912212430499,,46,BAND_MIX_F,10.0,32.0,46.0,False,0.5165601677635491,5
0.0,,8.0,4,4,0.4010495673045361,0.4020991346090723,0.5,0.0,15.0,15.0,15.0,,,,,,47,BAND_MIX_F,11.0,33.0,47.0,False,0.499482094720825,5
1.0,69.0,147.0,4,4,0.3746696166015345,0.3741544888136082,0.5,0.0,15.0,15.0,15.0,147.0,119.0,0.1942970207624682,0.2225911858796089,,48,BAND_MIX_F,11.0,33.0,57.0,False,0.4806606758751781,5
1.0,79.0,82.0,4,4,0.3779853717677036,0.3559707435354073,0.5,0.0,16.0,16.0,16.0,70.0,70.0,0.0782739506235828,0.0782739506235828,,49,BAND_MIX_F,12.0,33.0,59.0,False,0.4996705159254949,5
0.0,,41.0,4,4,0.3749999999999999,0.3499999999999999,0.5,0.0,15.0,15.0,15.0,14.0,14.0,0.1235042295694243,0.1235042295694243,,50,BAND_MIX_F,11.0,31.0,56.0,False,0.488536531929542,5
0.0,,62.0,4,4,0.3719974574717223,0.3743287720516229,0.5,0.0,15.0,15.0,15.0,6.0,6.0,0.0166011733100784,0.0166011733100784,,51,BAND_MIX_F,11.0,34.0,47.0,False,0.4928435424866408,5
0.0,,10.0,4,4,0.3987623963989092,0.3959435154312052,0.4739364266545693,0.0,13.0,13.0,13.0,,,,,,52,BAND_MIX_F,9.0,36.0,61.0,False,0.5200102984290247,5
1.0,45.0,115.0,4,4,0.3365790087977406,0.3111171588338324,0.4791410809805899,0.0,13.0,13.0,13.0,110.0,108.0,0.1162571674348503,0.1178140279172796,,53,BAND_MIX_F,9.0,28.0,38.0,False,0.5109906196378851,5
0.0,,65.0,4,4,0.4324280539429784,0.4493653168306262,0.4493653168306262,0.0,12.0,12.0,12.0,,,,,,54,BAND_MIX_F,8.0,40.0,61.0,False,0.5400156979771086,5
1.0,51.0,124.0,4,4,0.4489413761601594,0.4459702895320802,0.4993978203968894,0.0,13.0,13.0,13.0,118.0,103.0,0.1912972355489267,0.2218491554213348,,55,BAND_MIX_F,9.0,34.0,49.0,False,0.5731400453328336,5
0.0,,15.0,4,4,0.425,0.45,0.5,0.0,16.0,16.0,16.0,2.0,2.0,0.2733655322265738,0.2733655322265738,,56,BAND_MIX_F,12.0,32.0,53.0,False,0.4783378493313788,5
0.0,,14.0,4,4,0.444210533045035,0.4446583471522413,0.5,0.0,15.0,15.0,15.0,,,,,,57,BAND_MIX_F,11.0,32.0,58.0,False,0.4701787140117646,5
0.0,,65.0,4,4,0.2920870465721527,0.3060491538809342,0.3477114787182902,0.0,12.0,12.0,12.0,62.0,61.0,0.1001930881465737,0.0990387058620146,,58,BAND_MIX_F,8.0,30.0,66.0,False,0.5749594593121333,5
0.0,,77.0,4,4,0.4379792677906943,0.4259585355813886,0.5,0.0,16.0,16.0,16.0,45.0,45.0,0.0460702527322143,0.0460702527322143,,59,BAND_MIX_F,12.0,37.0,57.0,False,0.438155162007677,5
1.0,50.0,183.0,4,4,0.3800329519754695,0.3800329519754694,0.4411286191677738,0.0,14.0,14.0,14.0,175.0,175.0,0.0479180971565609,0.0479180971565609,,0,BAND_MIX_M,10.0,33.0,54.0,False,0.5444513810396868,5
1.0,30.0,237.0,4,4,0.417656351050943,0.4426395804595496,0.4479261531843662,0.0,12.0,12.0,12.0,229.0,212.0,0.1079998473756915,0.129115895723227,0.3756623683358326,1,BAND_MIX_M,8.0,32.0,48.0,False,0.5841913070077841,5
1.0,43.0,162.0,4,4,0.3749999999999999,0.3499999999999999,0.5,0.0,15.0,15.0,15.0,155.0,148.0,0.0801522078431558,0.0803331815786976,,2,BAND_MIX_M,11.0,31.0,65.0,False,0.485312391434727,5
0.0,,48.0,4,4,0.4315203926749079,0.4520880384604498,0.4999247151829624,0.0,14.0,14.0,14.0,,,,,,3,BAND_MIX_M,10.0,38.0,67.0,False,0.5374831613373956,5
1.0,56.0,95.0,4,4,0.4263274352646561,0.4533020666726062,0.4987056077134123,0.0,15.0,15.0,15.0,86.0,86.0,0.0916666828959294,0.0916666828959294,,4,BAND_MIX_M,11.0,37.0,59.0,False,0.5083728636447753,5
1.0,67.0,231.0,4,4,0.3891280418398049,0.3999999999999999,0.3999999999999999,0.0,14.0,14.0,14.0,231.0,225.0,0.0835515976268068,0.089872598099656,,5,BAND_MIX_M,10.0,37.0,48.0,False,0.4953847679075347,5
1.0,79.0,84.0,4,4,0.4502905856241582,0.4505811712483165,0.4999999999999999,0.0,15.0,15.0,15.0,76.0,76.0,0.0428445755212034,0.0428445755212034,,6,BAND_MIX_M,11.0,35.0,59.0,False,0.5022587782677751,5
1.0,47.0,148.0,4,4,0.3405956838114475,0.3522536428198546,0.3999999999999999,0.0,15.0,15.0,15.0,140.0,140.0,0.0827701808559556,0.0827701808559556,,7,BAND_MIX_M,11.0,32.0,60.0,False,0.4779270904722085,5
1.0,38.0,135.0,4,4,0.3120351137942025,0.2999999999999999,0.3481404551768104,0.0,16.0,16.0,16.0,127.0,127.0,0.0807490147538021,0.0807490147538021,,8,BAND_MIX_M,12.0,30.0,53.0,False,0.4658361870016738,5
1.0,41.0,124.0,4,4,0.4136180125066273,0.3999999999999999,0.4936181671169538,0.0,14.0,14.0,14.0,118.0,107.0,0.172361616175384,0.1739118641116119,,9,BAND_MIX_M,10.0,30.0,51.0,False,0.5228615265700796,5
0.0,,75.0,4,4,0.4205763665073602,0.418793105691996,0.4955443508039084,0.0,14.0,14.0,14.0,,,,,,10,BAND_MIX_M,10.0,34.0,47.0,False,0.5444148486782091,5
1.0,34.0,152.0,4,4,0.4243619053188502,0.4777391919154977,0.5,0.0,14.0,14.0,14.0,144.0,94.0,0.2170484992608111,0.2559243335070682,,11,BAND_MIX_M,10.0,32.0,59.0,False,0.4966740781700216,5
0.0,,16.0,4,4,0.3615860585875211,0.35,0.4463442343500847,0.0,16.0,16.0,16.0,2.0,2.0,0.6887463334349981,0.6887463334349981,,12,BAND_MIX_M,12.0,35.0,60.0,False,0.4871521783139113,5
1.0,59.0,188.0,4,4,0.4055806909788505,0.3918619884993446,0.4913753754257433,0.0,15.0,15.0,15.0,188.0,152.0,0.2512613484873876,0.238427556438892,,13,BAND_MIX_M,11.0,37.0,54.0,False,0.4863253653347964,5
1.0,31.0,120.0,4,4,0.4167188675581372,0.4246468871393591,0.4492937742787184,0.0,14.0,14.0,14.0,112.0,112.0,0.060185533368322,0.060185533368322,,14,BAND_MIX_M,10.0,30.0,52.0,False,0.4868465125759351,5
0.0,,8.0,4,4,0.3556550770745201,0.3460746890575524,0.4457674495404046,0.0,15.0,15.0,15.0,,,,,,15,BAND_MIX_M,11.0,33.0,45.0,False,0.5186376547536956,5
1.0,66.0,152.0,4,4,0.3749999999999999,0.3499999999999999,0.5,0.0,16.0,16.0,16.0,152.0,120.0,0.2136771461819452,0.2071512908356518,,16,BAND_MIX_M,12.0,33.0,51.0,False,0.4643551131042936,5
0.0,,79.0,4,4,0.4007324963264953,0.4144360131405668,0.5,0.0,15.0,15.0,15.0,5.0,5.0,0.0160065764168314,0.0160065764168314,,17,BAND_MIX_M,11.0,32.0,49.0,False,0.485119980004088,5
0.0,,8.0,4,4,0.3443841686858377,0.3499999999999999,0.4388932654273029,0.0,15.0,15.0,15.0,,,,,,18,BAND_MIX_M,11.0,31.0,51.0,False,0.4812316782978279,5
1.0,33.0,113.0,4,4,0.3341716097845588,0.340821949717456,0.3550425397033231,0.0,15.0,15.0,15.0,105.0,103.0,0.0803702323546265,0.0791650368176725,,19,BAND_MIX_M,11.0,34.0,63.0,False,0.5194528371804222,5
1.0,43.0,96.0,4,4,0.4088663122260889,0.3999999999999999,0.5,0.0,15.0,15.0,15.0,88.0,88.0,0.1130230673032525,0.1130230673032525,,20,BAND_MIX_M,11.0,34.0,69.0,False,0.4734142496125342,5
0.0,,73.0,4,4,0.3439014054384606,0.3443158418149122,0.3869739381240181,0.0,15.0,15.0,15.0,6.0,6.0,0.0,0.0,,21,BAND_MIX_M,11.0,32.0,50.0,False,0.513163578824059,5
0.0,,50.0,4,4,0.4214242705563682,0.3985047462490874,0.4922099494533903,0.0,14.0,14.0,14.0,3.0,3.0,0.2375855728824573,0.2375855728824573,,22,BAND_MIX_M,10.0,28.0,55.0,False,0.5080372711933937,5
1.0,40.0,80.0,4,4,0.41504314595054,0.4522262745702168,0.4557200346617266,0.0,14.0,14.0,14.0,72.0,72.0,0.0591796173234345,0.0591796173234345,,23,BAND_MIX_M,10.0,30.0,52.0,False,0.5320989454613353,5
0.0,,66.0,4,4,0.3999999999999999,0.3999999999999999,0.3999999999999999,0.0,15.0,15.0,15.0,,,,,,24,BAND_MIX_M,11.0,32.0,47.0,False,0.4986280635033522,5
1.0,33.0,145.0,4,4,0.4103251291947111,0.4225194149113697,0.4534119520678526,0.0,15.0,15.0,15.0,137.0,137.0,0.0742211558404845,0.0742211558404845,,25,BAND_MIX_M,11.0,30.0,54.0,False,0.5053606888342579,5
1.0,58.0,141.0,4,4,0.4779872319724082,0.5,0.5,0.0,14.0,14.0,14.0,137.0,122.0,0.1533180490581909,0.1701600479943838,,26,BAND_MIX_M,10.0,34.0,53.0,False,0.5084482008295683,5
0.0,,77.0,4,4,0.4387918313511955,0.4499999999999999,0.5,0.0,14.0,14.0,14.0,7.0,7.0,0.1782704160176514,0.1782704160176514,,27,BAND_MIX_M,10.0,34.0,54.0,False,0.5050996066847648,5
0.0,,8.0,4,4,0.4308122538278796,0.4616245076557591,0.5,0.0,15.0,15.0,15.0,,,,,,28,BAND_MIX_M,11.0,29.0,54.0,False,0.4801197901222509,5
1.0,41.0,89.0,4,4,0.2999999999999999,0.2999999999999999,0.2999999999999999,0.0,15.0,15.0,15.0,84.0,80.0,0.0896527965048042,0.0907170007399019,,29,BAND_MIX_M,11.0,33.0,48.0,False,0.4897659063789791,5
0.0,,8.0,4,4,0.3212939094230232,0.3205919263467378,0.3999999999999999,0.0,14.0,14.0,14.0,,,,,,30,BAND_MIX_M,10.0,33.0,54.0,False,0.5191768337846809,5
0.0,,8.0,4,4,0.3404049231547352,0.3607080758860331,0.4173926449679682,0.0,13.0,13.0,13.0,,,,,,31,BAND_MIX_M,9.0,35.0,48.0,False,0.5404368867335494,5
0.0,,8.0,4,4,0.4749621064649894,0.4749621064649893,0.5,0.0,14.0,14.0,14.0,,,,,,32,BAND_MIX_M,10.0,31.0,54.0,False,0.5292724360796427,5
0.0,,12.0,4,4,0.3677168147016209,0.3695193583765742,0.4513144067835792,0.0,14.0,14.0,14.0,1.0,1.0,0.4921140221574863,0.4921140221574863,,33,BAND_MIX_M,10.0,33.0,60.0,False,0.5634811700760247,5
1.0,34.0,266.0,4,4,0.4752678867199608,0.5,0.5,0.0,15.0,15.0,15.0,258.0,234.0,0.129697617444893,0.1315120497526387,0.0879109210356451,34,BAND_MIX_M,11.0,36.0,57.0,False,0.4804389914318254,5
0.0,,8.0,4,4,0.3663740979007492,0.3499999999999999,0.5,0.0,16.0,16.0,16.0,,,,,,35,BAND_MIX_M,12.0,34.0,54.0,False,0.4536678459495629,5
1.0,34.0,93.0,4,4,0.2999999999999999,0.2999999999999999,0.2999999999999999,0.0,17.0,17.0,17.0,85.0,85.0,0.0681442741435296,0.0681442741435296,,36,BAND_MIX_M,13.0,29.0,42.0,False,0.4812368437747849,5
1.0,27.0,140.0,4,4,0.385431398767611,0.396884246521677,0.5,0.0,15.0,15.0,15.0,132.0,132.0,0.0533213979868126,0.0533213979868126,,37,BAND_MIX_M,11.0,31.0,45.0,False,0.4892734952497824,5
1.0,61.0,82.0,4,4,0.3247516756750965,0.2999999999999999,0.3999999999999999,0.0,14.0,14.0,14.0,68.0,68.0,0.0210325086046875,0.0210325086046875,,38,BAND_MIX_M,10.0,33.0,43.0,False,0.5123088989620243,5
0.0,,66.0,4,4,0.3274701957028612,0.3271368179063353,0.4040643983426608,0.0,15.0,15.0,15.0,17.0,17.0,0.0733338973252263,0.0733338973252263,,39,BAND_MIX_M,11.0,35.0,57.0,False,0.4908913949597802,5
1.0,28.0,112.0,4,4,0.3755854111865682,0.3999999999999999,0.4,0.0,16.0,16.0,16.0,104.0,104.0,0.0216725324375026,0.0216725324375026,,40,BAND_MIX_M,12.0,33.0,50.0,False,0.4666168702197679,5
1.0,35.0,116.0,4,4,0.4544502643375148,0.456887075241478,0.5,0.0,14.0,14.0,14.0,108.0,104.0,0.0874491699848147,0.099640408223881,,41,BAND_MIX_M,10.0,30.0,38.0,False,0.5024033334527491,5
1.0,61.0,111.0,4,4,0.4037989649992177,0.4268482283097259,0.4614994033774192,0.0,15.0,15.0,15.0,102.0,97.0,0.1447772633709589,0.1423290736378496,,42,BAND_MIX_M,11.0,35.0,47.0,False,0.4966823854198573,5
1.0,31.0,313.0,4,4,0.4392518470863954,0.4499999999999999,0.5,0.0,16.0,16.0,16.0,305.0,282.0,0.1051165547345634,0.1234730669375958,0.3310788028869416,43,BAND_MIX_M,12.0,36.0,53.0,False,0.4714733706205946,5
1.0,21.0,94.0,4,4,0.3813409277040329,0.4203112604481946,0.4441186690233533,0.0,15.0,15.0,15.0,86.0,86.0,0.0324806135491859,0.0324806135491859,,44,BAND_MIX_M,11.0,29.0,47.0,False,0.4988480347486105,5
1.0,33.0,166.0,4,4,0.3461194793297986,0.3422389586595972,0.3999999999999999,0.0,14.0,14.0,14.0,158.0,153.0,0.0602148491694501,0.0610720554077443,,45,BAND_MIX_M,10.0,34.0,50.0,False,0.4990779347623893,5
1.0,46.0,109.0,4,4,0.4570267686149732,0.4479215914097318,0.4894879534510722,0.0,14.0,14.0,14.0,103.0,100.0,0.151267248256719,0.1585469537852996,,46,BAND_MIX_M,10.0,32.0,46.0,False,0.5165601677635491,5
1.0,27.0,84.0,4,4,0.4017141395736877,0.4234848381610195,0.5,0.0,15.0,15.0,15.0,76.0,76.0,0.0189847623712613,0.0189847623712613,,47,BAND_MIX_M,11.0,33.0,47.0,False,0.499482094720825,5
1.0,22.0,135.0,4,4,0.4499999999999999,0.45,0.5,0.0,15.0,15.0,15.0,127.0,127.0,0.0531347950368311,0.0531347950368311,,48,BAND_MIX_M,11.0,33.0,57.0,False,0.4806606758751781,5
1.0,39.0,173.0,4,4,0.3881602973770125,0.3763205947540251,0.5,0.0,16.0,16.0,16.0,168.0,167.0,0.1184092374686912,0.1184978310692751,,49,BAND_MIX_M,12.0,33.0,59.0,False,0.4996705159254949,5
0.0,,15.0,4,4,0.4599972751900428,0.4699945503800856,0.5,0.0,15.0,15.0,15.0,1.0,1.0,0.574386581402591,0.574386581402591,,50,BAND_MIX_M,11.0,31.0,56.0,False,0.488536531929542,5
1.0,98.0,125.0,4,4,0.3839440054420561,0.3971311083283821,0.5,0.0,15.0,15.0,15.0,124.0,110.0,0.2846467528425197,0.2822559658985226,0.2867446097080892,51,BAND_MIX_M,11.0,34.0,47.0,False,0.4928435424866408,5
0.0,,45.0,4,4,0.3941460532402168,0.3864768001948472,0.4747853933666289,0.0,13.0,13.0,13.0,1.0,1.0,0.1554932981809113,0.1554932981809113,,52,BAND_MIX_M,9.0,36.0,61.0,False,0.5200102984290247,5
1.0,36.0,137.0,4,4,0.3953261048150601,0.3880604358310268,0.4784975230256633,0.0,13.0,13.0,13.0,129.0,103.0,0.2095040050823659,0.2192333981691286,0.196284914650055,53,BAND_MIX_M,9.0,28.0,38.0,False,0.5109906196378851,5
0.0,,8.0,4,4,0.3222104084348467,0.3024084561531173,0.381616265280035,0.0,12.0,12.0,12.0,,,,,,54,BAND_MIX_M,8.0,40.0,61.0,False,0.5400156979771086,5
1.0,46.0,140.0,4,4,0.4131799273018145,0.4337836058825907,0.4904561005987768,0.0,13.0,13.0,13.0,133.0,132.0,0.0567304963546243,0.0563564418563406,,55,BAND_MIX_M,9.0,34.0,49.0,False,0.5731400453328336,5
0.0,,60.0,4,4,0.4267298313622755,0.4034596627245511,0.5,0.0,16.0,16.0,16.0,,,,,,56,BAND_MIX_M,12.0,32.0,53.0,False,0.4783378493313788,5
1.0,28.0,113.0,4,4,0.421914884651162,0.435530244460461,0.5,0.0,15.0,15.0,15.0,105.0,90.0,0.1052242152750032,0.1416798665049295,0.2699028488883002,57,BAND_MIX_M,11.0,32.0,58.0,False,0.4701787140117646,5
1.0,29.0,213.0,4,4,0.297513408682927,0.3147724383376082,0.3477114787182902,0.0,12.0,12.0,12.0,205.0,176.0,0.1122916642192987,0.119288267241639,0.1613277946900787,58,BAND_MIX_M,8.0,30.0,66.0,False,0.5749594593121333,5
1.0,28.0,194.0,4,4,0.4102962874032509,0.4258118870080559,0.5,0.0,16.0,16.0,16.0,186.0,177.0,0.1391044015730443,0.1372444760374793,,59,BAND_MIX_M,12.0,37.0,57.0,False,0.438155162007677,5
0.0,,8.0,4,4,0.0,0.0,0.0,1.0,45.0,36.0,56.0,,,,,,0,D,58.0,33.0,54.0,False,0.0095160474998073,5
0.0,,8.0,4,4,0.0,0.0,0.0,1.0,52.5,24.0,60.0,,,,,,1,D,56.0,32.0,48.0,False,0.0106706963459718,5
0.0,,8.0,4,4,0.0329548180235279,0.0,0.2636385441882232,0.875,51.0,38.0,58.0,,,,,,2,D,54.0,31.0,65.0,False,0.0167131608853575,5
0.0,,8.0,4,4,0.0,0.0,0.0,1.0,52.5,29.0,70.0,,,,,,3,D,66.0,38.0,67.0,False,0.0111750871359518,5
0.0,,8.0,4,4,0.0,0.0,0.0,1.0,52.5,43.0,69.0,,,,,,4,D,65.0,37.0,59.0,False,0.0083027861259391,5
0.0,,8.0,4,4,0.0124999999999999,0.0,0.0999999999999999,0.875,53.5,46.0,69.0,,,,,,5,D,65.0,37.0,48.0,False,0.0100488511373411,5
0.0,,8.0,4,4,0.0,0.0,0.0,1.0,51.0,39.0,65.0,,,,,,6,D,61.0,35.0,59.0,False,0.0102684094106852,5
0.0,,8.0,4,4,0.028620638924687,0.0,0.228965111397496,0.875,44.5,37.0,60.0,,,,,,7,D,56.0,32.0,60.0,False,0.0208471782727983,5
0.0,,8.0,4,4,0.0211869344881404,0.0,0.1694954759051239,0.875,39.0,9.0,56.0,,,,,,8,D,52.0,30.0,53.0,False,0.0144140928592255,5
0.0,,8.0,4,4,0.0154933129392723,0.0,0.1239465035141789,0.875,38.5,20.0,47.0,,,,,,9,D,52.0,30.0,51.0,False,0.0115786501198289,5
0.0,,8.0,4,4,0.0,0.0,0.0,1.0,55.5,47.0,64.0,,,,,,10,D,60.0,34.0,47.0,False,0.0113051116073075,5
0.0,,8.0,4,4,0.0,0.0,0.0,1.0,49.0,32.0,54.0,,,,,,11,D,56.0,32.0,59.0,False,0.0106608690776207,5
0.0,,8.0,4,4,0.0,0.0,0.0,1.0,50.5,41.0,58.0,,,,,,12,D,61.0,35.0,60.0,False,0.0088963697404862,5
0.0,,8.0,4,4,0.0,0.0,0.0,1.0,58.5,47.0,69.0,,,,,,13,D,65.0,37.0,54.0,False,0.0076862475648559,5
0.0,,8.0,4,4,0.0716300303825845,0.0,0.490914413572284,0.75,45.5,35.0,56.0,,,,,,14,D,52.0,30.0,52.0,False,0.0148791189598876,5
0.0,,8.0,4,4,0.0,0.0,0.0,1.0,45.5,42.0,50.0,,,,,,15,D,58.0,33.0,45.0,False,0.0112444698161029,5
0.0,,8.0,4,4,0.0081534446612442,0.0,0.065227557289954,0.875,48.0,27.0,62.0,,,,,,16,D,58.0,33.0,51.0,False,0.0110838975477147,5
0.0,,8.0,4,4,0.0192032855060956,0.0,0.1536262840487651,0.875,44.0,23.0,60.0,,,,,,17,D,56.0,32.0,49.0,False,0.0115524689409432,5
0.0,,8.0,4,4,0.0,0.0,0.0,1.0,42.0,32.0,58.0,,,,,,18,D,54.0,31.0,51.0,False,0.0099985521167449,5
0.0,,8.0,4,4,0.0,0.0,0.0,1.0,49.5,39.0,64.0,,,,,,19,D,60.0,34.0,63.0,False,0.0123777660312508,5
0.0,,8.0,4,4,0.0,0.0,0.0,1.0,51.5,44.0,64.0,,,,,,20,D,60.0,34.0,69.0,False,0.009850437654803,5
0.0,,8.0,4,4,0.0,0.0,0.0,1.0,46.0,40.0,60.0,,,,,,21,D,56.0,32.0,50.0,False,0.0116796470715538,5
0.0,,8.0,4,4,0.0,0.0,0.0,1.0,37.0,28.0,53.0,,,,,,22,D,49.0,28.0,55.0,False,0.0129507629779726,5
0.0,,8.0,4,4,0.0039864719765611,0.0,0.0140808631268663,0.625,36.5,19.0,56.0,,,,,,23,D,52.0,30.0,52.0,False,0.0130299455717862,5
0.0,,8.0,4,4,0.0,0.0,0.0,1.0,43.5,23.0,53.0,,,,,,24,D,56.0,32.0,47.0,False,0.0092434961231877,5
0.0,,8.0,4,4,0.0209370125272919,0.0,0.0999999999999998,0.75,42.0,37.0,56.0,,,,,,25,D,52.0,30.0,54.0,False,0.0118378994403284,5
0.0,,8.0,4,4,0.0,0.0,0.0,1.0,51.0,31.0,64.0,,,,,,26,D,60.0,34.0,53.0,False,0.0085858333295557,5
0.0,,8.0,4,4,0.0,0.0,0.0,1.0,54.5,42.0,64.0,,,,,,27,D,60.0,34.0,54.0,False,0.0090452483080101,5
0.0,,8.0,4,4,0.0086166304061007,0.0,0.0689330432488061,0.875,42.5,27.0,55.0,,,,,,28,D,51.0,29.0,54.0,False,0.0142548511826891,5
0.0,,8.0,4,4,0.0,0.0,0.0,1.0,48.0,37.0,62.0,,,,,,29,D,58.0,33.0,48.0,False,0.0096067914900366,5
0.0,,8.0,4,4,0.0,0.0,0.0,1.0,52.0,40.0,62.0,,,,,,30,D,58.0,33.0,54.0,False,0.0152308551938497,5
0.0,,8.0,4,4,0.0,0.0,0.0,1.0,51.0,47.0,65.0,,,,,,31,D,61.0,35.0,48.0,False,0.0067874713632302,5
0.0,,8.0,4,4,0.0345560450201037,0.0,0.2764483601608297,0.875,42.5,32.0,52.0,,,,,,32,D,54.0,31.0,54.0,False,0.0127037901278756,5
0.0,,8.0,4,4,0.0,0.0,0.0,1.0,45.5,30.0,62.0,,,,,,33,D,58.0,33.0,60.0,False,0.0089477011974921,5
0.0,,8.0,4,4,0.0,0.0,0.0,1.0,56.5,43.0,67.0,,,,,,34,D,63.0,36.0,57.0,False,0.0090503410554475,5
0.0,,8.0,4,4,0.0875,0.0,0.6000000000000001,0.75,54.0,42.0,64.0,,,,,,35,D,60.0,34.0,54.0,False,0.0127164410438304,5
0.0,,8.0,4,4,0.0,0.0,0.0,1.0,42.5,30.0,55.0,,,,,,36,D,51.0,29.0,42.0,False,0.0082211075053922,5
0.0,,8.0,4,4,0.0,0.0,0.0,1.0,47.5,21.0,58.0,,,,,,37,D,54.0,31.0,45.0,False,0.0149663438937232,5
0.0,,8.0,4,4,0.0,0.0,0.0,1.0,48.0,43.0,62.0,,,,,,38,D,58.0,33.0,43.0,False,0.0119390523466234,5
0.0,,8.0,4,4,0.0,0.0,0.0,1.0,48.5,38.0,57.0,,,,,,39,D,61.0,35.0,57.0,False,0.0095303040648594,5
0.0,,8.0,4,4,0.0,0.0,0.0,1.0,48.5,31.0,62.0,,,,,,40,D,58.0,33.0,50.0,False,0.0135144119826279,5
0.0,,8.0,4,4,0.0348567607788081,0.0,0.2788540862304652,0.875,44.5,28.0,56.0,,,,,,41,D,52.0,30.0,38.0,False,0.0131816901870832,5
0.0,,8.0,4,4,0.05,0.0,0.4000000000000001,0.875,47.0,24.0,54.0,,,,,,42,D,61.0,35.0,47.0,False,0.0098853363436101,5
0.0,,8.0,4,4,0.003874963349321,0.0,0.0309997067945685,0.875,48.5,34.0,67.0,,,,,,43,D,63.0,36.0,53.0,False,0.0090169136224876,5
0.0,,8.0,4,4,0.0,0.0,0.0,1.0,40.0,33.0,55.0,,,,,,44,D,51.0,29.0,47.0,False,0.018590964082166,5
0.0,,8.0,4,4,0.0349137771122821,0.0,0.2793102168982571,0.875,47.0,36.0,64.0,,,,,,45,D,60.0,34.0,50.0,False,0.0092537740783688,5
0.0,,8.0,4,4,0.0019359769535839,0.0,0.0154878156286715,0.875,44.5,27.0,52.0,,,,,,46,D,56.0,32.0,46.0,False,0.0128175660987673,5
0.0,,8.0,4,4,0.0124999999999999,0.0,0.0999999999999999,0.875,51.5,25.0,62.0,,,,,,47,D,58.0,33.0,47.0,False,0.0126506274098268,5
0.0,,8.0,4,4,0.0,0.0,0.0,1.0,50.5,39.0,62.0,,,,,,48,D,58.0,33.0,57.0,False,0.0097791154542753,5
0.0,,8.0,4,4,0.0068728970254159,0.0,0.0549831762033277,0.875,42.0,26.0,54.0,,,,,,49,D,58.0,33.0,59.0,False,0.0136216512380406,5
0.0,,8.0,4,4,0.0342053385070345,0.0,0.2736427080562764,0.875,44.0,27.0,58.0,,,,,,50,D,54.0,31.0,56.0,False,0.0124982167105327,5
0.0,,8.0,4,4,0.040728349349741,0.0,0.3258267947979283,0.875,51.5,26.0,56.0,,,,,,51,D,60.0,34.0,47.0,False,0.0094831266873625,5
0.0,,8.0,4,4,0.0,0.0,0.0,1.0,45.5,39.0,57.0,,,,,,52,D,63.0,36.0,61.0,False,0.0100685548694565,5
0.0,,8.0,4,4,0.0,0.0,0.0,1.0,42.0,36.0,53.0,,,,,,53,D,49.0,28.0,38.0,False,0.0141717000689616,5
0.0,,8.0,4,4,0.0,0.0,0.0,1.0,61.0,40.0,66.0,,,,,,54,D,70.0,40.0,61.0,False,0.0038005908281283,5
0.0,,8.0,4,4,0.0,0.0,0.0,1.0,42.0,35.0,56.0,,,,,,55,D,60.0,34.0,49.0,False,0.0144205756448877,5
0.0,,8.0,4,4,0.0,0.0,0.0,1.0,42.0,33.0,50.0,,,,,,56,D,56.0,32.0,53.0,False,0.0086355750813443,5
0.0,,8.0,4,4,0.066090114599994,0.0,0.3348470596869363,0.75,47.5,44.0,52.0,,,,,,57,D,56.0,32.0,58.0,False,0.0131179496216989,5
0.0,,8.0,4,4,0.0,0.0,0.0,1.0,43.5,38.0,48.0,,,,,,58,D,52.0,30.0,66.0,False,0.0156790971500774,5
0.0,,8.0,4,4,0.0,0.0,0.0,1.0,56.5,52.0,69.0,,,,,,59,D,65.0,37.0,57.0,False,0.0085379431854432,5
0.0,,8.0,4,4,0.0,0.0,0.0,1.0,69.0,61.0,74.0,,,,,,0,Darg,94.0,33.0,54.0,False,0.0007192267538666,5
0.0,,8.0,4,4,0.0,0.0,0.0,1.0,68.5,63.0,77.0,,,,,,1,Darg,84.0,32.0,48.0,False,0.0013538254899751,5
0.0,,8.0,4,4,0.0197246461758637,0.0,0.1132429210425765,0.625,76.0,57.0,79.0,,,,,,2,Darg,114.0,31.0,65.0,False,0.0009607694536433,5
0.0,,8.0,4,4,0.0,0.0,0.0,1.0,79.0,71.0,80.0,,,,,,3,Darg,117.0,38.0,67.0,False,0.0015695461322875,5
0.0,,8.0,4,4,0.0,0.0,0.0,1.0,74.0,64.0,79.0,,,,,,4,Darg,103.0,37.0,59.0,False,0.0008586558384542,5
0.0,,8.0,4,4,0.0,0.0,0.0,1.0,69.0,52.0,78.0,,,,,,5,Darg,84.0,37.0,48.0,False,0.0034395396472752,5
0.0,,8.0,4,4,0.0219084668407366,0.0,0.0794735221095364,0.625,76.0,45.0,80.0,,,,,,6,Darg,103.0,35.0,59.0,False,0.0014635614072209,5
0.0,,8.0,4,4,0.0502330621206968,0.0,0.2383305110956775,0.75,74.0,57.0,78.0,,,,,,7,Darg,105.0,32.0,60.0,False,0.0032555465968616,5
0.0,,8.0,4,4,0.0,0.0,0.0,1.0,78.5,75.0,80.0,,,,,,8,Darg,93.0,30.0,53.0,False,0.0017895492120388,5
0.0,,8.0,4,4,0.0,0.0,0.0,1.0,71.5,62.0,78.0,,,,,,9,Darg,89.0,30.0,51.0,False,0.0008400813967695,5
0.0,,8.0,4,4,0.0,0.0,0.0,1.0,72.0,67.0,76.0,,,,,,10,Darg,82.0,34.0,47.0,False,0.0036160513136518,5
0.0,,8.0,4,4,0.0,0.0,0.0,1.0,78.5,61.0,80.0,,,,,,11,Darg,103.0,32.0,59.0,False,0.0002417618425766,5
0.0,,8.0,4,4,0.0,0.0,0.0,1.0,77.5,66.0,80.0,,,,,,12,Darg,105.0,35.0,60.0,False,0.0004450487321364,5
0.0,,8.0,4,4,0.0,0.0,0.0,1.0,74.5,70.0,79.0,,,,,,13,Darg,94.0,37.0,54.0,False,0.0010047412705868,5
0.0,,8.0,4,4,0.0,0.0,0.0,1.0,76.5,69.0,80.0,,,,,,14,Darg,91.0,30.0,52.0,False,0.0015606286045287,5
0.0,,8.0,4,4,0.0,0.0,0.0,1.0,64.0,49.0,67.0,,,,,,15,Darg,79.0,33.0,45.0,False,0.0033134367649493,5
0.0,,8.0,4,4,0.0,0.0,0.0,1.0,72.5,62.0,80.0,,,,,,16,Darg,89.0,33.0,51.0,False,0.0019397427244137,5
0.0,,8.0,4,4,0.0,0.0,0.0,1.0,71.5,52.0,80.0,,,,,,17,Darg,86.0,32.0,49.0,False,0.0010308335442303,5
0.0,,8.0,4,4,0.0,0.0,0.0,1.0,74.5,66.0,80.0,,,,,,18,Darg,89.0,31.0,51.0,False,0.0005913100973565,5
0.0,,8.0,4,4,0.0,0.0,0.0,1.0,77.0,51.0,80.0,,,,,,19,Darg,110.0,34.0,63.0,False,0.001096607020049,5
0.0,,7.0,3,4,0.0,0.0,0.0,1.0,72.0,66.0,79.0,,,,,,20,Darg,121.0,34.0,69.0,False,0.0002167314201248,5
0.0,,8.0,4,4,0.0,0.0,0.0,1.0,74.0,58.0,80.0,,,,,,21,Darg,88.0,32.0,50.0,False,0.0011370114659506,5
0.0,,8.0,4,4,0.0,0.0,0.0,1.0,77.0,65.0,80.0,,,,,,22,Darg,96.0,28.0,55.0,False,0.0002353297692484,5
0.0,,8.0,4,4,0.0,0.0,0.0,1.0,76.5,62.0,79.0,,,,,,23,Darg,91.0,30.0,52.0,False,0.0009986312467867,5
0.0,,8.0,4,4,0.0,0.0,0.0,1.0,67.5,62.0,78.0,,,,,,24,Darg,82.0,32.0,47.0,False,0.0012955372434943,5
0.0,,8.0,4,4,0.0,0.0,0.0,1.0,78.5,74.0,80.0,,,,,,25,Darg,94.0,30.0,54.0,False,0.0006593863789722,5
0.0,,8.0,4,4,0.0,0.0,0.0,1.0,73.5,71.0,80.0,,,,,,26,Darg,93.0,34.0,53.0,False,0.0007621744793202,5
0.0,,8.0,4,4,0.0,0.0,0.0,1.0,75.5,41.0,79.0,,,,,,27,Darg,94.0,34.0,54.0,False,0.00143978890688,5
0.0,,8.0,4,4,0.0,0.0,0.0,1.0,72.5,70.0,79.0,,,,,,28,Darg,94.0,29.0,54.0,False,0.0014798603456197,5
0.0,,8.0,4,4,0.0,0.0,0.0,1.0,69.0,54.0,77.0,,,,,,29,Darg,84.0,33.0,48.0,False,0.0024932931939905,5
0.0,,8.0,4,4,0.0,0.0,0.0,1.0,77.5,67.0,79.0,,,,,,30,Darg,94.0,33.0,54.0,False,0.002652326185833,5
0.0,,8.0,4,4,0.0,0.0,0.0,1.0,71.0,50.0,79.0,,,,,,31,Darg,84.0,35.0,48.0,False,0.0014899107359713,5
0.0,,8.0,4,4,0.0044725656507274,0.0,0.0357805252058192,0.875,73.0,20.0,80.0,,,,,,32,Darg,94.0,31.0,54.0,False,0.0003696902628898,5
0.0,,8.0,4,4,0.0,0.0,0.0,1.0,77.0,69.0,79.0,,,,,,33,Darg,105.0,33.0,60.0,False,0.0009777522144147,5
0.0,,8.0,4,4,0.0084621036249206,0.0,0.0676968289993651,0.875,73.5,64.0,80.0,,,,,,34,Darg,100.0,36.0,57.0,False,0.0010605780499595,5
0.0,,8.0,4,4,0.0,0.0,0.0,1.0,76.5,59.0,80.0,,,,,,35,Darg,94.0,34.0,54.0,False,0.0021995092066797,5
0.0,,8.0,4,4,0.0498997486165884,0.0,0.3991979889327072,0.875,63.5,58.0,78.0,,,,,,36,Darg,74.0,29.0,42.0,False,0.0016388203270099,5
0.0,,8.0,4,4,0.0,0.0,0.0,1.0,64.5,53.0,74.0,,,,,,37,Darg,79.0,31.0,45.0,False,0.0027074687093558,5
0.0,,8.0,4,4,0.0,0.0,0.0,1.0,62.0,49.0,70.0,,,,,,38,Darg,75.0,33.0,43.0,False,0.0037267981168434,5
0.0,,8.0,4,4,0.0,0.0,0.0,1.0,76.5,52.0,80.0,,,,,,39,Darg,100.0,35.0,57.0,False,0.0004924844103058,5
0.0,,8.0,4,4,0.0,0.0,0.0,1.0,73.0,50.0,80.0,,,,,,40,Darg,88.0,33.0,50.0,False,0.001502858589506,5
0.0,,8.0,4,4,0.0108382169610356,0.0,0.0867057356882849,0.875,53.5,44.0,64.0,,,,,,41,Darg,66.0,30.0,38.0,False,0.0045237414586855,5
0.0,,8.0,4,4,0.0,0.0,0.0,1.0,66.5,63.0,73.0,,,,,,42,Darg,82.0,35.0,47.0,False,0.002463332842153,5
0.0,,8.0,4,4,0.0,0.0,0.0,1.0,76.5,69.0,80.0,,,,,,43,Darg,93.0,36.0,53.0,False,0.0009077257122606,5
0.0,,8.0,4,4,0.0,0.0,0.0,1.0,71.0,53.0,80.0,,,,,,44,Darg,82.0,29.0,47.0,False,0.0031837171641326,5
0.0,,8.0,4,4,0.0,0.0,0.0,1.0,75.5,68.0,80.0,,,,,,45,Darg,88.0,34.0,50.0,False,0.0019364693097294,5
0.0,,8.0,4,4,0.0099242093912626,0.0,0.0752553534980637,0.75,70.0,50.0,76.0,,,,,,46,Darg,80.0,32.0,46.0,False,0.0032275387525036,5
0.0,,8.0,4,4,0.0,0.0,0.0,1.0,70.5,58.0,80.0,,,,,,47,Darg,82.0,33.0,47.0,False,0.0032340602210201,5
0.0,,8.0,4,4,0.0,0.0,0.0,1.0,76.0,70.0,79.0,,,,,,48,Darg,100.0,33.0,57.0,False,0.0006762221211274,5
0.0,,8.0,4,4,0.0,0.0,0.0,1.0,78.0,71.0,80.0,,,,,,49,Darg,103.0,33.0,59.0,False,0.001170111687635,5
0.0,,8.0,4,4,0.0,0.0,0.0,1.0,76.0,61.0,79.0,,,,,,50,Darg,98.0,31.0,56.0,False,0.0011582576421758,5
0.0,,8.0,4,4,0.0,0.0,0.0,1.0,68.5,49.0,79.0,,,,,,51,Darg,82.0,34.0,47.0,False,0.0022740728556979,5
0.0,,8.0,4,4,0.0,0.0,0.0,1.0,76.0,47.0,78.0,,,,,,52,Darg,107.0,36.0,61.0,False,0.0007607113173822,5
0.0,,8.0,4,4,0.0,0.0,0.0,1.0,56.5,47.0,70.0,,,,,,53,Darg,66.0,28.0,38.0,False,0.003983314758021,5
0.0,,8.0,4,4,0.0,0.0,0.0,1.0,75.0,47.0,79.0,,,,,,54,Darg,107.0,40.0,61.0,False,0.000114589505253,5
0.0,,8.0,4,4,0.0,0.0,0.0,1.0,73.0,70.0,80.0,,,,,,55,Darg,86.0,34.0,49.0,False,0.0036993777019616,5
0.0,,8.0,4,4,0.0,0.0,0.0,1.0,77.0,69.0,80.0,,,,,,56,Darg,93.0,32.0,53.0,False,0.0002323889944023,5
0.0,,8.0,4,4,0.0,0.0,0.0,1.0,77.0,72.0,80.0,,,,,,57,Darg,102.0,32.0,58.0,False,0.0015190849658145,5
0.0,,8.0,4,4,0.0,0.0,0.0,1.0,76.5,51.0,80.0,,,,,,58,Darg,116.0,30.0,66.0,False,0.0015755425451669,5
0.0,,8.0,4,4,0.0,0.0,0.0,1.0,73.0,62.0,80.0,,,,,,59,Darg,100.0,37.0,57.0,False,0.0011054604158184,5
0.0,,8.0,4,4,0.0,0.0,0.0,1.0,76.5,70.0,80.0,,,,,,0,Dfix,95.0,33.0,54.0,False,0.0007206893135333,5
0.0,,8.0,4,4,0.0,0.0,0.0,1.0,75.5,48.0,79.0,,,,,,1,Dfix,95.0,32.0,48.0,False,0.0005708471138275,5
0.0,,8.0,4,4,0.0,0.0,0.0,1.0,77.5,69.0,79.0,,,,,,2,Dfix,95.0,31.0,65.0,False,0.0014618550581375,5
0.0,,8.0,4,4,0.0,0.0,0.0,1.0,77.0,58.0,79.0,,,,,,3,Dfix,95.0,38.0,67.0,False,0.0020936682623514,5
0.0,,8.0,4,4,0.0,0.0,0.0,1.0,77.0,48.0,80.0,,,,,,4,Dfix,95.0,37.0,59.0,False,0.0012059827223416,5
0.0,,8.0,4,4,0.0,0.0,0.0,1.0,73.5,65.0,80.0,,,,,,5,Dfix,95.0,37.0,48.0,False,0.0017856210087415,5
0.0,,8.0,4,4,0.0,0.0,0.0,1.0,78.5,60.0,80.0,,,,,,6,Dfix,95.0,35.0,59.0,False,0.0023892984150153,5
0.0,,8.0,4,4,0.0365110334342342,0.0,0.2920882674738736,0.875,75.5,44.0,79.0,,,,,,7,Dfix,95.0,32.0,60.0,False,0.0040616680929,5
0.0,,8.0,4,4,0.0,0.0,0.0,1.0,78.5,67.0,80.0,,,,,,8,Dfix,95.0,30.0,53.0,False,0.0017948584039875,5
0.0,,8.0,4,4,0.0010246818446682,0.0,0.0081974547573456,0.875,76.5,68.0,80.0,,,,,,9,Dfix,95.0,30.0,51.0,False,0.0005845022389837,5
0.0,,8.0,4,4,0.0,0.0,0.0,1.0,79.0,54.0,80.0,,,,,,10,Dfix,95.0,34.0,47.0,False,0.0017181365221331,5
0.0,,8.0,4,4,0.0,0.0,0.0,1.0,76.0,63.0,80.0,,,,,,11,Dfix,95.0,32.0,59.0,False,0.0006964547298518,5
0.0,,8.0,4,4,0.0,0.0,0.0,1.0,75.0,57.0,80.0,,,,,,12,Dfix,95.0,35.0,60.0,False,0.0005984177383758,5
0.0,,8.0,4,4,0.0,0.0,0.0,1.0,75.5,67.0,80.0,,,,,,13,Dfix,95.0,37.0,54.0,False,0.0009783616452627,5
0.0,,8.0,4,4,0.0,0.0,0.0,1.0,72.5,66.0,80.0,,,,,,14,Dfix,95.0,30.0,52.0,False,0.0012833882401888,5
0.0,,8.0,4,4,0.0,0.0,0.0,1.0,77.0,71.0,80.0,,,,,,15,Dfix,95.0,33.0,45.0,False,0.0014088269948163,5
0.0,,8.0,4,4,0.0120330704991331,0.0,0.0962645639930654,0.875,75.0,60.0,80.0,,,,,,16,Dfix,95.0,33.0,51.0,False,0.0010672481523456,5
0.0,,8.0,4,4,0.0,0.0,0.0,1.0,73.0,68.0,80.0,,,,,,17,Dfix,95.0,32.0,49.0,False,0.0004327967833368,5
0.0,,8.0,4,4,0.0,0.0,0.0,1.0,72.0,62.0,79.0,,,,,,18,Dfix,95.0,31.0,51.0,False,0.0004947751401463,5
0.0,,8.0,4,4,0.0,0.0,0.0,1.0,73.0,53.0,80.0,,,,,,19,Dfix,95.0,34.0,63.0,False,0.0025352819602469,5
0.0,,8.0,4,4,0.0,0.0,0.0,1.0,78.5,69.0,80.0,,,,,,20,Dfix,95.0,34.0,69.0,False,0.0008247976767682,5
0.0,,8.0,4,4,0.0,0.0,0.0,1.0,76.5,68.0,80.0,,,,,,21,Dfix,95.0,32.0,50.0,False,0.0007150504872616,5
0.0,,8.0,4,4,0.0,0.0,0.0,1.0,78.0,72.0,80.0,,,,,,22,Dfix,95.0,28.0,55.0,False,0.0002655308555663,5
0.0,,8.0,4,4,0.0,0.0,0.0,1.0,78.5,65.0,80.0,,,,,,23,Dfix,95.0,30.0,52.0,False,0.000775313447227,5
0.0,,8.0,4,4,0.0,0.0,0.0,1.0,72.5,59.0,80.0,,,,,,24,Dfix,95.0,32.0,47.0,False,0.0005232811877822,5
0.0,,8.0,4,4,0.0,0.0,0.0,1.0,78.5,74.0,80.0,,,,,,25,Dfix,95.0,30.0,54.0,False,0.0006643054247834,5
0.0,,8.0,4,4,0.0,0.0,0.0,1.0,77.5,73.0,80.0,,,,,,26,Dfix,95.0,34.0,53.0,False,0.0006867290067069,5
0.0,,8.0,4,4,0.0,0.0,0.0,1.0,76.0,68.0,80.0,,,,,,27,Dfix,95.0,34.0,54.0,False,0.0013577461535729,5
0.0,,8.0,4,4,0.0,0.0,0.0,1.0,77.0,71.0,80.0,,,,,,28,Dfix,95.0,29.0,54.0,False,0.0014471498024367,5
0.0,,8.0,4,4,0.0,0.0,0.0,1.0,77.0,68.0,80.0,,,,,,29,Dfix,95.0,33.0,48.0,False,0.0012389704170507,5
0.0,,8.0,4,4,0.0,0.0,0.0,1.0,76.5,63.0,79.0,,,,,,30,Dfix,95.0,33.0,54.0,False,0.0024931345873142,5
0.0,,8.0,4,4,0.0,0.0,0.0,1.0,77.5,68.0,80.0,,,,,,31,Dfix,95.0,35.0,48.0,False,0.0005214906510736,5
0.0,,8.0,4,4,0.0,0.0,0.0,1.0,77.0,73.0,80.0,,,,,,32,Dfix,95.0,31.0,54.0,False,0.0003596519147403,5
0.0,,8.0,4,4,0.0,0.0,0.0,1.0,72.5,66.0,80.0,,,,,,33,Dfix,95.0,33.0,60.0,False,0.0010814248109114,5
0.0,,8.0,4,4,0.0,0.0,0.0,1.0,78.5,57.0,80.0,,,,,,34,Dfix,95.0,36.0,57.0,False,0.0011004599383555,5
0.0,,8.0,4,4,0.0,0.0,0.0,1.0,78.0,69.0,80.0,,,,,,35,Dfix,95.0,34.0,54.0,False,0.0021539863695611,5
0.0,,8.0,4,4,0.0,0.0,0.0,1.0,75.0,66.0,80.0,,,,,,36,Dfix,95.0,29.0,42.0,False,0.0006144311087774,5
0.0,,8.0,4,4,0.0,0.0,0.0,1.0,76.0,67.0,80.0,,,,,,37,Dfix,95.0,31.0,45.0,False,0.0013089347312266,5
0.0,,8.0,4,4,0.0,0.0,0.0,1.0,73.0,60.0,79.0,,,,,,38,Dfix,95.0,33.0,43.0,False,0.0012422387669494,5
0.0,,8.0,4,4,0.0,0.0,0.0,1.0,67.5,58.0,80.0,,,,,,39,Dfix,95.0,35.0,57.0,False,0.0008576328257523,5
0.0,,8.0,4,4,0.0004946413630294,0.0,0.0039571309042358,0.875,71.5,41.0,79.0,,,,,,40,Dfix,95.0,33.0,50.0,False,0.0009599676016807,5
0.0,,8.0,4,4,0.0,0.0,0.0,1.0,75.0,68.0,80.0,,,,,,41,Dfix,95.0,30.0,38.0,False,0.0004926350213389,5
0.0,,8.0,4,4,0.0,0.0,0.0,1.0,70.0,61.0,78.0,,,,,,42,Dfix,95.0,35.0,47.0,False,0.0012873194968897,5
0.0,,8.0,4,4,0.0,0.0,0.0,1.0,77.0,56.0,80.0,,,,,,43,Dfix,95.0,36.0,53.0,False,0.0007067073668015,5
0.0,,8.0,4,4,0.0,0.0,0.0,1.0,75.5,72.0,80.0,,,,,,44,Dfix,95.0,29.0,47.0,False,0.0016576647396985,5
0.0,,8.0,4,4,0.0,0.0,0.0,1.0,78.5,75.0,80.0,,,,,,45,Dfix,95.0,34.0,50.0,False,0.0011471957132678,5
0.0,,8.0,4,4,0.0,0.0,0.0,1.0,71.0,53.0,76.0,,,,,,46,Dfix,95.0,32.0,46.0,False,0.0016537349421779,5
0.0,,8.0,4,4,0.0,0.0,0.0,1.0,74.5,69.0,80.0,,,,,,47,Dfix,95.0,33.0,47.0,False,0.0011850039558469,5
0.0,,8.0,4,4,0.0,0.0,0.0,1.0,77.5,43.0,79.0,,,,,,48,Dfix,95.0,33.0,57.0,False,0.0010552902605721,5
0.0,,8.0,4,4,0.0,0.0,0.0,1.0,78.5,69.0,80.0,,,,,,49,Dfix,95.0,33.0,59.0,False,0.001663353958511,5
0.0,,8.0,4,4,0.0,0.0,0.0,1.0,77.0,69.0,80.0,,,,,,50,Dfix,95.0,31.0,56.0,False,0.0012947393178494,5
0.0,,8.0,4,4,0.0,0.0,0.0,1.0,76.0,62.0,80.0,,,,,,51,Dfix,95.0,34.0,47.0,False,0.0009595615273997,5
0.0,,8.0,4,4,0.0,0.0,0.0,1.0,76.5,68.0,80.0,,,,,,52,Dfix,95.0,36.0,61.0,False,0.0011032539883518,5
0.0,,8.0,4,4,0.001953970532547,0.0,0.0156317642603762,0.875,72.0,58.0,80.0,,,,,,53,Dfix,95.0,28.0,38.0,False,0.0009634360530983,5
0.0,,8.0,4,4,0.0,0.0,0.0,1.0,71.0,68.0,80.0,,,,,,54,Dfix,95.0,40.0,61.0,False,0.0006364821300775,5
0.0,,8.0,4,4,0.0,0.0,0.0,1.0,73.0,70.0,79.0,,,,,,55,Dfix,95.0,34.0,49.0,False,0.0026023076226138,5
0.0,,8.0,4,4,0.0,0.0,0.0,1.0,73.0,67.0,78.0,,,,,,56,Dfix,95.0,32.0,53.0,False,0.0002200803579058,5
0.0,,8.0,4,4,0.0,0.0,0.0,1.0,73.0,71.0,78.0,,,,,,57,Dfix,95.0,32.0,58.0,False,0.0018508649137307,5
0.0,,8.0,4,4,0.0,0.0,0.0,1.0,77.5,63.0,80.0,,,,,,58,Dfix,95.0,30.0,66.0,False,0.0025710000841132,5
0.0,,8.0,4,4,0.0,0.0,0.0,1.0,75.0,65.0,80.0,,,,,,59,Dfix,95.0,37.0,57.0,False,0.0015633762055759,5
0.0,,8.0,4,4,0.004618673515135,0.0,0.0184746940605402,0.75,47.0,36.0,55.0,,,,,,0,MIX_F,58.0,33.0,54.0,False,0.0095160474998073,5
0.0,,8.0,4,4,0.0,0.0,0.0,1.0,46.0,44.0,51.0,,,,,,1,MIX_F,56.0,32.0,48.0,False,0.0106706963459718,5
0.0,,8.0,4,4,0.0,0.0,0.0,1.0,39.5,30.0,48.0,,,,,,2,MIX_F,54.0,31.0,65.0,False,0.0167131608853575,5
0.0,,8.0,4,4,0.0,0.0,0.0,1.0,53.0,48.0,59.0,,,,,,3,MIX_F,66.0,38.0,67.0,False,0.0111750871359518,5
0.0,,8.0,4,4,0.0,0.0,0.0,1.0,55.0,40.0,69.0,,,,,,4,MIX_F,65.0,37.0,59.0,False,0.0083027861259391,5
0.0,,8.0,4,4,0.0,0.0,0.0,1.0,54.5,49.0,69.0,,,,,,5,MIX_F,65.0,37.0,48.0,False,0.0100488511373411,5
0.0,,8.0,4,4,0.0,0.0,0.0,1.0,55.5,50.0,65.0,,,,,,6,MIX_F,61.0,35.0,59.0,False,0.0102684094106852,5
0.0,,8.0,4,4,0.0142267936980545,0.0,0.0569071747922181,0.75,46.5,42.0,53.0,,,,,,7,MIX_F,56.0,32.0,60.0,False,0.0208471782727983,5
0.0,,8.0,4,4,0.0,0.0,0.0,1.0,51.5,41.0,56.0,,,,,,8,MIX_F,52.0,30.0,53.0,False,0.0144140928592255,5
0.0,,8.0,4,4,0.2,0.0,0.8,0.75,44.5,41.0,56.0,,,,,,9,MIX_F,52.0,30.0,51.0,False,0.0115786501198289,5
0.0,,8.0,4,4,0.0011421918606567,0.0,0.0045687674426271,0.75,56.0,25.0,64.0,,,,,,10,MIX_F,60.0,34.0,47.0,False,0.0113051116073075,5
0.0,,8.0,4,4,0.0,0.0,0.0,1.0,41.5,30.0,48.0,,,,,,11,MIX_F,56.0,32.0,59.0,False,0.0106608690776207,5
0.0,,8.0,4,4,0.0,0.0,0.0,1.0,49.0,43.0,56.0,,,,,,12,MIX_F,61.0,35.0,60.0,False,0.0088963697404862,5
0.0,,8.0,4,4,0.0,0.0,0.0,1.0,63.0,53.0,69.0,,,,,,13,MIX_F,65.0,37.0,54.0,False,0.0076862475648559,5
0.0,,8.0,4,4,0.0,0.0,0.0,1.0,40.0,34.0,49.0,,,,,,14,MIX_F,52.0,30.0,52.0,False,0.0148791189598876,5
0.0,,8.0,4,4,0.0,0.0,0.0,1.0,47.5,44.0,48.0,,,,,,15,MIX_F,58.0,33.0,45.0,False,0.0112444698161029,5
0.0,,8.0,4,4,0.0,0.0,0.0,1.0,45.0,43.0,55.0,,,,,,16,MIX_F,58.0,33.0,51.0,False,0.0110838975477147,5
0.0,,8.0,4,4,0.0,0.0,0.0,1.0,40.5,22.0,54.0,,,,,,17,MIX_F,56.0,32.0,49.0,False,0.0115524689409432,5
0.0,,8.0,4,4,0.0,0.0,0.0,1.0,44.0,38.0,58.0,,,,,,18,MIX_F,54.0,31.0,51.0,False,0.0099985521167449,5
0.0,,8.0,4,4,0.0,0.0,0.0,1.0,45.5,42.0,55.0,,,,,,19,MIX_F,60.0,34.0,63.0,False,0.0123777660312508,5
0.0,,8.0,4,4,0.0,0.0,0.0,1.0,54.5,40.0,64.0,,,,,,20,MIX_F,60.0,34.0,69.0,False,0.009850437654803,5
0.0,,9.0,4,4,0.0003559793849402,0.0,0.0014239175397611,0.75,31.5,7.0,49.0,,,,,,21,MIX_F,56.0,32.0,50.0,False,0.0116796470715538,5
0.0,,8.0,4,4,0.0026622653361727,0.0,0.010649061344691,0.75,29.5,28.0,53.0,,,,,,22,MIX_F,49.0,28.0,55.0,False,0.0129507629779726,5
0.0,,8.0,4,4,0.0,0.0,0.0,1.0,43.5,36.0,56.0,,,,,,23,MIX_F,52.0,30.0,52.0,False,0.0130299455717862,5
0.0,,8.0,4,4,0.0,0.0,0.0,1.0,41.5,38.0,42.0,,,,,,24,MIX_F,56.0,32.0,47.0,False,0.0092434961231877,5
0.0,,8.0,4,4,0.0022110702092865,0.0,0.0088442808371463,0.75,39.5,14.0,45.0,,,,,,25,MIX_F,52.0,30.0,54.0,False,0.0118378994403284,5
0.0,,8.0,4,4,0.0,0.0,0.0,1.0,49.0,42.0,53.0,,,,,,26,MIX_F,60.0,34.0,53.0,False,0.0085858333295557,5
0.0,,8.0,4,4,0.0155026012368036,0.0,0.0620104049472145,0.75,50.5,50.0,52.0,,,,,,27,MIX_F,60.0,34.0,54.0,False,0.0090452483080101,5
0.0,,8.0,4,4,0.0,0.0,0.0,1.0,45.5,37.0,47.0,,,,,,28,MIX_F,51.0,29.0,54.0,False,0.0142548511826891,5
0.0,,8.0,4,4,0.0,0.0,0.0,1.0,48.0,46.0,62.0,,,,,,29,MIX_F,58.0,33.0,48.0,False,0.0096067914900366,5
0.0,,8.0,4,4,0.0,0.0,0.0,1.0,58.5,45.0,62.0,,,,,,30,MIX_F,58.0,33.0,54.0,False,0.0152308551938497,5
0.0,,8.0,4,4,0.0,0.0,0.0,1.0,46.5,44.0,50.0,,,,,,31,MIX_F,61.0,35.0,48.0,False,0.0067874713632302,5
0.0,,8.0,4,4,0.0137999669485653,0.0,0.0551998677942612,0.75,47.0,34.0,52.0,,,,,,32,MIX_F,54.0,31.0,54.0,False,0.0127037901278756,5
0.0,,8.0,4,4,0.0,0.0,0.0,1.0,46.5,44.0,48.0,,,,,,33,MIX_F,58.0,33.0,60.0,False,0.0089477011974921,5
0.0,,8.0,4,4,0.0,0.0,0.0,1.0,51.0,35.0,67.0,,,,,,34,MIX_F,63.0,36.0,57.0,False,0.0090503410554475,5
0.0,,8.0,4,4,0.0283402766535121,0.0,0.1133611066140484,0.75,49.0,45.0,64.0,,,,,,35,MIX_F,60.0,34.0,54.0,False,0.0127164410438304,5
0.0,,8.0,4,4,0.0130817050887803,0.0,0.0523268203551215,0.75,36.5,29.0,43.0,,,,,,36,MIX_F,51.0,29.0,42.0,False,0.0082211075053922,5
0.0,,10.0,4,4,0.0661515917897652,0.0532342255869887,0.1581379159850832,0.5,46.5,44.0,58.0,,,,,,37,MIX_F,54.0,31.0,45.0,False,0.0149663438937232,5
0.0,,57.0,4,4,0.0994804076586088,0.0,0.3979216306344354,0.75,51.5,45.0,62.0,,,,,,38,MIX_F,58.0,33.0,43.0,False,0.0119390523466234,5
0.0,,8.0,4,4,0.0275456343535149,0.0050912687070298,0.0999999999999999,0.5,40.0,21.0,65.0,,,,,,39,MIX_F,61.0,35.0,57.0,False,0.0095303040648594,5
0.0,,8.0,4,4,0.0405482299290944,0.0,0.1621929197163778,0.75,42.0,31.0,46.0,,,,,,40,MIX_F,58.0,33.0,50.0,False,0.0135144119826279,5
0.0,,8.0,4,4,0.025,0.0,0.1,0.75,35.0,33.0,48.0,,,,,,41,MIX_F,52.0,30.0,38.0,False,0.0131816901870832,5
0.0,,8.0,4,4,0.0,0.0,0.0,1.0,49.0,46.0,65.0,,,,,,42,MIX_F,61.0,35.0,47.0,False,0.0098853363436101,5
0.0,,8.0,4,4,0.0,0.0,0.0,1.0,53.0,46.0,67.0,,,,,,43,MIX_F,63.0,36.0,53.0,False,0.0090169136224876,5
0.0,,8.0,4,4,0.0004676133727329,0.0,0.0018704534909317,0.75,38.5,20.0,47.0,,,,,,44,MIX_F,51.0,29.0,47.0,False,0.018590964082166,5
0.0,,8.0,4,4,0.0,0.0,0.0,1.0,51.5,41.0,53.0,,,,,,45,MIX_F,60.0,34.0,50.0,False,0.0092537740783688,5
0.0,,8.0,4,4,0.0,0.0,0.0,1.0,46.0,38.0,60.0,,,,,,46,MIX_F,56.0,32.0,46.0,False,0.0128175660987673,5
0.0,,8.0,4,4,0.0,0.0,0.0,1.0,51.0,47.0,62.0,,,,,,47,MIX_F,58.0,33.0,47.0,False,0.0126506274098268,5
0.0,,8.0,4,4,0.0235121350554434,0.0045988567295576,0.0848508267626585,0.5,49.0,34.0,54.0,,,,,,48,MIX_F,58.0,33.0,57.0,False,0.0097791154542753,5
0.0,,8.0,4,4,0.0,0.0,0.0,1.0,55.0,39.0,62.0,,,,,,49,MIX_F,58.0,33.0,59.0,False,0.0136216512380406,5
0.0,,8.0,4,4,0.0636101442359336,0.0,0.2544405769437344,0.75,41.0,15.0,58.0,,,,,,50,MIX_F,54.0,31.0,56.0,False,0.0124982167105327,5
0.0,,8.0,4,4,0.0,0.0,0.0,1.0,53.5,47.0,57.0,,,,,,51,MIX_F,60.0,34.0,47.0,False,0.0094831266873625,5
0.0,,8.0,4,4,0.0881627231494906,0.0,0.3526508925979625,0.75,55.0,47.0,67.0,,,,,,52,MIX_F,63.0,36.0,61.0,False,0.0100685548694565,5
0.0,,8.0,4,4,0.0,0.0,0.0,1.0,39.0,33.0,53.0,,,,,,53,MIX_F,49.0,28.0,38.0,False,0.0141717000689616,5
0.0,,8.0,4,4,0.0,0.0,0.0,1.0,54.0,38.0,55.0,,,,,,54,MIX_F,70.0,40.0,61.0,False,0.0038005908281283,5
0.0,,8.0,4,4,0.0,0.0,0.0,1.0,55.0,44.0,64.0,,,,,,55,MIX_F,60.0,34.0,49.0,False,0.0144205756448877,5
0.0,,8.0,4,4,0.0,0.0,0.0,1.0,47.5,44.0,60.0,,,,,,56,MIX_F,56.0,32.0,53.0,False,0.0086355750813443,5
0.0,,8.0,4,4,0.0499999999999999,0.0,0.1999999999999999,0.75,46.0,18.0,60.0,,,,,,57,MIX_F,56.0,32.0,58.0,False,0.0131179496216989,5
0.0,,8.0,4,4,0.0,0.0,0.0,1.0,46.5,35.0,56.0,,,,,,58,MIX_F,52.0,30.0,66.0,False,0.0156790971500774,5
0.0,,8.0,4,4,0.0,0.0,0.0,1.0,50.0,38.0,53.0,,,,,,59,MIX_F,65.0,37.0,57.0,False,0.0085379431854432,5
0.0,,8.0,4,4,0.0,0.0,0.0,1.0,50.0,45.0,56.0,,,,,,0,MIX_M,58.0,33.0,54.0,False,0.0095160474998073,5
0.0,,8.0,4,4,0.0,0.0,0.0,1.0,48.5,45.0,60.0,,,,,,1,MIX_M,56.0,32.0,48.0,False,0.0106706963459718,5
0.0,,8.0,4,4,0.0217818700261133,0.0015825083377742,0.0839624634289049,0.5,46.0,36.0,58.0,,,,,,2,MIX_M,54.0,31.0,65.0,False,0.0167131608853575,5
0.0,,8.0,4,4,0.0,0.0,0.0,1.0,48.5,36.0,70.0,,,,,,3,MIX_M,66.0,38.0,67.0,False,0.0111750871359518,5
0.0,,8.0,4,4,0.0,0.0,0.0,1.0,51.0,49.0,56.0,,,,,,4,MIX_M,65.0,37.0,59.0,False,0.0083027861259391,5
0.0,,8.0,4,4,0.0193744958009136,0.0,0.0774979832036546,0.75,48.5,18.0,57.0,,,,,,5,MIX_M,65.0,37.0,48.0,False,0.0100488511373411,5
0.0,,8.0,4,4,0.0,0.0,0.0,1.0,53.0,49.0,65.0,,,,,,6,MIX_M,61.0,35.0,59.0,False,0.0102684094106852,5
0.0,,8.0,4,4,0.0,0.0,0.0,1.0,51.5,44.0,60.0,,,,,,7,MIX_M,56.0,32.0,60.0,False,0.0208471782727983,5
0.0,,8.0,4,4,0.017007180405323,0.0,0.0680287216212923,0.75,43.0,39.0,56.0,,,,,,8,MIX_M,52.0,30.0,53.0,False,0.0144140928592255,5
0.0,,8.0,4,4,0.0,0.0,0.0,1.0,39.0,33.0,56.0,,,,,,9,MIX_M,52.0,30.0,51.0,False,0.0115786501198289,5
0.0,,8.0,4,4,0.0,0.0,0.0,1.0,50.0,44.0,64.0,,,,,,10,MIX_M,60.0,34.0,47.0,False,0.0113051116073075,5
0.0,,8.0,4,4,0.0,0.0,0.0,1.0,42.0,35.0,51.0,,,,,,11,MIX_M,56.0,32.0,59.0,False,0.0106608690776207,5
0.0,,8.0,4,4,0.0,0.0,0.0,1.0,45.0,27.0,57.0,,,,,,12,MIX_M,61.0,35.0,60.0,False,0.0088963697404862,5
0.0,,8.0,4,4,0.0,0.0,0.0,1.0,56.5,53.0,69.0,,,,,,13,MIX_M,65.0,37.0,54.0,False,0.0076862475648559,5
0.0,,8.0,4,4,0.0,0.0,0.0,1.0,44.5,40.0,56.0,,,,,,14,MIX_M,52.0,30.0,52.0,False,0.0148791189598876,5
0.0,,8.0,4,4,0.0,0.0,0.0,1.0,46.5,43.0,48.0,,,,,,15,MIX_M,58.0,33.0,45.0,False,0.0112444698161029,5
0.0,,8.0,4,4,0.0,0.0,0.0,1.0,51.0,43.0,56.0,,,,,,16,MIX_M,58.0,33.0,51.0,False,0.0110838975477147,5
0.0,,8.0,4,4,0.0,0.0,0.0,1.0,47.5,35.0,60.0,,,,,,17,MIX_M,56.0,32.0,49.0,False,0.0115524689409432,5
0.0,,8.0,4,4,0.0,0.0,0.0,1.0,47.0,43.0,50.0,,,,,,18,MIX_M,54.0,31.0,51.0,False,0.0099985521167449,5
0.0,,8.0,4,4,0.0,0.0,0.0,1.0,46.0,43.0,64.0,,,,,,19,MIX_M,60.0,34.0,63.0,False,0.0123777660312508,5
0.0,,8.0,4,4,0.0,0.0,0.0,1.0,46.5,45.0,52.0,,,,,,20,MIX_M,60.0,34.0,69.0,False,0.009850437654803,5
0.0,,8.0,4,4,0.0,0.0,0.0,1.0,42.0,34.0,60.0,,,,,,21,MIX_M,56.0,32.0,50.0,False,0.0116796470715538,5
0.0,,8.0,4,4,0.0654329977038519,0.0,0.2617319908154079,0.75,38.5,31.0,53.0,,,,,,22,MIX_M,49.0,28.0,55.0,False,0.0129507629779726,5
0.0,,8.0,4,4,0.0020613330364582,0.0,0.0082453321458328,0.75,44.0,19.0,48.0,,,,,,23,MIX_M,52.0,30.0,52.0,False,0.0130299455717862,5
0.0,,8.0,4,4,0.0,0.0,0.0,1.0,44.5,41.0,53.0,,,,,,24,MIX_M,56.0,32.0,47.0,False,0.0092434961231877,5
0.0,,8.0,4,4,0.0,0.0,0.0,1.0,41.0,36.0,46.0,,,,,,25,MIX_M,52.0,30.0,54.0,False,0.0118378994403284,5
0.0,,8.0,4,4,0.0,0.0,0.0,1.0,53.0,40.0,64.0,,,,,,26,MIX_M,60.0,34.0,53.0,False,0.0085858333295557,5
0.0,,8.0,4,4,0.0,0.0,0.0,1.0,45.0,40.0,64.0,,,,,,27,MIX_M,60.0,34.0,54.0,False,0.0090452483080101,5
0.0,,8.0,4,4,0.0,0.0,0.0,1.0,36.5,35.0,45.0,,,,,,28,MIX_M,51.0,29.0,54.0,False,0.0142548511826891,5
0.0,,8.0,4,4,0.0,0.0,0.0,1.0,47.0,42.0,56.0,,,,,,29,MIX_M,58.0,33.0,48.0,False,0.0096067914900366,5
0.0,,8.0,4,4,0.0,0.0,0.0,1.0,44.5,40.0,54.0,,,,,,30,MIX_M,58.0,33.0,54.0,False,0.0152308551938497,5
0.0,,8.0,4,4,0.0,0.0,0.0,1.0,48.0,38.0,65.0,,,,,,31,MIX_M,61.0,35.0,48.0,False,0.0067874713632302,5
0.0,,8.0,4,4,0.0,0.0,0.0,1.0,46.5,38.0,58.0,,,,,,32,MIX_M,54.0,31.0,54.0,False,0.0127037901278756,5
0.0,,8.0,4,4,0.0068002371203536,0.0,0.0272009484814146,0.75,48.0,24.0,62.0,,,,,,33,MIX_M,58.0,33.0,60.0,False,0.0089477011974921,5
0.0,,8.0,4,4,0.0,0.0,0.0,1.0,49.0,32.0,54.0,,,,,,34,MIX_M,63.0,36.0,57.0,False,0.0090503410554475,5
0.0,,8.0,4,4,0.0259464727910266,1.3877787807814457e-17,0.1037858911641064,0.75,48.5,25.0,64.0,,,,,,35,MIX_M,60.0,34.0,54.0,False,0.0127164410438304,5
0.0,,8.0,4,4,0.0,0.0,0.0,1.0,38.0,33.0,40.0,,,,,,36,MIX_M,51.0,29.0,42.0,False,0.0082211075053922,5
0.0,,8.0,4,4,0.0999999999999999,0.0,0.3999999999999999,0.75,49.0,36.0,52.0,,,,,,37,MIX_M,54.0,31.0,45.0,False,0.0149663438937232,5
0.0,,8.0,4,4,0.0,0.0,0.0,1.0,48.5,40.0,52.0,,,,,,38,MIX_M,58.0,33.0,43.0,False,0.0119390523466234,5
0.0,,8.0,4,4,0.0,0.0,0.0,1.0,47.0,43.0,65.0,,,,,,39,MIX_M,61.0,35.0,57.0,False,0.0095303040648594,5
0.0,,8.0,4,4,0.0,0.0,0.0,1.0,52.5,43.0,62.0,,,,,,40,MIX_M,58.0,33.0,50.0,False,0.0135144119826279,5
0.0,,8.0,4,4,0.073809418773392,0.0,0.295237675093568,0.75,37.0,27.0,50.0,,,,,,41,MIX_M,52.0,30.0,38.0,False,0.0131816901870832,5
0.0,,8.0,4,4,0.0137401278380013,0.0,0.0549605113520053,0.75,44.5,24.0,48.0,,,,,,42,MIX_M,61.0,35.0,47.0,False,0.0098853363436101,5
0.0,,8.0,4,4,0.0,0.0,0.0,1.0,57.5,42.0,67.0,,,,,,43,MIX_M,63.0,36.0,53.0,False,0.0090169136224876,5
0.0,,8.0,4,4,0.0,0.0,0.0,1.0,34.0,32.0,47.0,,,,,,44,MIX_M,51.0,29.0,47.0,False,0.018590964082166,5
0.0,,8.0,4,4,0.0,0.0,0.0,1.0,53.0,51.0,56.0,,,,,,45,MIX_M,60.0,34.0,50.0,False,0.0092537740783688,5
0.0,,8.0,4,4,0.0094486174697767,0.0,0.037794469879107,0.75,50.5,37.0,54.0,,,,,,46,MIX_M,56.0,32.0,46.0,False,0.0128175660987673,5
0.0,,8.0,4,4,0.0,0.0,0.0,1.0,49.0,35.0,49.0,,,,,,47,MIX_M,58.0,33.0,47.0,False,0.0126506274098268,5
0.0,,8.0,4,4,0.0,0.0,0.0,1.0,43.0,26.0,52.0,,,,,,48,MIX_M,58.0,33.0,57.0,False,0.0097791154542753,5
0.0,,8.0,4,4,0.0255393773660599,0.0,0.1021575094642396,0.75,39.5,36.0,48.0,,,,,,49,MIX_M,58.0,33.0,59.0,False,0.0136216512380406,5
0.0,,8.0,4,4,0.0032358266962651,0.0,0.0129433067850607,0.75,40.0,31.0,51.0,,,,,,50,MIX_M,54.0,31.0,56.0,False,0.0124982167105327,5
0.0,,8.0,4,4,0.0,0.0,0.0,1.0,51.0,36.0,64.0,,,,,,51,MIX_M,60.0,34.0,47.0,False,0.0094831266873625,5
0.0,,8.0,4,4,0.0749999999999999,0.0,0.2999999999999999,0.75,50.5,25.0,67.0,,,,,,52,MIX_M,63.0,36.0,61.0,False,0.0100685548694565,5
0.0,,14.0,4,4,0.0079833980869172,0.0,0.0319335923476689,0.75,40.0,20.0,44.0,,,,,,53,MIX_M,49.0,28.0,38.0,False,0.0141717000689616,5
0.0,,8.0,4,4,0.0,0.0,0.0,1.0,58.5,39.0,59.0,,,,,,54,MIX_M,70.0,40.0,61.0,False,0.0038005908281283,5
0.0,,8.0,4,4,0.0014572605390992,0.0,0.005829042156397,0.75,51.5,40.0,64.0,,,,,,55,MIX_M,60.0,34.0,49.0,False,0.0144205756448877,5
0.0,,8.0,4,4,0.0102959134535152,0.0,0.041183653814061,0.75,38.0,32.0,46.0,,,,,,56,MIX_M,56.0,32.0,53.0,False,0.0086355750813443,5
0.0,,8.0,4,4,0.0,0.0,0.0,1.0,54.0,47.0,60.0,,,,,,57,MIX_M,56.0,32.0,58.0,False,0.0131179496216989,5
0.0,,8.0,4,4,0.0,0.0,0.0,1.0,38.0,37.0,49.0,,,,,,58,MIX_M,52.0,30.0,66.0,False,0.0156790971500774,5
0.0,,8.0,4,4,0.0,0.0,0.0,1.0,62.0,44.0,69.0,,,,,,59,MIX_M,65.0,37.0,57.0,False,0.0085379431854432,5
0.0,,8.0,4,4,0.0,0.0,0.0,1.0,77.5,74.0,80.0,,,,,,0,MIXfix_F,95.0,33.0,54.0,False,0.0007206893135333,5
0.0,,8.0,4,4,0.0,0.0,0.0,1.0,78.0,75.0,79.0,,,,,,1,MIXfix_F,95.0,32.0,48.0,False,0.0005708471138275,5
0.0,,8.0,4,4,0.0,0.0,0.0,1.0,74.0,67.0,79.0,,,,,,2,MIXfix_F,95.0,31.0,65.0,False,0.0014618550581375,5
0.0,,8.0,4,4,0.0,0.0,0.0,1.0,70.5,56.0,77.0,,,,,,3,MIXfix_F,95.0,38.0,67.0,False,0.0020936682623514,5
0.0,,8.0,4,4,0.0,0.0,0.0,1.0,78.0,73.0,80.0,,,,,,4,MIXfix_F,95.0,37.0,59.0,False,0.0012059827223416,5
0.0,,8.0,4,4,0.0,0.0,0.0,1.0,76.0,63.0,80.0,,,,,,5,MIXfix_F,95.0,37.0,48.0,False,0.0017856210087415,5
0.0,,8.0,4,4,0.0421213745938185,0.0,0.1684854983752743,0.75,72.0,13.0,76.0,,,,,,6,MIXfix_F,95.0,35.0,59.0,False,0.0023892984150153,5
0.0,,8.0,4,4,0.0007792658309892,0.0,0.0031170633239568,0.75,72.0,69.0,77.0,,,,,,7,MIXfix_F,95.0,32.0,60.0,False,0.0040616680929,5
0.0,,8.0,4,4,0.0,0.0,0.0,1.0,78.5,67.0,79.0,,,,,,8,MIXfix_F,95.0,30.0,53.0,False,0.0017948584039875,5
0.0,,8.0,4,4,0.0,0.0,0.0,1.0,79.0,64.0,79.0,,,,,,9,MIXfix_F,95.0,30.0,51.0,False,0.0005845022389837,5
0.0,,8.0,4,4,0.0,0.0,0.0,1.0,78.0,62.0,80.0,,,,,,10,MIXfix_F,95.0,34.0,47.0,False,0.0017181365221331,5
0.0,,8.0,4,4,0.0,0.0,0.0,1.0,68.0,64.0,78.0,,,,,,11,MIXfix_F,95.0,32.0,59.0,False,0.0006964547298518,5
0.0,,8.0,4,4,0.0,0.0,0.0,1.0,74.5,69.0,78.0,,,,,,12,MIXfix_F,95.0,35.0,60.0,False,0.0005984177383758,5
0.0,,8.0,4,4,0.0,0.0,0.0,1.0,76.5,69.0,80.0,,,,,,13,MIXfix_F,95.0,37.0,54.0,False,0.0009783616452627,5
0.0,,8.0,4,4,0.0,0.0,0.0,1.0,77.5,73.0,79.0,,,,,,14,MIXfix_F,95.0,30.0,52.0,False,0.0012833882401888,5
0.0,,8.0,4,4,0.0,0.0,0.0,1.0,78.0,76.0,80.0,,,,,,15,MIXfix_F,95.0,33.0,45.0,False,0.0014088269948163,5
0.0,,8.0,4,4,0.0,0.0,0.0,1.0,74.0,68.0,80.0,,,,,,16,MIXfix_F,95.0,33.0,51.0,False,0.0010672481523456,5
0.0,,8.0,4,4,0.0,0.0,0.0,1.0,77.5,66.0,80.0,,,,,,17,MIXfix_F,95.0,32.0,49.0,False,0.0004327967833368,5
0.0,,8.0,4,4,0.0,0.0,0.0,1.0,77.0,75.0,80.0,,,,,,18,MIXfix_F,95.0,31.0,51.0,False,0.0004947751401463,5
0.0,,8.0,4,4,0.0,0.0,0.0,1.0,67.0,58.0,80.0,,,,,,19,MIXfix_F,95.0,34.0,63.0,False,0.0025352819602469,5
0.0,,8.0,4,4,0.0,0.0,0.0,1.0,72.0,64.0,78.0,,,,,,20,MIXfix_F,95.0,34.0,69.0,False,0.0008247976767682,5
0.0,,8.0,4,4,0.0,0.0,0.0,1.0,75.0,66.0,80.0,,,,,,21,MIXfix_F,95.0,32.0,50.0,False,0.0007150504872616,5
0.0,,8.0,4,4,0.0,0.0,0.0,1.0,76.0,71.0,78.0,,,,,,22,MIXfix_F,95.0,28.0,55.0,False,0.0002655308555663,5
0.0,,8.0,4,4,0.0,0.0,0.0,1.0,73.5,69.0,78.0,,,,,,23,MIXfix_F,95.0,30.0,52.0,False,0.000775313447227,5
0.0,,8.0,4,4,0.0,0.0,0.0,1.0,72.5,68.0,80.0,,,,,,24,MIXfix_F,95.0,32.0,47.0,False,0.0005232811877822,5
0.0,,8.0,4,4,0.0,0.0,0.0,1.0,75.0,66.0,79.0,,,,,,25,MIXfix_F,95.0,30.0,54.0,False,0.0006643054247834,5
0.0,,8.0,4,4,0.0,0.0,0.0,1.0,68.0,62.0,74.0,,,,,,26,MIXfix_F,95.0,34.0,53.0,False,0.0006867290067069,5
0.0,,8.0,4,4,0.0,0.0,0.0,1.0,62.0,50.0,78.0,,,,,,27,MIXfix_F,95.0,34.0,54.0,False,0.0013577461535729,5
0.0,,8.0,4,4,0.0,0.0,0.0,1.0,72.0,67.0,77.0,,,,,,28,MIXfix_F,95.0,29.0,54.0,False,0.0014471498024367,5
0.0,,8.0,4,4,0.0,0.0,0.0,1.0,74.0,64.0,80.0,,,,,,29,MIXfix_F,95.0,33.0,48.0,False,0.0012389704170507,5
0.0,,8.0,4,4,0.0495268234072904,0.0,0.1981072936291618,0.75,70.0,61.0,79.0,,,,,,30,MIXfix_F,95.0,33.0,54.0,False,0.0024931345873142,5
0.0,,8.0,4,4,0.0,0.0,0.0,1.0,74.5,66.0,80.0,,,,,,31,MIXfix_F,95.0,35.0,48.0,False,0.0005214906510736,5
0.0,,8.0,4,4,0.0,0.0,0.0,1.0,75.0,66.0,79.0,,,,,,32,MIXfix_F,95.0,31.0,54.0,False,0.0003596519147403,5
0.0,,8.0,4,4,0.0,0.0,0.0,1.0,78.0,72.0,80.0,,,,,,33,MIXfix_F,95.0,33.0,60.0,False,0.0010814248109114,5
0.0,,8.0,4,4,0.0,0.0,0.0,1.0,73.5,69.0,76.0,,,,,,34,MIXfix_F,95.0,36.0,57.0,False,0.0011004599383555,5
0.0,,8.0,4,4,0.0,0.0,0.0,1.0,75.5,67.0,80.0,,,,,,35,MIXfix_F,95.0,34.0,54.0,False,0.0021539863695611,5
0.0,,8.0,4,4,0.0,0.0,0.0,1.0,74.5,71.0,79.0,,,,,,36,MIXfix_F,95.0,29.0,42.0,False,0.0006144311087774,5
0.0,,8.0,4,4,0.0,0.0,0.0,1.0,75.5,72.0,80.0,,,,,,37,MIXfix_F,95.0,31.0,45.0,False,0.0013089347312266,5
0.0,,8.0,4,4,0.0,0.0,0.0,1.0,70.5,66.0,79.0,,,,,,38,MIXfix_F,95.0,33.0,43.0,False,0.0012422387669494,5
0.0,,8.0,4,4,0.0,0.0,0.0,1.0,76.5,76.0,79.0,,,,,,39,MIXfix_F,95.0,35.0,57.0,False,0.0008576328257523,5
0.0,,8.0,4,4,0.0,0.0,0.0,1.0,78.0,72.0,80.0,,,,,,40,MIXfix_F,95.0,33.0,50.0,False,0.0009599676016807,5
0.0,,8.0,4,4,0.0,0.0,0.0,1.0,76.5,76.0,78.0,,,,,,41,MIXfix_F,95.0,30.0,38.0,False,0.0004926350213389,5
0.0,,8.0,4,4,0.0,0.0,0.0,1.0,77.5,72.0,80.0,,,,,,42,MIXfix_F,95.0,35.0,47.0,False,0.0012873194968897,5
0.0,,8.0,4,4,0.0,0.0,0.0,1.0,75.0,69.0,80.0,,,,,,43,MIXfix_F,95.0,36.0,53.0,False,0.0007067073668015,5
0.0,,8.0,4,4,0.0,0.0,0.0,1.0,79.0,70.0,80.0,,,,,,44,MIXfix_F,95.0,29.0,47.0,False,0.0016576647396985,5
0.0,,8.0,4,4,0.0,0.0,0.0,1.0,74.5,64.0,78.0,,,,,,45,MIXfix_F,95.0,34.0,50.0,False,0.0011471957132678,5
0.0,,8.0,4,4,0.0,0.0,0.0,1.0,68.5,63.0,71.0,,,,,,46,MIXfix_F,95.0,32.0,46.0,False,0.0016537349421779,5
0.0,,8.0,4,4,0.0,0.0,0.0,1.0,78.0,77.0,80.0,,,,,,47,MIXfix_F,95.0,33.0,47.0,False,0.0011850039558469,5
0.0,,8.0,4,4,0.0,0.0,0.0,1.0,76.0,54.0,78.0,,,,,,48,MIXfix_F,95.0,33.0,57.0,False,0.0010552902605721,5
0.0,,8.0,4,4,0.0,0.0,0.0,1.0,75.5,62.0,80.0,,,,,,49,MIXfix_F,95.0,33.0,59.0,False,0.001663353958511,5
0.0,,8.0,4,4,0.0,0.0,0.0,1.0,78.0,72.0,80.0,,,,,,50,MIXfix_F,95.0,31.0,56.0,False,0.0012947393178494,5
0.0,,8.0,4,4,0.0,0.0,0.0,1.0,71.5,63.0,80.0,,,,,,51,MIXfix_F,95.0,34.0,47.0,False,0.0009595615273997,5
0.0,,8.0,4,4,0.0,0.0,0.0,1.0,63.5,57.0,75.0,,,,,,52,MIXfix_F,95.0,36.0,61.0,False,0.0011032539883518,5
0.0,,8.0,4,4,0.0,0.0,0.0,1.0,77.5,71.0,80.0,,,,,,53,MIXfix_F,95.0,28.0,38.0,False,0.0009634360530983,5
0.0,,8.0,4,4,0.0,0.0,0.0,1.0,70.5,53.0,76.0,,,,,,54,MIXfix_F,95.0,40.0,61.0,False,0.0006364821300775,5
0.0,,8.0,4,4,0.0,0.0,0.0,1.0,68.0,56.0,80.0,,,,,,55,MIXfix_F,95.0,34.0,49.0,False,0.0026023076226138,5
0.0,,8.0,4,4,0.0,0.0,0.0,1.0,77.5,69.0,79.0,,,,,,56,MIXfix_F,95.0,32.0,53.0,False,0.0002200803579058,5
0.0,,8.0,4,4,0.0,0.0,0.0,1.0,68.0,57.0,79.0,,,,,,57,MIXfix_F,95.0,32.0,58.0,False,0.0018508649137307,5
0.0,,8.0,4,4,0.0,0.0,0.0,1.0,78.0,74.0,79.0,,,,,,58,MIXfix_F,95.0,30.0,66.0,False,0.0025710000841132,5
0.0,,8.0,4,4,0.0490458472467731,0.0,0.1961833889870926,0.75,72.5,71.0,80.0,,,,,,59,MIXfix_F,95.0,37.0,57.0,False,0.0015633762055759,5
0.0,,8.0,4,4,0.0,0.0,0.0,1.0,73.5,71.0,80.0,,,,,,0,MIXfix_M,95.0,33.0,54.0,False,0.0007206893135333,5
0.0,,8.0,4,4,0.0,0.0,0.0,1.0,77.0,75.0,79.0,,,,,,1,MIXfix_M,95.0,32.0,48.0,False,0.0005708471138275,5
0.0,,8.0,4,4,0.0,0.0,0.0,1.0,70.0,68.0,73.0,,,,,,2,MIXfix_M,95.0,31.0,65.0,False,0.0014618550581375,5
0.0,,8.0,4,4,0.0,0.0,0.0,1.0,76.5,65.0,78.0,,,,,,3,MIXfix_M,95.0,38.0,67.0,False,0.0020936682623514,5
0.0,,8.0,4,4,0.0,0.0,0.0,1.0,72.5,59.0,78.0,,,,,,4,MIXfix_M,95.0,37.0,59.0,False,0.0012059827223416,5
0.0,,8.0,4,4,0.0,0.0,0.0,1.0,74.0,65.0,78.0,,,,,,5,MIXfix_M,95.0,37.0,48.0,False,0.0017856210087415,5
0.0,,8.0,4,4,0.0,0.0,0.0,1.0,78.0,58.0,80.0,,,,,,6,MIXfix_M,95.0,35.0,59.0,False,0.0023892984150153,5
0.0,,8.0,4,4,0.0,0.0,0.0,1.0,75.0,66.0,79.0,,,,,,7,MIXfix_M,95.0,32.0,60.0,False,0.0040616680929,5
0.0,,8.0,4,4,0.0,0.0,0.0,1.0,76.5,70.0,78.0,,,,,,8,MIXfix_M,95.0,30.0,53.0,False,0.0017948584039875,5
0.0,,8.0,4,4,0.0,0.0,0.0,1.0,74.0,66.0,79.0,,,,,,9,MIXfix_M,95.0,30.0,51.0,False,0.0005845022389837,5
0.0,,8.0,4,4,0.0,0.0,0.0,1.0,70.5,64.0,73.0,,,,,,10,MIXfix_M,95.0,34.0,47.0,False,0.0017181365221331,5
0.0,,8.0,4,4,0.0,0.0,0.0,1.0,76.5,70.0,80.0,,,,,,11,MIXfix_M,95.0,32.0,59.0,False,0.0006964547298518,5
0.0,,8.0,4,4,0.0,0.0,0.0,1.0,75.0,70.0,78.0,,,,,,12,MIXfix_M,95.0,35.0,60.0,False,0.0005984177383758,5
0.0,,8.0,4,4,0.0,0.0,0.0,1.0,76.0,69.0,80.0,,,,,,13,MIXfix_M,95.0,37.0,54.0,False,0.0009783616452627,5
0.0,,8.0,4,4,0.0,0.0,0.0,1.0,78.5,76.0,80.0,,,,,,14,MIXfix_M,95.0,30.0,52.0,False,0.0012833882401888,5
0.0,,8.0,4,4,0.0,0.0,0.0,1.0,78.0,75.0,79.0,,,,,,15,MIXfix_M,95.0,33.0,45.0,False,0.0014088269948163,5
0.0,,8.0,4,4,0.0253406616477156,0.0,0.1013626465908625,0.75,76.5,65.0,78.0,,,,,,16,MIXfix_M,95.0,33.0,51.0,False,0.0010672481523456,5
0.0,,8.0,4,4,0.0,0.0,0.0,1.0,75.5,74.0,78.0,,,,,,17,MIXfix_M,95.0,32.0,49.0,False,0.0004327967833368,5
0.0,,8.0,4,4,0.0,0.0,0.0,1.0,75.5,71.0,79.0,,,,,,18,MIXfix_M,95.0,31.0,51.0,False,0.0004947751401463,5
0.0,,8.0,4,4,0.0,0.0,0.0,1.0,73.5,70.0,77.0,,,,,,19,MIXfix_M,95.0,34.0,63.0,False,0.0025352819602469,5
0.0,,8.0,4,4,0.0,0.0,0.0,1.0,79.0,78.0,80.0,,,,,,20,MIXfix_M,95.0,34.0,69.0,False,0.0008247976767682,5
0.0,,8.0,4,4,0.0,0.0,0.0,1.0,75.5,75.0,79.0,,,,,,21,MIXfix_M,95.0,32.0,50.0,False,0.0007150504872616,5
0.0,,8.0,4,4,0.0,0.0,0.0,1.0,73.5,57.0,80.0,,,,,,22,MIXfix_M,95.0,28.0,55.0,False,0.0002655308555663,5
0.0,,8.0,4,4,0.0,0.0,0.0,1.0,72.0,66.0,80.0,,,,,,23,MIXfix_M,95.0,30.0,52.0,False,0.000775313447227,5
0.0,,8.0,4,4,0.0,0.0,0.0,1.0,78.5,73.0,80.0,,,,,,24,MIXfix_M,95.0,32.0,47.0,False,0.0005232811877822,5
0.0,,8.0,4,4,0.0,0.0,0.0,1.0,76.0,71.0,78.0,,,,,,25,MIXfix_M,95.0,30.0,54.0,False,0.0006643054247834,5
0.0,,8.0,4,4,0.0,0.0,0.0,1.0,77.0,76.0,80.0,,,,,,26,MIXfix_M,95.0,34.0,53.0,False,0.0006867290067069,5
0.0,,8.0,4,4,0.0,0.0,0.0,1.0,71.0,55.0,79.0,,,,,,27,MIXfix_M,95.0,34.0,54.0,False,0.0013577461535729,5
0.0,,8.0,4,4,0.0,0.0,0.0,1.0,76.0,69.0,77.0,,,,,,28,MIXfix_M,95.0,29.0,54.0,False,0.0014471498024367,5
0.0,,8.0,4,4,0.0,0.0,0.0,1.0,75.5,73.0,78.0,,,,,,29,MIXfix_M,95.0,33.0,48.0,False,0.0012389704170507,5
0.0,,8.0,4,4,0.030246172971587,0.0,0.120984691886348,0.75,73.0,65.0,79.0,,,,,,30,MIXfix_M,95.0,33.0,54.0,False,0.0024931345873142,5
0.0,,8.0,4,4,0.0,0.0,0.0,1.0,72.5,61.0,80.0,,,,,,31,MIXfix_M,95.0,35.0,48.0,False,0.0005214906510736,5
0.0,,8.0,4,4,0.0,0.0,0.0,1.0,73.5,59.0,78.0,,,,,,32,MIXfix_M,95.0,31.0,54.0,False,0.0003596519147403,5
0.0,,8.0,4,4,0.0,0.0,0.0,1.0,78.5,73.0,80.0,,,,,,33,MIXfix_M,95.0,33.0,60.0,False,0.0010814248109114,5
0.0,,8.0,4,4,0.0,0.0,0.0,1.0,75.0,74.0,76.0,,,,,,34,MIXfix_M,95.0,36.0,57.0,False,0.0011004599383555,5
0.0,,8.0,4,4,0.0,0.0,0.0,1.0,78.0,75.0,80.0,,,,,,35,MIXfix_M,95.0,34.0,54.0,False,0.0021539863695611,5
0.0,,8.0,4,4,0.0,0.0,0.0,1.0,73.5,70.0,78.0,,,,,,36,MIXfix_M,95.0,29.0,42.0,False,0.0006144311087774,5
0.0,,8.0,4,4,0.0,0.0,0.0,1.0,78.5,72.0,80.0,,,,,,37,MIXfix_M,95.0,31.0,45.0,False,0.0013089347312266,5
0.0,,8.0,4,4,0.0,0.0,0.0,1.0,76.0,74.0,78.0,,,,,,38,MIXfix_M,95.0,33.0,43.0,False,0.0012422387669494,5
0.0,,8.0,4,4,0.0,0.0,0.0,1.0,77.0,69.0,79.0,,,,,,39,MIXfix_M,95.0,35.0,57.0,False,0.0008576328257523,5
0.0,,8.0,4,4,0.0,0.0,0.0,1.0,77.5,74.0,79.0,,,,,,40,MIXfix_M,95.0,33.0,50.0,False,0.0009599676016807,5
0.0,,8.0,4,4,0.0,0.0,0.0,1.0,78.0,60.0,78.0,,,,,,41,MIXfix_M,95.0,30.0,38.0,False,0.0004926350213389,5
0.0,,8.0,4,4,0.0,0.0,0.0,1.0,77.0,72.0,78.0,,,,,,42,MIXfix_M,95.0,35.0,47.0,False,0.0012873194968897,5
0.0,,8.0,4,4,0.0,0.0,0.0,1.0,75.0,63.0,78.0,,,,,,43,MIXfix_M,95.0,36.0,53.0,False,0.0007067073668015,5
0.0,,8.0,4,4,0.0,0.0,0.0,1.0,69.5,65.0,76.0,,,,,,44,MIXfix_M,95.0,29.0,47.0,False,0.0016576647396985,5
0.0,,8.0,4,4,0.0,0.0,0.0,1.0,73.5,66.0,80.0,,,,,,45,MIXfix_M,95.0,34.0,50.0,False,0.0011471957132678,5
0.0,,8.0,4,4,0.0,0.0,0.0,1.0,74.5,65.0,80.0,,,,,,46,MIXfix_M,95.0,32.0,46.0,False,0.0016537349421779,5
0.0,,8.0,4,4,0.0,0.0,0.0,1.0,76.0,75.0,80.0,,,,,,47,MIXfix_M,95.0,33.0,47.0,False,0.0011850039558469,5
0.0,,8.0,4,4,0.0,0.0,0.0,1.0,75.5,72.0,79.0,,,,,,48,MIXfix_M,95.0,33.0,57.0,False,0.0010552902605721,5
0.0,,8.0,4,4,0.0,0.0,0.0,1.0,75.5,74.0,79.0,,,,,,49,MIXfix_M,95.0,33.0,59.0,False,0.001663353958511,5
0.0,,8.0,4,4,0.0,0.0,0.0,1.0,76.0,73.0,78.0,,,,,,50,MIXfix_M,95.0,31.0,56.0,False,0.0012947393178494,5
0.0,,8.0,4,4,0.0,0.0,0.0,1.0,77.5,65.0,80.0,,,,,,51,MIXfix_M,95.0,34.0,47.0,False,0.0009595615273997,5
0.0,,8.0,4,4,0.0,0.0,0.0,1.0,71.0,60.0,80.0,,,,,,52,MIXfix_M,95.0,36.0,61.0,False,0.0011032539883518,5
0.0,,8.0,4,4,0.0,0.0,0.0,1.0,76.0,73.0,78.0,,,,,,53,MIXfix_M,95.0,28.0,38.0,False,0.0009634360530983,5
0.0,,8.0,4,4,0.0,0.0,0.0,1.0,74.0,54.0,78.0,,,,,,54,MIXfix_M,95.0,40.0,61.0,False,0.0006364821300775,5
0.0,,8.0,4,4,0.0,0.0,0.0,1.0,71.0,48.0,78.0,,,,,,55,MIXfix_M,95.0,34.0,49.0,False,0.0026023076226138,5
0.0,,8.0,4,4,0.0,0.0,0.0,1.0,78.5,74.0,79.0,,,,,,56,MIXfix_M,95.0,32.0,53.0,False,0.0002200803579058,5
0.0,,8.0,4,4,0.0,0.0,0.0,1.0,77.0,64.0,79.0,,,,,,57,MIXfix_M,95.0,32.0,58.0,False,0.0018508649137307,5
0.0,,8.0,4,4,0.0,0.0,0.0,1.0,79.5,77.0,80.0,,,,,,58,MIXfix_M,95.0,30.0,66.0,False,0.0025710000841132,5
0.0,,8.0,4,4,0.0,0.0,0.0,1.0,65.5,63.0,74.0,,,,,,59,MIXfix_M,95.0,37.0,57.0,False,0.0015633762055759,5
1.0,33.0,80.0,4,4,1.0,1.0,1.0,0.0,11.0,11.0,11.0,,,,,,0,B,7.0,56.0,79.0,False,0.5938460296360974,6
1.0,50.0,84.0,4,4,1.0,1.0,1.0,0.0,11.0,11.0,11.0,,,,,,1,B,7.0,65.0,80.0,False,0.6014936576386155,6
1.0,21.0,86.0,4,4,0.995066312459804,1.0,1.0,0.0,11.0,11.0,11.0,,,,,,2,B,7.0,65.0,76.0,False,0.6022854395613062,6
0.0,,73.0,4,4,1.0,1.0,1.0,0.0,11.0,11.0,11.0,,,,,,3,B,7.0,56.0,77.0,False,0.6367602617841337,6
1.0,23.0,83.0,4,4,1.0,1.0,1.0,0.0,10.0,10.0,10.0,,,,,,4,B,6.0,62.0,76.0,False,0.6295935775145965,6
1.0,37.0,80.0,4,4,1.0,1.0,1.0,0.0,11.0,11.0,11.0,,,,,,5,B,7.0,55.0,70.0,False,0.614442354708666,6
1.0,42.0,94.0,4,4,0.9433309369226196,1.0,1.0,0.0,12.0,6.0,12.0,,,,,,6,B,8.0,65.0,81.0,False,0.5903638130240001,6
0.0,,11.0,4,4,0.7982449108202531,1.0,1.0,0.0,10.0,10.0,10.0,,,,,,7,B,6.0,68.0,82.0,False,0.5855197245986059,6
1.0,56.0,81.0,4,4,0.9730446254607098,1.0,1.0,0.0,11.0,11.0,11.0,,,,,,8,B,7.0,62.0,79.0,False,0.5948400581685511,6
1.0,15.0,82.0,4,4,1.0,1.0,1.0,0.0,11.0,11.0,11.0,,,,,,9,B,7.0,55.0,78.0,False,0.6169600083808218,6
1.0,62.0,84.0,4,4,1.0,1.0,1.0,0.0,11.0,11.0,11.0,,,,,,10,B,7.0,55.0,70.0,False,0.6149864251017733,6
1.0,14.0,81.0,4,4,1.0,1.0,1.0,0.0,11.0,11.0,11.0,,,,,,11,B,7.0,62.0,76.0,False,0.5968020268084536,6
1.0,34.0,84.0,4,4,0.7548395259258907,1.0,1.0,0.125,11.0,11.0,11.0,,,,,,12,B,7.0,64.0,81.0,False,0.5830019697742397,6
1.0,36.0,85.0,4,4,1.0,1.0,1.0,0.0,10.0,10.0,10.0,,,,,,13,B,6.0,56.0,76.0,False,0.6228996091340835,6
1.0,25.0,80.0,4,4,1.0,1.0,1.0,0.0,11.0,11.0,11.0,,,,,,14,B,7.0,57.0,80.0,False,0.6161566057722754,6
1.0,23.0,84.0,4,4,1.0,1.0,1.0,0.0,10.0,10.0,10.0,,,,,,15,B,6.0,65.0,78.0,False,0.5833975299946986,6
1.0,30.0,91.0,4,4,0.9943042098063972,1.0,1.0,0.0,10.0,10.0,10.0,,,,,,16,B,6.0,61.0,80.0,False,0.6047267706289668,6
1.0,25.0,81.0,4,4,1.0,1.0,1.0,0.0,11.0,11.0,11.0,,,,,,17,B,7.0,63.0,79.0,False,0.6190981548713143,6
0.0,,65.0,4,4,1.0,1.0,1.0,0.0,11.0,11.0,11.0,,,,,,18,B,7.0,64.0,83.0,False,0.6272235619484989,6
0.0,,66.0,4,4,0.8906342641035327,1.0,1.0,0.0,11.0,11.0,11.0,,,,,,19,B,7.0,58.0,81.0,False,0.5852947211985898,6
1.0,47.0,91.0,4,4,1.0,1.0,1.0,0.0,10.0,10.0,10.0,,,,,,20,B,6.0,71.0,84.0,False,0.5823648291975485,6
1.0,19.0,85.0,4,4,1.0,1.0,1.0,0.0,10.0,10.0,10.0,,,,,,21,B,6.0,69.0,85.0,False,0.5967373357605876,6
1.0,32.0,80.0,4,4,1.0,1.0,1.0,0.0,11.0,11.0,11.0,,,,,,22,B,7.0,64.0,74.0,False,0.6134681521362682,6
1.0,15.0,87.0,4,4,0.9631052455043756,1.0,1.0,0.0,11.0,11.0,11.0,,,,,,23,B,7.0,69.0,86.0,False,0.5867208901679556,6
1.0,53.0,83.0,4,4,1.0,1.0,1.0,0.0,10.0,10.0,10.0,,,,,,24,B,6.0,59.0,74.0,False,0.6428754380821484,6
1.0,68.0,88.0,4,4,0.986710115337412,1.0,1.0,0.0,12.0,12.0,12.0,,,,,,25,B,8.0,72.0,85.0,False,0.5940225025655649,6
0.0,,46.0,4,4,1.0,1.0,1.0,0.0,11.0,11.0,11.0,,,,,,26,B,7.0,59.0,75.0,False,0.6144892371720765,6
1.0,21.0,86.0,4,4,0.9756534895868976,1.0,1.0,0.0,11.0,11.0,11.0,,,,,,27,B,7.0,64.0,86.0,False,0.585992131900247,6
0.0,,62.0,4,4,1.0,1.0,1.0,0.0,10.0,10.0,10.0,,,,,,28,B,6.0,62.0,77.0,False,0.6324977540091329,6
1.0,29.0,90.0,4,4,0.94701067800385,1.0,1.0,0.0,11.0,11.0,11.0,,,,,,29,B,7.0,57.0,73.0,False,0.6168249344345372,6
1.0,22.0,94.0,4,4,1.0,1.0,1.0,0.0,10.0,10.0,10.0,,,,,,30,B,6.0,58.0,72.0,False,0.583277660922518,6
1.0,28.0,80.0,4,4,1.0,1.0,1.0,0.0,10.0,10.0,10.0,,,,,,31,B,6.0,65.0,78.0,False,0.6105072501485882,6
1.0,56.0,80.0,4,4,1.0,1.0,1.0,0.0,11.0,11.0,11.0,,,,,,32,B,7.0,67.0,85.0,False,0.606485435696298,6
1.0,19.0,85.0,4,4,1.0,1.0,1.0,0.0,10.0,10.0,10.0,,,,,,33,B,6.0,63.0,86.0,False,0.6091951993879597,6
1.0,30.0,96.0,4,4,0.9684858471593766,1.0,1.0,0.0,10.0,10.0,10.0,,,,,,34,B,6.0,63.0,81.0,False,0.6069343226724626,6
1.0,22.0,80.0,4,4,1.0,1.0,1.0,0.0,11.0,11.0,11.0,,,,,,35,B,7.0,62.0,76.0,False,0.6367533515913144,6
1.0,25.0,88.0,4,4,0.9810223895915549,1.0,1.0,0.0,11.0,11.0,11.0,,,,,,36,B,7.0,53.0,82.0,False,0.6093096199546447,6
1.0,40.0,82.0,4,4,0.9499020051521282,1.0,1.0,0.0,11.0,11.0,11.0,,,,,,37,B,7.0,59.0,78.0,False,0.620592335280928,6
1.0,46.0,82.0,4,4,0.875,1.0,1.0,0.125,11.0,11.0,11.0,,,,,,38,B,7.0,66.0,81.0,False,0.6156322856997413,6
1.0,23.0,84.0,4,4,1.0,1.0,1.0,0.0,11.0,11.0,11.0,,,,,,39,B,7.0,58.0,82.0,False,0.6365871456570648,6
1.0,78.0,84.0,4,4,1.0,1.0,1.0,0.0,11.0,11.0,11.0,,,,,,40,B,7.0,57.0,70.0,False,0.600959408279941,6
1.0,25.0,84.0,4,4,1.0,1.0,1.0,0.0,11.0,11.0,11.0,,,,,,41,B,7.0,57.0,77.0,False,0.6054998953747147,6
0.0,,72.0,4,4,1.0,1.0,1.0,0.0,11.0,11.0,11.0,,,,,,42,B,7.0,68.0,82.0,False,0.6218169131240773,6
1.0,17.0,81.0,4,4,0.9954185751845086,1.0,1.0,0.0,11.0,11.0,11.0,,,,,,43,B,7.0,67.0,86.0,False,0.6104992664465307,6
1.0,25.0,84.0,4,4,0.9555919648476032,1.0,1.0,0.0,10.0,10.0,10.0,,,,,,44,B,6.0,67.0,80.0,False,0.6133844487816955,6
1.0,54.0,82.0,4,4,1.0,1.0,1.0,0.0,10.0,10.0,10.0,,,,,,45,B,6.0,65.0,87.0,False,0.6275313466994863,6
1.0,47.0,85.0,4,4,1.0,1.0,1.0,0.0,11.0,11.0,11.0,,,,,,46,B,7.0,60.0,80.0,False,0.5892539861422232,6
1.0,13.0,82.0,4,4,0.7529172486333324,0.7546604503319869,1.0,0.0,9.0,6.0,12.0,,,,,,47,B,8.0,65.0,79.0,False,0.5814434035273363,6
1.0,18.0,80.0,4,4,1.0,1.0,1.0,0.0,11.0,11.0,11.0,,,,,,48,B,7.0,71.0,86.0,False,0.6307753021633498,6
1.0,36.0,81.0,4,4,0.993528241055064,1.0,1.0,0.0,11.0,11.0,11.0,,,,,,49,B,7.0,50.0,69.0,False,0.611800320609103,6
1.0,32.0,84.0,4,4,1.0,1.0,1.0,0.0,10.0,10.0,10.0,,,,,,50,B,6.0,58.0,78.0,False,0.6083804477323551,6
0.0,,8.0,4,4,0.7696667095647916,0.8118181818181818,1.0,0.0,9.0,6.0,12.0,,,,,,51,B,8.0,63.0,77.0,False,0.6135218212271181,6
1.0,32.0,82.0,4,4,0.8526651569628163,1.0,1.0,0.0,12.0,6.0,12.0,,,,,,52,B,8.0,70.0,85.0,False,0.6006280764776243,6
1.0,30.0,83.0,4,4,0.9086332995965508,1.0,1.0,0.0,11.0,11.0,11.0,,,,,,53,B,7.0,66.0,77.0,False,0.5832726635347139,6
1.0,42.0,83.0,4,4,1.0,1.0,1.0,0.0,11.0,11.0,11.0,,,,,,54,B,7.0,64.0,77.0,False,0.615473600156285,6
0.0,,66.0,4,4,1.0,1.0,1.0,0.0,10.0,10.0,10.0,,,,,,55,B,6.0,63.0,85.0,False,0.6017357232225191,6
1.0,43.0,86.0,4,4,1.0,1.0,1.0,0.0,11.0,11.0,11.0,,,,,,56,B,7.0,70.0,81.0,False,0.5949678786564075,6
0.0,,69.0,4,4,1.0,1.0,1.0,0.0,10.0,10.0,10.0,,,,,,57,B,6.0,66.0,84.0,False,0.6414925863180105,6
1.0,27.0,86.0,4,4,1.0,1.0,1.0,0.0,11.0,11.0,11.0,,,,,,58,B,7.0,61.0,84.0,False,0.6195102103658465,6
0.0,,77.0,4,4,1.0,1.0,1.0,0.0,11.0,11.0,11.0,,,,,,59,B,7.0,66.0,77.0,False,0.6114318320005107,6
0.0,,8.0,4,4,0.4507701059181751,0.4455275230103002,0.4963538301004588,0.0,13.0,13.0,13.0,,,,,,0,BAND,9.0,56.0,79.0,False,0.5476547791048548,6
0.0,,8.0,4,4,0.4224002805028792,0.45,0.5,0.0,15.0,15.0,15.0,,,,,,1,BAND,11.0,65.0,80.0,False,0.4625155084970845,6
0.0,,12.0,4,4,0.3124740079198151,0.3207843046747241,0.4844569114311711,0.0,12.0,12.0,12.0,,,,,,2,BAND,8.0,65.0,76.0,False,0.5680333510192086,6
0.0,,8.0,4,4,0.3708965452436585,0.3999999999999999,0.4566451914059339,0.0,14.0,14.0,14.0,,,,,,3,BAND,10.0,56.0,77.0,False,0.5133910184387271,6
0.0,,17.0,4,4,0.3900750241842105,0.3834571071505134,0.4898898428245784,0.0,14.0,14.0,14.0,5.0,5.0,0.3292597002892061,0.3292597002892061,,4,BAND,10.0,62.0,76.0,False,0.4883910654180828,6
1.0,97.0,344.0,4,4,0.4144599466548565,0.4,0.5,0.0,16.0,16.0,16.0,344.0,231.0,0.3606874371558349,0.3072568850499708,0.1340540844117461,5,BAND,12.0,55.0,70.0,False,0.4100690807390481,6
0.0,,8.0,4,4,0.3577156589794887,0.3400346731270433,0.4887146463405478,0.0,13.0,13.0,13.0,,,,,,6,BAND,9.0,65.0,81.0,False,0.5539651709022633,6
0.0,,8.0,4,4,0.3668577108163892,0.3884852549118234,0.4554272428850793,0.0,12.0,12.0,12.0,,,,,,7,BAND,8.0,68.0,82.0,False,0.5253682949578697,6
0.0,,8.0,4,4,0.3538300181702227,0.2999999999999999,0.5,0.0,14.0,14.0,14.0,,,,,,8,BAND,10.0,62.0,79.0,False,0.5127688487865062,6
0.0,,8.0,4,4,0.3807627947122196,0.3999999999999999,0.5,0.0,16.0,16.0,16.0,,,,,,9,BAND,12.0,55.0,78.0,False,0.4238735112824416,6
0.0,,9.0,4,4,0.3152342797373013,0.3234603192317103,0.3914799881001247,0.0,14.0,14.0,14.0,,,,,,10,BAND,10.0,55.0,70.0,False,0.4930536010142131,6
0.0,,10.0,4,4,0.3446367580402713,0.3128154470723889,0.4846439228169283,0.0,14.0,14.0,14.0,,,,,,11,BAND,10.0,62.0,76.0,False,0.4691191609360624,6
0.0,,8.0,4,4,0.3282774303923441,0.297718850977738,0.4430215967459887,0.0,13.0,13.0,13.0,,,,,,12,BAND,9.0,64.0,81.0,False,0.5147783819214126,6
0.0,,8.0,4,4,0.342750625378184,0.3324834484261766,0.489223039428326,0.0,14.0,14.0,14.0,,,,,,13,BAND,10.0,56.0,76.0,False,0.4979022172909043,6
0.0,,8.0,4,4,0.3127401901286619,0.2858726046714069,0.4320093477198427,0.0,14.0,14.0,14.0,,,,,,14,BAND,10.0,57.0,80.0,False,0.5465073719794245,6
1.0,121.0,227.0,4,4,0.399558197781229,0.4416695820049845,0.4831575268797649,0.0,12.0,12.0,12.0,227.0,152.0,0.4327880587642201,0.3790875544125557,0.2465891863797605,15,BAND,8.0,65.0,78.0,False,0.5084201148395526,6
0.0,,8.0,4,4,0.3523209478446861,0.3796931882575256,0.4384732684727567,0.0,13.0,13.0,13.0,,,,,,16,BAND,9.0,61.0,80.0,False,0.4865093359167268,6
0.0,,18.0,4,4,0.4545394885316119,0.4741885450976786,0.5,0.0,14.0,14.0,14.0,13.0,13.0,0.344179955001963,0.344179955001963,,17,BAND,10.0,63.0,79.0,False,0.4790694592316849,6
0.0,,8.0,4,4,0.3586746211937008,0.3488881988983927,0.4828737258797368,0.0,13.0,13.0,13.0,,,,,,18,BAND,9.0,64.0,83.0,False,0.5722139801997729,6
0.0,,8.0,4,4,0.3546000698379712,0.357692468852443,0.4534033242536001,0.0,12.0,12.0,12.0,,,,,,19,BAND,8.0,58.0,81.0,False,0.5250080260276269,6
0.0,,8.0,4,4,0.408324865941465,0.4582572704250379,0.5,0.0,14.0,14.0,14.0,,,,,,20,BAND,10.0,71.0,84.0,False,0.4683242468637456,6
0.0,,8.0,4,4,0.3875884922498293,0.4077798992313361,0.4993562060696307,0.0,13.0,13.0,13.0,,,,,,21,BAND,9.0,69.0,85.0,False,0.4961511236090283,6
0.0,,8.0,4,4,0.3882074272890664,0.4627804912698001,0.4737866059338688,0.0,13.0,13.0,13.0,,,,,,22,BAND,9.0,64.0,74.0,False,0.5502845585932973,6
0.0,,8.0,4,4,0.4027524272172046,0.4192448264485308,0.5,0.0,14.0,14.0,14.0,,,,,,23,BAND,10.0,69.0,86.0,False,0.5257988638608049,6
0.0,,24.0,4,4,0.351966446110546,0.3511532603381438,0.4816426180451536,0.0,14.0,14.0,14.0,23.0,22.0,0.3508018643670397,0.3486902812733192,,24,BAND,10.0,59.0,74.0,False,0.4884996183583445,6
0.0,,8.0,4,4,0.4052364895186279,0.3999999999999999,0.5,0.0,16.0,16.0,16.0,,,,,,25,BAND,12.0,72.0,85.0,False,0.4480857860925426,6
0.0,,10.0,4,4,0.3818359905623705,0.4,0.4624488882830091,0.0,15.0,15.0,15.0,2.0,2.0,0.26,0.26,,26,BAND,11.0,59.0,75.0,False,0.4664484774638579,6
0.0,,8.0,4,4,0.3145367180167086,0.2909053604538362,0.3999999999999999,0.0,15.0,15.0,15.0,,,,,,27,BAND,11.0,64.0,86.0,False,0.4676779417757509,6
0.0,,8.0,4,4,0.424908943158884,0.4440751751168807,0.5,0.0,14.0,14.0,14.0,,,,,,28,BAND,10.0,62.0,77.0,False,0.4853689253988554,6
0.0,,8.0,4,4,0.4369990353450166,0.4522184313108667,0.4611983963074374,0.0,14.0,14.0,14.0,,,,,,29,BAND,10.0,57.0,73.0,False,0.5313434839251695,6
0.0,,8.0,4,4,0.3707913495782812,0.3963065917966775,0.5,0.0,15.0,15.0,15.0,,,,,,30,BAND,11.0,58.0,72.0,False,0.433102026603635,6
0.0,,8.0,4,4,0.3912451745710398,0.3589557814985765,0.5,0.0,14.0,14.0,14.0,,,,,,31,BAND,10.0,65.0,78.0,False,0.5007399075501845,6
0.0,,8.0,4,4,0.4604311401796516,0.4612285322190991,0.4883645988486798,0.0,13.0,13.0,13.0,,,,,,32,BAND,9.0,67.0,85.0,False,0.5317901575544979,6
0.0,,10.0,4,4,0.3899554885743094,0.3432676362792859,0.5,0.0,14.0,14.0,14.0,,,,,,33,BAND,10.0,63.0,86.0,False,0.4564808561752563,6
0.0,,8.0,4,4,0.3675053923310369,0.3801179263642257,0.4495579102724771,0.0,12.0,12.0,12.0,,,,,,34,BAND,8.0,63.0,81.0,False,0.5293001738414712,6
0.0,,13.0,4,4,0.4201394808901363,0.4234751376829448,0.5,0.0,14.0,14.0,14.0,,,,,,35,BAND,10.0,62.0,76.0,False,0.5189836154257254,6
0.0,,10.0,4,4,0.3918793886304767,0.4260068006020474,0.5,0.0,14.0,14.0,14.0,,,,,,36,BAND,10.0,53.0,82.0,False,0.5057930733399396,6
0.0,,8.0,4,4,0.3769685091962856,0.3878501804946093,0.4913993450602935,0.0,13.0,13.0,13.0,,,,,,37,BAND,9.0,59.0,78.0,False,0.5285035997795453,6
0.0,,8.0,4,4,0.3878461119051152,0.4184055998113047,0.4445489572820696,0.0,14.0,14.0,14.0,,,,,,38,BAND,10.0,66.0,81.0,False,0.5218585188591209,6
0.0,,9.0,4,4,0.366437009759841,0.3157480390393642,0.5,0.0,16.0,16.0,16.0,,,,,,39,BAND,12.0,58.0,82.0,False,0.446757940129911,6
0.0,,10.0,4,4,0.3144367915357251,0.2732925503350358,0.4864777392496573,0.0,13.0,13.0,13.0,,,,,,40,BAND,9.0,57.0,70.0,False,0.5320858779306266,6
1.0,97.0,409.0,4,4,0.4284383487723115,0.5,0.5,0.0,14.0,14.0,14.0,409.0,256.0,0.4477389402476947,0.3771812880103466,0.2849114655643994,41,BAND,10.0,57.0,77.0,False,0.5093451194888275,6
0.0,,14.0,4,4,0.4125695044026586,0.4489700242937732,0.4977163629766444,0.0,14.0,14.0,14.0,10.0,7.0,0.432649053863417,0.3747654949473598,,42,BAND,10.0,68.0,82.0,False,0.5169453290655912,6
0.0,,13.0,4,4,0.3307532040115819,0.3489132785554811,0.4817530368936009,0.0,12.0,12.0,12.0,,,,,,43,BAND,8.0,67.0,86.0,False,0.558069751135865,6
1.0,117.0,303.0,4,4,0.4212478126388614,0.4219624793030874,0.5,0.0,15.0,15.0,15.0,303.0,220.0,0.369991807095092,0.3303760931912501,,44,BAND,11.0,67.0,80.0,False,0.4662157381280922,6
0.0,,10.0,4,4,0.3016797972823138,0.2648173376176588,0.455030206630666,0.0,13.0,13.0,13.0,,,,,,45,BAND,9.0,65.0,87.0,False,0.5369937932030021,6
0.0,,34.0,4,4,0.2688823525612652,0.2502841833869925,0.3448280041332068,0.0,12.0,12.0,12.0,24.0,24.0,0.4475666165646041,0.4475666165646041,,46,BAND,8.0,60.0,80.0,False,0.5514748154996444,6
0.0,,8.0,4,4,0.34260618702759,0.2999999999999999,0.5,0.0,15.0,15.0,15.0,,,,,,47,BAND,11.0,65.0,79.0,False,0.4747980387237777,6
0.0,,8.0,4,4,0.4439952412347834,0.4439952412347834,0.4451277153138282,0.0,13.0,13.0,13.0,,,,,,48,BAND,9.0,71.0,86.0,False,0.5616344563635441,6
0.0,,9.0,4,4,0.4044200324575012,0.3999999999999999,0.5,0.0,15.0,15.0,15.0,1.0,1.0,0.568878862250375,0.568878862250375,,49,BAND,11.0,50.0,69.0,False,0.4561320479048921,6
1.0,146.0,102.0,4,4,0.416793243605688,0.4438254726340586,0.4975370146593113,0.0,12.0,12.0,12.0,102.0,64.0,0.3978237718339604,0.3348516171515728,0.211755084674055,50,BAND,8.0,58.0,78.0,False,0.5482656013033864,6
0.0,,14.0,4,4,0.3960586266046886,0.3969738429596454,0.4915071089727395,0.0,14.0,14.0,14.0,3.0,3.0,0.320096044136108,0.320096044136108,,51,BAND,10.0,63.0,77.0,False,0.4884073386254602,6
0.0,,10.0,4,4,0.2679899503387979,0.2451320985060364,0.4579719489813755,0.0,13.0,13.0,13.0,,,,,,52,BAND,9.0,70.0,85.0,False,0.5684477029963371,6
0.0,,22.0,4,4,0.4279826259801321,0.4495892254209114,0.496953359930747,0.0,13.0,13.0,13.0,21.0,21.0,0.5969846950862902,0.5969846950862902,,53,BAND,9.0,66.0,77.0,False,0.4919321501505938,6
1.0,112.0,230.0,4,4,0.3261047941683214,0.3260341174314287,0.3743518285623741,0.0,13.0,13.0,13.0,230.0,163.0,0.3533770777537068,0.3198899293963345,0.299578026395476,54,BAND,9.0,64.0,77.0,False,0.5626963636602317,6
0.0,,8.0,4,4,0.3698723094468443,0.4206129309341183,0.4500167044470307,0.0,13.0,13.0,13.0,,,,,,55,BAND,9.0,63.0,85.0,False,0.4889578787527319,6
0.0,,8.0,4,4,0.4495615735651821,0.445793693336283,0.4909902218351973,0.0,12.0,12.0,12.0,,,,,,56,BAND,8.0,70.0,81.0,False,0.5707081348109048,6
1.0,80.0,370.0,4,4,0.4617711657077752,0.4736651272235198,0.5,0.0,14.0,14.0,14.0,370.0,255.0,0.3656399467896756,0.3221590003693765,0.2562232903847227,57,BAND,10.0,66.0,84.0,False,0.5076240365485959,6
1.0,149.0,91.0,4,4,0.4007866066493682,0.3999999999999999,0.5,0.0,14.0,14.0,14.0,91.0,58.0,0.5211832776170761,0.421881806118008,0.3648236851534861,58,BAND,10.0,61.0,84.0,False,0.5094733506916884,6
0.0,,8.0,4,4,0.3544169586171292,0.3036287560093653,0.5,0.0,14.0,14.0,14.0,,,,,,59,BAND,10.0,66.0,77.0,False,0.4791698832934722,6
1.0,57.0,406.0,4,4,0.4507980077134997,0.4455275230103002,0.4666094618230985,0.0,13.0,13.0,13.0,403.0,303.0,0.2802946790632947,0.269334842665392,0.1940471546616252,0,BAND_MIX_F,9.0,56.0,79.0,False,0.5476547791048548,6
0.0,,11.0,4,4,0.4398221493095972,0.4400431766076773,0.5,0.0,15.0,15.0,15.0,,,,,,1,BAND_MIX_F,11.0,65.0,80.0,False,0.4625155084970845,6
1.0,77.0,411.0,4,4,0.3005157747323405,0.3207843046747241,0.3470346207129389,0.0,12.0,12.0,12.0,409.0,207.0,0.4321814652638301,0.3425598191216785,0.3556621344412515,2,BAND_MIX_F,8.0,65.0,76.0,False,0.5680333510192086,6
0.0,,19.0,4,4,0.4454528943854534,0.4450832692341052,0.4916450390736032,0.0,14.0,14.0,14.0,10.0,10.0,0.4087717777862946,0.4087717777862946,,3,BAND_MIX_F,10.0,56.0,77.0,False,0.5133910184387271,6
0.0,,16.0,4,4,0.4061862315033269,0.3928754822100713,0.4991445577517437,0.0,14.0,14.0,14.0,1.0,1.0,1.0,1.0,,4,BAND_MIX_F,10.0,62.0,76.0,False,0.4883910654180828,6
0.0,,10.0,4,4,0.3749999999999999,0.3999999999999999,0.4,0.0,16.0,16.0,16.0,3.0,3.0,0.6626164043754287,0.6626164043754287,,5,BAND_MIX_F,12.0,55.0,70.0,False,0.4100690807390481,6
0.0,,10.0,4,4,0.3561341042887584,0.3400346731270433,0.4278353689960028,0.0,13.0,13.0,13.0,,,,,,6,BAND_MIX_F,9.0,65.0,81.0,False,0.5539651709022633,6
0.0,,9.0,4,4,0.3740492044103464,0.3883983175631593,0.4144996984385035,0.0,12.0,12.0,12.0,,,,,,7,BAND_MIX_F,8.0,68.0,82.0,False,0.5253682949578697,6
1.0,150.0,85.0,4,4,0.3264447944238622,0.2948648188363975,0.4704126719331798,0.0,14.0,14.0,14.0,85.0,50.0,0.6441172854774362,0.4965925881749081,0.1389579992119101,8,BAND_MIX_F,10.0,62.0,79.0,False,0.5127688487865062,6
0.0,,8.0,4,4,0.4,0.3999999999999999,0.5,0.0,16.0,16.0,16.0,,,,,,9,BAND_MIX_F,12.0,55.0,78.0,False,0.4238735112824416,6
0.0,,9.0,4,4,0.3203622804821149,0.339243537296321,0.3735879205057301,0.0,14.0,14.0,14.0,,,,,,10,BAND_MIX_F,10.0,55.0,70.0,False,0.4930536010142131,6
1.0,53.0,405.0,4,4,0.3657640281137342,0.3704934856639247,0.4795825628866385,0.0,14.0,14.0,14.0,397.0,240.0,0.3990394759631036,0.3417931110008102,0.2990483203536233,11,BAND_MIX_F,10.0,62.0,76.0,False,0.4691191609360624,6
0.0,,49.0,4,4,0.354570792388493,0.3661454455776997,0.4430215967459887,0.0,13.0,13.0,13.0,49.0,34.0,0.5547933186211167,0.4823626086830308,0.347251098952225,12,BAND_MIX_F,9.0,64.0,81.0,False,0.5147783819214126,6
1.0,44.0,406.0,4,4,0.3581918745587442,0.3359904548658001,0.4761704022272762,0.0,14.0,14.0,14.0,399.0,282.0,0.2797226871734712,0.2588458393259719,0.263068322061171,13,BAND_MIX_F,10.0,56.0,76.0,False,0.4979022172909043,6
0.0,,8.0,4,4,0.3108316584093675,0.2999999999999999,0.3715814242946563,0.0,14.0,14.0,14.0,,,,,,14,BAND_MIX_F,10.0,57.0,80.0,False,0.5465073719794245,6
1.0,58.0,407.0,4,4,0.3608050237545265,0.3767714474202525,0.4875637419506238,0.0,12.0,12.0,12.0,401.0,254.0,0.3986640603349354,0.3566631999953915,0.3251934821266281,15,BAND_MIX_F,8.0,65.0,78.0,False,0.5084201148395526,6
0.0,,8.0,4,4,0.3875641576672531,0.4024826774263752,0.4384732684727567,0.0,13.0,13.0,13.0,,,,,,16,BAND_MIX_F,9.0,61.0,80.0,False,0.4865093359167268,6
1.0,54.0,408.0,4,4,0.4712297855776224,0.4687190266238141,0.5,0.0,14.0,14.0,14.0,403.0,289.0,0.3954326861466339,0.3652520007178337,0.3366182800281134,17,BAND_MIX_F,10.0,63.0,79.0,False,0.4790694592316849,6
1.0,68.0,407.0,4,4,0.3662287913562084,0.3488881988983927,0.4828737258797368,0.0,13.0,13.0,13.0,406.0,280.0,0.3018544706727524,0.2767842568079822,0.1810338581707334,18,BAND_MIX_F,9.0,64.0,83.0,False,0.5722139801997729,6
1.0,49.0,410.0,4,4,0.4338723248871956,0.4534033242536001,0.4750897435332358,0.0,12.0,12.0,12.0,404.0,293.0,0.330176810639598,0.3066480895883203,,19,BAND_MIX_F,8.0,58.0,81.0,False,0.5250080260276269,6
0.0,,13.0,4,4,0.363155616903195,0.3403216426542683,0.4955342194903952,0.0,14.0,14.0,14.0,3.0,3.0,0.3951606055781864,0.3951606055781864,,20,BAND_MIX_F,10.0,71.0,84.0,False,0.4683242468637456,6
0.0,,8.0,4,4,0.4013827561129494,0.4123733997535839,0.4983341084273858,0.0,13.0,13.0,13.0,,,,,,21,BAND_MIX_F,9.0,69.0,85.0,False,0.4961511236090283,6
0.0,,8.0,4,4,0.3183230145426853,0.2814970719396104,0.4700626263209492,0.0,13.0,13.0,13.0,,,,,,22,BAND_MIX_F,9.0,64.0,74.0,False,0.5502845585932973,6
0.0,,8.0,4,4,0.3948921542022864,0.3929860247898858,0.5,0.0,14.0,14.0,14.0,,,,,,23,BAND_MIX_F,10.0,69.0,86.0,False,0.5257988638608049,6
0.0,,8.0,4,4,0.3651380154280189,0.3790839247878916,0.3999999999999999,0.0,14.0,14.0,14.0,,,,,,24,BAND_MIX_F,10.0,59.0,74.0,False,0.4884996183583445,6
1.0,89.0,312.0,4,4,0.4122707238886154,0.4245414477772308,0.5,0.0,16.0,16.0,16.0,312.0,228.0,0.3754292314728173,0.3487395257709876,0.3055017762931373,25,BAND_MIX_F,12.0,72.0,85.0,False,0.4480857860925426,6
1.0,58.0,266.0,4,4,0.3525675333042141,0.3707144029825022,0.4,0.0,15.0,15.0,15.0,265.0,202.0,0.3009023342974385,0.2778619467526898,0.2020754352816025,26,BAND_MIX_F,11.0,59.0,75.0,False,0.4664484774638579,6
1.0,50.0,406.0,4,4,0.290929013285065,0.2604214837073805,0.3999999999999999,0.0,15.0,15.0,15.0,399.0,253.0,0.3756782600979695,0.3545055058651635,0.3109410217246562,27,BAND_MIX_F,11.0,64.0,86.0,False,0.4676779417757509,6
1.0,40.0,337.0,4,4,0.4358873889827255,0.4346300855867533,0.5,0.0,14.0,14.0,14.0,331.0,225.0,0.3427425828198778,0.2990696952071636,0.1975679395912326,28,BAND_MIX_F,10.0,62.0,77.0,False,0.4853689253988554,6
1.0,97.0,409.0,4,4,0.4297750804249511,0.4278125941288903,0.4611983963074374,0.0,14.0,14.0,14.0,409.0,266.0,0.3489964721385536,0.3124188790597573,0.3367636099778626,29,BAND_MIX_F,10.0,57.0,73.0,False,0.5313434839251695,6
1.0,57.0,245.0,4,4,0.3989062694877968,0.4227453964496532,0.4499503961098045,0.0,15.0,15.0,15.0,242.0,204.0,0.2624875648480587,0.2606698193675117,0.3284861952947346,30,BAND_MIX_F,11.0,58.0,72.0,False,0.433102026603635,6
0.0,,10.0,4,4,0.3067846792474381,0.284088708547252,0.4497396642993209,0.0,14.0,14.0,14.0,,,,,,31,BAND_MIX_F,10.0,65.0,78.0,False,0.5007399075501845,6
0.0,,8.0,4,4,0.4680125488764942,0.4612285322190991,0.4883645988486798,0.0,13.0,13.0,13.0,,,,,,32,BAND_MIX_F,9.0,67.0,85.0,False,0.5317901575544979,6
1.0,59.0,404.0,4,4,0.475,0.5,0.5,0.0,14.0,14.0,14.0,396.0,198.0,0.4633627301705337,0.3510320076879403,0.2047272197739549,33,BAND_MIX_F,10.0,63.0,86.0,False,0.4564808561752563,6
1.0,101.0,415.0,4,4,0.3784430087849524,0.3801179263642257,0.4495579102724771,0.0,12.0,12.0,12.0,415.0,216.0,0.3633392383359299,0.2727354876286619,0.1678648599543492,34,BAND_MIX_F,8.0,63.0,81.0,False,0.5293001738414712,6
1.0,87.0,407.0,4,4,0.4285413929388002,0.4752252450398918,0.5,0.0,14.0,14.0,14.0,407.0,187.0,0.4660705979341857,0.3163980606318856,0.0907684937912425,35,BAND_MIX_F,10.0,62.0,76.0,False,0.5189836154257254,6
1.0,61.0,432.0,4,4,0.4455235336673887,0.4678508376100969,0.5,0.0,14.0,14.0,14.0,426.0,246.0,0.383644142311594,0.3209769411303888,0.264129616781959,36,BAND_MIX_F,10.0,53.0,82.0,False,0.5057930733399396,6
1.0,69.0,403.0,4,4,0.4082124734522893,0.4346681316306778,0.4913993450602935,0.0,13.0,13.0,13.0,400.0,223.0,0.4299910225838365,0.3412130354638441,0.1944320881482967,37,BAND_MIX_F,9.0,59.0,78.0,False,0.5285035997795453,6
0.0,,9.0,4,4,0.3777581901536222,0.4115860653915413,0.4445489572820696,0.0,14.0,14.0,14.0,,,,,,38,BAND_MIX_F,10.0,66.0,81.0,False,0.5218585188591209,6
0.0,,28.0,4,4,0.335026620492785,0.3200532409855699,0.4,0.0,16.0,16.0,16.0,27.0,27.0,0.2874931982657472,0.2874931982657472,,39,BAND_MIX_F,12.0,58.0,82.0,False,0.446757940129911,6
1.0,52.0,402.0,4,4,0.3464015960953301,0.3403383945281444,0.4984272350973742,0.0,13.0,13.0,13.0,395.0,290.0,0.2178073051951433,0.2097830128285843,,40,BAND_MIX_F,9.0,57.0,70.0,False,0.5320858779306266,6
0.0,,8.0,4,4,0.4499999999999999,0.5,0.5,0.0,14.0,14.0,14.0,,,,,,41,BAND_MIX_F,10.0,57.0,77.0,False,0.5093451194888275,6
1.0,61.0,420.0,4,4,0.4096338331334682,0.4372273392170115,0.4977163629766444,0.0,14.0,14.0,14.0,417.0,232.0,0.4297641224490003,0.3547764505828786,0.2633060313254929,42,BAND_MIX_F,10.0,68.0,82.0,False,0.5169453290655912,6
1.0,67.0,401.0,4,4,0.3242697996895042,0.2910598601049743,0.4817530368936009,0.0,12.0,12.0,12.0,401.0,269.0,0.3165626963911167,0.3084199551403164,0.2817728677510288,43,BAND_MIX_F,8.0,67.0,86.0,False,0.558069751135865,6
1.0,64.0,410.0,4,4,0.4351886707815058,0.4935605385158794,0.5,0.0,15.0,15.0,15.0,405.0,236.0,0.4301740055184425,0.3540478416764876,0.3524986568356655,44,BAND_MIX_F,11.0,67.0,80.0,False,0.4662157381280922,6
0.0,,8.0,4,4,0.3241328626837571,0.280566623149752,0.455030206630666,0.0,13.0,13.0,13.0,,,,,,45,BAND_MIX_F,9.0,65.0,87.0,False,0.5369937932030021,6
1.0,65.0,409.0,4,4,0.2874805217355379,0.2774049497109763,0.3448280041332068,0.0,12.0,12.0,12.0,404.0,269.0,0.2928939351488262,0.2629722903098607,0.2113782146520187,46,BAND_MIX_F,8.0,60.0,80.0,False,0.5514748154996444,6
0.0,,8.0,4,4,0.4157519871725988,0.4,0.4630079486903951,0.0,15.0,15.0,15.0,,,,,,47,BAND_MIX_F,11.0,65.0,79.0,False,0.4747980387237777,6
0.0,,14.0,4,4,0.4439952412347834,0.4439952412347834,0.4451277153138282,0.0,13.0,13.0,13.0,5.0,5.0,0.3095182728322289,0.3095182728322289,,48,BAND_MIX_F,9.0,71.0,86.0,False,0.5616344563635441,6
1.0,146.0,111.0,4,4,0.381493508826633,0.3957608152806286,0.4934033304854193,0.0,15.0,15.0,15.0,111.0,66.0,0.5695539150349179,0.4488259379415889,,49,BAND_MIX_F,11.0,50.0,69.0,False,0.4561320479048921,6
1.0,47.0,411.0,4,4,0.3740798123379351,0.3625143616239438,0.4975370146593113,0.0,12.0,12.0,12.0,403.0,289.0,0.2464036983459127,0.2344691753126334,0.2030510400606736,50,BAND_MIX_F,8.0,58.0,78.0,False,0.5482656013033864,6
1.0,41.0,421.0,4,4,0.4267202848737891,0.4576870152612084,0.4915071089727395,0.0,14.0,14.0,14.0,415.0,251.0,0.3189349453102933,0.2713642297735065,0.3035894635662782,51,BAND_MIX_F,10.0,63.0,77.0,False,0.4884073386254602,6
1.0,117.0,210.0,4,4,0.3361248004181326,0.3248274685485746,0.4579719489813755,0.0,13.0,13.0,13.0,210.0,169.0,0.4465931647295865,0.4240348637671746,0.3665187184890225,52,BAND_MIX_F,9.0,70.0,85.0,False,0.5684477029963371,6
1.0,36.0,292.0,4,4,0.4269724013955024,0.4399026119103266,0.496953359930747,0.0,13.0,13.0,13.0,284.0,203.0,0.3070257895253107,0.2706794943916813,,53,BAND_MIX_F,9.0,66.0,77.0,False,0.4919321501505938,6
0.0,,8.0,4,4,0.3413977744586639,0.3442729786794969,0.3643929945893516,0.0,13.0,13.0,13.0,,,,,,54,BAND_MIX_F,9.0,64.0,77.0,False,0.5626963636602317,6
0.0,,8.0,4,4,0.3632804347812372,0.3576839618683773,0.3955573989811235,0.0,13.0,13.0,13.0,,,,,,55,BAND_MIX_F,9.0,63.0,85.0,False,0.4889578787527319,6
1.0,73.0,262.0,4,4,0.4412252739730928,0.445353088469359,0.4885009191295741,0.0,12.0,12.0,12.0,262.0,190.0,0.3672872261160408,0.3229071411422016,0.2429248459185274,56,BAND_MIX_F,8.0,70.0,81.0,False,0.5707081348109048,6
1.0,79.0,422.0,4,4,0.3731279856300163,0.3989835005434186,0.4473302544470396,0.0,14.0,14.0,14.0,422.0,306.0,0.3776301562138721,0.3355651580007616,0.3411712265531553,57,BAND_MIX_F,10.0,66.0,84.0,False,0.5076240365485959,6
0.0,,14.0,4,4,0.3047337213657685,0.2797337213657684,0.3999999999999999,0.0,14.0,14.0,14.0,1.0,1.0,0.96847139566823,0.96847139566823,,58,BAND_MIX_F,10.0,61.0,84.0,False,0.5094733506916884,6
0.0,,11.0,4,4,0.4113321697972054,0.4015153944105946,0.5,0.0,14.0,14.0,14.0,,,,,,59,BAND_MIX_F,10.0,66.0,77.0,False,0.4791698832934722,6
1.0,65.0,272.0,4,4,0.4507422041228505,0.4709406765553795,0.4963538301004588,0.0,13.0,13.0,13.0,272.0,200.0,0.4339954347298412,0.3856759208562214,,0,BAND_MIX_M,9.0,56.0,79.0,False,0.5476547791048548,6
1.0,33.0,408.0,4,4,0.35,0.3,0.5,0.0,15.0,15.0,15.0,400.0,282.0,0.3325660324917605,0.3061776101336348,0.2329950436447246,1,BAND_MIX_M,11.0,65.0,80.0,False,0.4625155084970845,6
1.0,100.0,404.0,4,4,0.2910385531457988,0.2331187161425247,0.4844569114311711,0.0,12.0,12.0,12.0,404.0,271.0,0.3039037676370367,0.2752952724317463,0.2481559943710452,2,BAND_MIX_M,8.0,65.0,76.0,False,0.5680333510192086,6
1.0,60.0,141.0,4,4,0.3631692720477681,0.3924780266438074,0.4566451914059339,0.0,14.0,14.0,14.0,138.0,114.0,0.2937308441204708,0.277855814313433,0.1698752257377393,3,BAND_MIX_M,10.0,56.0,77.0,False,0.5133910184387271,6
1.0,122.0,414.0,4,4,0.3848271114685025,0.3808804387391634,0.3999999999999999,0.0,14.0,14.0,14.0,414.0,257.0,0.3363415843098294,0.2918108925953963,0.2597414565401134,4,BAND_MIX_M,10.0,62.0,76.0,False,0.4883910654180828,6
1.0,42.0,138.0,4,4,0.4270530336678335,0.4462662807162408,0.5,0.0,16.0,16.0,16.0,132.0,122.0,0.3277133657515084,0.3238575592050669,,5,BAND_MIX_M,12.0,55.0,70.0,False,0.4100690807390481,6
0.0,,8.0,4,4,0.4153982710791921,0.4219780456590158,0.4923906994554756,0.0,13.0,13.0,13.0,,,,,,6,BAND_MIX_M,9.0,65.0,81.0,False,0.5539651709022633,6
1.0,48.0,232.0,4,4,0.3802322430763267,0.3802222652914474,0.3937562825755049,0.0,12.0,12.0,12.0,227.0,152.0,0.460378271628968,0.3952268225601309,0.3254153844467098,7,BAND_MIX_M,8.0,68.0,82.0,False,0.5253682949578697,6
1.0,37.0,198.0,4,4,0.3806933777940854,0.3613867555881709,0.5,0.0,14.0,14.0,14.0,191.0,183.0,0.2176014986590144,0.2159772493428913,,8,BAND_MIX_M,10.0,62.0,79.0,False,0.5127688487865062,6
1.0,42.0,405.0,4,4,0.3865255894244391,0.3999999999999999,0.4999999999999999,0.0,16.0,16.0,16.0,398.0,313.0,0.2537398832118513,0.2427588349668299,0.2637654119256394,9,BAND_MIX_M,12.0,55.0,78.0,False,0.4238735112824416,6
1.0,54.0,205.0,4,4,0.3408898501021458,0.3361601893849418,0.4413733975229669,0.0,14.0,14.0,14.0,200.0,135.0,0.3600002289699024,0.3137756718760089,0.2938126749272746,10,BAND_MIX_M,10.0,55.0,70.0,False,0.4930536010142131,6
1.0,40.0,397.0,4,4,0.3994135963358048,0.4141832698546813,0.4846439228169283,0.0,14.0,14.0,14.0,389.0,258.0,0.4048988668288139,0.3644846226594412,0.38280068023652,11,BAND_MIX_M,10.0,62.0,76.0,False,0.4691191609360624,6
0.0,,44.0,4,4,0.3400341623869282,0.3370721855745699,0.4430215967459887,0.0,13.0,13.0,13.0,44.0,27.0,0.7750500781357758,0.6093032325644376,0.3767195950513598,12,BAND_MIX_M,9.0,64.0,81.0,False,0.5147783819214126,6
1.0,38.0,351.0,4,4,0.2827824558687,0.2228088809722994,0.4761704022272762,0.0,14.0,14.0,14.0,343.0,251.0,0.372445647741545,0.3470231376993699,0.2601990260197374,13,BAND_MIX_M,10.0,56.0,76.0,False,0.4979022172909043,6
1.0,38.0,169.0,4,4,0.3878845919503664,0.4249178413950681,0.4474049752345637,0.0,14.0,14.0,14.0,162.0,148.0,0.2866283646915651,0.2852228377561325,,14,BAND_MIX_M,10.0,57.0,80.0,False,0.5465073719794245,6
1.0,91.0,409.0,4,4,0.3575180316529039,0.3873233211541893,0.4416695820049845,0.0,12.0,12.0,12.0,409.0,206.0,0.5421628257094436,0.4200601003642678,0.3788311281756422,15,BAND_MIX_M,8.0,65.0,78.0,False,0.5084201148395526,6
1.0,77.0,110.0,4,4,0.3663934103940222,0.3559080365485115,0.4476302212356338,0.0,13.0,13.0,13.0,110.0,102.0,0.2923649430241916,0.2971911354124709,,16,BAND_MIX_M,9.0,61.0,80.0,False,0.4865093359167268,6
1.0,42.0,85.0,4,4,0.4628474249634511,0.5,0.5,0.0,14.0,14.0,14.0,77.0,77.0,0.1363274356259809,0.1363274356259809,,17,BAND_MIX_M,10.0,63.0,79.0,False,0.4790694592316849,6
1.0,106.0,277.0,4,4,0.3860997314640075,0.4116975602080248,0.4822804087858759,0.0,13.0,13.0,13.0,277.0,226.0,0.2287156824100032,0.2484058198098566,0.3167993112435151,18,BAND_MIX_M,9.0,64.0,83.0,False,0.5722139801997729,6
0.0,,16.0,4,4,0.3275700981107489,0.3143263605100217,0.4448118203407555,0.0,12.0,12.0,12.0,8.0,8.0,0.6622226937120121,0.6622226937120121,,19,BAND_MIX_M,8.0,58.0,81.0,False,0.5250080260276269,6
1.0,69.0,119.0,4,4,0.3468752388429799,0.3558675762033569,0.4582572704250379,0.0,14.0,14.0,14.0,111.0,104.0,0.2672440692982145,0.2595003641212213,,20,BAND_MIX_M,10.0,71.0,84.0,False,0.4683242468637456,6
1.0,58.0,230.0,4,4,0.3917564562031188,0.4087766545026208,0.4673970299232398,0.0,13.0,13.0,13.0,229.0,189.0,0.3474715434384753,0.3309802335652042,0.3126578577101443,21,BAND_MIX_M,9.0,69.0,85.0,False,0.4961511236090283,6
1.0,28.0,336.0,4,4,0.4095418835570477,0.4633576506190676,0.4712169450194841,0.0,13.0,13.0,13.0,328.0,248.0,0.3047484508158328,0.2865193416422215,0.3254430481492766,22,BAND_MIX_M,9.0,64.0,74.0,False,0.5502845585932973,6
1.0,59.0,203.0,4,4,0.3720798850113064,0.3489273324904067,0.4899045532871918,0.0,14.0,14.0,14.0,201.0,163.0,0.3050520311323809,0.2857571099599311,0.3419162369146545,23,BAND_MIX_M,10.0,69.0,86.0,False,0.5257988638608049,6
0.0,,8.0,4,4,0.3073495545066587,0.2999999999999999,0.3823294142241635,0.0,14.0,14.0,14.0,,,,,,24,BAND_MIX_M,10.0,59.0,74.0,False,0.4884996183583445,6
1.0,41.0,228.0,4,4,0.450016634884423,0.4727071369263624,0.5,0.0,16.0,16.0,16.0,222.0,177.0,0.30934045089979,0.2932018433650478,,25,BAND_MIX_M,12.0,72.0,85.0,False,0.4480857860925426,6
1.0,42.0,415.0,4,4,0.4045514348438619,0.4278784255462193,0.4624488882830091,0.0,15.0,15.0,15.0,409.0,287.0,0.3715941216439574,0.3402825314500557,0.3068003394499757,26,BAND_MIX_M,11.0,59.0,75.0,False,0.4664484774638579,6
1.0,26.0,218.0,4,4,0.3425356483055529,0.3621688122359813,0.4,0.0,15.0,15.0,15.0,210.0,173.0,0.2599273680596143,0.2565037715471568,,27,BAND_MIX_M,11.0,64.0,86.0,False,0.4676779417757509,6
1.0,48.0,158.0,4,4,0.3819249671240438,0.3730491873597762,0.4927117809263265,0.0,14.0,14.0,14.0,154.0,112.0,0.2987585648169061,0.277972294004936,0.3970305611450537,28,BAND_MIX_M,10.0,62.0,77.0,False,0.4853689253988554,6
0.0,,78.0,4,4,0.4015810250380808,0.4272475842227267,0.4611983963074374,0.0,14.0,14.0,14.0,7.0,7.0,0.1171221421343678,0.1171221421343678,,29,BAND_MIX_M,10.0,57.0,73.0,False,0.5313434839251695,6
1.0,64.0,245.0,4,4,0.4135042712353384,0.3999999999999999,0.4614039013479987,0.0,15.0,15.0,15.0,245.0,185.0,0.3751703125169955,0.3365637159351449,0.1761061259446743,30,BAND_MIX_M,11.0,58.0,72.0,False,0.433102026603635,6
1.0,26.0,291.0,4,4,0.3942168361239324,0.3589557814985765,0.5,0.0,14.0,14.0,14.0,283.0,210.0,0.3480269820220456,0.323560468560305,0.4384963845383648,31,BAND_MIX_M,10.0,65.0,78.0,False,0.5007399075501845,6
1.0,59.0,261.0,4,4,0.4423100440088733,0.4614762464812711,0.4814814287336222,0.0,13.0,13.0,13.0,257.0,156.0,0.3986085802969379,0.3377193141256662,,32,BAND_MIX_M,9.0,67.0,85.0,False,0.5317901575544979,6
0.0,,8.0,4,4,0.4488641715852562,0.4748897187750467,0.5,0.0,14.0,14.0,14.0,,,,,,33,BAND_MIX_M,10.0,63.0,86.0,False,0.4564808561752563,6
1.0,49.0,335.0,4,4,0.3515518851397315,0.326335679073784,0.4495579102724771,0.0,12.0,12.0,12.0,328.0,181.0,0.4741909651531211,0.3847925418128887,0.3060237558842235,34,BAND_MIX_M,8.0,63.0,81.0,False,0.5293001738414712,6
1.0,41.0,401.0,4,4,0.4249999999999999,0.3999999999999999,0.5,0.0,14.0,14.0,14.0,394.0,249.0,0.4275736097414485,0.3737476981548615,0.2445160920955389,35,BAND_MIX_M,10.0,62.0,76.0,False,0.5189836154257254,6
1.0,86.0,401.0,4,4,0.3745613918957791,0.376891903497474,0.5,0.0,14.0,14.0,14.0,401.0,156.0,0.6406800955729193,0.4278572858393208,0.2809734250959027,36,BAND_MIX_M,10.0,53.0,82.0,False,0.5057930733399396,6
1.0,64.0,91.0,4,4,0.3756547257073394,0.376398359107617,0.4388208751474234,0.0,13.0,13.0,13.0,82.0,82.0,0.1885196930541802,0.1885196930541802,,37,BAND_MIX_M,9.0,59.0,78.0,False,0.5285035997795453,6
0.0,,8.0,4,4,0.4188851264877068,0.4184055998113047,0.4387293063282179,0.0,14.0,14.0,14.0,,,,,,38,BAND_MIX_M,10.0,66.0,81.0,False,0.5218585188591209,6
1.0,43.0,230.0,4,4,0.3922376653085753,0.3999999999999999,0.5,0.0,16.0,16.0,16.0,224.0,153.0,0.3678688960274246,0.3494874698127516,0.3147823788786236,39,BAND_MIX_M,12.0,58.0,82.0,False,0.446757940129911,6
0.0,,8.0,4,4,0.3098913000368466,0.2732925503350358,0.4864777392496573,0.0,13.0,13.0,13.0,,,,,,40,BAND_MIX_M,9.0,57.0,70.0,False,0.5320858779306266,6
1.0,100.0,85.0,4,4,0.4220192489750733,0.4061720407980245,0.5,0.0,14.0,14.0,14.0,85.0,68.0,0.3970515631592212,0.3610836520001777,0.304008486133406,41,BAND_MIX_M,10.0,57.0,77.0,False,0.5093451194888275,6
0.0,,8.0,4,4,0.3832967395873237,0.3961839943960331,0.4744546784340231,0.0,14.0,14.0,14.0,,,,,,42,BAND_MIX_M,10.0,68.0,82.0,False,0.5169453290655912,6
1.0,135.0,148.0,4,4,0.4172167325263349,0.4191003073281287,0.4817530368936009,0.0,12.0,12.0,12.0,148.0,87.0,0.3851842411945331,0.3506023098533443,0.2498144828887539,43,BAND_MIX_M,8.0,67.0,86.0,False,0.558069751135865,6
0.0,,26.0,4,4,0.414895648759001,0.4219624793030874,0.4999999999999999,0.0,15.0,15.0,15.0,7.0,7.0,0.322106988816122,0.322106988816122,,44,BAND_MIX_M,11.0,67.0,80.0,False,0.4662157381280922,6
1.0,81.0,379.0,4,4,0.3472920384848092,0.3550673685784088,0.4297667393519596,0.0,13.0,13.0,13.0,379.0,227.0,0.4512512144339798,0.3790186875323199,0.386203831458428,45,BAND_MIX_M,9.0,65.0,87.0,False,0.5369937932030021,6
1.0,50.0,383.0,4,4,0.2739201385735461,0.2502841833869925,0.3448280041332068,0.0,12.0,12.0,12.0,379.0,283.0,0.2704810018428016,0.2699462871501512,0.2111014544112361,46,BAND_MIX_M,8.0,60.0,80.0,False,0.5514748154996444,6
1.0,42.0,340.0,4,4,0.4,0.4,0.5,0.0,15.0,15.0,15.0,332.0,208.0,0.3449728015159932,0.302808168016118,0.2611574762691408,47,BAND_MIX_M,11.0,65.0,79.0,False,0.4747980387237777,6
1.0,19.0,180.0,4,4,0.4439952412347834,0.4439952412347834,0.4451277153138282,0.0,13.0,13.0,13.0,172.0,151.0,0.2308396780752581,0.2275530703327115,,48,BAND_MIX_M,9.0,71.0,86.0,False,0.5616344563635441,6
1.0,42.0,432.0,4,4,0.3999999999999999,0.3999999999999999,0.5,0.0,15.0,15.0,15.0,424.0,245.0,0.3321238147551406,0.2714228218326028,0.1452306959049223,49,BAND_MIX_M,11.0,50.0,69.0,False,0.4561320479048921,6
1.0,68.0,407.0,4,4,0.3871521923763081,0.4471431731549606,0.4471431731549606,0.0,12.0,12.0,12.0,400.0,194.0,0.502533970504231,0.3665653591165939,0.2534589507106641,50,BAND_MIX_M,8.0,58.0,78.0,False,0.5482656013033864,6
1.0,80.0,258.0,4,4,0.3957535544863697,0.3957535544863697,0.4915071089727395,0.0,14.0,14.0,14.0,257.0,189.0,0.2548961277066079,0.2304867334748726,0.1799841292674969,51,BAND_MIX_M,10.0,63.0,77.0,False,0.4884073386254602,6
0.0,,8.0,4,4,0.2485716143046188,0.247464494706866,0.2624851522107374,0.0,13.0,13.0,13.0,,,,,,52,BAND_MIX_M,9.0,70.0,85.0,False,0.5684477029963371,6
0.0,,46.0,4,4,0.3934343908926952,0.4379309298106376,0.4612475210311851,0.0,13.0,13.0,13.0,,,,,,53,BAND_MIX_M,9.0,66.0,77.0,False,0.4919321501505938,6
1.0,99.0,84.0,4,4,0.3351535480554629,0.3260341174314287,0.3625118399275652,0.0,13.0,13.0,13.0,28.0,28.0,0.2944948024079412,0.2944948024079412,,54,BAND_MIX_M,9.0,64.0,77.0,False,0.5626963636602317,6
0.0,,8.0,4,4,0.3027081750046729,0.2776854421482944,0.4500167044470307,0.0,13.0,13.0,13.0,,,,,,55,BAND_MIX_M,9.0,63.0,85.0,False,0.4889578787527319,6
1.0,48.0,202.0,4,4,0.4578978731572714,0.4474037887288027,0.4909902218351973,0.0,12.0,12.0,12.0,197.0,117.0,0.3325770386888924,0.2804556798016896,0.2025128049455296,56,BAND_MIX_M,8.0,70.0,81.0,False,0.5707081348109048,6
1.0,36.0,410.0,4,4,0.3941196809148748,0.4232275133349554,0.5,0.0,14.0,14.0,14.0,402.0,278.0,0.2989980340089319,0.2688949655649332,0.2640860293556902,57,BAND_MIX_M,10.0,66.0,84.0,False,0.5076240365485959,6
1.0,19.0,151.0,4,4,0.3648668606828842,0.3499999999999999,0.5,0.0,14.0,14.0,14.0,143.0,107.0,0.2427592646377305,0.2339727326602753,0.2085419973390065,58,BAND_MIX_M,10.0,61.0,84.0,False,0.5094733506916884,6
0.0,,8.0,4,4,0.3090068604930701,0.2479692940848481,0.5,0.0,14.0,14.0,14.0,,,,,,59,BAND_MIX_M,10.0,66.0,77.0,False,0.4791698832934722,6
0.0,,8.0,4,4,0.0448679663503503,0.0,0.3334295941705152,0.75,68.0,47.0,80.0,,,,,,0,D,98.0,56.0,79.0,False,0.0233790750703234,6
0.0,,8.0,4,4,0.0373950088814295,0.0,0.1921660807173648,0.75,63.5,24.0,73.0,,,,,,1,D,114.0,65.0,80.0,False,0.0386213397174152,6
0.0,,8.0,4,4,0.0581366789510737,0.0,0.2189240101781914,0.625,71.0,48.0,77.0,,,,,,2,D,114.0,65.0,76.0,False,0.0289209522935248,6
0.0,,8.0,4,4,0.0775097709152052,0.0,0.4518698042703392,0.75,77.0,23.0,80.0,,,,,,3,D,98.0,56.0,77.0,False,0.0270480358558856,6
0.0,,8.0,4,4,0.120732602674762,0.0140807703012284,0.514134634228011,0.375,56.0,20.0,76.0,,,,,,4,D,108.0,62.0,76.0,False,0.032555773253375,6
0.0,,8.0,4,4,0.0445491098369572,0.0,0.2054066716357486,0.75,63.5,7.0,79.0,,,,,,5,D,96.0,55.0,70.0,False,0.0279482878790437,6
0.0,,8.0,4,4,0.1018911502607133,0.0,0.419117322387598,0.625,64.5,49.0,79.0,,,,,,6,D,114.0,65.0,81.0,False,0.0221374024696803,6
0.0,,8.0,4,4,0.0127945756766628,0.0,0.0570330225821109,0.625,47.5,10.0,66.0,,,,,,7,D,119.0,68.0,82.0,False,0.0464510121023091,6
0.0,,8.0,4,4,0.0,0.0,0.0,1.0,71.0,21.0,80.0,,,,,,8,D,108.0,62.0,79.0,False,0.0264422999253905,6
0.0,,8.0,4,4,0.0049010971005677,0.0,0.0392087768045418,0.875,73.5,54.0,80.0,,,,,,9,D,96.0,55.0,78.0,False,0.0216862273021672,6
0.0,,8.0,4,4,0.1372065936025073,0.0,0.5082948241054437,0.625,78.5,72.0,80.0,,,,,,10,D,96.0,55.0,70.0,False,0.0203950390254474,6
0.0,,8.0,4,4,0.0592746282254469,0.0065063596636912,0.2153490483511678,0.5,61.0,18.0,75.0,,,,,,11,D,108.0,62.0,76.0,False,0.0291868167106406,6
0.0,,8.0,4,4,0.0100863654899816,0.0,0.0806909239198531,0.875,55.5,32.0,77.0,,,,,,12,D,112.0,64.0,81.0,False,0.025461447191376,6
0.0,,8.0,4,4,0.04417885599318,0.0,0.3534308479454403,0.875,66.0,32.0,78.0,,,,,,13,D,98.0,56.0,76.0,False,0.0236179820255017,6
0.0,,8.0,4,4,0.0115104989389118,0.0,0.0920839915112945,0.875,63.0,30.0,79.0,,,,,,14,D,100.0,57.0,80.0,False,0.0271901123740233,6
0.0,,8.0,4,4,0.0,0.0,0.0,1.0,61.0,22.0,80.0,,,,,,15,D,114.0,65.0,78.0,False,0.0325819919349366,6
0.0,,8.0,4,4,0.0,0.0,0.0,1.0,53.5,27.0,71.0,,,,,,16,D,107.0,61.0,80.0,False,0.026005385908025,6
0.0,,8.0,4,4,0.0424512590313772,0.0,0.3396100722510177,0.875,62.0,30.0,79.0,,,,,,17,D,110.0,63.0,79.0,False,0.0350922205039236,6
0.0,,8.0,4,4,0.0382707231726041,0.0,0.2913135509243172,0.75,56.0,26.0,74.0,,,,,,18,D,112.0,64.0,83.0,False,0.0332888525941268,6
0.0,,8.0,4,4,0.0684657414780081,0.0,0.2994163649748596,0.625,70.0,48.0,80.0,,,,,,19,D,102.0,58.0,81.0,False,0.0250943399342896,6
0.0,,8.0,4,4,0.0736389811174408,0.0,0.3402716222084909,0.75,48.5,38.0,79.0,,,,,,20,D,124.0,71.0,84.0,False,0.0439856676309529,6
0.0,,8.0,4,4,0.0090302690514531,0.0,0.0722421524116248,0.875,55.5,13.0,76.0,,,,,,21,D,121.0,69.0,85.0,False,0.0486155602802445,6
0.0,,8.0,4,4,0.0153248614883192,0.0,0.1221662063481846,0.875,65.5,60.0,80.0,,,,,,22,D,112.0,64.0,74.0,False,0.017035326511961,6
0.0,,8.0,4,4,0.0539029922325046,0.0,0.4312239378600375,0.875,56.5,43.0,77.0,,,,,,23,D,121.0,69.0,86.0,False,0.047525584475176,6
0.0,,8.0,4,4,0.1032720748932536,0.063064727790568,0.2725605491203755,0.5,73.0,70.0,79.0,,,,,,24,D,103.0,59.0,74.0,False,0.0268427465161711,6
0.0,,8.0,4,4,0.0194379876955951,0.0,0.1118042891768645,0.75,73.5,45.0,78.0,,,,,,25,D,126.0,72.0,85.0,False,0.0279502997979108,6
0.0,,8.0,4,4,0.0293818252076601,0.0061984836980392,0.1043384421952052,0.5,58.5,29.0,80.0,,,,,,26,D,103.0,59.0,75.0,False,0.0229371445350617,6
0.0,,8.0,4,4,0.0246094448979179,0.0,0.1968755591833433,0.875,60.5,23.0,80.0,,,,,,27,D,112.0,64.0,86.0,False,0.0249671799873391,6
0.0,,8.0,4,4,0.0379204320866466,0.0,0.1645941975595642,0.75,32.0,21.0,76.0,,,,,,28,D,108.0,62.0,77.0,False,0.0282505084343398,6
0.0,,8.0,4,4,0.0397082660703161,0.0009458679289644,0.2675886830490783,0.5,65.0,16.0,78.0,,,,,,29,D,100.0,57.0,73.0,False,0.0272386271454189,6
0.0,,8.0,4,4,0.0,0.0,0.0,1.0,71.0,36.0,80.0,,,,,,30,D,102.0,58.0,72.0,False,0.0209970111235431,6
0.0,,8.0,4,4,0.0356882158975402,0.0,0.1972442021841324,0.75,51.0,27.0,80.0,,,,,,31,D,114.0,65.0,78.0,False,0.036515051742083,6
0.0,,8.0,4,4,0.0,0.0,0.0,1.0,69.0,30.0,80.0,,,,,,32,D,117.0,67.0,85.0,False,0.020612817955165,6
0.0,,8.0,4,4,0.0004545467448205,0.0,0.0036363739585647,0.875,45.0,9.0,79.0,,,,,,33,D,110.0,63.0,86.0,False,0.0321134610672915,6
0.0,,8.0,4,4,0.0244521797204613,0.0,0.1956174377636908,0.875,61.5,25.0,80.0,,,,,,34,D,110.0,63.0,81.0,False,0.0259248805249792,6
0.0,,8.0,4,4,0.0338639919078023,0.0,0.1815262919506539,0.75,73.0,46.0,78.0,,,,,,35,D,108.0,62.0,76.0,False,0.0328106102864248,6
0.0,,8.0,4,4,0.0,0.0,0.0,1.0,73.0,40.0,78.0,,,,,,36,D,93.0,53.0,82.0,False,0.0237171610643914,6
0.0,,8.0,4,4,0.0733235071279584,0.0061810858265144,0.3360489509608385,0.5,70.5,16.0,79.0,,,,,,37,D,103.0,59.0,78.0,False,0.025174695058334,6
0.0,,8.0,4,4,0.0500172901089186,0.0,0.1866313097200317,0.625,65.5,15.0,72.0,,,,,,38,D,116.0,66.0,81.0,False,0.0279097694323143,6
0.0,,8.0,4,4,0.0168137478530011,0.0,0.0766963171552743,0.75,57.5,12.0,76.0,,,,,,39,D,102.0,58.0,82.0,False,0.0249483657175816,6
0.0,,8.0,4,4,0.1683238724407569,0.0813512361842224,0.6269235327050591,0.5,67.0,20.0,79.0,,,,,,40,D,100.0,57.0,70.0,False,0.0246764706009736,6
0.0,,8.0,4,4,0.0013326065115702,0.0,0.0106608520925623,0.875,65.0,33.0,79.0,,,,,,41,D,100.0,57.0,77.0,False,0.026110587765851,6
0.0,,8.0,4,4,0.0259076419811472,0.0,0.1924001428183947,0.75,46.5,30.0,70.0,,,,,,42,D,119.0,68.0,82.0,False,0.0251894883577003,6
0.0,,8.0,4,4,0.0130804438781772,0.0,0.1046435510254177,0.875,68.5,51.0,75.0,,,,,,43,D,117.0,67.0,86.0,False,0.0297495534970428,6
0.0,,8.0,4,4,0.0,0.0,0.0,1.0,70.5,43.0,76.0,,,,,,44,D,117.0,67.0,80.0,False,0.030161587457986,6
0.0,,8.0,4,4,0.0327547082269142,0.0,0.2620376658153136,0.875,58.5,33.0,79.0,,,,,,45,D,114.0,65.0,87.0,False,0.0301608076972945,6
0.0,,8.0,4,4,0.0,0.0,0.0,1.0,72.0,19.0,79.0,,,,,,46,D,105.0,60.0,80.0,False,0.0231315070610294,6
0.0,,8.0,4,4,0.0638408020223211,0.0,0.2859181513305009,0.625,74.5,53.0,80.0,,,,,,47,D,114.0,65.0,79.0,False,0.0248853531483633,6
0.0,,8.0,4,4,0.0993697781958687,0.0,0.43746679063325,0.75,51.0,36.0,80.0,,,,,,48,D,124.0,71.0,86.0,False,0.0353772144833935,6
0.0,,8.0,4,4,0.0,0.0,0.0,1.0,69.0,64.0,80.0,,,,,,49,D,88.0,50.0,69.0,False,0.0243471550731836,6
0.0,,8.0,4,4,0.0061699760403717,0.0,0.0493598083229742,0.875,70.0,23.0,78.0,,,,,,50,D,102.0,58.0,78.0,False,0.0266983158226262,6
0.0,,8.0,4,4,0.0230880127236705,0.0,0.1847041017893642,0.875,35.5,18.0,77.0,,,,,,51,D,110.0,63.0,77.0,False,0.0270519409950759,6
0.0,,8.0,4,4,0.0278461702804998,0.0,0.1906474506108385,0.75,54.0,16.0,78.0,,,,,,52,D,122.0,70.0,85.0,False,0.0292889391597953,6
0.0,,8.0,4,4,0.0,0.0,0.0,1.0,64.0,37.0,79.0,,,,,,53,D,116.0,66.0,77.0,False,0.0307771564628245,6
0.0,,8.0,4,4,0.0188134807310406,0.0,0.150507845848325,0.875,69.5,45.0,79.0,,,,,,54,D,112.0,64.0,77.0,False,0.0235963820765418,6
0.0,,8.0,4,4,0.079769056225805,0.0,0.3241788248894232,0.75,54.5,17.0,71.0,,,,,,55,D,110.0,63.0,85.0,False,0.0286582056548039,6
0.0,,8.0,4,4,0.0457336469639014,0.0,0.3264326114595345,0.625,53.0,37.0,76.0,,,,,,56,D,122.0,70.0,81.0,False,0.0299085218555618,6
0.0,,8.0,4,4,0.0045677004518627,0.0,0.0365416036149016,0.875,63.0,32.0,78.0,,,,,,57,D,116.0,66.0,84.0,False,0.0435522297441369,6
0.0,,8.0,4,4,0.0723983067026693,0.0018105602181829,0.2494468704087655,0.5,49.0,20.0,73.0,,,,,,58,D,107.0,61.0,84.0,False,0.0366530372077114,6
0.0,,8.0,4,4,0.0,0.0,0.0,1.0,71.5,48.0,76.0,,,,,,59,D,116.0,66.0,77.0,False,0.0314449987837252,6
0.0,,8.0,4,4,0.057079980677989,0.0428566505439673,0.1663238124976417,0.375,61.0,28.0,80.0,,,,,,0,Darg,138.0,56.0,79.0,False,0.0418646850240641,6
0.0,,8.0,4,4,0.0984132482527736,0.0,0.5649645146578676,0.625,67.0,50.0,79.0,,,,,,1,Darg,140.0,65.0,80.0,False,0.0451920939401954,6
0.0,,8.0,4,4,0.0374115053931968,0.0,0.2176277118052891,0.625,58.0,47.0,80.0,,,,,,2,Darg,133.0,65.0,76.0,False,0.0629491809875719,6
0.0,,8.0,4,4,0.0283373797892969,0.0,0.2262228155081665,0.875,72.5,53.0,79.0,,,,,,3,Darg,135.0,56.0,77.0,False,0.0616851758104845,6
0.0,,8.0,4,4,0.1156473671659704,0.0247073961134691,0.4409385418429054,0.375,59.0,23.0,73.0,,,,,,4,Darg,133.0,62.0,76.0,False,0.0521059695585388,6
0.0,,8.0,4,4,0.0510276045819525,0.0,0.2640966285937376,0.75,58.5,35.0,80.0,,,,,,5,Darg,122.0,55.0,70.0,False,0.036723958135264,6
0.0,,8.0,4,4,0.0517323278698042,0.0,0.4138586229584342,0.875,71.5,48.0,77.0,,,,,,6,Darg,142.0,65.0,81.0,False,0.0267573882926652,6
0.0,,8.0,4,4,0.0638196019288107,0.021407299714596,0.1747845391724982,0.375,73.0,65.0,80.0,,,,,,7,Darg,144.0,68.0,82.0,False,0.0609643658009465,6
0.0,,8.0,4,4,0.0046235879952829,0.0,0.0369887039622638,0.875,61.5,49.0,78.0,,,,,,8,Darg,138.0,62.0,79.0,False,0.0284035687684886,6
0.0,,8.0,4,4,0.0281489834026975,0.0,0.22519186722158,0.875,67.5,60.0,78.0,,,,,,9,Darg,136.0,55.0,78.0,False,0.0265569690425109,6
0.0,,8.0,4,4,0.0,0.0,0.0,1.0,61.0,22.0,79.0,,,,,,10,Darg,122.0,55.0,70.0,False,0.0233210902820289,6
0.0,,8.0,4,4,0.0,0.0,0.0,1.0,64.0,46.0,80.0,,,,,,11,Darg,133.0,62.0,76.0,False,0.0288234688937098,6
0.0,,8.0,4,4,0.0178611676183247,0.0,0.1428893409465977,0.875,73.0,55.0,77.0,,,,,,12,Darg,142.0,64.0,81.0,False,0.0198109522847669,6
0.0,,8.0,4,4,0.0357002873698074,0.0,0.2684532476943504,0.625,58.0,34.0,78.0,,,,,,13,Darg,133.0,56.0,76.0,False,0.028715359342976,6
0.0,,8.0,4,4,0.026602838826865,0.0,0.2086805774961933,0.75,69.5,49.0,78.0,,,,,,14,Darg,140.0,57.0,80.0,False,0.0311527400333604,6
0.0,,8.0,4,4,0.0544270954433822,0.012899220542535,0.1987351483204297,0.5,69.5,45.0,77.0,,,,,,15,Darg,136.0,65.0,78.0,False,0.033006133634932,6
0.0,,8.0,4,4,0.0337421428824573,0.0,0.1653565572511927,0.625,54.0,49.0,62.0,,,,,,16,Darg,140.0,61.0,80.0,False,0.0270192874201487,6
0.0,,8.0,4,4,0.0849639970788917,0.0368447056190758,0.3302981232147199,0.5,58.0,41.0,80.0,,,,,,17,Darg,138.0,63.0,79.0,False,0.0505404842946252,6
0.0,,8.0,4,4,0.1091421406608905,0.0731534907411791,0.3165528782594416,0.25,58.5,35.0,80.0,,,,,,18,Darg,145.0,64.0,83.0,False,0.0502502097748241,6
0.0,,8.0,4,4,0.0560253005961786,0.0124907915840845,0.2727836904618587,0.375,62.5,55.0,70.0,,,,,,19,Darg,142.0,58.0,81.0,False,0.0254708392124576,6
0.0,,8.0,4,4,0.014874834874189,0.0,0.1189986789935126,0.875,68.0,52.0,78.0,,,,,,20,Darg,147.0,71.0,84.0,False,0.0573686291351209,6
0.0,,8.0,4,4,0.0525451100667151,0.0,0.2418892733239299,0.625,72.5,26.0,80.0,,,,,,21,Darg,149.0,69.0,85.0,False,0.0417252384930775,6
0.0,,8.0,4,4,0.0153955688283943,0.0,0.1231645506271548,0.875,74.5,47.0,80.0,,,,,,22,Darg,130.0,64.0,74.0,False,0.0181324472029303,6
0.0,,8.0,4,4,0.1117493158258873,0.0870428566626876,0.2815452951972734,0.25,65.0,11.0,80.0,,,,,,23,Darg,150.0,69.0,86.0,False,0.0723171672316695,6
0.0,,8.0,4,4,0.0010444709193094,0.0,0.0083557673544752,0.875,66.0,34.0,73.0,,,,,,24,Darg,130.0,59.0,74.0,False,0.0479164691769433,6
0.0,,8.0,4,4,0.0096569704369717,0.0,0.0772557634957736,0.875,69.0,56.0,80.0,,,,,,25,Darg,149.0,72.0,85.0,False,0.0256797985974191,6
0.0,,8.0,4,4,0.0022361529831648,0.0,0.017889223865319,0.875,68.0,57.0,78.0,,,,,,26,Darg,131.0,59.0,75.0,False,0.0337190161013617,6
0.0,,8.0,4,4,0.0206566069457736,0.0,0.1652528555661892,0.875,65.0,60.0,74.0,,,,,,27,Darg,150.0,64.0,86.0,False,0.0239763808883912,6
0.0,,8.0,4,4,0.0074843764099508,0.0,0.0598750112796065,0.875,59.0,54.0,74.0,,,,,,28,Darg,135.0,62.0,77.0,False,0.0433379033218581,6
0.0,,8.0,4,4,0.0150601893728276,0.0,0.1142154248284906,0.75,71.5,40.0,75.0,,,,,,29,Darg,128.0,57.0,73.0,False,0.0383757984994371,6
0.0,,8.0,4,4,0.0538006659436864,0.0,0.2741308166097985,0.75,71.0,45.0,78.0,,,,,,30,Darg,126.0,58.0,72.0,False,0.0260374027548144,6
0.0,,8.0,4,4,0.0766525542513754,0.0,0.3456420260990955,0.625,51.0,7.0,75.0,,,,,,31,Darg,136.0,65.0,78.0,False,0.0424102635953395,6
0.0,,8.0,4,4,0.0179304503592528,0.0,0.0885915862257436,0.75,70.5,61.0,80.0,,,,,,32,Darg,149.0,67.0,85.0,False,0.0218526938859746,6
0.0,,8.0,4,4,0.0233944654200714,0.0016022139752457,0.0831729595911449,0.5,66.5,49.0,80.0,,,,,,33,Darg,150.0,63.0,86.0,False,0.052531617010564,6
0.0,,8.0,4,4,0.0049740236758847,0.0,0.0292797741812097,0.75,63.0,52.0,79.0,,,,,,34,Darg,142.0,63.0,81.0,False,0.0343908186926215,6
0.0,,8.0,4,4,0.0095271616456891,0.0,0.070619606939621,0.75,58.5,46.0,77.0,,,,,,35,Darg,133.0,62.0,76.0,False,0.0366813908310651,6
0.0,,8.0,4,4,0.0238417259710721,0.0,0.1907338077685774,0.875,61.0,46.0,77.0,,,,,,36,Darg,144.0,53.0,82.0,False,0.0485662811647292,6
0.0,,8.0,4,4,0.0106428746151588,0.0,0.0721283543987463,0.75,63.0,45.0,79.0,,,,,,37,Darg,136.0,59.0,78.0,False,0.0228089538262248,6
0.0,,8.0,4,4,0.0,0.0,0.0,1.0,64.0,41.0,80.0,,,,,,38,Darg,142.0,66.0,81.0,False,0.0333903388443987,6
0.0,,8.0,4,4,0.0804540137895663,0.0,0.3194466805170037,0.625,67.5,53.0,73.0,,,,,,39,Darg,144.0,58.0,82.0,False,0.0509001633232811,6
0.0,,8.0,4,4,0.0250475494942246,0.0,0.1730070979463822,0.75,71.5,58.0,80.0,,,,,,40,Darg,122.0,57.0,70.0,False,0.0343203038241926,6
0.0,,8.0,4,4,0.0147024324757099,0.0,0.0498171695562892,0.625,68.5,46.0,77.0,,,,,,41,Darg,135.0,57.0,77.0,False,0.036578812103437,6
0.0,,8.0,4,4,0.0124235398076507,0.0,0.0928032954820336,0.75,68.0,54.0,80.0,,,,,,42,Darg,144.0,68.0,82.0,False,0.0224835742151962,6
0.0,,8.0,4,4,0.0236668163954308,0.0010360302395668,0.1232951602703361,0.5,68.0,61.0,79.0,,,,,,43,Darg,150.0,67.0,86.0,False,0.026542386222691,6
0.0,,8.0,4,4,0.0096896711941783,0.0,0.0338577991330523,0.625,74.5,47.0,78.0,,,,,,44,Darg,140.0,67.0,80.0,False,0.0359130093629628,6
0.0,,8.0,4,4,0.0371873134399006,0.0,0.2813512050363927,0.625,66.5,51.0,74.0,,,,,,45,Darg,152.0,65.0,87.0,False,0.0619369720507608,6
0.0,,8.0,4,4,0.0,0.0,0.0,1.0,71.0,62.0,78.0,,,,,,46,Darg,140.0,60.0,80.0,False,0.023345775033465,6
0.0,,8.0,4,4,0.0064431610915797,0.0,0.0515452887326378,0.875,65.5,51.0,77.0,,,,,,47,Darg,138.0,65.0,79.0,False,0.0285008802913015,6
0.0,,8.0,4,4,0.0240790009662034,0.0,0.1869074494943379,0.75,68.5,56.0,80.0,,,,,,48,Darg,150.0,71.0,86.0,False,0.0353117432354578,6
0.0,,8.0,4,4,0.0565137460771078,0.0,0.2465415156436295,0.75,67.5,31.0,80.0,,,,,,49,Darg,121.0,50.0,69.0,False,0.0355544020366798,6
0.0,,8.0,4,4,0.0327543083221201,0.0009022544632486,0.2027076987776341,0.5,64.5,42.0,78.0,,,,,,50,Darg,136.0,58.0,78.0,False,0.0386227601747998,6
0.0,,8.0,4,4,0.0400152206491273,0.0,0.2174407387798666,0.75,71.0,37.0,79.0,,,,,,51,Darg,135.0,63.0,77.0,False,0.0262611427725126,6
0.0,,8.0,4,4,0.0583972305995427,1.7002641878554953e-06,0.4236860637045599,0.625,69.0,28.0,79.0,,,,,,52,Darg,149.0,70.0,85.0,False,0.0414035951535329,6
0.0,,8.0,4,4,0.0020631191192636,0.0,0.012479029381177,0.75,72.5,51.0,80.0,,,,,,53,Darg,135.0,66.0,77.0,False,0.0356432220762023,6
0.0,,8.0,4,4,0.0143564947768318,0.0,0.1148519582146549,0.875,67.5,39.0,78.0,,,,,,54,Darg,135.0,64.0,77.0,False,0.0319589336139217,6
0.0,,8.0,4,4,0.0101684526525422,0.0,0.081347621220338,0.875,74.0,60.0,79.0,,,,,,55,Darg,149.0,63.0,85.0,False,0.0380031484019853,6
0.0,,8.0,4,4,0.0526791772650698,0.0,0.2957679009495709,0.75,72.5,59.0,78.0,,,,,,56,Darg,142.0,70.0,81.0,False,0.0251321327323024,6
0.0,,8.0,4,4,0.0514850464594501,0.0,0.360340818430596,0.625,66.5,56.0,78.0,,,,,,57,Darg,147.0,66.0,84.0,False,0.0583551181926645,6
0.0,,8.0,4,4,0.0316384127403674,0.0,0.1581103266560897,0.625,75.0,51.0,80.0,,,,,,58,Darg,147.0,61.0,84.0,False,0.0513699409979163,6
0.0,,8.0,4,4,0.0603373973307856,0.0,0.2795135579550263,0.625,66.0,19.0,78.0,,,,,,59,Darg,135.0,66.0,77.0,False,0.0394239325426017,6
0.0,,8.0,4,4,0.0,0.0,0.0,1.0,64.5,15.0,80.0,,,,,,0,Dfix,95.0,56.0,79.0,False,0.0244630379533439,6
0.0,,8.0,4,4,0.1251621251351991,0.0,0.4287370497069016,0.625,66.0,44.0,79.0,,,,,,1,Dfix,95.0,65.0,80.0,False,0.0348557214837226,6
0.0,,8.0,4,4,0.0963165518631148,0.0,0.4493833501781158,0.75,69.5,14.0,80.0,,,,,,2,Dfix,95.0,65.0,76.0,False,0.0233005172031454,6
0.0,,8.0,4,4,0.0391215272809715,0.0,0.2241263213133101,0.75,77.5,26.0,79.0,,,,,,3,Dfix,95.0,56.0,77.0,False,0.0273262722041575,6
0.0,,8.0,4,4,0.0456068875240913,0.0,0.3358223593250635,0.75,66.5,18.0,80.0,,,,,,4,Dfix,95.0,62.0,76.0,False,0.0310557786870977,6
0.0,,8.0,4,4,0.0888191811384943,0.0,0.4638196520560322,0.75,68.5,29.0,80.0,,,,,,5,Dfix,95.0,55.0,70.0,False,0.0280295953834302,6
0.0,,8.0,4,4,0.0382080910281952,0.0,0.2922783345064624,0.75,68.0,26.0,80.0,,,,,,6,Dfix,95.0,65.0,81.0,False,0.0258146897661808,6
0.0,,8.0,4,4,0.0587528593933037,0.0,0.2258679443834745,0.625,72.0,55.0,80.0,,,,,,7,Dfix,95.0,68.0,82.0,False,0.0335352758698855,6
0.0,,8.0,4,4,0.0461770304589869,0.0,0.3694162436718959,0.875,74.0,56.0,80.0,,,,,,8,Dfix,95.0,62.0,79.0,False,0.0273474808748534,6
0.0,,8.0,4,4,0.023041624213775,0.0,0.1843329937102,0.875,67.0,18.0,80.0,,,,,,9,Dfix,95.0,55.0,78.0,False,0.0217303743339914,6
0.0,,8.0,4,4,0.0524742665196372,0.0,0.1988086852404242,0.625,73.0,44.0,79.0,,,,,,10,Dfix,95.0,55.0,70.0,False,0.020655569895838,6
0.0,,8.0,4,4,0.0696420462335014,0.0,0.5571363698680112,0.875,79.0,26.0,80.0,,,,,,11,Dfix,95.0,62.0,76.0,False,0.0282235767563078,6
0.0,,8.0,4,4,3.253380634889285e-05,0.0,0.0002602704507911,1.0,57.0,7.0,79.0,,,,,,12,Dfix,95.0,64.0,81.0,False,0.0258266156544484,6
0.0,,8.0,4,4,0.0491046020980059,0.0,0.3928368167840474,0.875,71.0,55.0,79.0,,,,,,13,Dfix,95.0,56.0,76.0,False,0.023921463570692,6
0.0,,8.0,4,4,0.0,0.0,0.0,1.0,71.5,57.0,80.0,,,,,,14,Dfix,95.0,57.0,80.0,False,0.0273097057930653,6
0.0,,8.0,4,4,0.0263614226223349,0.0,0.1104141498746682,0.75,67.5,10.0,80.0,,,,,,15,Dfix,95.0,65.0,78.0,False,0.029049646815628,6
0.0,,8.0,4,4,0.0105683270478517,0.0,0.070475799562234,0.75,64.0,35.0,73.0,,,,,,16,Dfix,95.0,61.0,80.0,False,0.0270026196076366,6
0.0,,8.0,4,4,0.0290451527209218,0.0,0.1602866538505953,0.75,76.0,32.0,80.0,,,,,,17,Dfix,95.0,63.0,79.0,False,0.0322780817918016,6
0.0,,8.0,4,4,0.0541115902189387,0.0,0.4328927217515103,0.875,73.0,14.0,78.0,,,,,,18,Dfix,95.0,64.0,83.0,False,0.0305663863171134,6
0.0,,8.0,4,4,0.0105836530591886,0.0,0.054734621452284,0.75,71.0,25.0,77.0,,,,,,19,Dfix,95.0,58.0,81.0,False,0.0259389187006203,6
0.0,,8.0,4,4,0.0,0.0,0.0,1.0,60.5,16.0,79.0,,,,,,20,Dfix,95.0,71.0,84.0,False,0.0321269976972776,6
0.0,,8.0,4,4,0.0529013359678318,0.0,0.235781210166117,0.75,63.5,25.0,77.0,,,,,,21,Dfix,95.0,69.0,85.0,False,0.0378904105684482,6
0.0,,8.0,4,4,0.0,0.0,0.0,1.0,72.5,33.0,79.0,,,,,,22,Dfix,95.0,64.0,74.0,False,0.0183231490285542,6
0.0,,8.0,4,4,0.0492306656703513,0.0,0.3887480179444963,0.75,55.5,10.0,77.0,,,,,,23,Dfix,95.0,69.0,86.0,False,0.033258642444605,6
0.0,,8.0,4,4,0.0114283889684427,0.0,0.0914271117475419,0.875,62.0,55.0,80.0,,,,,,24,Dfix,95.0,59.0,74.0,False,0.026497280887229,6
0.0,,8.0,4,4,0.0755113362861737,0.0,0.5837809985478676,0.75,57.0,11.0,80.0,,,,,,25,Dfix,95.0,72.0,85.0,False,0.0281283323370158,6
0.0,,8.0,4,4,0.0742532407373597,0.0,0.2900540554683183,0.625,67.5,46.0,76.0,,,,,,26,Dfix,95.0,59.0,75.0,False,0.0239181420463853,6
0.0,,8.0,4,4,0.0,0.0,0.0,1.0,67.0,32.0,75.0,,,,,,27,Dfix,95.0,64.0,86.0,False,0.0244997770635931,6
0.0,,8.0,4,4,0.007122148806707,0.0,0.0525013953069971,0.75,71.0,42.0,80.0,,,,,,28,Dfix,95.0,62.0,77.0,False,0.0272931797647264,6
0.0,,8.0,4,4,0.023093503129365,0.0022442469239383,0.1087716123668339,0.5,70.5,34.0,80.0,,,,,,29,Dfix,95.0,57.0,73.0,False,0.0270700615114336,6
0.0,,8.0,4,4,0.0062440037132104,0.0,0.0397457995253451,0.625,65.0,17.0,79.0,,,,,,30,Dfix,95.0,58.0,72.0,False,0.0215063677993711,6
0.0,,8.0,4,4,0.0763492067037704,0.0,0.6107936536301635,0.875,77.0,46.0,79.0,,,,,,31,Dfix,95.0,65.0,78.0,False,0.0294218061921206,6
0.0,,8.0,4,4,0.0111332557002996,0.0,0.0890660456023974,0.875,58.5,15.0,77.0,,,,,,32,Dfix,95.0,67.0,85.0,False,0.0201198490771929,6
0.0,,8.0,4,4,0.0983953423372639,0.0,0.4935731861888455,0.625,43.5,9.0,80.0,,,,,,33,Dfix,95.0,63.0,86.0,False,0.0298034013831828,6
0.0,,8.0,4,4,0.0340732391093872,0.0,0.2587383282602878,0.75,49.0,7.0,74.0,,,,,,34,Dfix,95.0,63.0,81.0,False,0.0252318351851555,6
0.0,,8.0,4,4,0.0740454124754864,0.0,0.5923632998038915,0.875,71.0,34.0,79.0,,,,,,35,Dfix,95.0,62.0,76.0,False,0.0300197313070073,6
0.0,,8.0,4,4,0.0,0.0,0.0,1.0,68.5,14.0,75.0,,,,,,36,Dfix,95.0,53.0,82.0,False,0.0232884829994871,6
0.0,,8.0,4,4,0.0514098819927711,0.0,0.2660984090817335,0.75,75.0,15.0,79.0,,,,,,37,Dfix,95.0,59.0,78.0,False,0.0263332921009157,6
0.0,,8.0,4,4,0.0015481665842336,0.0,0.0123853326738695,0.875,58.0,20.0,77.0,,,,,,38,Dfix,95.0,66.0,81.0,False,0.0288632553012216,6
0.0,,8.0,4,4,0.0,0.0,0.0,1.0,72.0,64.0,78.0,,,,,,39,Dfix,95.0,58.0,82.0,False,0.0256619762619253,6
0.0,,8.0,4,4,0.0276043173258754,0.0,0.2208345386070038,0.875,61.5,27.0,76.0,,,,,,40,Dfix,95.0,57.0,70.0,False,0.0252165084728232,6
0.0,,8.0,4,4,0.0,0.0,0.0,1.0,65.0,36.0,79.0,,,,,,41,Dfix,95.0,57.0,77.0,False,0.0265390943011423,6
0.0,,8.0,4,4,0.0655814583769828,0.0,0.4198614700073881,0.75,65.0,34.0,78.0,,,,,,42,Dfix,95.0,68.0,82.0,False,0.0239287874661335,6
0.0,,8.0,4,4,0.160767914178193,0.0,0.7079926767835086,0.75,70.5,52.0,78.0,,,,,,43,Dfix,95.0,67.0,86.0,False,0.0275812763971864,6
0.0,,8.0,4,4,0.0056850338163451,0.0,0.0454802705307609,0.875,74.0,30.0,80.0,,,,,,44,Dfix,95.0,67.0,80.0,False,0.0257678748354369,6
0.0,,8.0,4,4,0.022060993121024,0.0,0.1521944549420813,0.75,68.5,11.0,80.0,,,,,,45,Dfix,95.0,65.0,87.0,False,0.0244024903274019,6
0.0,,8.0,4,4,0.0,0.0,0.0,1.0,68.5,18.0,78.0,,,,,,46,Dfix,95.0,60.0,80.0,False,0.022505464390576,6
0.0,,8.0,4,4,0.088899610399787,0.0,0.4611755371139113,0.75,73.0,62.0,80.0,,,,,,47,Dfix,95.0,65.0,79.0,False,0.0241700470522744,6
0.0,,8.0,4,4,0.0583324080329572,0.0,0.2608196932800496,0.75,69.0,9.0,80.0,,,,,,48,Dfix,95.0,71.0,86.0,False,0.0296551902856313,6
0.0,,8.0,4,4,0.0505335217276277,0.0,0.39050058456112,0.75,73.0,40.0,80.0,,,,,,49,Dfix,95.0,50.0,69.0,False,0.0236939417835874,6
0.0,,8.0,4,4,0.0389449725487752,0.0,0.2498743626019198,0.75,69.5,27.0,77.0,,,,,,50,Dfix,95.0,58.0,78.0,False,0.0271291116935413,6
0.0,,8.0,4,4,0.0377171674351184,0.0,0.1910863631395255,0.75,66.0,34.0,79.0,,,,,,51,Dfix,95.0,63.0,77.0,False,0.0235548054104836,6
0.0,,8.0,4,4,0.1039245131852451,0.0,0.5194779265588825,0.625,72.0,32.0,79.0,,,,,,52,Dfix,95.0,70.0,85.0,False,0.0261238656202531,6
0.0,,8.0,4,4,0.0,0.0,0.0,1.0,76.5,22.0,79.0,,,,,,53,Dfix,95.0,66.0,77.0,False,0.0255009962488366,6
0.0,,8.0,4,4,0.0539048441815258,0.0,0.4312387534522065,0.875,72.5,37.0,78.0,,,,,,54,Dfix,95.0,64.0,77.0,False,0.02311350856924,6
0.0,,8.0,4,4,0.0394097007523958,0.0,0.1714832465318343,0.625,55.0,34.0,80.0,,,,,,55,Dfix,95.0,63.0,85.0,False,0.02762141612193,6
0.0,,8.0,4,4,0.0,0.0,0.0,1.0,73.0,67.0,78.0,,,,,,56,Dfix,95.0,70.0,81.0,False,0.0270869525840108,6
0.0,,8.0,4,4,0.074751712642178,0.0,0.4392619409120097,0.625,70.5,6.0,80.0,,,,,,57,Dfix,95.0,66.0,84.0,False,0.0352569486468194,6
0.0,,8.0,4,4,0.0886989725772319,0.0,0.3759417264662966,0.625,45.0,25.0,80.0,,,,,,58,Dfix,95.0,61.0,84.0,False,0.0351590151457276,6
0.0,,8.0,4,4,0.0459616926201644,0.0,0.1657510173673698,0.625,55.0,30.0,80.0,,,,,,59,Dfix,95.0,66.0,77.0,False,0.0273865799660452,6
0.0,,8.0,4,4,0.0253613021444381,0.0,0.1014452085777526,0.75,61.5,48.0,72.0,,,,,,0,MIX_F,98.0,56.0,79.0,False,0.0233790750703234,6
0.0,,8.0,4,4,0.0,0.0,0.0,1.0,77.0,75.0,80.0,,,,,,1,MIX_F,114.0,65.0,80.0,False,0.0386213397174152,6
0.0,,8.0,4,4,0.0098228459523067,0.0,0.0392913838092271,0.75,44.5,13.0,47.0,,,,,,2,MIX_F,114.0,65.0,76.0,False,0.0289209522935248,6
0.0,,8.0,4,4,0.0366855211551704,0.0149429463836468,0.1168561918533881,0.5,61.5,16.0,80.0,,,,,,3,MIX_F,98.0,56.0,77.0,False,0.0270480358558856,6
0.0,,8.0,4,4,0.0995184750567881,0.0374352580320553,0.323203384163042,0.5,73.5,62.0,80.0,,,,,,4,MIX_F,108.0,62.0,76.0,False,0.032555773253375,6
0.0,,8.0,4,4,0.0,0.0,0.0,1.0,72.5,60.0,80.0,,,,,,5,MIX_F,96.0,55.0,70.0,False,0.0279482878790437,6
0.0,,8.0,4,4,0.0096709887318075,0.0,0.0386839549272301,0.75,63.0,56.0,72.0,,,,,,6,MIX_F,114.0,65.0,81.0,False,0.0221374024696803,6
0.0,,8.0,4,4,0.0272218838340054,0.0093002221945617,0.090287090946898,0.5,61.5,56.0,64.0,,,,,,7,MIX_F,119.0,68.0,82.0,False,0.0464510121023091,6
0.0,,8.0,4,4,0.1370773718942748,0.0,0.5483094875770992,0.75,74.5,48.0,80.0,,,,,,8,MIX_F,108.0,62.0,79.0,False,0.0264422999253905,6
0.0,,8.0,4,4,0.0006262310163498,0.0,0.0025049240653992,0.75,70.5,54.0,79.0,,,,,,9,MIX_F,96.0,55.0,78.0,False,0.0216862273021672,6
0.0,,8.0,4,4,0.0,0.0,0.0,1.0,71.5,49.0,74.0,,,,,,10,MIX_F,96.0,55.0,70.0,False,0.0203950390254474,6
0.0,,8.0,4,4,0.0,0.0,0.0,1.0,63.5,60.0,72.0,,,,,,11,MIX_F,108.0,62.0,76.0,False,0.0291868167106406,6
0.0,,8.0,4,4,0.0,0.0,0.0,1.0,37.5,33.0,52.0,,,,,,12,MIX_F,112.0,64.0,81.0,False,0.025461447191376,6
0.0,,8.0,4,4,0.0546357789230488,0.011984534478002,0.194574046736191,0.5,75.0,55.0,79.0,,,,,,13,MIX_F,98.0,56.0,76.0,False,0.0236179820255017,6
0.0,,8.0,4,4,0.0,0.0,0.0,1.0,69.5,31.0,72.0,,,,,,14,MIX_F,100.0,57.0,80.0,False,0.0271901123740233,6
0.0,,8.0,4,4,0.0616854475522986,0.0,0.2467417902091944,0.75,66.0,29.0,72.0,,,,,,15,MIX_F,114.0,65.0,78.0,False,0.0325819919349366,6
0.0,,8.0,4,4,0.0084889060444495,0.0,0.0339556241777982,0.75,71.5,41.0,77.0,,,,,,16,MIX_F,107.0,61.0,80.0,False,0.026005385908025,6
0.0,,8.0,4,4,0.0570485085485455,0.0,0.2281940341941822,0.75,47.5,44.0,59.0,,,,,,17,MIX_F,110.0,63.0,79.0,False,0.0350922205039236,6
0.0,,8.0,4,4,0.1395530517222545,0.1310000273480693,0.2962121521928793,0.5,57.5,44.0,59.0,,,,,,18,MIX_F,112.0,64.0,83.0,False,0.0332888525941268,6
0.0,,8.0,4,4,0.0,0.0,0.0,1.0,71.5,56.0,80.0,,,,,,19,MIX_F,102.0,58.0,81.0,False,0.0250943399342896,6
0.0,,8.0,4,4,0.0,0.0,0.0,1.0,43.5,41.0,66.0,,,,,,20,MIX_F,124.0,71.0,84.0,False,0.0439856676309529,6
0.0,,8.0,4,4,0.0180605381029062,0.0,0.0722421524116248,0.75,63.5,13.0,76.0,,,,,,21,MIX_F,121.0,69.0,85.0,False,0.0486155602802445,6
0.0,,8.0,4,4,0.0,0.0,0.0,1.0,72.0,54.0,75.0,,,,,,22,MIX_F,112.0,64.0,74.0,False,0.017035326511961,6
0.0,,8.0,4,4,0.0,0.0,0.0,1.0,54.5,32.0,76.0,,,,,,23,MIX_F,121.0,69.0,86.0,False,0.047525584475176,6
0.0,,8.0,4,4,0.0821154331018557,0.0,0.3284617324074228,0.75,71.0,58.0,72.0,,,,,,24,MIX_F,103.0,59.0,74.0,False,0.0268427465161711,6
0.0,,8.0,4,4,0.0154932330368276,0.0,0.0619729321473105,0.75,46.5,33.0,57.0,,,,,,25,MIX_F,126.0,72.0,85.0,False,0.0279502997979108,6
0.0,,8.0,4,4,0.0683184004216621,0.0776901084527562,0.1178933847811362,0.25,68.0,64.0,71.0,,,,,,26,MIX_F,103.0,59.0,75.0,False,0.0229371445350617,6
0.0,,8.0,4,4,0.163046729421382,0.0898258490799898,0.4725352195255484,0.5,67.0,50.0,77.0,,,,,,27,MIX_F,112.0,64.0,86.0,False,0.0249671799873391,6
0.0,,8.0,4,4,0.0870242355735688,0.0,0.3480969422942753,0.75,58.0,26.0,77.0,,,,,,28,MIX_F,108.0,62.0,77.0,False,0.0282505084343398,6
0.0,,8.0,4,4,0.059343860128261,0.0,0.2373754405130441,0.75,72.5,31.0,80.0,,,,,,29,MIX_F,100.0,57.0,73.0,False,0.0272386271454189,6
0.0,,8.0,4,4,0.0011786533846459,0.0,0.0047146135385837,0.75,61.5,27.0,78.0,,,,,,30,MIX_F,102.0,58.0,72.0,False,0.0209970111235431,6
0.0,,8.0,4,4,0.1379949594500747,0.0926856017601751,0.3666086342799486,0.5,66.0,62.0,75.0,,,,,,31,MIX_F,114.0,65.0,78.0,False,0.036515051742083,6
0.0,,8.0,4,4,0.0,0.0,0.0,1.0,71.5,49.0,79.0,,,,,,32,MIX_F,117.0,67.0,85.0,False,0.020612817955165,6
0.0,,8.0,4,4,0.0485201141156247,0.0,0.194080456462499,0.75,48.5,37.0,80.0,,,,,,33,MIX_F,110.0,63.0,86.0,False,0.0321134610672915,6
0.0,,8.0,4,4,0.0,0.0,0.0,1.0,49.5,46.0,75.0,,,,,,34,MIX_F,110.0,63.0,81.0,False,0.0259248805249792,6
0.0,,8.0,4,4,0.0,0.0,0.0,1.0,54.0,50.0,67.0,,,,,,35,MIX_F,108.0,62.0,76.0,False,0.0328106102864248,6
0.0,,8.0,4,4,0.0,0.0,0.0,1.0,78.0,67.0,79.0,,,,,,36,MIX_F,93.0,53.0,82.0,False,0.0237171610643914,6
0.0,,8.0,4,4,0.0432723320864556,0.0,0.1730893283458227,0.75,49.0,23.0,65.0,,,,,,37,MIX_F,103.0,59.0,78.0,False,0.025174695058334,6
0.0,,8.0,4,4,0.0,0.0,0.0,1.0,55.0,23.0,73.0,,,,,,38,MIX_F,116.0,66.0,81.0,False,0.0279097694323143,6
0.0,,8.0,4,4,0.1141995138333296,0.0061932697367243,0.4444115158598699,0.5,74.0,64.0,79.0,,,,,,39,MIX_F,102.0,58.0,82.0,False,0.0249483657175816,6
0.0,,8.0,4,4,0.0,0.0,0.0,1.0,76.5,60.0,79.0,,,,,,40,MIX_F,100.0,57.0,70.0,False,0.0246764706009736,6
0.0,,8.0,4,4,0.0098079929136824,0.0,0.0392319716547299,0.75,61.0,14.0,75.0,,,,,,41,MIX_F,100.0,57.0,77.0,False,0.026110587765851,6
0.0,,8.0,4,4,0.0023176442028754,0.0,0.0092705768115018,0.75,68.0,44.0,68.0,,,,,,42,MIX_F,119.0,68.0,82.0,False,0.0251894883577003,6
0.0,,8.0,4,4,0.0524625051732626,0.0074196353589336,0.1950107499751834,0.5,66.5,46.0,78.0,,,,,,43,MIX_F,117.0,67.0,86.0,False,0.0297495534970428,6
0.0,,8.0,4,4,0.0,0.0,0.0,1.0,51.5,42.0,65.0,,,,,,44,MIX_F,117.0,67.0,80.0,False,0.030161587457986,6
0.0,,8.0,4,4,0.0627940538878484,0.0,0.2511762155513939,0.75,68.0,49.0,73.0,,,,,,45,MIX_F,114.0,65.0,87.0,False,0.0301608076972945,6
0.0,,8.0,4,4,0.0,0.0,0.0,1.0,69.5,66.0,77.0,,,,,,46,MIX_F,105.0,60.0,80.0,False,0.0231315070610294,6
0.0,,8.0,4,4,0.0,0.0,0.0,1.0,57.0,54.0,73.0,,,,,,47,MIX_F,114.0,65.0,79.0,False,0.0248853531483633,6
0.0,,8.0,4,4,0.0038050672489285,0.0,0.0152202689957142,0.75,62.5,48.0,70.0,,,,,,48,MIX_F,124.0,71.0,86.0,False,0.0353772144833935,6
0.0,,8.0,4,4,0.0,0.0,0.0,1.0,61.0,53.0,69.0,,,,,,49,MIX_F,88.0,50.0,69.0,False,0.0243471550731836,6
0.0,,8.0,4,4,0.0,0.0,0.0,1.0,70.5,66.0,76.0,,,,,,50,MIX_F,102.0,58.0,78.0,False,0.0266983158226262,6
0.0,,8.0,4,4,0.111327738534235,0.0,0.4453109541369401,0.75,76.0,48.0,80.0,,,,,,51,MIX_F,110.0,63.0,77.0,False,0.0270519409950759,6
0.0,,9.0,4,4,0.1159576309327352,0.0679937333890528,0.3278430569528351,0.5,63.5,33.0,80.0,,,,,,52,MIX_F,122.0,70.0,85.0,False,0.0292889391597953,6
0.0,,8.0,4,4,0.0118186137559501,0.001387400312856,0.0444996543980883,0.5,55.0,31.0,65.0,,,,,,53,MIX_F,116.0,66.0,77.0,False,0.0307771564628245,6
0.0,,8.0,4,4,0.0855492660375541,0.00491827796892,0.3323605082123766,0.5,53.0,25.0,76.0,,,,,,54,MIX_F,112.0,64.0,77.0,False,0.0235963820765418,6
0.0,,8.0,4,4,0.0,0.0,0.0,1.0,63.5,17.0,80.0,,,,,,55,MIX_F,110.0,63.0,85.0,False,0.0286582056548039,6
0.0,,8.0,4,4,0.0,0.0,0.0,1.0,47.0,44.0,77.0,,,,,,56,MIX_F,122.0,70.0,81.0,False,0.0299085218555618,6
0.0,,8.0,4,4,0.0571744339938483,0.0484256557799934,0.1318464244154064,0.5,54.5,28.0,76.0,,,,,,57,MIX_F,116.0,66.0,84.0,False,0.0435522297441369,6
0.0,,8.0,4,4,0.0004259904537157,0.0,0.0017039618148629,0.75,67.5,41.0,77.0,,,,,,58,MIX_F,107.0,61.0,84.0,False,0.0366530372077114,6
0.0,,8.0,4,4,0.0049557143483272,0.0,0.019822857393309,0.75,41.5,25.0,55.0,,,,,,59,MIX_F,116.0,66.0,77.0,False,0.0314449987837252,6
0.0,,8.0,4,4,0.0093666451709756,0.0,0.0374665806839026,0.75,52.5,38.0,79.0,,,,,,0,MIX_M,98.0,56.0,79.0,False,0.0233790750703234,6
0.0,,8.0,4,4,0.0,0.0,0.0,1.0,74.5,71.0,79.0,,,,,,1,MIX_M,114.0,65.0,80.0,False,0.0386213397174152,6
0.0,,8.0,4,4,0.0022124419644548,0.0,0.0088497678578195,0.75,73.5,54.0,75.0,,,,,,2,MIX_M,114.0,65.0,76.0,False,0.0289209522935248,6
0.0,,8.0,4,4,0.0170021222623706,0.0024904594212714,0.0630275702069396,0.5,72.5,22.0,79.0,,,,,,3,MIX_M,98.0,56.0,77.0,False,0.0270480358558856,6
0.0,,8.0,4,4,0.0429435000096496,0.0,0.1717740000385984,0.75,61.5,56.0,67.0,,,,,,4,MIX_M,108.0,62.0,76.0,False,0.032555773253375,6
0.0,,8.0,4,4,0.0,0.0,0.0,1.0,75.0,32.0,80.0,,,,,,5,MIX_M,96.0,55.0,70.0,False,0.0279482878790437,6
0.0,,8.0,4,4,0.1043463508447855,0.099264222764721,0.2188569578497001,0.25,33.5,27.0,79.0,,,,,,6,MIX_M,114.0,65.0,81.0,False,0.0221374024696803,6
0.0,,77.0,4,4,0.0510913015350561,0.0285165112910554,0.1473321835581136,0.5,48.5,25.0,64.0,,,,,,7,MIX_M,119.0,68.0,82.0,False,0.0464510121023091,6
0.0,,8.0,4,4,0.0,0.0,0.0,1.0,72.5,56.0,80.0,,,,,,8,MIX_M,108.0,62.0,79.0,False,0.0264422999253905,6
0.0,,8.0,4,4,0.0987988675174588,0.0,0.3951954700698352,0.75,69.0,64.0,74.0,,,,,,9,MIX_M,96.0,55.0,78.0,False,0.0216862273021672,6
0.0,,8.0,4,4,0.0573403602253962,0.0179879832394712,0.1933854744226424,0.5,72.5,39.0,80.0,,,,,,10,MIX_M,96.0,55.0,70.0,False,0.0203950390254474,6
0.0,,8.0,4,4,0.139028093780437,0.1328298186860118,0.2904527377497244,0.5,67.5,15.0,75.0,,,,,,11,MIX_M,108.0,62.0,76.0,False,0.0291868167106406,6
0.0,,8.0,4,4,0.0023862623993187,0.0,0.0095450495972748,0.75,51.5,33.0,79.0,,,,,,12,MIX_M,112.0,64.0,81.0,False,0.025461447191376,6
0.0,,8.0,4,4,0.1063789866472304,0.0,0.4255159465889219,0.75,48.5,41.0,77.0,,,,,,13,MIX_M,98.0,56.0,76.0,False,0.0236179820255017,6
0.0,,8.0,4,4,0.0113491462419543,0.0,0.0453965849678173,0.75,63.5,46.0,75.0,,,,,,14,MIX_M,100.0,57.0,80.0,False,0.0271901123740233,6
0.0,,8.0,4,4,0.0,0.0,0.0,1.0,49.5,39.0,78.0,,,,,,15,MIX_M,114.0,65.0,78.0,False,0.0325819919349366,6
0.0,,8.0,4,4,0.0,0.0,0.0,1.0,68.0,52.0,77.0,,,,,,16,MIX_M,107.0,61.0,80.0,False,0.026005385908025,6
0.0,,8.0,4,4,0.0613392369324834,0.0576127968193821,0.1301313540911692,0.5,70.5,57.0,76.0,,,,,,17,MIX_M,110.0,63.0,79.0,False,0.0350922205039236,6
0.0,,8.0,4,4,0.0,0.0,0.0,1.0,51.5,30.0,74.0,,,,,,18,MIX_M,112.0,64.0,83.0,False,0.0332888525941268,6
0.0,,8.0,4,4,0.0,0.0,0.0,1.0,78.5,47.0,80.0,,,,,,19,MIX_M,102.0,58.0,81.0,False,0.0250943399342896,6
0.0,,8.0,4,4,0.07194110242535,0.0,0.2877644097014,0.75,59.5,52.0,76.0,,,,,,20,MIX_M,124.0,71.0,84.0,False,0.0439856676309529,6
0.0,,8.0,4,4,0.0063013514423619,0.0,0.0252054057694479,0.75,72.0,63.0,75.0,,,,,,21,MIX_M,121.0,69.0,85.0,False,0.0486155602802445,6
0.0,,8.0,4,4,0.0007238955350595,0.0,0.0028955821402382,0.75,53.5,46.0,71.0,,,,,,22,MIX_M,112.0,64.0,74.0,False,0.017035326511961,6
1.0,55.0,93.0,4,4,0.1798650304569284,0.132780813742028,0.4538984943436578,0.5,40.5,36.0,55.0,,,,,,23,MIX_M,121.0,69.0,86.0,False,0.047525584475176,6
0.0,,8.0,4,4,0.1545929142054613,0.1203596525876773,0.3776523516464906,0.5,54.5,11.0,72.0,,,,,,24,MIX_M,103.0,59.0,74.0,False,0.0268427465161711,6
0.0,,8.0,4,4,0.0,0.0,0.0,1.0,46.5,27.0,65.0,,,,,,25,MIX_M,126.0,72.0,85.0,False,0.0279502997979108,6
0.0,,8.0,4,4,0.0,0.0,0.0,1.0,48.0,16.0,80.0,,,,,,26,MIX_M,103.0,59.0,75.0,False,0.0229371445350617,6
0.0,,8.0,4,4,0.0,0.0,0.0,1.0,57.0,30.0,62.0,,,,,,27,MIX_M,112.0,64.0,86.0,False,0.0249671799873391,6
0.0,,8.0,4,4,0.0664029471281548,0.0254070520987746,0.2147976843150701,0.5,42.0,10.0,75.0,,,,,,28,MIX_M,108.0,62.0,77.0,False,0.0282505084343398,6
0.0,,8.0,4,4,0.0089692113973478,0.0,0.0358768455893914,0.75,51.5,12.0,72.0,,,,,,29,MIX_M,100.0,57.0,73.0,False,0.0272386271454189,6
0.0,,8.0,4,4,0.0,0.0,0.0,1.0,76.5,67.0,79.0,,,,,,30,MIX_M,102.0,58.0,72.0,False,0.0209970111235431,6
0.0,,8.0,4,4,0.0952521942654994,0.0,0.3810087770619976,0.75,66.5,37.0,74.0,,,,,,31,MIX_M,114.0,65.0,78.0,False,0.036515051742083,6
0.0,,8.0,4,4,0.0,0.0,0.0,1.0,65.5,33.0,69.0,,,,,,32,MIX_M,117.0,67.0,85.0,False,0.020612817955165,6
1.0,42.0,84.0,4,4,0.0045763203456835,0.0,0.0183052813827341,0.75,31.5,10.0,78.0,,,,,,33,MIX_M,110.0,63.0,86.0,False,0.0321134610672915,6
0.0,,8.0,4,4,0.0674511101527836,0.0,0.2698044406111347,0.75,40.0,22.0,65.0,,,,,,34,MIX_M,110.0,63.0,81.0,False,0.0259248805249792,6
0.0,,19.0,4,4,0.0846526440011301,0.0,0.3386105760045207,0.75,47.5,45.0,80.0,,,,,,35,MIX_M,108.0,62.0,76.0,False,0.0328106102864248,6
0.0,,8.0,4,4,0.1490183237088832,0.0,0.596073294835533,0.75,76.5,71.0,80.0,,,,,,36,MIX_M,93.0,53.0,82.0,False,0.0237171610643914,6
0.0,,8.0,4,4,0.0,0.0,0.0,1.0,74.0,68.0,79.0,,,,,,37,MIX_M,103.0,59.0,78.0,False,0.025174695058334,6
0.0,,8.0,4,4,0.0,0.0,0.0,1.0,70.0,30.0,78.0,,,,,,38,MIX_M,116.0,66.0,81.0,False,0.0279097694323143,6
0.0,,8.0,4,4,0.0,0.0,0.0,1.0,67.5,45.0,74.0,,,,,,39,MIX_M,102.0,58.0,82.0,False,0.0249483657175816,6
0.0,,8.0,4,4,0.0406756180921112,0.0,0.1627024723684449,0.75,74.5,20.0,80.0,,,,,,40,MIX_M,100.0,57.0,70.0,False,0.0246764706009736,6
0.0,,8.0,4,4,0.0384233579106431,0.0,0.1536934316425726,0.75,62.0,8.0,74.0,,,,,,41,MIX_M,100.0,57.0,77.0,False,0.026110587765851,6
0.0,,8.0,4,4,0.0396697152524122,0.0239188687789466,0.1108411234517557,0.25,42.0,10.0,68.0,,,,,,42,MIX_M,119.0,68.0,82.0,False,0.0251894883577003,6
0.0,,8.0,4,4,0.1320166960724953,0.0422234006969531,0.443619982896075,0.25,57.0,31.0,79.0,,,,,,43,MIX_M,117.0,67.0,86.0,False,0.0297495534970428,6
0.0,,8.0,4,4,0.0,0.0,0.0,1.0,62.5,43.0,69.0,,,,,,44,MIX_M,117.0,67.0,80.0,False,0.030161587457986,6
0.0,,8.0,4,4,0.0,0.0,0.0,1.0,66.5,30.0,76.0,,,,,,45,MIX_M,114.0,65.0,87.0,False,0.0301608076972945,6
0.0,,8.0,4,4,0.0,0.0,0.0,1.0,71.5,19.0,77.0,,,,,,46,MIX_M,105.0,60.0,80.0,False,0.0231315070610294,6
0.0,,8.0,4,4,0.0463373542884978,0.0,0.1853494171539912,0.75,74.5,68.0,80.0,,,,,,47,MIX_M,114.0,65.0,79.0,False,0.0248853531483633,6
0.0,,8.0,4,4,0.0448730086849445,0.0,0.1794920347397782,0.75,54.5,40.0,69.0,,,,,,48,MIX_M,124.0,71.0,86.0,False,0.0353772144833935,6
0.0,,8.0,4,4,0.0,0.0,0.0,1.0,73.0,70.0,77.0,,,,,,49,MIX_M,88.0,50.0,69.0,False,0.0243471550731836,6
0.0,,8.0,4,4,0.0285294420877259,0.0,0.1141177683509036,0.75,55.5,8.0,75.0,,,,,,50,MIX_M,102.0,58.0,78.0,False,0.0266983158226262,6
0.0,,8.0,4,4,0.001304153441327,0.0,0.0052166137653082,0.75,74.5,61.0,76.0,,,,,,51,MIX_M,110.0,63.0,77.0,False,0.0270519409950759,6
0.0,,8.0,4,4,0.1059215159261399,0.0,0.4236860637045599,0.75,63.5,17.0,65.0,,,,,,52,MIX_M,122.0,70.0,85.0,False,0.0292889391597953,6
0.0,,8.0,4,4,0.0304653070187429,0.0,0.1218612280749716,0.75,47.5,32.0,79.0,,,,,,53,MIX_M,116.0,66.0,77.0,False,0.0307771564628245,6
0.0,,8.0,4,4,0.0,0.0,0.0,1.0,69.0,61.0,71.0,,,,,,54,MIX_M,112.0,64.0,77.0,False,0.0235963820765418,6
0.0,,8.0,4,4,0.0,0.0,0.0,1.0,58.0,50.0,79.0,,,,,,55,MIX_M,110.0,63.0,85.0,False,0.0286582056548039,6
0.0,,8.0,4,4,0.0,0.0,0.0,1.0,66.0,42.0,77.0,,,,,,56,MIX_M,122.0,70.0,81.0,False,0.0299085218555618,6
0.0,,8.0,4,4,0.0019776259531631,0.0,0.0079105038126524,0.75,46.0,27.0,80.0,,,,,,57,MIX_M,116.0,66.0,84.0,False,0.0435522297441369,6
0.0,,8.0,4,4,0.0096130347897518,0.0,0.0384521391590073,0.75,68.0,49.0,77.0,,,,,,58,MIX_M,107.0,61.0,84.0,False,0.0366530372077114,6
0.0,,8.0,4,4,0.0564899507534616,0.0,0.2259598030138467,0.75,67.5,61.0,77.0,,,,,,59,MIX_M,116.0,66.0,77.0,False,0.0314449987837252,6
0.0,,8.0,4,4,0.0856987200107349,0.0134885545087118,0.3158177710255162,0.5,58.0,17.0,77.0,,,,,,0,MIXfix_F,95.0,56.0,79.0,False,0.0244630379533439,6
0.0,,8.0,4,4,0.0117457924547724,0.0,0.0469831698190898,0.75,56.0,34.0,66.0,,,,,,1,MIXfix_F,95.0,65.0,80.0,False,0.0348557214837226,6
0.0,,8.0,4,4,0.0,0.0,0.0,1.0,77.5,75.0,80.0,,,,,,2,MIXfix_F,95.0,65.0,76.0,False,0.0233005172031454,6
0.0,,8.0,4,4,0.0539645385916294,0.0,0.2158581543665178,0.75,74.0,62.0,79.0,,,,,,3,MIXfix_F,95.0,56.0,77.0,False,0.0273262722041575,6
0.0,,8.0,4,4,0.0405284295101774,0.0,0.1621137180407098,0.75,71.5,56.0,79.0,,,,,,4,MIXfix_F,95.0,62.0,76.0,False,0.0310557786870977,6
0.0,,8.0,4,4,0.0,0.0,0.0,1.0,74.0,47.0,79.0,,,,,,5,MIXfix_F,95.0,55.0,70.0,False,0.0280295953834302,6
0.0,,8.0,4,4,0.0122980897155323,0.0,0.0491923588621295,0.75,40.5,14.0,67.0,,,,,,6,MIXfix_F,95.0,65.0,81.0,False,0.0258146897661808,6
0.0,,8.0,4,4,0.0,0.0,0.0,1.0,74.5,24.0,78.0,,,,,,7,MIXfix_F,95.0,68.0,82.0,False,0.0335352758698855,6
0.0,,8.0,4,4,0.0,0.0,0.0,1.0,61.0,36.0,80.0,,,,,,8,MIXfix_F,95.0,62.0,79.0,False,0.0273474808748534,6
0.0,,8.0,4,4,0.0,0.0,0.0,1.0,72.5,24.0,79.0,,,,,,9,MIXfix_F,95.0,55.0,78.0,False,0.0217303743339914,6
0.0,,8.0,4,4,0.0,0.0,0.0,1.0,69.5,40.0,79.0,,,,,,10,MIXfix_F,95.0,55.0,70.0,False,0.020655569895838,6
0.0,,8.0,4,4,0.0525702383115134,0.0,0.2102809532460539,0.75,73.5,28.0,80.0,,,,,,11,MIXfix_F,95.0,62.0,76.0,False,0.0282235767563078,6
0.0,,8.0,4,4,0.0084584519175536,0.0,0.0338338076702145,0.75,72.0,11.0,79.0,,,,,,12,MIXfix_F,95.0,64.0,81.0,False,0.0258266156544484,6
0.0,,8.0,4,4,0.0278708750976615,0.0,0.1114835003906462,0.75,72.5,60.0,76.0,,,,,,13,MIXfix_F,95.0,56.0,76.0,False,0.023921463570692,6
0.0,,8.0,4,4,0.0,0.0,0.0,1.0,78.5,73.0,80.0,,,,,,14,MIXfix_F,95.0,57.0,80.0,False,0.0273097057930653,6
0.0,,8.0,4,4,0.1448642808569731,0.0430067372997914,0.4934436488283096,0.5,63.5,33.0,75.0,,,,,,15,MIXfix_F,95.0,65.0,78.0,False,0.029049646815628,6
0.0,,8.0,4,4,0.0311048663004175,0.0,0.1244194652016701,0.75,68.0,63.0,74.0,,,,,,16,MIXfix_F,95.0,61.0,80.0,False,0.0270026196076366,6
0.0,,8.0,4,4,0.1079384589531497,0.1075109499988761,0.2167319358148467,0.5,77.5,76.0,80.0,,,,,,17,MIXfix_F,95.0,63.0,79.0,False,0.0322780817918016,6
0.0,,8.0,4,4,0.1239421570474645,0.0730513393708097,0.3496659494482387,0.25,64.0,47.0,80.0,,,,,,18,MIXfix_F,95.0,64.0,83.0,False,0.0305663863171134,6
0.0,,8.0,4,4,0.0,0.0,0.0,1.0,68.0,59.0,77.0,,,,,,19,MIXfix_F,95.0,58.0,81.0,False,0.0259389187006203,6
0.0,,8.0,4,4,0.0158544701865603,0.0,0.0634178807462415,0.75,74.5,23.0,78.0,,,,,,20,MIXfix_F,95.0,71.0,84.0,False,0.0321269976972776,6
0.0,,8.0,4,4,0.074938048308488,0.0,0.2997521932339522,0.75,74.0,60.0,76.0,,,,,,21,MIXfix_F,95.0,69.0,85.0,False,0.0378904105684482,6
0.0,,8.0,4,4,0.1314083701334212,0.0,0.5256334805336847,0.75,74.5,69.0,78.0,,,,,,22,MIXfix_F,95.0,64.0,74.0,False,0.0183231490285542,6
0.0,,8.0,4,4,0.0366074086725028,0.0228951258542233,0.1006393829815649,0.5,71.0,51.0,80.0,,,,,,23,MIXfix_F,95.0,69.0,86.0,False,0.033258642444605,6
0.0,,8.0,4,4,0.0,0.0,0.0,1.0,74.0,64.0,80.0,,,,,,24,MIXfix_F,95.0,59.0,74.0,False,0.026497280887229,6
0.0,,8.0,4,4,0.0,0.0,0.0,1.0,74.0,68.0,78.0,,,,,,25,MIXfix_F,95.0,72.0,85.0,False,0.0281283323370158,6
1.0,67.0,81.0,4,4,0.0675925420216038,0.0,0.2703701680864152,0.75,77.5,72.0,78.0,,,,,,26,MIXfix_F,95.0,59.0,75.0,False,0.0239181420463853,6
0.0,,8.0,4,4,0.005733635077685,0.0,0.0229345403107403,0.75,73.0,14.0,76.0,,,,,,27,MIXfix_F,95.0,64.0,86.0,False,0.0244997770635931,6
0.0,,8.0,4,4,0.0740560684564365,0.0031560146802898,0.2899122444651664,0.5,61.5,29.0,65.0,,,,,,28,MIXfix_F,95.0,62.0,77.0,False,0.0272931797647264,6
0.0,,8.0,4,4,0.0,0.0,0.0,1.0,68.5,60.0,71.0,,,,,,29,MIXfix_F,95.0,57.0,73.0,False,0.0270700615114336,6
0.0,,8.0,4,4,0.0423556692665317,0.0,0.1694226770661271,0.75,72.0,49.0,80.0,,,,,,30,MIXfix_F,95.0,58.0,72.0,False,0.0215063677993711,6
0.0,,8.0,4,4,0.0233968697377846,0.0,0.0935874789511385,0.75,60.0,47.0,79.0,,,,,,31,MIXfix_F,95.0,65.0,78.0,False,0.0294218061921206,6
0.0,,8.0,4,4,0.0,0.0,0.0,1.0,66.0,32.0,78.0,,,,,,32,MIXfix_F,95.0,67.0,85.0,False,0.0201198490771929,6
0.0,,8.0,4,4,0.0272338560561448,0.0,0.1089354242245793,0.75,63.5,22.0,80.0,,,,,,33,MIXfix_F,95.0,63.0,86.0,False,0.0298034013831828,6
0.0,,8.0,4,4,0.0574400185262528,0.0,0.2297600741050114,0.75,70.5,60.0,77.0,,,,,,34,MIXfix_F,95.0,63.0,81.0,False,0.0252318351851555,6
0.0,,8.0,4,4,0.0250927842054376,0.0,0.1003711368217504,0.75,60.0,34.0,79.0,,,,,,35,MIXfix_F,95.0,62.0,76.0,False,0.0300197313070073,6
0.0,,8.0,4,4,0.0,0.0,0.0,1.0,75.5,73.0,80.0,,,,,,36,MIXfix_F,95.0,53.0,82.0,False,0.0232884829994871,6
0.0,,8.0,4,4,0.1664866494988353,0.0614446083389916,0.543057381317358,0.5,62.0,44.0,80.0,,,,,,37,MIXfix_F,95.0,59.0,78.0,False,0.0263332921009157,6
0.0,,8.0,4,4,0.0723846593378898,0.0,0.2895386373515594,0.75,77.5,54.0,79.0,,,,,,38,MIXfix_F,95.0,66.0,81.0,False,0.0288632553012216,6
0.0,,8.0,4,4,0.0,0.0,0.0,1.0,75.0,42.0,77.0,,,,,,39,MIXfix_F,95.0,58.0,82.0,False,0.0256619762619253,6
0.0,,8.0,4,4,0.2082489437573,0.1039567734439518,0.6250822281412965,0.5,71.0,59.0,76.0,,,,,,40,MIXfix_F,95.0,57.0,70.0,False,0.0252165084728232,6
0.0,,8.0,4,4,0.0,0.0,0.0,1.0,78.5,69.0,80.0,,,,,,41,MIXfix_F,95.0,57.0,77.0,False,0.0265390943011423,6
0.0,,8.0,4,4,0.0,0.0,0.0,1.0,74.0,69.0,79.0,,,,,,42,MIXfix_F,95.0,68.0,82.0,False,0.0239287874661335,6
0.0,,8.0,4,4,0.0085664363746406,0.0,0.0342657454985627,0.75,73.0,6.0,80.0,,,,,,43,MIXfix_F,95.0,67.0,86.0,False,0.0275812763971864,6
0.0,,8.0,4,4,0.0114749416532433,0.0,0.0458997666129734,0.75,75.5,36.0,78.0,,,,,,44,MIXfix_F,95.0,67.0,80.0,False,0.0257678748354369,6
0.0,,8.0,4,4,0.0764102924357113,0.0,0.3056411697428453,0.75,41.5,19.0,77.0,,,,,,45,MIXfix_F,95.0,65.0,87.0,False,0.0244024903274019,6
0.0,,8.0,4,4,0.0412348853404697,0.0,0.1649395413618788,0.75,79.0,68.0,80.0,,,,,,46,MIXfix_F,95.0,60.0,80.0,False,0.022505464390576,6
0.0,,8.0,4,4,0.0231428466853969,0.0179063010371689,0.0567587846672498,0.5,73.5,62.0,80.0,,,,,,47,MIXfix_F,95.0,65.0,79.0,False,0.0241700470522744,6
0.0,,8.0,4,4,0.0112845337990873,0.0001607309479945,0.0448166733003602,0.75,61.0,12.0,71.0,,,,,,48,MIXfix_F,95.0,71.0,86.0,False,0.0296551902856313,6
0.0,,8.0,4,4,0.1530343828672027,0.1095032955603192,0.3931309403481723,0.5,69.5,61.0,78.0,,,,,,49,MIXfix_F,95.0,50.0,69.0,False,0.0236939417835874,6
0.0,,8.0,4,4,0.0069851951253062,0.0,0.0279407805012248,0.75,46.0,26.0,80.0,,,,,,50,MIXfix_F,95.0,58.0,78.0,False,0.0271291116935413,6
0.0,,8.0,4,4,0.0477715907848813,0.0,0.1910863631395255,0.75,71.0,59.0,80.0,,,,,,51,MIXfix_F,95.0,63.0,77.0,False,0.0235548054104836,6
0.0,,8.0,4,4,0.0354359648468501,0.0173727048548281,0.1069984496777444,0.5,59.5,17.0,78.0,,,,,,52,MIXfix_F,95.0,70.0,85.0,False,0.0261238656202531,6
0.0,,8.0,4,4,0.0284037944064367,0.0,0.1136151776257471,0.75,38.0,19.0,79.0,,,,,,53,MIXfix_F,95.0,66.0,77.0,False,0.0255009962488366,6
0.0,,8.0,4,4,0.0242032933551919,0.0,0.0968131734207678,0.75,78.0,38.0,80.0,,,,,,54,MIXfix_F,95.0,64.0,77.0,False,0.02311350856924,6
0.0,,8.0,4,4,0.0824197490248584,0.0677710137162994,0.1941369686668347,0.5,76.0,65.0,80.0,,,,,,55,MIXfix_F,95.0,63.0,85.0,False,0.02762141612193,6
0.0,,8.0,4,4,0.0346822981365678,0.0035633934424401,0.1316024056613909,0.5,68.0,37.0,80.0,,,,,,56,MIXfix_F,95.0,70.0,81.0,False,0.0270869525840108,6
0.0,,8.0,4,4,0.0148004739369258,0.0112896901616805,0.0366225154243425,0.5,67.5,27.0,75.0,,,,,,57,MIXfix_F,95.0,66.0,84.0,False,0.0352569486468194,6
0.0,,8.0,4,4,0.0399097348153941,0.0,0.1596389392615766,0.75,70.5,59.0,80.0,,,,,,58,MIXfix_F,95.0,61.0,84.0,False,0.0351590151457276,6
0.0,,8.0,4,4,0.0682088581444744,0.0600867783934155,0.1526618757910666,0.5,69.5,50.0,79.0,,,,,,59,MIXfix_F,95.0,66.0,77.0,False,0.0273865799660452,6
0.0,,8.0,4,4,0.0,0.0,0.0,1.0,66.0,44.0,76.0,,,,,,0,MIXfix_M,95.0,56.0,79.0,False,0.0244630379533439,6
0.0,,8.0,4,4,0.1763842211773383,0.1984582316262911,0.308620421456771,0.25,65.0,30.0,80.0,,,,,,1,MIXfix_M,95.0,65.0,80.0,False,0.0348557214837226,6
0.0,,8.0,4,4,0.0359340518461915,0.0115426309194084,0.1206509455459492,0.5,46.5,20.0,80.0,,,,,,2,MIXfix_M,95.0,65.0,76.0,False,0.0233005172031454,6
0.0,,8.0,4,4,0.2115828510215564,0.170618582701945,0.5050942386823357,0.25,68.5,55.0,73.0,,,,,,3,MIXfix_M,95.0,56.0,77.0,False,0.0273262722041575,6
0.0,,8.0,4,4,0.0753137146561131,0.0252592453294476,0.2507363679655573,0.5,55.5,47.0,62.0,,,,,,4,MIXfix_M,95.0,62.0,76.0,False,0.0310557786870977,6
0.0,,8.0,4,4,0.0,0.0,0.0,1.0,60.5,46.0,79.0,,,,,,5,MIXfix_M,95.0,55.0,70.0,False,0.0280295953834302,6
0.0,,8.0,4,4,0.0,0.0,0.0,1.0,75.0,13.0,77.0,,,,,,6,MIXfix_M,95.0,65.0,81.0,False,0.0258146897661808,6
0.0,,8.0,4,4,0.0111958824573639,0.0072938878068983,0.0301957542156591,0.5,48.0,26.0,69.0,,,,,,7,MIXfix_M,95.0,68.0,82.0,False,0.0335352758698855,6
0.0,,8.0,4,4,0.0,0.0,0.0,1.0,71.0,58.0,78.0,,,,,,8,MIXfix_M,95.0,62.0,79.0,False,0.0273474808748534,6
0.0,,8.0,4,4,0.0,0.0,0.0,1.0,79.0,44.0,80.0,,,,,,9,MIXfix_M,95.0,55.0,78.0,False,0.0217303743339914,6
0.0,,8.0,4,4,0.000771266776306,0.0,0.003085067105224,0.75,69.0,50.0,78.0,,,,,,10,MIXfix_M,95.0,55.0,70.0,False,0.020655569895838,6
0.0,,8.0,4,4,0.0,0.0,0.0,1.0,75.0,71.0,78.0,,,,,,11,MIXfix_M,95.0,62.0,76.0,False,0.0282235767563078,6
0.0,,8.0,4,4,0.0264400069825436,0.0,0.1057600279301746,0.75,60.0,38.0,76.0,,,,,,12,MIXfix_M,95.0,64.0,81.0,False,0.0258266156544484,6
0.0,,8.0,4,4,0.0642752688547998,0.0,0.2571010754191994,0.75,69.5,59.0,76.0,,,,,,13,MIXfix_M,95.0,56.0,76.0,False,0.023921463570692,6
0.0,,8.0,4,4,0.0,0.0,0.0,1.0,73.0,59.0,77.0,,,,,,14,MIXfix_M,95.0,57.0,80.0,False,0.0273097057930653,6
0.0,,8.0,4,4,0.0,0.0,0.0,1.0,70.5,60.0,80.0,,,,,,15,MIXfix_M,95.0,65.0,78.0,False,0.029049646815628,6
1.0,33.0,94.0,4,4,0.0340948738717004,0.0,0.1363794954868019,0.75,75.5,11.0,79.0,,,,,,16,MIXfix_M,95.0,61.0,80.0,False,0.0270026196076366,6
0.0,,8.0,4,4,0.1554457553642201,0.0992469342934846,0.4232891528699113,0.5,75.0,46.0,79.0,,,,,,17,MIXfix_M,95.0,63.0,79.0,False,0.0322780817918016,6
0.0,,8.0,4,4,0.0276176941747759,0.0,0.1104707766991038,0.75,65.5,46.0,78.0,,,,,,18,MIXfix_M,95.0,64.0,83.0,False,0.0305663863171134,6
0.0,,8.0,4,4,0.0,0.0,0.0,1.0,71.5,59.0,77.0,,,,,,19,MIXfix_M,95.0,58.0,81.0,False,0.0259389187006203,6
0.0,,8.0,4,4,0.0,0.0,0.0,1.0,72.5,33.0,79.0,,,,,,20,MIXfix_M,95.0,71.0,84.0,False,0.0321269976972776,6
0.0,,8.0,4,4,0.0971150654550171,0.0,0.3884602618200684,0.75,51.5,21.0,79.0,,,,,,21,MIXfix_M,95.0,69.0,85.0,False,0.0378904105684482,6
0.0,,8.0,4,4,0.0,0.0,0.0,1.0,74.0,42.0,80.0,,,,,,22,MIXfix_M,95.0,64.0,74.0,False,0.0183231490285542,6
0.0,,8.0,4,4,0.0775155368678561,0.0,0.3100621474714247,0.75,61.5,57.0,68.0,,,,,,23,MIXfix_M,95.0,69.0,86.0,False,0.033258642444605,6
0.0,,8.0,4,4,0.0260509915963817,0.0,0.104203966385527,0.75,77.5,72.0,80.0,,,,,,24,MIXfix_M,95.0,59.0,74.0,False,0.026497280887229,6
0.0,,8.0,4,4,0.0797358752175128,0.0,0.3189435008700514,0.75,77.5,75.0,80.0,,,,,,25,MIXfix_M,95.0,72.0,85.0,False,0.0281283323370158,6
0.0,,8.0,4,4,0.0,0.0,0.0,1.0,76.5,72.0,80.0,,,,,,26,MIXfix_M,95.0,59.0,75.0,False,0.0239181420463853,6
0.0,,8.0,4,4,0.0925980608710225,0.0,0.37039224348409,0.75,72.0,52.0,80.0,,,,,,27,MIXfix_M,95.0,64.0,86.0,False,0.0244997770635931,6
0.0,,8.0,4,4,0.0,0.0,0.0,1.0,42.5,23.0,64.0,,,,,,28,MIXfix_M,95.0,62.0,77.0,False,0.0272931797647264,6
0.0,,8.0,4,4,0.0217568828696125,0.0,0.0870275314784503,0.75,68.0,65.0,76.0,,,,,,29,MIXfix_M,95.0,57.0,73.0,False,0.0270700615114336,6
0.0,,8.0,4,4,0.0,0.0,0.0,1.0,67.0,54.0,80.0,,,,,,30,MIXfix_M,95.0,58.0,72.0,False,0.0215063677993711,6
0.0,,8.0,4,4,0.0188849564606888,0.0,0.0755398258427555,0.75,72.0,59.0,79.0,,,,,,31,MIXfix_M,95.0,65.0,78.0,False,0.0294218061921206,6
0.0,,8.0,4,4,0.0,0.0,0.0,1.0,73.0,70.0,77.0,,,,,,32,MIXfix_M,95.0,67.0,85.0,False,0.0201198490771929,6
0.0,,8.0,4,4,0.0,0.0,0.0,1.0,78.5,39.0,80.0,,,,,,33,MIXfix_M,95.0,63.0,86.0,False,0.0298034013831828,6
0.0,,8.0,4,4,0.001819765707496,0.0,0.007279062829984,0.75,66.0,21.0,80.0,,,,,,34,MIXfix_M,95.0,63.0,81.0,False,0.0252318351851555,6
1.0,70.0,81.0,4,4,0.0434820168300712,0.0,0.1739280673202849,0.75,77.5,8.0,79.0,,,,,,35,MIXfix_M,95.0,62.0,76.0,False,0.0300197313070073,6
0.0,,8.0,4,4,0.0,0.0,0.0,1.0,72.5,68.0,79.0,,,,,,36,MIXfix_M,95.0,53.0,82.0,False,0.0232884829994871,6
0.0,,8.0,4,4,0.1320845022167749,0.066987610022353,0.3943627888223935,0.5,70.0,57.0,74.0,,,,,,37,MIXfix_M,95.0,59.0,78.0,False,0.0263332921009157,6
0.0,,8.0,4,4,0.0,0.0,0.0,1.0,63.5,45.0,79.0,,,,,,38,MIXfix_M,95.0,66.0,81.0,False,0.0288632553012216,6
0.0,,8.0,4,4,0.0,0.0,0.0,1.0,77.5,66.0,80.0,,,,,,39,MIXfix_M,95.0,58.0,82.0,False,0.0256619762619253,6
0.0,,8.0,4,4,0.0682829427284906,0.0123912033744173,0.2483493641651278,0.5,71.0,47.0,79.0,,,,,,40,MIXfix_M,95.0,57.0,70.0,False,0.0252165084728232,6
0.0,,8.0,4,4,0.0073996915877393,0.0,0.0295987663509574,0.75,68.5,8.0,74.0,,,,,,41,MIXfix_M,95.0,57.0,77.0,False,0.0265390943011423,6
0.0,,8.0,4,4,0.0099747520150954,0.0,0.0398990080603819,0.75,58.5,8.0,80.0,,,,,,42,MIXfix_M,95.0,68.0,82.0,False,0.0239287874661335,6
0.0,,8.0,4,4,0.0177653843661771,0.0,0.0710615374647086,0.75,70.0,56.0,74.0,,,,,,43,MIXfix_M,95.0,67.0,86.0,False,0.0275812763971864,6
0.0,,8.0,4,4,0.147986850639504,0.1359187488033443,0.3201099049513273,0.5,62.0,45.0,78.0,,,,,,44,MIXfix_M,95.0,67.0,80.0,False,0.0257678748354369,6
0.0,,8.0,4,4,0.0,0.0,0.0,1.0,67.5,55.0,76.0,,,,,,45,MIXfix_M,95.0,65.0,87.0,False,0.0244024903274019,6
0.0,,8.0,4,4,0.0028560376533784,0.0,0.0114241506135139,0.75,73.0,9.0,76.0,,,,,,46,MIXfix_M,95.0,60.0,80.0,False,0.022505464390576,6
0.0,,8.0,4,4,0.0044447575495112,0.0,0.0177790301980451,0.75,74.0,73.0,74.0,,,,,,47,MIXfix_M,95.0,65.0,79.0,False,0.0241700470522744,6
0.0,,8.0,4,4,0.0032493165085171,0.0,0.0129972660340684,0.75,56.5,6.0,78.0,,,,,,48,MIXfix_M,95.0,71.0,86.0,False,0.0296551902856313,6
0.0,,8.0,4,4,0.122683718537995,0.0734136077111072,0.3439076587297656,0.5,72.0,41.0,79.0,,,,,,49,MIXfix_M,95.0,50.0,69.0,False,0.0236939417835874,6
0.0,,8.0,4,4,0.0,0.0,0.0,1.0,74.0,59.0,80.0,,,,,,50,MIXfix_M,95.0,58.0,78.0,False,0.0271291116935413,6
0.0,,8.0,4,4,0.116907906351976,0.0083913391428901,0.4508489471221238,0.5,69.5,46.0,78.0,,,,,,51,MIXfix_M,95.0,63.0,77.0,False,0.0235548054104836,6
0.0,,8.0,4,4,0.0,0.0,0.0,1.0,72.0,33.0,76.0,,,,,,52,MIXfix_M,95.0,70.0,85.0,False,0.0261238656202531,6
0.0,,8.0,4,4,0.0,0.0,0.0,1.0,75.0,69.0,78.0,,,,,,53,MIXfix_M,95.0,66.0,77.0,False,0.0255009962488366,6
0.0,,8.0,4,4,0.0592088165464575,0.0147821872489038,0.2072708916880224,0.25,67.0,47.0,79.0,,,,,,54,MIXfix_M,95.0,64.0,77.0,False,0.02311350856924,6
0.0,,8.0,4,4,0.1074043001001335,0.0832226631521472,0.2631718740962396,0.5,67.0,41.0,68.0,,,,,,55,MIXfix_M,95.0,63.0,85.0,False,0.02762141612193,6
0.0,,8.0,4,4,0.0,0.0,0.0,1.0,63.0,46.0,71.0,,,,,,56,MIXfix_M,95.0,70.0,81.0,False,0.0270869525840108,6
0.0,,8.0,4,4,0.0037650868524169,0.0,0.0150603474096679,0.75,79.0,53.0,80.0,,,,,,57,MIXfix_M,95.0,66.0,84.0,False,0.0352569486468194,6
0.0,,8.0,4,4,0.0680704941597178,0.0,0.2722819766388712,0.75,78.5,66.0,80.0,,,,,,58,MIXfix_M,95.0,61.0,84.0,False,0.0351590151457276,6
0.0,,8.0,4,4,0.0633348052644608,0.0,0.2533392210578434,0.75,54.0,32.0,77.0,,,,,,59,MIXfix_M,95.0,66.0,77.0,False,0.0273865799660452,6
1.0,24.0,85.0,4,4,0.9550113444358092,1.0,1.0,0.0,11.0,11.0,11.0,,,,,,0,B,7.0,41.0,59.0,False,0.5694130384350755,7
1.0,36.0,82.0,4,4,1.0,1.0,1.0,0.0,11.0,11.0,11.0,,,,,,1,B,7.0,36.0,62.0,False,0.5565473885739459,7
0.0,,52.0,4,4,1.0,1.0,1.0,0.0,11.0,11.0,11.0,,,,,,2,B,7.0,43.0,70.0,False,0.6031436903404476,7
1.0,27.0,86.0,4,4,0.9948110268097644,1.0,1.0,0.0,10.0,10.0,10.0,,,,,,3,B,6.0,31.0,64.0,False,0.6165813948106266,7
1.0,36.0,81.0,4,4,1.0,1.0,1.0,0.0,10.0,10.0,10.0,,,,,,4,B,6.0,38.0,62.0,False,0.6078582815278885,7
1.0,76.0,80.0,4,4,0.9548076923076922,1.0,1.0,0.0,11.0,11.0,11.0,,,,,,5,B,7.0,41.0,55.0,False,0.5876633175248976,7
0.0,,76.0,4,4,0.975887893079502,1.0,1.0,0.0,11.0,11.0,11.0,,,,,,6,B,7.0,40.0,64.0,False,0.5523639685509502,7
1.0,16.0,81.0,4,4,0.9816279755322396,1.0,1.0,0.0,11.0,11.0,11.0,,,,,,7,B,7.0,35.0,49.0,False,0.5237993544731137,7
1.0,49.0,80.0,4,4,1.0,1.0,1.0,0.0,10.0,10.0,10.0,,,,,,8,B,6.0,35.0,50.0,False,0.6262466220828772,7
1.0,65.0,82.0,4,4,1.0,1.0,1.0,0.0,10.0,10.0,10.0,,,,,,9,B,6.0,35.0,44.0,False,0.5642919201427142,7
1.0,48.0,82.0,4,4,0.9928809139449132,1.0,1.0,0.0,10.0,10.0,10.0,,,,,,10,B,6.0,40.0,73.0,False,0.5694827510039949,7
1.0,74.0,81.0,4,4,0.7600185867895546,1.0,1.0,0.0,10.0,10.0,10.0,,,,,,11,B,6.0,36.0,54.0,False,0.5967298247036233,7
1.0,42.0,80.0,4,4,0.8953576781954143,1.0,1.0,0.0,11.0,11.0,11.0,,,,,,12,B,7.0,45.0,70.0,False,0.5766833969639965,7
1.0,35.0,83.0,4,4,0.979576793003293,1.0,1.0,0.0,10.0,10.0,10.0,,,,,,13,B,6.0,42.0,53.0,False,0.5815945653390323,7
1.0,28.0,83.0,4,4,0.947446187012464,1.0,1.0,0.0,10.0,10.0,10.0,,,,,,14,B,6.0,36.0,59.0,False,0.5352662346829835,7
1.0,28.0,81.0,4,4,1.0,1.0,1.0,0.0,10.0,10.0,10.0,,,,,,15,B,6.0,34.0,65.0,False,0.6237340293676412,7
1.0,38.0,82.0,4,4,1.0,1.0,1.0,0.0,10.0,10.0,10.0,,,,,,16,B,6.0,32.0,57.0,False,0.5598908804946079,7
0.0,,68.0,4,4,1.0,1.0,1.0,0.0,11.0,11.0,11.0,,,,,,17,B,7.0,44.0,55.0,False,0.557264241879322,7
0.0,,15.0,4,4,0.875,1.0,1.0,0.125,11.0,11.0,11.0,,,,,,18,B,7.0,39.0,57.0,False,0.5648218806351546,7
1.0,18.0,85.0,4,4,1.0,1.0,1.0,0.0,11.0,11.0,11.0,,,,,,19,B,7.0,37.0,67.0,False,0.5897346780372323,7
1.0,19.0,86.0,4,4,1.0,1.0,1.0,0.0,10.0,10.0,10.0,,,,,,20,B,6.0,36.0,46.0,False,0.6073049699335649,7
0.0,,40.0,4,4,0.8693570728165749,1.0,1.0,0.125,11.0,11.0,11.0,,,,,,21,B,7.0,34.0,57.0,False,0.577456586348593,7
1.0,40.0,81.0,4,4,1.0,1.0,1.0,0.0,10.0,10.0,10.0,,,,,,22,B,6.0,38.0,57.0,False,0.6066523030688634,7
1.0,32.0,83.0,4,4,0.9311395330058329,1.0,1.0,0.0,10.0,10.0,10.0,,,,,,23,B,6.0,35.0,54.0,False,0.5929422813194116,7
1.0,38.0,84.0,4,4,0.8979250288320522,1.0,1.0,0.0,12.0,6.0,12.0,,,,,,24,B,8.0,36.0,69.0,False,0.5739789567525021,7
0.0,,65.0,4,4,1.0,1.0,1.0,0.0,11.0,11.0,11.0,,,,,,25,B,7.0,32.0,51.0,False,0.5829899995058466,7
1.0,44.0,103.0,4,4,1.0,1.0,1.0,0.0,10.0,10.0,10.0,,,,,,26,B,6.0,34.0,62.0,False,0.5578181710906679,7
1.0,27.0,80.0,4,4,1.0,1.0,1.0,0.0,10.0,10.0,10.0,,,,,,27,B,6.0,35.0,54.0,False,0.6020595834067025,7
1.0,110.0,81.0,4,4,0.9806671709378758,1.0,1.0,0.0,10.0,10.0,10.0,,,,,,28,B,6.0,36.0,59.0,False,0.5733851885250361,7
1.0,87.0,96.0,4,4,0.8852253219909381,1.0,1.0,0.0,11.0,11.0,11.0,,,,,,29,B,7.0,30.0,51.0,False,0.5627684265855071,7
1.0,23.0,81.0,4,4,0.922118698049485,1.0,1.0,0.0,11.0,11.0,11.0,,,,,,30,B,7.0,40.0,59.0,False,0.5974677928681696,7
0.0,,53.0,4,4,0.9980336179229043,1.0,1.0,0.0,11.0,11.0,11.0,,,,,,31,B,7.0,36.0,63.0,False,0.5613802241910922,7
1.0,44.0,81.0,4,4,0.9632714082288778,1.0,1.0,0.0,12.0,12.0,12.0,,,,,,32,B,8.0,38.0,56.0,False,0.5668208855465602,7
1.0,28.0,80.0,4,4,1.0,1.0,1.0,0.0,10.0,10.0,10.0,,,,,,33,B,6.0,32.0,50.0,False,0.6045636634260855,7
1.0,31.0,80.0,4,4,0.8532207711508007,0.9313333333333332,1.0,0.0,10.0,10.0,10.0,,,,,,34,B,6.0,38.0,68.0,False,0.6005253231240436,7
1.0,35.0,81.0,4,4,0.9196791579879816,1.0,1.0,0.0,10.0,10.0,10.0,,,,,,35,B,6.0,33.0,48.0,False,0.5898881534406365,7
1.0,26.0,85.0,4,4,1.0,1.0,1.0,0.0,11.0,11.0,11.0,,,,,,36,B,7.0,34.0,66.0,False,0.5941382825567363,7
1.0,41.0,86.0,4,4,0.9954628151260504,1.0,1.0,0.0,11.0,11.0,11.0,,,,,,37,B,7.0,35.0,69.0,False,0.6009416931601965,7
1.0,37.0,82.0,4,4,1.0,1.0,1.0,0.0,11.0,11.0,11.0,,,,,,38,B,7.0,32.0,57.0,False,0.6006019335892487,7
1.0,25.0,80.0,4,4,1.0,1.0,1.0,0.0,11.0,11.0,11.0,,,,,,39,B,7.0,36.0,60.0,False,0.5996254899666584,7
1.0,65.0,83.0,4,4,1.0,1.0,1.0,0.0,11.0,11.0,11.0,,,,,,40,B,7.0,31.0,53.0,False,0.5480662269167929,7
1.0,70.0,81.0,4,4,1.0,1.0,1.0,0.0,12.0,12.0,12.0,,,,,,41,B,8.0,37.0,71.0,False,0.5614651822460731,7
1.0,63.0,82.0,4,4,0.9299964740393668,1.0,1.0,0.0,11.0,11.0,11.0,,,,,,42,B,7.0,30.0,63.0,False,0.5772560440541199,7
1.0,17.0,85.0,4,4,1.0,1.0,1.0,0.0,10.0,10.0,10.0,,,,,,43,B,6.0,37.0,66.0,False,0.6029630830531362,7
1.0,77.0,80.0,4,4,0.986289053973634,1.0,1.0,0.0,11.0,11.0,11.0,,,,,,44,B,7.0,33.0,55.0,False,0.5468736684120395,7
1.0,39.0,80.0,4,4,0.9434346558704454,1.0,1.0,0.0,10.0,10.0,10.0,,,,,,45,B,6.0,33.0,61.0,False,0.5724356424251179,7
0.0,,56.0,4,4,1.0,1.0,1.0,0.0,10.0,10.0,10.0,,,,,,46,B,6.0,29.0,48.0,False,0.6024786780196035,7
1.0,46.0,80.0,4,4,1.0,1.0,1.0,0.0,11.0,11.0,11.0,,,,,,47,B,7.0,44.0,70.0,False,0.5580422698074059,7
0.0,,8.0,4,4,1.0,1.0,1.0,0.0,11.0,11.0,11.0,,,,,,48,B,7.0,38.0,61.0,False,0.5984773981594689,7
0.0,,40.0,4,4,1.0,1.0,1.0,0.0,10.0,10.0,10.0,,,,,,49,B,6.0,41.0,64.0,False,0.6127979820303794,7
1.0,68.0,80.0,4,4,1.0,1.0,1.0,0.0,11.0,11.0,11.0,,,,,,50,B,7.0,36.0,58.0,False,0.5986070195930714,7
0.0,,77.0,4,4,1.0,1.0,1.0,0.0,11.0,11.0,11.0,,,,,,51,B,7.0,33.0,50.0,False,0.5585006161333225,7
0.0,,57.0,4,4,0.9539454390158976,1.0,1.0,0.0,11.0,11.0,11.0,,,,,,52,B,7.0,40.0,57.0,False,0.5685736280728664,7
1.0,33.0,80.0,4,4,0.8965652131063075,1.0,1.0,0.0,11.0,11.0,11.0,,,,,,53,B,7.0,39.0,58.0,False,0.5837839149717776,7
1.0,18.0,107.0,4,4,0.9971431012896016,1.0,1.0,0.0,12.0,12.0,12.0,,,,,,54,B,8.0,34.0,54.0,False,0.541069558782097,7
1.0,67.0,82.0,4,4,1.0,1.0,1.0,0.0,11.0,11.0,11.0,,,,,,55,B,7.0,35.0,50.0,False,0.6366001049335288,7
0.0,,69.0,4,4,1.0,1.0,1.0,0.0,10.0,10.0,10.0,,,,,,56,B,6.0,35.0,54.0,False,0.5817940529337432,7
1.0,26.0,90.0,4,4,1.0,1.0,1.0,0.0,10.0,10.0,10.0,,,,,,57,B,6.0,48.0,73.0,False,0.600544060540865,7
1.0,149.0,83.0,4,4,0.7346358826463115,0.8888112662768564,1.0,0.125,10.0,10.0,10.0,,,,,,58,B,6.0,34.0,48.0,False,0.5628225128235077,7
0.0,,48.0,4,4,0.9397633810440388,1.0,1.0,0.0,12.0,6.0,12.0,,,,,,59,B,8.0,45.0,68.0,False,0.5636070649297449,7
0.0,,8.0,4,4,0.3124813719602407,0.3194758308230817,0.4228661017602206,0.0,12.0,12.0,12.0,,,,,,0,BAND,8.0,41.0,59.0,False,0.529465555182498,7
0.0,,27.0,4,4,0.3573163826099489,0.3719702069655501,0.4570026497334136,0.0,12.0,12.0,12.0,8.0,8.0,0.4008407465458891,0.4008407465458891,,1,BAND,8.0,36.0,62.0,False,0.5081878594447323,7
0.0,,16.0,4,4,0.2816777219145999,0.2460869022606232,0.4680128841065769,0.0,13.0,13.0,13.0,2.0,2.0,0.4973697855014718,0.4973697855014718,,2,BAND,9.0,43.0,70.0,False,0.5206829632724304,7
0.0,,8.0,4,4,0.3564691618653099,0.3589836575545465,0.388138012445786,0.0,12.0,12.0,12.0,,,,,,3,BAND,8.0,31.0,64.0,False,0.5130217468209187,7
0.0,,18.0,4,4,0.3844212309815602,0.4232987640616765,0.4442895413131504,0.0,13.0,13.0,13.0,4.0,4.0,0.5242451958750054,0.5242451958750054,,4,BAND,9.0,38.0,62.0,False,0.4882937860923155,7
0.0,,14.0,4,4,0.3246843014816432,0.3428169322136002,0.4203316148706609,0.0,13.0,13.0,13.0,2.0,2.0,0.5084814265981661,0.5084814265981661,,5,BAND,9.0,41.0,55.0,False,0.497035182805089,7
0.0,,11.0,4,4,0.3553096866029637,0.3485436549149986,0.4750662933637269,0.0,14.0,14.0,14.0,,,,,,6,BAND,10.0,40.0,64.0,False,0.4704551977936448,7
0.0,,8.0,4,4,0.3701800698597182,0.4379775169412775,0.4414256340884928,0.0,13.0,13.0,13.0,,,,,,7,BAND,9.0,35.0,49.0,False,0.4697918950979133,7
0.0,,11.0,4,4,0.382249175948499,0.3986767613386791,0.5,0.0,15.0,15.0,15.0,3.0,3.0,0.3872517369004351,0.3872517369004351,,8,BAND,11.0,35.0,50.0,False,0.3750214829065887,7
0.0,,8.0,4,4,0.3792235553367169,0.4079887807788943,0.4916290370036681,0.0,12.0,12.0,12.0,,,,,,9,BAND,8.0,35.0,44.0,False,0.5040024600784073,7
0.0,,11.0,4,4,0.3249579367762668,0.3315730852467993,0.3822187146425989,0.0,12.0,12.0,12.0,1.0,1.0,0.2381187644642935,0.2381187644642935,,10,BAND,8.0,40.0,73.0,False,0.4681177257743468,7
1.0,142.0,89.0,4,4,0.4077248586641243,0.4341980802195622,0.4811816992361711,0.0,12.0,12.0,12.0,87.0,71.0,0.6084625642054725,0.5714224276496939,0.3751016980420381,11,BAND,8.0,36.0,54.0,False,0.4818938689002983,7
0.0,,23.0,4,4,0.3544484137379952,0.3395253054552239,0.5,0.0,14.0,14.0,14.0,23.0,22.0,0.4480738667196619,0.4329190507948223,,12,BAND,10.0,45.0,70.0,False,0.458398407777624,7
0.0,,10.0,4,4,0.3136360202145785,0.305970376161641,0.4707351821143758,0.0,12.0,12.0,12.0,,,,,,13,BAND,8.0,42.0,53.0,False,0.4905720058292882,7
0.0,,28.0,4,4,0.3160973409114527,0.3288009446596479,0.418138896918482,0.0,12.0,12.0,12.0,25.0,20.0,0.3850298599336326,0.3374292304706193,,14,BAND,8.0,36.0,59.0,False,0.4579625708529031,7
0.0,,9.0,4,4,0.3731991734049513,0.3652641919742675,0.4726299471686135,0.0,13.0,13.0,13.0,,,,,,15,BAND,9.0,34.0,65.0,False,0.4532216746949744,7
0.0,,15.0,4,4,0.3307796909182765,0.3538576602573223,0.4308856086045763,0.0,12.0,12.0,12.0,1.0,1.0,0.4770262460463864,0.4770262460463864,,16,BAND,8.0,32.0,57.0,False,0.4752227562965401,7
0.0,,25.0,4,4,0.4077472828679757,0.446966077541596,0.4888646793388481,0.0,12.0,12.0,12.0,22.0,20.0,0.5346409107974208,0.5302268743865229,,17,BAND,8.0,44.0,55.0,False,0.4968911890241589,7
0.0,,17.0,4,4,0.3259719374424538,0.3100054962096878,0.4355626475709534,0.0,12.0,12.0,12.0,,,,,,18,BAND,8.0,39.0,57.0,False,0.5172919592895463,7
0.0,,18.0,4,4,0.286088043719778,0.2809425251096323,0.349035343056279,0.0,13.0,13.0,13.0,1.0,1.0,0.3629695570463035,0.3629695570463035,,19,BAND,9.0,37.0,67.0,False,0.5130356895627792,7
0.0,,8.0,4,4,0.281175734330211,0.2130939575065884,0.4239756959740801,0.0,12.0,12.0,12.0,,,,,,20,BAND,8.0,36.0,46.0,False,0.4974534992106527,7
1.0,130.0,97.0,4,4,0.388767083347676,0.349272535908755,0.5,0.0,14.0,14.0,14.0,95.0,84.0,0.219337027510281,0.2302335278221418,,21,BAND,10.0,34.0,57.0,False,0.4848184161073452,7
0.0,,12.0,4,4,0.3848859209655043,0.4043535863223556,0.4851634232875682,0.0,12.0,12.0,12.0,,,,,,22,BAND,8.0,38.0,57.0,False,0.5320377055633397,7
0.0,,11.0,4,4,0.372308055352656,0.4276256002835129,0.4435202322056828,0.0,12.0,12.0,12.0,4.0,4.0,0.3042415658410335,0.3042415658410335,,23,BAND,8.0,35.0,54.0,False,0.4927132513299857,7
0.0,,20.0,4,4,0.3922744156038763,0.4038357493192007,0.4538329327473234,0.0,12.0,12.0,12.0,16.0,16.0,0.4014092506330997,0.4014092506330997,,24,BAND,8.0,36.0,69.0,False,0.5739789567525021,7
0.0,,29.0,4,4,0.4218558778544388,0.4278480420916591,0.5,0.0,14.0,14.0,14.0,8.0,8.0,0.4844070557462269,0.4844070557462269,,25,BAND,10.0,32.0,51.0,False,0.4628676835010248,7
0.0,,9.0,4,4,0.3661983480620303,0.3600522050582369,0.4779698276997458,0.0,12.0,12.0,12.0,1.0,1.0,0.2486255412217341,0.2486255412217341,,26,BAND,8.0,34.0,62.0,False,0.4806806279802312,7
0.0,,13.0,4,4,0.3335102135917386,0.2986561721506852,0.4721910492285016,0.0,13.0,13.0,13.0,3.0,3.0,0.230707192579007,0.230707192579007,,27,BAND,9.0,35.0,54.0,False,0.4942669719501681,7
0.0,,8.0,4,4,0.3322843308009359,0.3094901668700872,0.4344116987972644,0.0,12.0,12.0,12.0,,,,,,28,BAND,8.0,36.0,59.0,False,0.4928904046548356,7
0.0,,22.0,4,4,0.3128159550246498,0.2999999999999999,0.457219861395619,0.0,15.0,15.0,15.0,6.0,6.0,0.3727082586768613,0.3727082586768613,,29,BAND,11.0,30.0,51.0,False,0.379155072903042,7
0.0,,19.0,4,4,0.3476855984675802,0.3367070564438513,0.4535262108002034,0.0,14.0,14.0,14.0,9.0,9.0,0.3078411917623809,0.3078411917623809,,30,BAND,10.0,40.0,59.0,False,0.4641628443905992,7
0.0,,12.0,4,4,0.3443870457120352,0.3452138355553386,0.3912047532775293,0.0,13.0,13.0,13.0,,,,,,31,BAND,9.0,36.0,63.0,False,0.4901204479663091,7
0.0,,13.0,4,4,0.3859827710690766,0.4031849283754654,0.4691501161327665,0.0,13.0,13.0,13.0,2.0,2.0,0.3175371367177182,0.3175371367177182,,32,BAND,9.0,38.0,56.0,False,0.5434927677663638,7
0.0,,12.0,4,4,0.3129907431091739,0.3049830869691266,0.4901926121478415,0.0,12.0,12.0,12.0,4.0,4.0,0.2997119937852694,0.2997119937852694,,33,BAND,8.0,32.0,50.0,False,0.5135686428926458,7
0.0,,15.0,4,4,0.4144948303061485,0.4336841195109777,0.4791949894868496,0.0,12.0,12.0,12.0,,,,,,34,BAND,8.0,38.0,68.0,False,0.5105257677724226,7
0.0,,8.0,4,4,0.3836532250467602,0.3606893798337264,0.5,0.0,15.0,15.0,15.0,,,,,,35,BAND,11.0,33.0,48.0,False,0.3810865643545323,7
0.0,,51.0,4,4,0.2993319325928975,0.2793729947938079,0.4521039598845218,0.0,12.0,12.0,12.0,51.0,39.0,0.4813964693415939,0.4162988652895619,,36,BAND,8.0,34.0,66.0,False,0.5354962808403979,7
0.0,,12.0,4,4,0.388761536364146,0.3999999999999999,0.5,0.0,15.0,15.0,15.0,,,,,,37,BAND,11.0,35.0,69.0,False,0.4296261136198089,7
0.0,,13.0,4,4,0.3105218201280336,0.2790434676434676,0.4105767290225667,0.0,12.0,12.0,12.0,4.0,4.0,0.252549844364811,0.252549844364811,,38,BAND,8.0,32.0,57.0,False,0.5561321166424456,7
0.0,,16.0,4,4,0.3289721517591907,0.2875787687965453,0.4531523006471267,0.0,12.0,12.0,12.0,,,,,,39,BAND,8.0,36.0,60.0,False,0.5459514069993775,7
0.0,,8.0,4,4,0.3227006248504681,0.2802636546050123,0.4777441962542094,0.0,12.0,12.0,12.0,,,,,,40,BAND,8.0,31.0,53.0,False,0.506317361433885,7
0.0,,16.0,4,4,0.3812643196930692,0.4221943736660352,0.5,0.0,14.0,14.0,14.0,7.0,7.0,0.4206411352049008,0.4206411352049008,,41,BAND,10.0,37.0,71.0,False,0.4491124550534385,7
0.0,,9.0,4,4,0.3548821881650246,0.3643954056642411,0.44248885714474,0.0,12.0,12.0,12.0,,,,,,42,BAND,8.0,30.0,63.0,False,0.5255588218436764,7
0.0,,12.0,4,4,0.3828999263771272,0.399046003777358,0.4359978305247091,0.0,13.0,13.0,13.0,1.0,1.0,0.3521832861469645,0.3521832861469645,,43,BAND,9.0,37.0,66.0,False,0.4680813410062351,7
0.0,,10.0,4,4,0.2810608485772812,0.254840044871936,0.4469375802892199,0.0,13.0,13.0,13.0,1.0,1.0,0.3439933778494423,0.3439933778494423,,44,BAND,9.0,33.0,55.0,False,0.4509368499866814,7
0.0,,30.0,4,4,0.4299572610768027,0.4333969020632982,0.5,0.0,14.0,14.0,14.0,28.0,25.0,0.4682681446995863,0.4738432851380689,,45,BAND,10.0,33.0,61.0,False,0.4605232595362777,7
0.0,,16.0,4,4,0.3461153996986373,0.3459488848597869,0.4907049087459412,0.0,12.0,12.0,12.0,,,,,,46,BAND,8.0,29.0,48.0,False,0.5165757488609485,7
0.0,,18.0,4,4,0.3867060139949201,0.381877908732311,0.4979277529237258,0.0,12.0,12.0,12.0,4.0,4.0,0.5352080629645154,0.5352080629645154,,47,BAND,8.0,44.0,70.0,False,0.5094249258093383,7
0.0,,19.0,4,4,0.4156873209952461,0.439639316730298,0.4760768591424158,0.0,13.0,13.0,13.0,1.0,1.0,0.5294290384045788,0.5294290384045788,,48,BAND,9.0,38.0,61.0,False,0.5034048655106739,7
0.0,,29.0,4,4,0.4009791552801806,0.4094242693168625,0.4498939049027984,0.0,13.0,13.0,13.0,20.0,8.0,0.4249202634200155,0.3708086317197635,,49,BAND,9.0,41.0,64.0,False,0.4863149060089808,7
0.0,,25.0,4,4,0.3615496033690198,0.3799351582110799,0.485004780788091,0.0,12.0,12.0,12.0,8.0,8.0,0.3311395380682306,0.3311395380682306,,50,BAND,8.0,36.0,58.0,False,0.5556777296782064,7
0.0,,12.0,4,4,0.2971473413454795,0.2781605359768124,0.3865563942172266,0.0,12.0,12.0,12.0,7.0,7.0,0.3906288905540929,0.3906288905540929,,51,BAND,8.0,33.0,50.0,False,0.5138277590609381,7
0.0,,12.0,4,4,0.3411071045880193,0.3198975636442933,0.4493160267776178,0.0,12.0,12.0,12.0,4.0,4.0,0.2287995907904922,0.2287995907904922,,52,BAND,8.0,40.0,57.0,False,0.5155005085565986,7
0.0,,12.0,4,4,0.3672886842469524,0.3496939481917878,0.4479360629641957,0.0,12.0,12.0,12.0,1.0,1.0,0.5469204325699513,0.5469204325699513,,53,BAND,8.0,39.0,58.0,False,0.5293666186643967,7
0.0,,8.0,4,4,0.3445463093613735,0.3536289488728041,0.4345203013556707,0.0,13.0,13.0,13.0,,,,,,54,BAND,9.0,34.0,54.0,False,0.4759134754209255,7
0.0,,8.0,4,4,0.4244611058512255,0.4229222185749614,0.5,0.0,14.0,14.0,14.0,,,,,,55,BAND,10.0,35.0,50.0,False,0.4788043055366423,7
0.0,,12.0,4,4,0.2890289856494819,0.2897044372123201,0.3806161501185203,0.0,12.0,12.0,12.0,3.0,3.0,0.3200188203236531,0.3200188203236531,,56,BAND,8.0,35.0,54.0,False,0.4892571929728038,7
0.0,,8.0,4,4,0.3523633845433551,0.3493036791434193,0.4734582981472611,0.0,13.0,13.0,13.0,,,,,,57,BAND,9.0,48.0,73.0,False,0.4290397913566413,7
0.0,,37.0,4,4,0.37384222171394,0.3945681316631544,0.4436036040807143,0.0,12.0,12.0,12.0,8.0,8.0,0.5269411215704756,0.5269411215704756,,58,BAND,8.0,34.0,48.0,False,0.4490869351326317,7
0.0,,11.0,4,4,0.4008381254287722,0.4204227033376522,0.4928511608662085,0.0,13.0,13.0,13.0,,,,,,59,BAND,9.0,45.0,68.0,False,0.5050704840342177,7
0.0,,8.0,4,4,0.2909212011405939,0.305514771398578,0.3249917141154086,0.0,12.0,12.0,12.0,,,,,,0,BAND_MIX_F,8.0,41.0,59.0,False,0.529465555182498,7
0.0,,10.0,4,4,0.3151463876864099,0.2970853266150191,0.4570026497334136,0.0,12.0,12.0,12.0,2.0,2.0,0.6518944906570966,0.6518944906570966,,1,BAND_MIX_F,8.0,36.0,62.0,False,0.5081878594447323,7
0.0,,10.0,4,4,0.2415545018163904,0.2460869022606232,0.2574773444941089,0.0,13.0,13.0,13.0,,,,,,2,BAND_MIX_F,9.0,43.0,70.0,False,0.5206829632724304,7
1.0,62.0,184.0,4,4,0.3594998637250164,0.3589836575545465,0.3813187845573791,0.0,12.0,12.0,12.0,184.0,142.0,0.3262909740164721,0.3249847743198861,0.2453529649609196,3,BAND_MIX_F,8.0,31.0,64.0,False,0.5130217468209187,7
0.0,,22.0,4,4,0.4295172039112575,0.4297774988119444,0.4389210521372328,0.0,13.0,13.0,13.0,1.0,1.0,0.8626644506919813,0.8626644506919813,,4,BAND_MIX_F,9.0,38.0,62.0,False,0.4882937860923155,7
0.0,,9.0,4,4,0.3082996276382027,0.3361403860291336,0.3428169322136002,0.0,13.0,13.0,13.0,,,,,,5,BAND_MIX_F,9.0,41.0,55.0,False,0.497035182805089,7
1.0,117.0,232.0,4,4,0.3462127797472378,0.3603347635815728,0.3884393587740118,0.0,14.0,14.0,14.0,232.0,220.0,0.1992933794926998,0.2084487367600976,0.4661850414723797,6,BAND_MIX_F,10.0,40.0,64.0,False,0.4704551977936448,7
0.0,,68.0,4,4,0.3586219808542599,0.3965452925933554,0.4379775169412775,0.0,13.0,13.0,13.0,23.0,22.0,0.4407702651244552,0.446134889141859,,7,BAND_MIX_F,9.0,35.0,49.0,False,0.4697918950979133,7
0.0,,14.0,4,4,0.3499999999999998,0.3499999999999999,0.3999999999999999,0.0,15.0,15.0,15.0,,,,,,8,BAND_MIX_F,11.0,35.0,50.0,False,0.3750214829065887,7
0.0,,16.0,4,4,0.3695467702128995,0.3584692687346689,0.4916290370036681,0.0,12.0,12.0,12.0,11.0,11.0,0.5586397088998236,0.5586397088998236,,9,BAND_MIX_F,8.0,35.0,44.0,False,0.5040024600784073,7
0.0,,32.0,4,4,0.3481112737811928,0.352556963272991,0.3757676642123905,0.0,12.0,12.0,12.0,10.0,10.0,0.5711895396263612,0.5711895396263612,,10,BAND_MIX_F,8.0,40.0,73.0,False,0.4681177257743468,7
0.0,,11.0,4,4,0.3984701222939718,0.41190017157858,0.4800464052294328,0.0,12.0,12.0,12.0,,,,,,11,BAND_MIX_F,8.0,36.0,54.0,False,0.4818938689002983,7
1.0,122.0,103.0,4,4,0.4307875723597439,0.43958577158624,0.5,0.0,14.0,14.0,14.0,103.0,83.0,0.4298657539482468,0.3937157242951803,,12,BAND_MIX_F,10.0,45.0,70.0,False,0.458398407777624,7
0.0,,11.0,4,4,0.2889192350842597,0.2781803597267676,0.3961840618898429,0.0,12.0,12.0,12.0,,,,,,13,BAND_MIX_F,8.0,42.0,53.0,False,0.4905720058292882,7
0.0,,8.0,4,4,0.381746645014508,0.3760704368428992,0.4777949754881423,0.0,12.0,12.0,12.0,,,,,,14,BAND_MIX_F,8.0,36.0,59.0,False,0.4579625708529031,7
0.0,,13.0,4,4,0.4280220006597924,0.4437544646556759,0.4643393142594892,0.0,13.0,13.0,13.0,,,,,,15,BAND_MIX_F,9.0,34.0,65.0,False,0.4532216746949744,7
1.0,66.0,195.0,4,4,0.3420475542416453,0.3630670525845587,0.4308856086045763,0.0,12.0,12.0,12.0,195.0,163.0,0.2281504213841563,0.2162018311802972,0.2825141389368346,16,BAND_MIX_F,8.0,32.0,57.0,False,0.4752227562965401,7
1.0,125.0,87.0,4,4,0.3240901425416624,0.2990562312420369,0.4888646793388481,0.0,12.0,12.0,12.0,77.0,76.0,0.330421530461995,0.3321877517363323,,17,BAND_MIX_F,8.0,44.0,55.0,False,0.4968911890241589,7
1.0,60.0,91.0,4,4,0.3917225656954163,0.4220802680127987,0.4355626475709534,0.0,12.0,12.0,12.0,82.0,82.0,0.2185628467967183,0.2185628467967183,,18,BAND_MIX_F,8.0,39.0,57.0,False,0.5172919592895463,7
0.0,,8.0,4,4,0.3372521547554228,0.3057781252244033,0.478829069480474,0.0,13.0,13.0,13.0,,,,,,19,BAND_MIX_F,9.0,37.0,67.0,False,0.5130356895627792,7
0.0,,16.0,4,4,0.3143345270782224,0.2866215025313453,0.4826863525758534,0.0,12.0,12.0,12.0,3.0,3.0,0.8144400042776803,0.8144400042776803,,20,BAND_MIX_F,8.0,36.0,46.0,False,0.4974534992106527,7
1.0,87.0,204.0,4,4,0.3953613597105103,0.3692741814311262,0.5,0.0,14.0,14.0,14.0,204.0,175.0,0.1567304706796838,0.1627890628334776,0.1600506438004701,21,BAND_MIX_F,10.0,34.0,57.0,False,0.4848184161073452,7
0.0,,10.0,4,4,0.3884555012416756,0.3927679568628809,0.446302425997893,0.0,12.0,12.0,12.0,,,,,,22,BAND_MIX_F,8.0,38.0,57.0,False,0.5320377055633397,7
0.0,,77.0,4,4,0.3191777713386545,0.3210816498713025,0.4276256002835129,0.0,12.0,12.0,12.0,75.0,54.0,0.486325758007699,0.4088674122131512,,23,BAND_MIX_F,8.0,35.0,54.0,False,0.4927132513299857,7
1.0,61.0,265.0,4,4,0.4169266126846622,0.4256900804636075,0.4475444116080144,0.0,12.0,12.0,12.0,263.0,237.0,0.1781278264536785,0.1840005716195158,,24,BAND_MIX_F,8.0,36.0,69.0,False,0.5739789567525021,7
0.0,,9.0,4,4,0.434403096077822,0.4414595430475032,0.5,0.0,14.0,14.0,14.0,,,,,,25,BAND_MIX_F,10.0,32.0,51.0,False,0.4628676835010248,7
0.0,,9.0,4,4,0.3730329392467743,0.3918896904151147,0.4779698276997458,0.0,12.0,12.0,12.0,,,,,,26,BAND_MIX_F,8.0,34.0,62.0,False,0.4806806279802312,7
0.0,,13.0,4,4,0.3211769309503448,0.2882499046147165,0.4663291340622794,0.0,13.0,13.0,13.0,,,,,,27,BAND_MIX_F,9.0,35.0,54.0,False,0.4942669719501681,7
0.0,,8.0,4,4,0.3151231161153561,0.2753602552213867,0.4344116987972644,0.0,12.0,12.0,12.0,,,,,,28,BAND_MIX_F,8.0,36.0,59.0,False,0.4928904046548356,7
0.0,,44.0,4,4,0.3393049653489047,0.2999999999999999,0.457219861395619,0.0,15.0,15.0,15.0,44.0,44.0,0.6651519265959828,0.6651519265959828,,29,BAND_MIX_F,11.0,30.0,51.0,False,0.379155072903042,7
0.0,,12.0,4,4,0.4360881258958394,0.451615092871481,0.5,0.0,14.0,14.0,14.0,2.0,2.0,0.4617632521019814,0.4617632521019814,,30,BAND_MIX_F,10.0,40.0,59.0,False,0.4641628443905992,7
0.0,,15.0,4,4,0.3277735691495824,0.3082114196554465,0.4574749041864823,0.0,13.0,13.0,13.0,1.0,1.0,0.4706057868356398,0.4706057868356398,,31,BAND_MIX_F,9.0,36.0,63.0,False,0.4901204479663091,7
0.0,,17.0,4,4,0.3632447999151668,0.3538701968486838,0.4691501161327665,0.0,13.0,13.0,13.0,6.0,6.0,0.4370341259348185,0.4370341259348185,,32,BAND_MIX_F,9.0,38.0,56.0,False,0.5434927677663638,7
0.0,,16.0,4,4,0.3400340358207067,0.3278375675638554,0.4587862008417886,0.0,12.0,12.0,12.0,2.0,2.0,0.70864596757825,0.70864596757825,,33,BAND_MIX_F,8.0,32.0,50.0,False,0.5135686428926458,7
0.0,,24.0,4,4,0.4095830828303159,0.4153876175266048,0.4677514447697121,0.0,12.0,12.0,12.0,8.0,8.0,0.438014773135277,0.438014773135277,,34,BAND_MIX_F,8.0,38.0,68.0,False,0.5105257677724226,7
0.0,,64.0,4,4,0.3271079918562838,0.3062396290884237,0.421378759667453,0.0,15.0,15.0,15.0,63.0,48.0,0.5021065360196598,0.4206270990532073,,35,BAND_MIX_F,11.0,33.0,48.0,False,0.3810865643545323,7
0.0,,8.0,4,4,0.319290870391987,0.2793729947938079,0.4521039598845218,0.0,12.0,12.0,12.0,,,,,,36,BAND_MIX_F,8.0,34.0,66.0,False,0.5354962808403979,7
0.0,,62.0,4,4,0.3880645036092694,0.3999999999999999,0.5,0.0,15.0,15.0,15.0,62.0,47.0,0.348962289497269,0.3019549565427559,0.1274334011502385,37,BAND_MIX_F,11.0,35.0,69.0,False,0.4296261136198089,7
0.0,,10.0,4,4,0.3215630487435061,0.3055165712298816,0.4105767290225667,0.0,12.0,12.0,12.0,,,,,,38,BAND_MIX_F,8.0,32.0,57.0,False,0.5561321166424456,7
0.0,,8.0,4,4,0.3289721517591907,0.2875787687965453,0.4531523006471267,0.0,12.0,12.0,12.0,,,,,,39,BAND_MIX_F,8.0,36.0,60.0,False,0.5459514069993775,7
0.0,,10.0,4,4,0.2556035810461791,0.2494209323888671,0.2741515270181152,0.0,12.0,12.0,12.0,2.0,2.0,0.5981331864389539,0.5981331864389539,,40,BAND_MIX_F,8.0,31.0,53.0,False,0.506317361433885,7
0.0,,14.0,4,4,0.3850427508617601,0.4221943736660352,0.4595424768529812,0.0,14.0,14.0,14.0,4.0,4.0,0.5410165542259685,0.5410165542259685,,41,BAND_MIX_F,10.0,37.0,71.0,False,0.4491124550534385,7
0.0,,8.0,4,4,0.3413306460563723,0.3182658864485033,0.4331944823761801,0.0,12.0,12.0,12.0,,,,,,42,BAND_MIX_F,8.0,30.0,63.0,False,0.5255588218436764,7
0.0,,24.0,4,4,0.4239760250350137,0.4313263729145981,0.4449347826399348,0.0,13.0,13.0,13.0,7.0,7.0,0.5448684455547825,0.5448684455547825,,43,BAND_MIX_F,9.0,37.0,66.0,False,0.4680813410062351,7
0.0,,9.0,4,4,0.2628963437146507,0.2528847433580297,0.3182892146959949,0.0,13.0,13.0,13.0,,,,,,44,BAND_MIX_F,9.0,33.0,55.0,False,0.4509368499866814,7
0.0,,13.0,4,4,0.4234977343957232,0.4226214313409849,0.5,0.0,14.0,14.0,14.0,,,,,,45,BAND_MIX_F,10.0,33.0,61.0,False,0.4605232595362777,7
0.0,,34.0,4,4,0.3939457009959158,0.3659675979897563,0.4907049087459412,0.0,12.0,12.0,12.0,22.0,22.0,0.5099623045937632,0.5099623045937632,,46,BAND_MIX_F,8.0,29.0,48.0,False,0.5165757488609485,7
1.0,82.0,326.0,4,4,0.3810676469952438,0.3505991548123666,0.4979277529237258,0.0,12.0,12.0,12.0,326.0,261.0,0.2194078334664615,0.2273228813713703,0.3691869920828156,47,BAND_MIX_F,8.0,44.0,70.0,False,0.5094249258093383,7
0.0,,16.0,4,4,0.4576082836225761,0.4573584793087953,0.4760768591424158,0.0,13.0,13.0,13.0,4.0,4.0,0.7906346149617841,0.7906346149617841,,48,BAND_MIX_F,9.0,38.0,61.0,False,0.5034048655106739,7
0.0,,62.0,4,4,0.3449593088421367,0.3449593088421367,0.4498939049027984,0.0,13.0,13.0,13.0,61.0,46.0,0.4037747399526765,0.3194053422838534,,49,BAND_MIX_F,9.0,41.0,64.0,False,0.4863149060089808,7
0.0,,70.0,4,4,0.3552553737056761,0.3588014929954104,0.4800608499014628,0.0,12.0,12.0,12.0,70.0,65.0,0.2808797439213711,0.2687906021570981,,50,BAND_MIX_F,8.0,36.0,58.0,False,0.5556777296782064,7
0.0,,9.0,4,4,0.2957889878464483,0.2731825987377856,0.3865563942172266,0.0,12.0,12.0,12.0,,,,,,51,BAND_MIX_F,8.0,33.0,50.0,False,0.5138277590609381,7
0.0,,13.0,4,4,0.3165709228312943,0.3165709228312943,0.400399446518001,0.0,12.0,12.0,12.0,4.0,4.0,0.6196043837444368,0.6196043837444368,,52,BAND_MIX_F,8.0,40.0,57.0,False,0.5155005085565986,7
0.0,,10.0,4,4,0.3448014605042075,0.3410876218145474,0.3583002745690281,0.0,12.0,12.0,12.0,1.0,1.0,0.4254543475443691,0.4254543475443691,,53,BAND_MIX_F,8.0,39.0,58.0,False,0.5293666186643967,7
0.0,,8.0,4,4,0.3363216367516614,0.354814474436402,0.3559999999999998,0.0,13.0,13.0,13.0,,,,,,54,BAND_MIX_F,9.0,34.0,54.0,False,0.4759134754209255,7
0.0,,16.0,4,4,0.3898751780677062,0.4035410795208878,0.5,0.0,14.0,14.0,14.0,2.0,2.0,0.5619859027434817,0.5619859027434817,,55,BAND_MIX_F,10.0,35.0,50.0,False,0.4788043055366423,7
0.0,,8.0,4,4,0.3676175126559453,0.359079581718325,0.47647736649262,0.0,12.0,12.0,12.0,,,,,,56,BAND_MIX_F,8.0,35.0,54.0,False,0.4892571929728038,7
1.0,48.0,152.0,4,4,0.3897065944465486,0.4284760345028113,0.4734582981472611,0.0,13.0,13.0,13.0,144.0,131.0,0.2075984756597991,0.2024053279325889,,57,BAND_MIX_F,9.0,48.0,73.0,False,0.4290397913566413,7
1.0,95.0,262.0,4,4,0.397426469940114,0.4378402035814442,0.4436036040807143,0.0,12.0,12.0,12.0,262.0,235.0,0.2353819491042899,0.239383965181013,0.2763490119137795,58,BAND_MIX_F,8.0,34.0,48.0,False,0.4490869351326317,7
0.0,,8.0,4,4,0.3909229848051526,0.3569469261181339,0.4928511608662085,0.0,13.0,13.0,13.0,,,,,,59,BAND_MIX_F,9.0,45.0,68.0,False,0.5050704840342177,7
1.0,34.0,297.0,4,4,0.38382281201838,0.3739176462025407,0.4734960081376836,0.0,12.0,12.0,12.0,289.0,235.0,0.1964792260737246,0.2178659659018638,0.3772622201861657,0,BAND_MIX_M,8.0,41.0,59.0,False,0.529465555182498,7
1.0,74.0,111.0,4,4,0.3647806237408741,0.3653601423647581,0.4570026497334136,0.0,12.0,12.0,12.0,111.0,98.0,0.3065025540396993,0.3034547385081132,0.4214431086617234,1,BAND_MIX_M,8.0,36.0,62.0,False,0.5081878594447323,7
0.0,,8.0,4,4,0.3666886390242777,0.3751834095644288,0.4998208787180463,0.0,13.0,13.0,13.0,,,,,,2,BAND_MIX_M,9.0,43.0,70.0,False,0.5206829632724304,7
1.0,79.0,248.0,4,4,0.3386517308979923,0.3268163989527933,0.388138012445786,0.0,12.0,12.0,12.0,248.0,177.0,0.3181865179743878,0.3238742050814776,0.4350956094007933,3,BAND_MIX_M,8.0,31.0,64.0,False,0.5130217468209187,7
1.0,68.0,83.0,4,4,0.3526881382886564,0.3529507222157545,0.4442895413131504,0.0,13.0,13.0,13.0,78.0,73.0,0.298789536245293,0.3126925889643486,,4,BAND_MIX_M,9.0,38.0,62.0,False,0.4882937860923155,7
0.0,,8.0,4,4,0.3304080653051219,0.3428169322136002,0.4203316148706609,0.0,13.0,13.0,13.0,,,,,,5,BAND_MIX_M,9.0,41.0,55.0,False,0.497035182805089,7
1.0,69.0,117.0,4,4,0.4030248593477765,0.4191022529851672,0.4846676956803115,0.0,14.0,14.0,14.0,108.0,108.0,0.2176044171688005,0.2176044171688005,,6,BAND_MIX_M,10.0,40.0,64.0,False,0.4704551977936448,7
1.0,46.0,172.0,4,4,0.3601600174044116,0.3965452925933554,0.4379775169412775,0.0,13.0,13.0,13.0,162.0,162.0,0.1823879031307601,0.1823879031307601,,7,BAND_MIX_M,9.0,35.0,49.0,False,0.4697918950979133,7
1.0,56.0,133.0,4,4,0.3993383806693395,0.3986767613386791,0.5,0.0,15.0,15.0,15.0,132.0,108.0,0.3240717516537137,0.3077290958277876,0.2899596305969811,8,BAND_MIX_M,11.0,35.0,50.0,False,0.3750214829065887,7
0.0,,8.0,4,4,0.307938925018908,0.2890028576485884,0.4492382566744538,0.0,12.0,12.0,12.0,,,,,,9,BAND_MIX_M,8.0,35.0,44.0,False,0.5040024600784073,7
1.0,57.0,134.0,4,4,0.3867782324267036,0.3749998450650883,0.4751176274458508,0.0,12.0,12.0,12.0,131.0,127.0,0.194865830198473,0.1920382915362257,,10,BAND_MIX_M,8.0,40.0,73.0,False,0.4681177257743468,7
0.0,,8.0,4,4,0.416968212000693,0.4456586131705916,0.4865218808722942,0.0,12.0,12.0,12.0,,,,,,11,BAND_MIX_M,8.0,36.0,54.0,False,0.4818938689002983,7
0.0,,8.0,4,4,0.3501288613150025,0.3854787949467032,0.4271593189487799,0.0,14.0,14.0,14.0,,,,,,12,BAND_MIX_M,10.0,45.0,70.0,False,0.458398407777624,7
1.0,47.0,203.0,4,4,0.2582874838273088,0.2490986528455697,0.3318204706244348,0.0,12.0,12.0,12.0,195.0,195.0,0.1885568881162594,0.1885568881162594,,13,BAND_MIX_M,8.0,42.0,53.0,False,0.4905720058292882,7
0.0,,8.0,4,4,0.3461971263129487,0.3672194303549195,0.3969741749083174,0.0,12.0,12.0,12.0,,,,,,14,BAND_MIX_M,8.0,36.0,59.0,False,0.4579625708529031,7
0.0,,37.0,4,4,0.3826455183449264,0.4070215447679411,0.4991430688713874,0.0,13.0,13.0,13.0,4.0,4.0,0.2477143689208734,0.2477143689208734,,15,BAND_MIX_M,9.0,34.0,65.0,False,0.4532216746949744,7
1.0,45.0,144.0,4,4,0.3467615450199873,0.3786138330599692,0.4086354034088685,0.0,12.0,12.0,12.0,137.0,105.0,0.3798230835575482,0.3423147827761844,0.1687047851587534,16,BAND_MIX_M,8.0,32.0,57.0,False,0.4752227562965401,7
1.0,86.0,323.0,4,4,0.419370599941674,0.446966077541596,0.4561974407767565,0.0,12.0,12.0,12.0,323.0,213.0,0.3580273934799614,0.323797397369133,0.0775677480190535,17,BAND_MIX_M,8.0,44.0,55.0,False,0.4968911890241589,7
0.0,,78.0,4,4,0.3452092184016725,0.3361667692124711,0.4946925226748236,0.0,12.0,12.0,12.0,27.0,25.0,0.3408605598112569,0.3303589612012306,,18,BAND_MIX_M,8.0,39.0,57.0,False,0.5172919592895463,7
0.0,,8.0,4,4,0.295786053615845,0.2993641428267372,0.349035343056279,0.0,13.0,13.0,13.0,,,,,,19,BAND_MIX_M,9.0,37.0,67.0,False,0.5130356895627792,7
0.0,,8.0,4,4,0.2994583782450213,0.2862245331658298,0.4239756959740801,0.0,12.0,12.0,12.0,,,,,,20,BAND_MIX_M,8.0,36.0,46.0,False,0.4974534992106527,7
1.0,42.0,134.0,4,4,0.4357242689949472,0.4499999999999999,0.5,0.0,14.0,14.0,14.0,128.0,116.0,0.3517194499677233,0.337690020627848,0.192479911294957,21,BAND_MIX_M,10.0,34.0,57.0,False,0.4848184161073452,7
1.0,34.0,130.0,4,4,0.3506266715291454,0.3624047466468181,0.446302425997893,0.0,12.0,12.0,12.0,122.0,107.0,0.2408774325174779,0.2460170762208566,0.2257986783860534,22,BAND_MIX_M,8.0,38.0,57.0,False,0.5320377055633397,7
0.0,,8.0,4,4,0.3658110478323659,0.4025931298323444,0.4435202322056828,0.0,12.0,12.0,12.0,,,,,,23,BAND_MIX_M,8.0,35.0,54.0,False,0.4927132513299857,7
0.0,,8.0,4,4,0.3676222185230904,0.4038357493192007,0.4538329327473234,0.0,12.0,12.0,12.0,,,,,,24,BAND_MIX_M,8.0,36.0,69.0,False,0.5739789567525021,7
1.0,121.0,145.0,4,4,0.4093086596310555,0.3912706701539704,0.5,0.0,14.0,14.0,14.0,144.0,131.0,0.2795136681215941,0.2933911058953914,,25,BAND_MIX_M,10.0,32.0,51.0,False,0.4628676835010248,7
1.0,37.0,126.0,4,4,0.3490054149551855,0.3600522050582369,0.4368450534224793,0.0,12.0,12.0,12.0,118.0,118.0,0.1824142037214844,0.1824142037214844,,26,BAND_MIX_M,8.0,34.0,62.0,False,0.4806806279802312,7
0.0,,61.0,4,4,0.2930194552565331,0.2713011528580731,0.368580629987882,0.0,13.0,13.0,13.0,46.0,46.0,0.3861835556179033,0.3861835556179033,,27,BAND_MIX_M,9.0,35.0,54.0,False,0.4942669719501681,7
1.0,63.0,155.0,4,4,0.338756251010521,0.3310270573053963,0.4307372042442474,0.0,12.0,12.0,12.0,154.0,113.0,0.2668967110830039,0.243915206350482,,28,BAND_MIX_M,8.0,36.0,59.0,False,0.4928904046548356,7
0.0,,8.0,4,4,0.286326944700395,0.2999999999999999,0.2999999999999999,0.0,15.0,15.0,15.0,,,,,,29,BAND_MIX_M,11.0,30.0,51.0,False,0.379155072903042,7
1.0,52.0,176.0,4,4,0.3954133864983734,0.4334414922309934,0.4413564486438041,0.0,14.0,14.0,14.0,170.0,164.0,0.2780040075112232,0.279330423873348,0.3355881920203651,30,BAND_MIX_M,10.0,40.0,59.0,False,0.4641628443905992,7
1.0,67.0,177.0,4,4,0.3276914893059623,0.3437733618723642,0.346654309238313,0.0,13.0,13.0,13.0,177.0,135.0,0.370335753385606,0.3601593650433349,,31,BAND_MIX_M,9.0,36.0,63.0,False,0.4901204479663091,7
0.0,,8.0,4,4,0.4087207422229864,0.4102840283695101,0.4691501161327665,0.0,13.0,13.0,13.0,,,,,,32,BAND_MIX_M,9.0,38.0,56.0,False,0.5434927677663638,7
1.0,62.0,82.0,4,4,0.2961382952181841,0.3103544642118334,0.3181694451357422,0.0,12.0,12.0,12.0,77.0,73.0,0.1679748247969458,0.1742981735432246,,33,BAND_MIX_M,8.0,32.0,50.0,False,0.5135686428926458,7
0.0,,8.0,4,4,0.386813762853148,0.4176773650401545,0.4791949894868496,0.0,12.0,12.0,12.0,,,,,,34,BAND_MIX_M,8.0,38.0,68.0,False,0.5105257677724226,7
1.0,61.0,207.0,4,4,0.3274970669426499,0.2999999999999999,0.4341863406044555,0.0,15.0,15.0,15.0,205.0,195.0,0.2343766688006734,0.2369217179573686,,35,BAND_MIX_M,11.0,33.0,48.0,False,0.3810865643545323,7
1.0,97.0,228.0,4,4,0.2859027261428066,0.2924324574918053,0.2924324574918053,0.0,12.0,12.0,12.0,228.0,176.0,0.3538641877180027,0.3308429396830812,,36,BAND_MIX_M,8.0,34.0,66.0,False,0.5354962808403979,7
0.0,,73.0,4,4,0.4499999999999999,0.5,0.5,0.0,15.0,15.0,15.0,70.0,62.0,0.2739564381307938,0.286230610642492,,37,BAND_MIX_M,11.0,35.0,69.0,False,0.4296261136198089,7
1.0,49.0,360.0,4,4,0.3287636208193927,0.3127171433057683,0.4105767290225667,0.0,12.0,12.0,12.0,354.0,271.0,0.1703834608374472,0.1858218110086875,0.003951837646209,38,BAND_MIX_M,8.0,32.0,57.0,False,0.5561321166424456,7
1.0,52.0,221.0,4,4,0.3289721517591907,0.2875787687965453,0.4531523006471267,0.0,12.0,12.0,12.0,215.0,184.0,0.1291284145869574,0.1248074928879488,0.0348658545778101,39,BAND_MIX_M,8.0,36.0,60.0,False,0.5459514069993775,7
1.0,38.0,268.0,4,4,0.3457091377572761,0.327835711193014,0.4777441962542094,0.0,12.0,12.0,12.0,260.0,218.0,0.1930638835015066,0.2118524993959701,0.381506828837735,40,BAND_MIX_M,8.0,31.0,53.0,False,0.506317361433885,7
1.0,79.0,190.0,4,4,0.4439877111625863,0.450124563711029,0.486111272387743,0.0,14.0,14.0,14.0,190.0,150.0,0.3762099553188514,0.3350564114658308,0.1858397606750982,41,BAND_MIX_M,10.0,37.0,71.0,False,0.4491124550534385,7
0.0,,8.0,4,4,0.306912794163052,0.2619641405025575,0.44248885714474,0.0,12.0,12.0,12.0,,,,,,42,BAND_MIX_M,8.0,30.0,63.0,False,0.5255588218436764,7
1.0,88.0,127.0,4,4,0.4000057320691556,0.4104152587190047,0.4449347826399348,0.0,13.0,13.0,13.0,126.0,111.0,0.2465932363663674,0.2631158385442736,,43,BAND_MIX_M,9.0,37.0,66.0,False,0.4680813410062351,7
0.0,,24.0,4,4,0.3086103825919777,0.2706949025285229,0.4469375802892199,0.0,13.0,13.0,13.0,,,,,,44,BAND_MIX_M,9.0,33.0,55.0,False,0.4509368499866814,7
1.0,72.0,309.0,4,4,0.3941709075699395,0.4255368358996282,0.4489310214754578,0.0,14.0,14.0,14.0,309.0,255.0,0.1955826248697374,0.1951741772280613,0.273615047818505,45,BAND_MIX_M,10.0,33.0,61.0,False,0.4605232595362777,7
0.0,,8.0,4,4,0.3417324758712918,0.3523015176115314,0.3992064899858457,0.0,12.0,12.0,12.0,,,,,,46,BAND_MIX_M,8.0,29.0,48.0,False,0.5165757488609485,7
1.0,120.0,352.0,4,4,0.3646456038323833,0.387355513278897,0.4413738716132359,0.0,12.0,12.0,12.0,352.0,208.0,0.3959095944993022,0.3510214172558521,0.4339866637959585,47,BAND_MIX_M,8.0,44.0,70.0,False,0.5094249258093383,7
0.0,,27.0,4,4,0.3924798185430466,0.4336593347508716,0.4573584793087953,0.0,13.0,13.0,13.0,26.0,26.0,0.7511785206563842,0.7511785206563842,,48,BAND_MIX_M,9.0,38.0,61.0,False,0.5034048655106739,7
0.0,,67.0,4,4,0.3762141659191956,0.3996391380589246,0.4498939049027984,0.0,13.0,13.0,13.0,67.0,59.0,0.4680021967288855,0.4309604424702543,,49,BAND_MIX_M,9.0,41.0,64.0,False,0.4863149060089808,7
1.0,66.0,250.0,4,4,0.3969226164077512,0.4396640129562464,0.485004780788091,0.0,12.0,12.0,12.0,250.0,213.0,0.2516165047349534,0.2402629182565207,,50,BAND_MIX_M,8.0,36.0,58.0,False,0.5556777296782064,7
1.0,112.0,148.0,4,4,0.3452524903963497,0.333671789536762,0.3865563942172266,0.0,12.0,12.0,12.0,148.0,116.0,0.2942916434007349,0.2936950475696103,0.2682678923353966,51,BAND_MIX_M,8.0,33.0,50.0,False,0.5138277590609381,7
1.0,55.0,108.0,4,4,0.3986350832867943,0.4261059267175103,0.4493160267776178,0.0,12.0,12.0,12.0,105.0,86.0,0.0966527731681747,0.1092791235642161,,52,BAND_MIX_M,8.0,40.0,57.0,False,0.5155005085565986,7
1.0,86.0,99.0,4,4,0.3556679668255772,0.3482721359488692,0.3873972715858628,0.0,12.0,12.0,12.0,98.0,87.0,0.2354098828255549,0.243241768475496,,53,BAND_MIX_M,8.0,39.0,58.0,False,0.5293666186643967,7
1.0,53.0,113.0,4,4,0.354814474436402,0.354814474436402,0.3559999999999998,0.0,13.0,13.0,13.0,109.0,103.0,0.2855266579041361,0.2758002186531054,,54,BAND_MIX_M,9.0,34.0,54.0,False,0.4759134754209255,7
1.0,64.0,104.0,4,4,0.3412809363880535,0.3568281375604509,0.4458444371499229,0.0,14.0,14.0,14.0,99.0,94.0,0.2268242541777553,0.2305738992988534,0.2976438994678018,55,BAND_MIX_M,10.0,35.0,50.0,False,0.4788043055366423,7
0.0,,27.0,4,4,0.3557758564375906,0.3170593210063225,0.4882573487339009,0.0,12.0,12.0,12.0,25.0,25.0,0.2565036722503696,0.2565036722503696,,56,BAND_MIX_M,8.0,35.0,54.0,False,0.4892571929728038,7
1.0,102.0,360.0,4,4,0.3424959625489321,0.362121882454525,0.4173240746533676,0.0,13.0,13.0,13.0,360.0,248.0,0.2909093406829392,0.2955483604670194,0.1795805414329708,57,BAND_MIX_M,9.0,48.0,73.0,False,0.4290397913566413,7
0.0,,13.0,4,4,0.3800912179837313,0.4194508811692883,0.4320768030821742,0.0,12.0,12.0,12.0,,,,,,58,BAND_MIX_M,8.0,34.0,48.0,False,0.4490869351326317,7
0.0,,8.0,4,4,0.4469019234004351,0.4539111260602275,0.4928511608662085,0.0,13.0,13.0,13.0,,,,,,59,BAND_MIX_M,9.0,45.0,68.0,False,0.5050704840342177,7
0.0,,8.0,4,4,0.0,0.0,0.0,1.0,67.5,58.0,76.0,,,,,,0,D,72.0,41.0,59.0,False,0.0063349194115821,7
0.0,,8.0,4,4,0.0162748236609488,0.0,0.1301985892875906,0.875,59.5,42.0,67.0,,,,,,1,D,63.0,36.0,62.0,False,0.0114203434736535,7
0.0,,8.0,4,4,0.0,0.0,0.0,1.0,63.0,59.0,79.0,,,,,,2,D,75.0,43.0,70.0,False,0.006363957358865,7
0.0,,8.0,4,4,0.0,0.0,0.0,1.0,39.5,27.0,58.0,,,,,,3,D,54.0,31.0,64.0,False,0.0167233670172682,7
0.0,,8.0,4,4,0.0328811270000724,0.0,0.2292299223420547,0.75,58.5,50.0,70.0,,,,,,4,D,66.0,38.0,62.0,False,0.0114230159824663,7
0.0,,8.0,4,4,0.0,0.0,0.0,1.0,67.5,40.0,76.0,,,,,,5,D,72.0,41.0,55.0,False,0.0046521382953416,7
0.0,,8.0,4,4,0.0,0.0,0.0,1.0,56.5,45.0,74.0,,,,,,6,D,70.0,40.0,64.0,False,0.009419224878131,7
0.0,,8.0,4,4,0.0,0.0,0.0,1.0,49.0,37.0,65.0,,,,,,7,D,61.0,35.0,49.0,False,0.0104589977989016,7
0.0,,8.0,4,4,0.0,0.0,0.0,1.0,52.5,41.0,59.0,,,,,,8,D,61.0,35.0,50.0,False,0.0085731508651874,7
0.0,,8.0,4,4,0.0051349042898762,0.0,0.0410792343190101,0.875,52.5,29.0,65.0,,,,,,9,D,61.0,35.0,44.0,False,0.0076354293438018,7
0.0,,8.0,4,4,0.0102762002946962,0.0,0.08220960235757,0.875,58.5,45.0,74.0,,,,,,10,D,70.0,40.0,73.0,False,0.0067712204023266,7
0.0,,8.0,4,4,0.0,0.0,0.0,1.0,56.5,25.0,67.0,,,,,,11,D,63.0,36.0,54.0,False,0.0067582585330318,7
0.0,,8.0,4,4,0.0,0.0,0.0,1.0,67.5,61.0,77.0,,,,,,12,D,79.0,45.0,70.0,False,0.0063167177613757,7
0.0,,8.0,4,4,0.0,0.0,0.0,1.0,67.0,45.0,78.0,,,,,,13,D,74.0,42.0,53.0,False,0.0034042604588301,7
0.0,,8.0,4,4,0.0,0.0,0.0,1.0,51.0,37.0,59.0,,,,,,14,D,63.0,36.0,59.0,False,0.0070233695375598,7
0.0,,8.0,4,4,0.0,0.0,0.0,1.0,37.0,33.0,64.0,,,,,,15,D,60.0,34.0,65.0,False,0.0085630664488945,7
0.0,,8.0,4,4,0.0,0.0,0.0,1.0,42.0,27.0,60.0,,,,,,16,D,56.0,32.0,57.0,False,0.0102336979331053,7
0.0,,8.0,4,4,0.0,0.0,0.0,1.0,69.0,64.0,75.0,,,,,,17,D,77.0,44.0,55.0,False,0.0047949385509047,7
0.0,,8.0,4,4,0.0,0.0,0.0,1.0,56.0,48.0,72.0,,,,,,18,D,68.0,39.0,57.0,False,0.0058813814026629,7
0.0,,8.0,4,4,0.0,0.0,0.0,1.0,55.0,48.0,69.0,,,,,,19,D,65.0,37.0,67.0,False,0.008081559289215,7
0.0,,8.0,4,4,0.0,0.0,0.0,1.0,50.0,47.0,67.0,,,,,,20,D,63.0,36.0,46.0,False,0.0061133410856217,7
0.0,,8.0,4,4,0.0,0.0,0.0,1.0,47.0,41.0,58.0,,,,,,21,D,60.0,34.0,57.0,False,0.0089846288615901,7
0.0,,8.0,4,4,0.0,0.0,0.0,1.0,58.5,46.0,70.0,,,,,,22,D,66.0,38.0,57.0,False,0.0039330604573427,7
0.0,,8.0,4,4,0.0542210176638611,0.0,0.3427223473773819,0.75,48.5,45.0,65.0,,,,,,23,D,61.0,35.0,54.0,False,0.0101557681538894,7
0.0,,8.0,4,4,0.0,0.0,0.0,1.0,50.5,37.0,67.0,,,,,,24,D,63.0,36.0,69.0,False,0.0086019572753271,7
0.0,,8.0,4,4,0.0,0.0,0.0,1.0,47.0,28.0,60.0,,,,,,25,D,56.0,32.0,51.0,False,0.0101842493491482,7
0.0,,8.0,4,4,0.075273861614088,0.0,0.6021908929127047,0.875,46.0,41.0,64.0,,,,,,26,D,60.0,34.0,62.0,False,0.0093922593240642,7
0.0,,8.0,4,4,0.0,0.0,0.0,1.0,53.0,30.0,65.0,,,,,,27,D,61.0,35.0,54.0,False,0.0061166117510953,7
0.0,,8.0,4,4,0.0,0.0,0.0,1.0,51.5,25.0,67.0,,,,,,28,D,63.0,36.0,59.0,False,0.0076393868986396,7
0.0,,8.0,4,4,0.0,0.0,0.0,1.0,44.5,29.0,56.0,,,,,,29,D,52.0,30.0,51.0,False,0.0149575572479275,7
0.0,,8.0,4,4,0.0165501929634393,0.0,0.1324015437075149,0.875,63.5,40.0,74.0,,,,,,30,D,70.0,40.0,59.0,False,0.0071037459118915,7
0.0,,8.0,4,4,0.0380971338439015,0.0,0.3047770707512125,0.875,52.5,37.0,67.0,,,,,,31,D,63.0,36.0,63.0,False,0.0122068428214164,7
0.0,,8.0,4,4,0.0,0.0,0.0,1.0,61.0,38.0,70.0,,,,,,32,D,66.0,38.0,56.0,False,0.0047217349762496,7
0.0,,8.0,4,4,0.0129489021973344,0.0,0.1035912175786752,0.875,48.0,28.0,60.0,,,,,,33,D,56.0,32.0,50.0,False,0.0088653620198092,7
0.0,,8.0,4,4,0.0,0.0,0.0,1.0,57.0,46.0,70.0,,,,,,34,D,66.0,38.0,68.0,False,0.0106400344317459,7
0.0,,8.0,4,4,0.0,0.0,0.0,1.0,45.5,39.0,56.0,,,,,,35,D,58.0,33.0,48.0,False,0.0072500418558485,7
0.0,,8.0,4,4,0.0,0.0,0.0,1.0,51.5,44.0,64.0,,,,,,36,D,60.0,34.0,66.0,False,0.0072150997028944,7
0.0,,8.0,4,4,0.0400104966992715,0.0,0.3200839735941724,0.875,48.5,13.0,55.0,,,,,,37,D,61.0,35.0,69.0,False,0.0098920553880112,7
0.0,,8.0,4,4,0.0,0.0,0.0,1.0,50.5,38.0,60.0,,,,,,38,D,56.0,32.0,57.0,False,0.0089750994068094,7
0.0,,8.0,4,4,0.0043402419906921,0.0,0.0347219359255374,0.875,53.5,18.0,67.0,,,,,,39,D,63.0,36.0,60.0,False,0.0059788825957945,7
0.0,,8.0,4,4,0.0724580252496823,0.0,0.5796642019974586,0.875,43.5,30.0,49.0,,,,,,40,D,54.0,31.0,53.0,False,0.0125675262942421,7
0.0,,8.0,4,4,0.0,0.0,0.0,1.0,62.0,51.0,69.0,,,,,,41,D,65.0,37.0,71.0,False,0.0101420757011418,7
0.0,,8.0,4,4,0.0,0.0,0.0,1.0,49.0,23.0,56.0,,,,,,42,D,52.0,30.0,63.0,False,0.0119332364990793,7
0.0,,8.0,4,4,0.0,0.0,0.0,1.0,56.0,45.0,69.0,,,,,,43,D,65.0,37.0,66.0,False,0.0068999277194751,7
0.0,,8.0,4,4,0.0,0.0,0.0,1.0,49.0,34.0,62.0,,,,,,44,D,58.0,33.0,55.0,False,0.0112092311187275,7
0.0,,8.0,4,4,0.0,0.0,0.0,1.0,53.0,47.0,62.0,,,,,,45,D,58.0,33.0,61.0,False,0.0069400521654454,7
0.0,,8.0,4,4,0.0,0.0,0.0,1.0,44.0,40.0,55.0,,,,,,46,D,51.0,29.0,48.0,False,0.0126137125261633,7
0.0,,8.0,4,4,0.0,0.0,0.0,1.0,68.5,57.0,74.0,,,,,,47,D,77.0,44.0,70.0,False,0.0109608877697471,7
0.0,,8.0,4,4,0.0,0.0,0.0,1.0,52.0,42.0,61.0,,,,,,48,D,66.0,38.0,61.0,False,0.0092178631342921,7
0.0,,8.0,4,4,0.0072333427497335,0.0,0.057866741997868,0.875,68.0,48.0,76.0,,,,,,49,D,72.0,41.0,64.0,False,0.0071940749120507,7
0.0,,8.0,4,4,0.0,0.0,0.0,1.0,49.0,40.0,58.0,,,,,,50,D,63.0,36.0,58.0,False,0.004959786902713,7
0.0,,8.0,4,4,0.0,0.0,0.0,1.0,45.0,28.0,62.0,,,,,,51,D,58.0,33.0,50.0,False,0.007000364516247,7
0.0,,8.0,4,4,0.0,0.0,0.0,1.0,57.5,22.0,74.0,,,,,,52,D,70.0,40.0,57.0,False,0.0049446599834105,7
0.0,,8.0,4,4,0.0,0.0,0.0,1.0,59.5,51.0,72.0,,,,,,53,D,68.0,39.0,58.0,False,0.0054586604551426,7
0.0,,8.0,4,4,0.0,0.0,0.0,1.0,60.5,43.0,64.0,,,,,,54,D,60.0,34.0,54.0,False,0.0114789882039415,7
0.0,,8.0,4,4,0.0,0.0,0.0,1.0,51.0,27.0,57.0,,,,,,55,D,61.0,35.0,50.0,False,0.0067658962394916,7
0.0,,8.0,4,4,0.0,0.0,0.0,1.0,58.5,42.0,65.0,,,,,,56,D,61.0,35.0,54.0,False,0.0064482060519931,7
0.0,,8.0,4,4,0.0,0.0,0.0,1.0,76.5,70.0,80.0,,,,,,57,D,84.0,48.0,73.0,False,0.0065448317466562,7
0.0,,8.0,4,4,0.0,0.0,0.0,1.0,47.0,30.0,64.0,,,,,,58,D,60.0,34.0,48.0,False,0.0071763617536258,7
0.0,,8.0,4,4,0.0444449744158364,0.0,0.3555597953266919,0.875,63.5,27.0,77.0,,,,,,59,D,79.0,45.0,68.0,False,0.0058699400234627,7
0.0,,8.0,4,4,0.076435864664016,0.0,0.4452223983442824,0.75,72.0,46.0,80.0,,,,,,0,Darg,103.0,41.0,59.0,False,0.0034484010670619,7
0.0,,8.0,4,4,0.0,0.0,0.0,1.0,76.0,50.0,80.0,,,,,,1,Darg,108.0,36.0,62.0,False,0.0040224531111824,7
0.0,,8.0,4,4,0.0,0.0,0.0,1.0,68.0,58.0,77.0,,,,,,2,Darg,122.0,43.0,70.0,False,0.0062188510783705,7
0.0,,8.0,4,4,0.0,0.0,0.0,1.0,71.0,56.0,78.0,,,,,,3,Darg,112.0,31.0,64.0,False,0.0046603976417444,7
0.0,,8.0,4,4,0.0,0.0,0.0,1.0,63.5,35.0,74.0,,,,,,4,Darg,108.0,38.0,62.0,False,0.0077303988900014,7
0.0,,8.0,4,4,0.0,0.0,0.0,1.0,72.5,69.0,80.0,,,,,,5,Darg,96.0,41.0,55.0,False,0.0023893908665192,7
0.0,,8.0,4,4,0.0,0.0,0.0,1.0,74.5,52.0,80.0,,,,,,6,Darg,112.0,40.0,64.0,False,0.0053478205033703,7
0.0,,8.0,4,4,0.0477387761698699,0.0,0.3819102093589599,0.875,76.5,57.0,80.0,,,,,,7,Darg,86.0,35.0,49.0,False,0.0064225737026644,7
0.0,,8.0,4,4,0.0,0.0,0.0,1.0,73.0,66.0,80.0,,,,,,8,Darg,88.0,35.0,50.0,False,0.0044767727136934,7
0.0,,8.0,4,4,0.0,0.0,0.0,1.0,57.5,48.0,74.0,,,,,,9,Darg,77.0,35.0,44.0,False,0.0058503413765135,7
0.0,,8.0,4,4,0.0893747674887387,0.0,0.3124361477083897,0.625,62.0,37.0,73.0,,,,,,10,Darg,128.0,40.0,73.0,False,0.0074465161139725,7
0.0,,8.0,4,4,0.0,0.0,0.0,1.0,74.0,41.0,78.0,,,,,,11,Darg,94.0,36.0,54.0,False,0.002884497298958,7
0.0,,8.0,4,4,0.0,0.0,0.0,1.0,71.5,60.0,79.0,,,,,,12,Darg,122.0,45.0,70.0,False,0.0070392248525828,7
0.0,,8.0,4,4,0.0,0.0,0.0,1.0,69.5,51.0,78.0,,,,,,13,Darg,93.0,42.0,53.0,False,0.0021679973535062,7
0.0,,8.0,4,4,0.0,0.0,0.0,1.0,72.0,45.0,80.0,,,,,,14,Darg,103.0,36.0,59.0,False,0.0021088446344897,7
0.0,,8.0,4,4,0.0818173587255538,0.0,0.344485408913755,0.75,50.0,9.0,80.0,,,,,,15,Darg,114.0,34.0,65.0,False,0.0117056993053618,7
0.0,,8.0,4,4,0.0,0.0,0.0,1.0,75.5,44.0,79.0,,,,,,16,Darg,100.0,32.0,57.0,False,0.0041498753725935,7
0.0,,8.0,4,4,0.0,0.0,0.0,1.0,72.0,49.0,80.0,,,,,,17,Darg,96.0,44.0,55.0,False,0.0033451021352238,7
0.0,,8.0,4,4,0.0389675706429351,0.0,0.3117405651434812,0.875,69.0,53.0,80.0,,,,,,18,Darg,100.0,39.0,57.0,False,0.0041655182259329,7
0.0,,8.0,4,4,0.0,0.0,0.0,1.0,71.0,43.0,79.0,,,,,,19,Darg,117.0,37.0,67.0,False,0.0043170630935931,7
0.0,,8.0,4,4,0.0220387059943818,0.0,0.1679433725626704,0.75,67.0,41.0,78.0,,,,,,20,Darg,80.0,36.0,46.0,False,0.0029837103795815,7
0.0,,8.0,4,4,0.0,0.0,0.0,1.0,73.5,70.0,78.0,,,,,,21,Darg,100.0,34.0,57.0,False,0.0037909822191009,7
0.0,,8.0,4,4,0.0,0.0,0.0,1.0,70.5,52.0,80.0,,,,,,22,Darg,100.0,38.0,57.0,False,0.0018631671393283,7
0.0,,8.0,4,4,0.0,0.0,0.0,1.0,79.0,72.0,80.0,,,,,,23,Darg,94.0,35.0,54.0,False,0.004703504585884,7
0.0,,8.0,4,4,0.0494972408566672,0.0,0.272340778898449,0.75,68.5,8.0,79.0,,,,,,24,Darg,121.0,36.0,69.0,False,0.0063264875352824,7
0.0,,8.0,4,4,0.0,0.0,0.0,1.0,75.5,60.0,80.0,,,,,,25,Darg,89.0,32.0,51.0,False,0.0022428208625182,7
0.0,,8.0,4,4,0.0111285456176646,0.0,0.0890283649413175,0.875,75.0,23.0,78.0,,,,,,26,Darg,108.0,34.0,62.0,False,0.0021712827831903,7
0.0,,8.0,4,4,0.0,0.0,0.0,1.0,75.5,56.0,80.0,,,,,,27,Darg,94.0,35.0,54.0,False,0.0033917276869567,7
0.0,,8.0,4,4,0.0014461391998814,0.0,0.0115691135990512,0.875,75.0,64.0,80.0,,,,,,28,Darg,103.0,36.0,59.0,False,0.003091558942146,7
0.0,,8.0,4,4,0.0,0.0,0.0,1.0,70.5,58.0,79.0,,,,,,29,Darg,89.0,30.0,51.0,False,0.0044264866810301,7
0.0,,8.0,4,4,0.0,0.0,0.0,1.0,69.5,25.0,80.0,,,,,,30,Darg,103.0,40.0,59.0,False,0.004801961517696,7
0.0,,8.0,4,4,0.0,0.0,0.0,1.0,79.5,75.0,80.0,,,,,,31,Darg,110.0,36.0,63.0,False,0.0050370424460819,7
0.0,,8.0,4,4,0.0,0.0,0.0,1.0,76.5,70.0,80.0,,,,,,32,Darg,98.0,38.0,56.0,False,0.0023349705327037,7
0.0,,8.0,4,4,0.0392156996024676,0.0,0.3137255968197411,0.875,73.0,68.0,76.0,,,,,,33,Darg,88.0,32.0,50.0,False,0.0033701460556586,7
0.0,,8.0,4,4,0.0831148311282144,0.0,0.2478264980888894,0.625,57.0,48.0,79.0,,,,,,34,Darg,119.0,38.0,68.0,False,0.0107808773978149,7
0.0,,8.0,4,4,0.0,0.0,0.0,1.0,68.0,64.0,74.0,,,,,,35,Darg,84.0,33.0,48.0,False,0.0044874165191047,7
0.0,,8.0,4,4,0.1183126843310794,0.0686144922305271,0.3349718644441644,0.5,62.0,10.0,78.0,,,,,,36,Darg,116.0,34.0,66.0,False,0.0064999006793388,7
0.0,,8.0,4,4,0.0237719011962525,0.0,0.1694658992655219,0.75,56.0,53.0,72.0,,,,,,37,Darg,121.0,35.0,69.0,False,0.0046260269610333,7
0.0,,8.0,4,4,0.0,0.0,0.0,1.0,73.0,44.0,80.0,,,,,,38,Darg,100.0,32.0,57.0,False,0.0024178283859223,7
0.0,,8.0,4,4,0.0,0.0,0.0,1.0,74.5,58.0,78.0,,,,,,39,Darg,105.0,36.0,60.0,False,0.0022834791304371,7
0.0,,8.0,4,4,0.0,0.0,0.0,1.0,75.5,45.0,80.0,,,,,,40,Darg,93.0,31.0,53.0,False,0.0036883322492719,7
0.0,,8.0,4,4,0.0783415420043595,0.0,0.259644012756217,0.625,57.5,41.0,69.0,,,,,,41,Darg,124.0,37.0,71.0,False,0.0120453690300048,7
0.0,,8.0,4,4,0.0,0.0,0.0,1.0,64.0,48.0,77.0,,,,,,42,Darg,110.0,30.0,63.0,False,0.0030113107719999,7
0.0,,8.0,4,4,0.0003690734269387,0.0,0.0029525874155098,0.875,70.0,51.0,80.0,,,,,,43,Darg,116.0,37.0,66.0,False,0.003551699491063,7
0.0,,8.0,4,4,0.0077719255680428,0.0,0.0621754045443425,0.875,76.5,71.0,80.0,,,,,,44,Darg,96.0,33.0,55.0,False,0.0054047973428198,7
0.0,,8.0,4,4,0.0,0.0,0.0,1.0,71.0,47.0,80.0,,,,,,45,Darg,107.0,33.0,61.0,False,0.0017255569192751,7
0.0,,8.0,4,4,0.0,0.0,0.0,1.0,72.0,63.0,79.0,,,,,,46,Darg,84.0,29.0,48.0,False,0.0031005807704495,7
0.0,,8.0,4,4,0.1662205410616209,0.0479891244709029,0.5759198855731112,0.5,54.0,46.0,80.0,,,,,,47,Darg,122.0,44.0,70.0,False,0.0098621924027784,7
0.0,,8.0,4,4,0.0711588786394577,0.0,0.5409981748202676,0.75,68.5,34.0,76.0,,,,,,48,Darg,107.0,38.0,61.0,False,0.0058074836755742,7
0.0,,8.0,4,4,0.0490402915444866,0.0,0.2941688161532242,0.625,67.5,64.0,80.0,,,,,,49,Darg,112.0,41.0,64.0,False,0.0044402819898839,7
0.0,,8.0,4,4,0.0123242111414686,0.0,0.0985936891317495,0.875,77.0,57.0,79.0,,,,,,50,Darg,102.0,36.0,58.0,False,0.0017124048800758,7
0.0,,8.0,4,4,0.0,0.0,0.0,1.0,75.5,68.0,79.0,,,,,,51,Darg,88.0,33.0,50.0,False,0.0039912456410188,7
0.0,,8.0,4,4,0.009933013876065,0.0,0.0783034948040999,0.75,69.0,51.0,80.0,,,,,,52,Darg,100.0,40.0,57.0,False,0.00293916208378,7
0.0,,8.0,4,4,0.0,0.0,0.0,1.0,73.5,55.0,79.0,,,,,,53,Darg,102.0,39.0,58.0,False,0.0022201410001023,7
0.0,,8.0,4,4,0.0,0.0,0.0,1.0,78.0,61.0,80.0,,,,,,54,Darg,94.0,34.0,54.0,False,0.0037046372609298,7
0.0,,8.0,4,4,0.0,0.0,0.0,1.0,75.5,60.0,78.0,,,,,,55,Darg,88.0,35.0,50.0,False,0.0036965996629581,7
0.0,,8.0,4,4,0.0,0.0,0.0,1.0,77.0,57.0,80.0,,,,,,56,Darg,94.0,35.0,54.0,False,0.0029450417126418,7
0.0,,8.0,4,4,0.0040997417674743,0.0,0.0301010229140168,0.75,73.0,53.0,80.0,,,,,,57,Darg,128.0,48.0,73.0,False,0.0173344876107045,7
0.0,,8.0,4,4,0.0,0.0,0.0,1.0,69.5,52.0,79.0,,,,,,58,Darg,84.0,34.0,48.0,False,0.003100000507751,7
0.0,,8.0,4,4,0.0974169278400247,0.0,0.3600374008534784,0.625,65.5,25.0,77.0,,,,,,59,Darg,119.0,45.0,68.0,False,0.0062388355517498,7
0.0,,8.0,4,4,0.0085001272865634,0.0,0.0649360581243221,0.75,76.0,37.0,79.0,,,,,,0,Dfix,95.0,41.0,59.0,False,0.0036419353023399,7
0.0,,8.0,4,4,0.0,0.0,0.0,1.0,77.5,68.0,80.0,,,,,,1,Dfix,95.0,36.0,62.0,False,0.0038062251460669,7
0.0,,8.0,4,4,0.0,0.0,0.0,1.0,75.5,67.0,80.0,,,,,,2,Dfix,95.0,43.0,70.0,False,0.0041395232635132,7
0.0,,8.0,4,4,0.0,0.0,0.0,1.0,73.0,68.0,78.0,,,,,,3,Dfix,95.0,31.0,64.0,False,0.0050929396780871,7
0.0,,8.0,4,4,0.0,0.0,0.0,1.0,77.5,60.0,79.0,,,,,,4,Dfix,95.0,38.0,62.0,False,0.0063208543995259,7
0.0,,8.0,4,4,0.0,0.0,0.0,1.0,72.0,43.0,80.0,,,,,,5,Dfix,95.0,41.0,55.0,False,0.0023718843793072,7
0.0,,8.0,4,4,0.0148538751188254,0.0,0.1188310009506037,0.875,78.5,69.0,80.0,,,,,,6,Dfix,95.0,40.0,64.0,False,0.0049548535000576,7
0.0,,8.0,4,4,0.0,0.0,0.0,1.0,76.0,65.0,80.0,,,,,,7,Dfix,95.0,35.0,49.0,False,0.0049584951591296,7
0.0,,8.0,4,4,0.0728924208028241,0.0,0.4878396002377868,0.75,77.5,60.0,80.0,,,,,,8,Dfix,95.0,35.0,50.0,False,0.0047067174273783,7
0.0,,8.0,4,4,0.0,0.0,0.0,1.0,63.5,53.0,80.0,,,,,,9,Dfix,95.0,35.0,44.0,False,0.0041848799242188,7
0.0,,8.0,4,4,0.0358867741638126,0.0,0.2870941933105009,0.875,68.5,20.0,80.0,,,,,,10,Dfix,95.0,40.0,73.0,False,0.0037303082875083,7
0.0,,8.0,4,4,0.0,0.0,0.0,1.0,77.5,72.0,80.0,,,,,,11,Dfix,95.0,36.0,54.0,False,0.0028822038818301,7
0.0,,8.0,4,4,0.040298649680462,0.0,0.3223891974436967,0.875,74.5,60.0,79.0,,,,,,12,Dfix,95.0,45.0,70.0,False,0.0047354687164039,7
0.0,,8.0,4,4,0.0,0.0,0.0,1.0,73.5,54.0,79.0,,,,,,13,Dfix,95.0,42.0,53.0,False,0.0022070436180205,7
0.0,,8.0,4,4,0.0,0.0,0.0,1.0,78.0,60.0,80.0,,,,,,14,Dfix,95.0,36.0,59.0,False,0.0019263603482642,7
0.0,,8.0,4,4,0.0058558406814858,0.0,0.0468467254518869,0.875,75.5,66.0,79.0,,,,,,15,Dfix,95.0,34.0,65.0,False,0.0071327872768577,7
0.0,,8.0,4,4,0.0,0.0,0.0,1.0,75.5,60.0,79.0,,,,,,16,Dfix,95.0,32.0,57.0,False,0.0050727189258038,7
0.0,,8.0,4,4,0.0,0.0,0.0,1.0,76.0,45.0,80.0,,,,,,17,Dfix,95.0,44.0,55.0,False,0.0033096701434207,7
0.0,,8.0,4,4,0.0163311497884952,0.0,0.1306491983079618,0.875,76.5,62.0,80.0,,,,,,18,Dfix,95.0,39.0,57.0,False,0.0046189890414096,7
0.0,,8.0,4,4,0.0,0.0,0.0,1.0,75.0,52.0,80.0,,,,,,19,Dfix,95.0,37.0,67.0,False,0.0035179607367706,7
0.0,,8.0,4,4,0.0,0.0,0.0,1.0,72.5,55.0,80.0,,,,,,20,Dfix,95.0,36.0,46.0,False,0.0021845571255596,7
0.0,,8.0,4,4,0.0,0.0,0.0,1.0,77.5,72.0,80.0,,,,,,21,Dfix,95.0,34.0,57.0,False,0.004079474741835,7
0.0,,8.0,4,4,0.0,0.0,0.0,1.0,78.5,45.0,80.0,,,,,,22,Dfix,95.0,38.0,57.0,False,0.0021576690829638,7
0.0,,8.0,4,4,0.0,0.0,0.0,1.0,74.0,45.0,78.0,,,,,,23,Dfix,95.0,35.0,54.0,False,0.0045512520205549,7
0.0,,8.0,4,4,0.0,0.0,0.0,1.0,77.5,72.0,80.0,,,,,,24,Dfix,95.0,36.0,69.0,False,0.0052371004474969,7
0.0,,8.0,4,4,0.0,0.0,0.0,1.0,77.0,70.0,79.0,,,,,,25,Dfix,95.0,32.0,51.0,False,0.0017127928079853,7
0.0,,8.0,4,4,0.0038186625369327,0.0,0.0305493002954623,0.875,74.0,45.0,80.0,,,,,,26,Dfix,95.0,34.0,62.0,False,0.0020592041922815,7
0.0,,8.0,4,4,0.0,0.0,0.0,1.0,75.0,68.0,77.0,,,,,,27,Dfix,95.0,35.0,54.0,False,0.0033850011842617,7
0.0,,8.0,4,4,0.0014461391998814,0.0,0.0115691135990512,0.875,74.0,60.0,79.0,,,,,,28,Dfix,95.0,36.0,59.0,False,0.0034037829087735,7
0.0,,8.0,4,4,0.0007099680958359,0.0,0.0056797447666872,0.875,75.0,66.0,80.0,,,,,,29,Dfix,95.0,30.0,51.0,False,0.0040799138239261,7
0.0,,8.0,4,4,0.0,0.0,0.0,1.0,71.0,59.0,78.0,,,,,,30,Dfix,95.0,40.0,59.0,False,0.0052924975195801,7
0.0,,8.0,4,4,0.0,0.0,0.0,1.0,76.0,69.0,80.0,,,,,,31,Dfix,95.0,36.0,63.0,False,0.0050681712276886,7
0.0,,8.0,4,4,0.0,0.0,0.0,1.0,74.0,61.0,80.0,,,,,,32,Dfix,95.0,38.0,56.0,False,0.0022993382023249,7
0.0,,8.0,4,4,0.0291023348709994,0.0,0.2328186789679955,0.875,75.0,59.0,80.0,,,,,,33,Dfix,95.0,32.0,50.0,False,0.0030564916075725,7
0.0,,8.0,4,4,0.0424380239351923,0.0,0.3395041914815384,0.875,74.5,33.0,79.0,,,,,,34,Dfix,95.0,38.0,68.0,False,0.0075316316223714,7
0.0,,8.0,4,4,0.0090861691182541,0.0,0.0726893529460332,0.875,72.0,52.0,76.0,,,,,,35,Dfix,95.0,33.0,48.0,False,0.0030945534545432,7
0.0,,8.0,4,4,0.0,0.0,0.0,1.0,72.0,30.0,79.0,,,,,,36,Dfix,95.0,34.0,66.0,False,0.0042463487866887,7
0.0,,8.0,4,4,0.0348236756884455,0.0,0.1694658992655219,0.75,75.0,30.0,80.0,,,,,,37,Dfix,95.0,35.0,69.0,False,0.0029898977634294,7
0.0,,8.0,4,4,0.0,0.0,0.0,1.0,77.5,73.0,79.0,,,,,,38,Dfix,95.0,32.0,57.0,False,0.0022880234802713,7
0.0,,8.0,4,4,0.0,0.0,0.0,1.0,72.0,60.0,80.0,,,,,,39,Dfix,95.0,36.0,60.0,False,0.0021688712877743,7
0.0,,8.0,4,4,0.0,0.0,0.0,1.0,79.5,66.0,80.0,,,,,,40,Dfix,95.0,31.0,53.0,False,0.0032155618954352,7
0.0,,8.0,4,4,0.0096313530737326,0.0,0.0770508245898611,0.875,75.0,40.0,78.0,,,,,,41,Dfix,95.0,37.0,71.0,False,0.0065144449124797,7
0.0,,8.0,4,4,0.0,0.0,0.0,1.0,77.0,73.0,80.0,,,,,,42,Dfix,95.0,30.0,63.0,False,0.0027193164202348,7
0.0,,8.0,4,4,0.0,0.0,0.0,1.0,76.5,36.0,79.0,,,,,,43,Dfix,95.0,37.0,66.0,False,0.002371089834078,7
0.0,,8.0,4,4,0.0,0.0,0.0,1.0,77.0,53.0,79.0,,,,,,44,Dfix,95.0,33.0,55.0,False,0.0053617366488552,7
0.0,,8.0,4,4,0.0393442033457547,0.0,0.3147536267660382,0.875,77.0,60.0,80.0,,,,,,45,Dfix,95.0,33.0,61.0,False,0.0022160968771901,7
0.0,,8.0,4,4,0.0,0.0,0.0,1.0,75.5,65.0,80.0,,,,,,46,Dfix,95.0,29.0,48.0,False,0.0025529933393478,7
0.0,,8.0,4,4,0.0186564120971893,0.0,0.1492512967775149,0.875,77.0,27.0,80.0,,,,,,47,Dfix,95.0,44.0,70.0,False,0.0064713956329843,7
0.0,,8.0,4,4,0.0,0.0,0.0,1.0,76.5,71.0,80.0,,,,,,48,Dfix,95.0,38.0,61.0,False,0.0047793556112222,7
0.0,,8.0,4,4,0.0,0.0,0.0,1.0,72.5,56.0,80.0,,,,,,49,Dfix,95.0,41.0,64.0,False,0.0044912823257633,7
0.0,,8.0,4,4,0.0,0.0,0.0,1.0,73.5,60.0,79.0,,,,,,50,Dfix,95.0,36.0,58.0,False,0.0017355480773655,7
0.0,,8.0,4,4,0.0,0.0,0.0,1.0,76.0,56.0,79.0,,,,,,51,Dfix,95.0,33.0,50.0,False,0.0040547425089121,7
0.0,,8.0,4,4,0.0001462197745969,0.0,0.0011697581967757,0.875,77.0,60.0,80.0,,,,,,52,Dfix,95.0,40.0,57.0,False,0.003229982673463,7
0.0,,8.0,4,4,0.03275227938381,0.0,0.195559230985894,0.75,76.5,66.0,79.0,,,,,,53,Dfix,95.0,39.0,58.0,False,0.0023576698182646,7
0.0,,8.0,4,4,0.0134008613843694,0.0,0.1072068910749559,0.875,77.0,68.0,79.0,,,,,,54,Dfix,95.0,34.0,54.0,False,0.0037361493269452,7
0.0,,8.0,4,4,0.0,0.0,0.0,1.0,71.5,60.0,80.0,,,,,,55,Dfix,95.0,35.0,50.0,False,0.003503209837953,7
0.0,,8.0,4,4,0.0,0.0,0.0,1.0,75.0,59.0,78.0,,,,,,56,Dfix,95.0,35.0,54.0,False,0.0029755946938735,7
0.0,,8.0,4,4,0.0,0.0,0.0,1.0,75.0,25.0,78.0,,,,,,57,Dfix,95.0,48.0,73.0,False,0.0058051896102135,7
0.0,,8.0,4,4,0.0193509963303607,0.0,0.1548079706428862,0.875,76.0,70.0,79.0,,,,,,58,Dfix,95.0,34.0,48.0,False,0.002966478778137,7
0.0,,8.0,4,4,0.0,0.0,0.0,1.0,64.5,20.0,78.0,,,,,,59,Dfix,95.0,45.0,68.0,False,0.0044607817923475,7
0.0,,8.0,4,4,0.0,0.0,0.0,1.0,66.5,54.0,76.0,,,,,,0,MIX_F,72.0,41.0,59.0,False,0.0063349194115821,7
0.0,,8.0,4,4,0.0287445193534692,0.0,0.1149780774138769,0.75,54.0,49.0,60.0,,,,,,1,MIX_F,63.0,36.0,62.0,False,0.0114203434736535,7
0.0,,8.0,4,4,0.0103504913110905,0.0,0.0414019652443621,0.75,47.5,33.0,79.0,,,,,,2,MIX_F,75.0,43.0,70.0,False,0.006363957358865,7
0.0,,8.0,4,4,0.0,0.0,0.0,1.0,46.0,27.0,58.0,,,,,,3,MIX_F,54.0,31.0,64.0,False,0.0167233670172682,7
0.0,,8.0,4,4,0.0,0.0,0.0,1.0,58.5,44.0,70.0,,,,,,4,MIX_F,66.0,38.0,62.0,False,0.0114230159824663,7
0.0,,8.0,4,4,0.0455729604628631,0.0,0.1822918418514527,0.75,60.5,58.0,76.0,,,,,,5,MIX_F,72.0,41.0,55.0,False,0.0046521382953416,7
0.0,,8.0,4,4,0.0,0.0,0.0,1.0,55.5,50.0,67.0,,,,,,6,MIX_F,70.0,40.0,64.0,False,0.009419224878131,7
0.0,,8.0,4,4,0.0,0.0,0.0,1.0,49.0,37.0,57.0,,,,,,7,MIX_F,61.0,35.0,49.0,False,0.0104589977989016,7
0.0,,8.0,4,4,0.0,0.0,0.0,1.0,51.5,51.0,65.0,,,,,,8,MIX_F,61.0,35.0,50.0,False,0.0085731508651874,7
0.0,,8.0,4,4,0.0,0.0,0.0,1.0,46.0,18.0,56.0,,,,,,9,MIX_F,61.0,35.0,44.0,False,0.0076354293438018,7
0.0,,8.0,4,4,0.0712314585503803,0.0,0.2849258342015214,0.75,58.5,49.0,67.0,,,,,,10,MIX_F,70.0,40.0,73.0,False,0.0067712204023266,7
0.0,,8.0,4,4,0.0863240410698062,0.0,0.3452961642792249,0.75,45.5,35.0,51.0,,,,,,11,MIX_F,63.0,36.0,54.0,False,0.0067582585330318,7
0.0,,8.0,4,4,0.0489614111146241,0.0,0.1958456444584964,0.75,68.5,34.0,69.0,,,,,,12,MIX_F,79.0,45.0,70.0,False,0.0063167177613757,7
0.0,,8.0,4,4,0.0,0.0,0.0,1.0,67.5,48.0,78.0,,,,,,13,MIX_F,74.0,42.0,53.0,False,0.0034042604588301,7
0.0,,8.0,4,4,0.0254791697733654,0.0,0.1019166790934619,0.75,51.5,48.0,54.0,,,,,,14,MIX_F,63.0,36.0,59.0,False,0.0070233695375598,7
0.0,,8.0,4,4,0.0,0.0,0.0,1.0,54.5,52.0,64.0,,,,,,15,MIX_F,60.0,34.0,65.0,False,0.0085630664488945,7
0.0,,8.0,4,4,0.0,0.0,0.0,1.0,47.0,41.0,60.0,,,,,,16,MIX_F,56.0,32.0,57.0,False,0.0102336979331053,7
0.0,,8.0,4,4,0.0,0.0,0.0,1.0,70.0,64.0,72.0,,,,,,17,MIX_F,77.0,44.0,55.0,False,0.0047949385509047,7
0.0,,8.0,4,4,0.0,0.0,0.0,1.0,63.5,59.0,66.0,,,,,,18,MIX_F,68.0,39.0,57.0,False,0.0058813814026629,7
0.0,,8.0,4,4,0.0,0.0,0.0,1.0,57.5,29.0,69.0,,,,,,19,MIX_F,65.0,37.0,67.0,False,0.008081559289215,7
0.0,,8.0,4,4,0.0,0.0,0.0,1.0,67.0,49.0,67.0,,,,,,20,MIX_F,63.0,36.0,46.0,False,0.0061133410856217,7
0.0,,8.0,4,4,0.0,0.0,0.0,1.0,54.0,46.0,56.0,,,,,,21,MIX_F,60.0,34.0,57.0,False,0.0089846288615901,7
0.0,,8.0,4,4,0.0,0.0,0.0,1.0,57.5,50.0,63.0,,,,,,22,MIX_F,66.0,38.0,57.0,False,0.0039330604573427,7
0.0,,8.0,4,4,0.1060971615509668,0.0,0.4243886462038675,0.75,49.5,43.0,65.0,,,,,,23,MIX_F,61.0,35.0,54.0,False,0.0101557681538894,7
0.0,,8.0,4,4,0.0,0.0,0.0,1.0,55.5,45.0,60.0,,,,,,24,MIX_F,63.0,36.0,69.0,False,0.0086019572753271,7
0.0,,8.0,4,4,0.0,0.0,0.0,1.0,43.0,31.0,51.0,,,,,,25,MIX_F,56.0,32.0,51.0,False,0.0101842493491482,7
0.0,,8.0,4,4,0.0,0.0,0.0,1.0,59.0,44.0,64.0,,,,,,26,MIX_F,60.0,34.0,62.0,False,0.0093922593240642,7
0.0,,8.0,4,4,0.0,0.0,0.0,1.0,43.5,30.0,48.0,,,,,,27,MIX_F,61.0,35.0,54.0,False,0.0061166117510953,7
0.0,,8.0,4,4,0.0,0.0,0.0,1.0,67.0,54.0,67.0,,,,,,28,MIX_F,63.0,36.0,59.0,False,0.0076393868986396,7
0.0,,8.0,4,4,0.0319599121547678,0.0,0.1278396486190713,0.75,46.5,40.0,56.0,,,,,,29,MIX_F,52.0,30.0,51.0,False,0.0149575572479275,7
0.0,,8.0,4,4,0.0,0.0,0.0,1.0,70.0,52.0,74.0,,,,,,30,MIX_F,70.0,40.0,59.0,False,0.0071037459118915,7
0.0,,8.0,4,4,0.0,0.0,0.0,1.0,61.5,48.0,67.0,,,,,,31,MIX_F,63.0,36.0,63.0,False,0.0122068428214164,7
0.0,,8.0,4,4,0.0,0.0,0.0,1.0,53.0,41.0,70.0,,,,,,32,MIX_F,66.0,38.0,56.0,False,0.0047217349762496,7
0.0,,8.0,4,4,0.0,0.0,0.0,1.0,48.5,34.0,60.0,,,,,,33,MIX_F,56.0,32.0,50.0,False,0.0088653620198092,7
0.0,,8.0,4,4,0.0,0.0,0.0,1.0,53.0,47.0,70.0,,,,,,34,MIX_F,66.0,38.0,68.0,False,0.0106400344317459,7
0.0,,8.0,4,4,0.0,0.0,0.0,1.0,49.0,38.0,62.0,,,,,,35,MIX_F,58.0,33.0,48.0,False,0.0072500418558485,7
0.0,,8.0,4,4,0.0,0.0,0.0,1.0,51.5,44.0,64.0,,,,,,36,MIX_F,60.0,34.0,66.0,False,0.0072150997028944,7
0.0,,8.0,4,4,0.0,0.0,0.0,1.0,47.0,31.0,65.0,,,,,,37,MIX_F,61.0,35.0,69.0,False,0.0098920553880112,7
0.0,,8.0,4,4,0.0,0.0,0.0,1.0,37.5,32.0,47.0,,,,,,38,MIX_F,56.0,32.0,57.0,False,0.0089750994068094,7
0.0,,8.0,4,4,0.0,0.0,0.0,1.0,54.0,50.0,57.0,,,,,,39,MIX_F,63.0,36.0,60.0,False,0.0059788825957945,7
0.0,,8.0,4,4,0.0,0.0,0.0,1.0,45.5,21.0,49.0,,,,,,40,MIX_F,54.0,31.0,53.0,False,0.0125675262942421,7
0.0,,8.0,4,4,0.0107295127816553,0.0,0.0429180511266214,0.75,49.5,45.0,58.0,,,,,,41,MIX_F,65.0,37.0,71.0,False,0.0101420757011418,7
0.0,,8.0,4,4,0.0,0.0,0.0,1.0,33.5,23.0,43.0,,,,,,42,MIX_F,52.0,30.0,63.0,False,0.0119332364990793,7
0.0,,8.0,4,4,0.0,0.0,0.0,1.0,53.0,45.0,69.0,,,,,,43,MIX_F,65.0,37.0,66.0,False,0.0068999277194751,7
0.0,,8.0,4,4,0.0,0.0,0.0,1.0,45.0,41.0,62.0,,,,,,44,MIX_F,58.0,33.0,55.0,False,0.0112092311187275,7
0.0,,8.0,4,4,0.0,0.0,0.0,1.0,52.0,47.0,55.0,,,,,,45,MIX_F,58.0,33.0,61.0,False,0.0069400521654454,7
0.0,,8.0,4,4,0.0,0.0,0.0,1.0,40.0,30.0,44.0,,,,,,46,MIX_F,51.0,29.0,48.0,False,0.0126137125261633,7
0.0,,8.0,4,4,0.124156902535348,0.1039078136399944,0.2888119828614031,0.5,53.5,9.0,75.0,,,,,,47,MIX_F,77.0,44.0,70.0,False,0.0109608877697471,7
0.0,,8.0,4,4,0.0,0.0,0.0,1.0,54.5,41.0,70.0,,,,,,48,MIX_F,66.0,38.0,61.0,False,0.0092178631342921,7
0.0,,8.0,4,4,0.0,0.0,0.0,1.0,67.5,58.0,69.0,,,,,,49,MIX_F,72.0,41.0,64.0,False,0.0071940749120507,7
0.0,,8.0,4,4,0.0,0.0,0.0,1.0,56.0,55.0,67.0,,,,,,50,MIX_F,63.0,36.0,58.0,False,0.004959786902713,7
0.0,,8.0,4,4,0.0,0.0,0.0,1.0,52.0,41.0,62.0,,,,,,51,MIX_F,58.0,33.0,50.0,False,0.007000364516247,7
0.0,,8.0,4,4,0.0,0.0,0.0,1.0,64.5,58.0,67.0,,,,,,52,MIX_F,70.0,40.0,57.0,False,0.0049446599834105,7
0.0,,8.0,4,4,0.0,0.0,0.0,1.0,50.0,46.0,72.0,,,,,,53,MIX_F,68.0,39.0,58.0,False,0.0054586604551426,7
0.0,,8.0,4,4,0.0,0.0,0.0,1.0,45.0,36.0,51.0,,,,,,54,MIX_F,60.0,34.0,54.0,False,0.0114789882039415,7
0.0,,8.0,4,4,0.0,0.0,0.0,1.0,60.0,52.0,65.0,,,,,,55,MIX_F,61.0,35.0,50.0,False,0.0067658962394916,7
0.0,,8.0,4,4,0.0,0.0,0.0,1.0,55.0,52.0,58.0,,,,,,56,MIX_F,61.0,35.0,54.0,False,0.0064482060519931,7
0.0,,8.0,4,4,0.0,0.0,0.0,1.0,74.5,66.0,80.0,,,,,,57,MIX_F,84.0,48.0,73.0,False,0.0065448317466562,7
0.0,,8.0,4,4,0.0,0.0,0.0,1.0,64.0,51.0,64.0,,,,,,58,MIX_F,60.0,34.0,48.0,False,0.0071763617536258,7
0.0,,8.0,4,4,0.0,0.0,0.0,1.0,66.5,60.0,72.0,,,,,,59,MIX_F,79.0,45.0,68.0,False,0.0058699400234627,7
0.0,,8.0,4,4,0.0,0.0,0.0,1.0,61.5,48.0,69.0,,,,,,0,MIX_M,72.0,41.0,59.0,False,0.0063349194115821,7
0.0,,8.0,4,4,0.0332910840499739,0.0,0.1331643361998959,0.75,53.0,43.0,67.0,,,,,,1,MIX_M,63.0,36.0,62.0,False,0.0114203434736535,7
0.0,,8.0,4,4,0.0,0.0,0.0,1.0,64.0,55.0,69.0,,,,,,2,MIX_M,75.0,43.0,70.0,False,0.006363957358865,7
0.0,,8.0,4,4,0.0,0.0,0.0,1.0,50.0,41.0,58.0,,,,,,3,MIX_M,54.0,31.0,64.0,False,0.0167233670172682,7
0.0,,8.0,4,4,0.0,0.0,0.0,1.0,58.0,39.0,63.0,,,,,,4,MIX_M,66.0,38.0,62.0,False,0.0114230159824663,7
0.0,,8.0,4,4,0.0,0.0,0.0,1.0,60.5,52.0,76.0,,,,,,5,MIX_M,72.0,41.0,55.0,False,0.0046521382953416,7
0.0,,8.0,4,4,0.0,0.0,0.0,1.0,58.5,42.0,62.0,,,,,,6,MIX_M,70.0,40.0,64.0,False,0.009419224878131,7
0.0,,8.0,4,4,0.087552477669695,0.0,0.3502099106787801,0.75,41.0,23.0,53.0,,,,,,7,MIX_M,61.0,35.0,49.0,False,0.0104589977989016,7
0.0,,8.0,4,4,0.0532191196800043,0.0,0.2128764787200172,0.75,49.5,36.0,65.0,,,,,,8,MIX_M,61.0,35.0,50.0,False,0.0085731508651874,7
0.0,,8.0,4,4,0.0,0.0,0.0,1.0,49.0,47.0,65.0,,,,,,9,MIX_M,61.0,35.0,44.0,False,0.0076354293438018,7
0.0,,8.0,4,4,0.0,0.0,0.0,1.0,69.0,62.0,74.0,,,,,,10,MIX_M,70.0,40.0,73.0,False,0.0067712204023266,7
0.0,,8.0,4,4,0.0,0.0,0.0,1.0,57.5,54.0,59.0,,,,,,11,MIX_M,63.0,36.0,54.0,False,0.0067582585330318,7
0.0,,8.0,4,4,0.0,0.0,0.0,1.0,72.0,63.0,77.0,,,,,,12,MIX_M,79.0,45.0,70.0,False,0.0063167177613757,7
0.0,,8.0,4,4,0.0,0.0,0.0,1.0,69.5,65.0,71.0,,,,,,13,MIX_M,74.0,42.0,53.0,False,0.0034042604588301,7
0.0,,8.0,4,4,0.0,0.0,0.0,1.0,53.5,31.0,67.0,,,,,,14,MIX_M,63.0,36.0,59.0,False,0.0070233695375598,7
0.0,,8.0,4,4,0.0069265874124625,0.0,0.0277063496498503,0.75,43.5,15.0,64.0,,,,,,15,MIX_M,60.0,34.0,65.0,False,0.0085630664488945,7
0.0,,8.0,4,4,0.0,0.0,0.0,1.0,44.5,40.0,52.0,,,,,,16,MIX_M,56.0,32.0,57.0,False,0.0102336979331053,7
0.0,,8.0,4,4,0.0,0.0,0.0,1.0,62.0,52.0,69.0,,,,,,17,MIX_M,77.0,44.0,55.0,False,0.0047949385509047,7
0.0,,8.0,4,4,0.0,0.0,0.0,1.0,60.0,51.0,72.0,,,,,,18,MIX_M,68.0,39.0,57.0,False,0.0058813814026629,7
0.0,,8.0,4,4,0.0,0.0,0.0,1.0,52.5,43.0,69.0,,,,,,19,MIX_M,65.0,37.0,67.0,False,0.008081559289215,7
0.0,,8.0,4,4,0.0,0.0,0.0,1.0,52.0,48.0,58.0,,,,,,20,MIX_M,63.0,36.0,46.0,False,0.0061133410856217,7
0.0,,8.0,4,4,0.0036418822285317,0.0,0.0145675289141271,0.75,52.5,41.0,64.0,,,,,,21,MIX_M,60.0,34.0,57.0,False,0.0089846288615901,7
0.0,,8.0,4,4,0.0258787068692548,0.0,0.1035148274770194,0.75,55.5,52.0,63.0,,,,,,22,MIX_M,66.0,38.0,57.0,False,0.0039330604573427,7
0.0,,8.0,4,4,0.0,0.0,0.0,1.0,57.5,50.0,59.0,,,,,,23,MIX_M,61.0,35.0,54.0,False,0.0101557681538894,7
0.0,,8.0,4,4,0.0,0.0,0.0,1.0,52.0,46.0,67.0,,,,,,24,MIX_M,63.0,36.0,69.0,False,0.0086019572753271,7
0.0,,8.0,4,4,0.0,0.0,0.0,1.0,41.5,31.0,42.0,,,,,,25,MIX_M,56.0,32.0,51.0,False,0.0101842493491482,7
0.0,,8.0,4,4,0.0,0.0,0.0,1.0,52.5,47.0,57.0,,,,,,26,MIX_M,60.0,34.0,62.0,False,0.0093922593240642,7
0.0,,8.0,4,4,0.0,0.0,0.0,1.0,49.0,43.0,65.0,,,,,,27,MIX_M,61.0,35.0,54.0,False,0.0061166117510953,7
0.0,,8.0,4,4,0.0114295703628507,0.0,0.045718281451403,0.75,47.5,44.0,53.0,,,,,,28,MIX_M,63.0,36.0,59.0,False,0.0076393868986396,7
0.0,,8.0,4,4,0.0,0.0,0.0,1.0,46.5,31.0,56.0,,,,,,29,MIX_M,52.0,30.0,51.0,False,0.0149575572479275,7
0.0,,8.0,4,4,0.0,0.0,0.0,1.0,56.0,53.0,63.0,,,,,,30,MIX_M,70.0,40.0,59.0,False,0.0071037459118915,7
0.0,,8.0,4,4,0.0,0.0,0.0,1.0,54.5,44.0,55.0,,,,,,31,MIX_M,63.0,36.0,63.0,False,0.0122068428214164,7
0.0,,8.0,4,4,0.0580660167472102,0.0449098444997074,0.142444377989426,0.5,46.0,21.0,70.0,,,,,,32,MIX_M,66.0,38.0,56.0,False,0.0047217349762496,7
0.0,,8.0,4,4,0.0,0.0,0.0,1.0,53.0,44.0,60.0,,,,,,33,MIX_M,56.0,32.0,50.0,False,0.0088653620198092,7
0.0,,8.0,4,4,0.0,0.0,0.0,1.0,56.0,50.0,70.0,,,,,,34,MIX_M,66.0,38.0,68.0,False,0.0106400344317459,7
0.0,,8.0,4,4,0.0,0.0,0.0,1.0,54.5,46.0,62.0,,,,,,35,MIX_M,58.0,33.0,48.0,False,0.0072500418558485,7
0.0,,21.0,4,4,0.25,0.0,1.0,0.75,44.5,24.0,64.0,,,,,,36,MIX_M,60.0,34.0,66.0,False,0.0072150997028944,7
0.0,,8.0,4,4,0.0,0.0,0.0,1.0,47.5,42.0,59.0,,,,,,37,MIX_M,61.0,35.0,69.0,False,0.0098920553880112,7
0.0,,8.0,4,4,0.0,0.0,0.0,1.0,43.5,41.0,48.0,,,,,,38,MIX_M,56.0,32.0,57.0,False,0.0089750994068094,7
0.0,,8.0,4,4,0.0,0.0,0.0,1.0,52.0,50.0,67.0,,,,,,39,MIX_M,63.0,36.0,60.0,False,0.0059788825957945,7
0.0,,8.0,4,4,0.0,0.0,0.0,1.0,47.5,45.0,58.0,,,,,,40,MIX_M,54.0,31.0,53.0,False,0.0125675262942421,7
0.0,,8.0,4,4,0.0,0.0,0.0,1.0,59.0,47.0,69.0,,,,,,41,MIX_M,65.0,37.0,71.0,False,0.0101420757011418,7
0.0,,8.0,4,4,0.0,0.0,0.0,1.0,48.5,42.0,56.0,,,,,,42,MIX_M,52.0,30.0,63.0,False,0.0119332364990793,7
0.0,,8.0,4,4,0.0,0.0,0.0,1.0,59.0,52.0,69.0,,,,,,43,MIX_M,65.0,37.0,66.0,False,0.0068999277194751,7
0.0,,8.0,4,4,0.0,0.0,0.0,1.0,54.5,32.0,62.0,,,,,,44,MIX_M,58.0,33.0,55.0,False,0.0112092311187275,7
0.0,,8.0,4,4,0.0,0.0,0.0,1.0,56.5,40.0,62.0,,,,,,45,MIX_M,58.0,33.0,61.0,False,0.0069400521654454,7
0.0,,8.0,4,4,0.0,0.0,0.0,1.0,36.0,29.0,43.0,,,,,,46,MIX_M,51.0,29.0,48.0,False,0.0126137125261633,7
0.0,,8.0,4,4,0.0,0.0,0.0,1.0,64.0,60.0,70.0,,,,,,47,MIX_M,77.0,44.0,70.0,False,0.0109608877697471,7
0.0,,8.0,4,4,0.0,0.0,0.0,1.0,51.5,50.0,64.0,,,,,,48,MIX_M,66.0,38.0,61.0,False,0.0092178631342921,7
0.0,,8.0,4,4,0.0,0.0,0.0,1.0,59.5,43.0,69.0,,,,,,49,MIX_M,72.0,41.0,64.0,False,0.0071940749120507,7
0.0,,8.0,4,4,0.0,0.0,0.0,1.0,49.5,47.0,67.0,,,,,,50,MIX_M,63.0,36.0,58.0,False,0.004959786902713,7
0.0,,8.0,4,4,0.0,0.0,0.0,1.0,51.5,41.0,62.0,,,,,,51,MIX_M,58.0,33.0,50.0,False,0.007000364516247,7
0.0,,8.0,4,4,0.0,0.0,0.0,1.0,69.0,63.0,74.0,,,,,,52,MIX_M,70.0,40.0,57.0,False,0.0049446599834105,7
0.0,,8.0,4,4,0.0,0.0,0.0,1.0,54.5,47.0,59.0,,,,,,53,MIX_M,68.0,39.0,58.0,False,0.0054586604551426,7
0.0,,8.0,4,4,0.0,0.0,0.0,1.0,60.0,42.0,64.0,,,,,,54,MIX_M,60.0,34.0,54.0,False,0.0114789882039415,7
0.0,,8.0,4,4,0.0,0.0,0.0,1.0,51.0,46.0,65.0,,,,,,55,MIX_M,61.0,35.0,50.0,False,0.0067658962394916,7
0.0,,8.0,4,4,0.0,0.0,0.0,1.0,49.0,46.0,51.0,,,,,,56,MIX_M,61.0,35.0,54.0,False,0.0064482060519931,7
0.0,,8.0,4,4,0.0,0.0,0.0,1.0,74.0,59.0,79.0,,,,,,57,MIX_M,84.0,48.0,73.0,False,0.0065448317466562,7
0.0,,8.0,4,4,0.0,0.0,0.0,1.0,50.0,43.0,54.0,,,,,,58,MIX_M,60.0,34.0,48.0,False,0.0071763617536258,7
0.0,,8.0,4,4,0.0,0.0,0.0,1.0,71.0,61.0,73.0,,,,,,59,MIX_M,79.0,45.0,68.0,False,0.0058699400234627,7
0.0,,8.0,4,4,0.0,0.0,0.0,1.0,66.0,58.0,80.0,,,,,,0,MIXfix_F,95.0,41.0,59.0,False,0.0036419353023399,7
0.0,,8.0,4,4,0.0,0.0,0.0,1.0,78.0,73.0,79.0,,,,,,1,MIXfix_F,95.0,36.0,62.0,False,0.0038062251460669,7
0.0,,8.0,4,4,0.0,0.0,0.0,1.0,65.5,54.0,80.0,,,,,,2,MIXfix_F,95.0,43.0,70.0,False,0.0041395232635132,7
0.0,,8.0,4,4,0.0,0.0,0.0,1.0,70.5,56.0,79.0,,,,,,3,MIXfix_F,95.0,31.0,64.0,False,0.0050929396780871,7
0.0,,8.0,4,4,0.0,0.0,0.0,1.0,77.0,71.0,78.0,,,,,,4,MIXfix_F,95.0,38.0,62.0,False,0.0063208543995259,7
0.0,,8.0,4,4,0.0,0.0,0.0,1.0,74.0,70.0,78.0,,,,,,5,MIXfix_F,95.0,41.0,55.0,False,0.0023718843793072,7
0.0,,8.0,4,4,0.0,0.0,0.0,1.0,74.5,65.0,80.0,,,,,,6,MIXfix_F,95.0,40.0,64.0,False,0.0049548535000576,7
0.0,,8.0,4,4,0.0,0.0,0.0,1.0,67.5,62.0,78.0,,,,,,7,MIXfix_F,95.0,35.0,49.0,False,0.0049584951591296,7
0.0,,8.0,4,4,0.0,0.0,0.0,1.0,76.0,73.0,78.0,,,,,,8,MIXfix_F,95.0,35.0,50.0,False,0.0047067174273783,7
0.0,,8.0,4,4,0.0,0.0,0.0,1.0,79.0,78.0,80.0,,,,,,9,MIXfix_F,95.0,35.0,44.0,False,0.0041848799242188,7
0.0,,8.0,4,4,0.0661131212670486,0.0,0.2644524850681946,0.75,78.0,71.0,80.0,,,,,,10,MIXfix_F,95.0,40.0,73.0,False,0.0037303082875083,7
0.0,,8.0,4,4,0.0,0.0,0.0,1.0,70.0,62.0,75.0,,,,,,11,MIXfix_F,95.0,36.0,54.0,False,0.0028822038818301,7
0.0,,8.0,4,4,0.0,0.0,0.0,1.0,72.0,71.0,74.0,,,,,,12,MIXfix_F,95.0,45.0,70.0,False,0.0047354687164039,7
0.0,,8.0,4,4,0.0,0.0,0.0,1.0,74.0,56.0,80.0,,,,,,13,MIXfix_F,95.0,42.0,53.0,False,0.0022070436180205,7
0.0,,8.0,4,4,0.0,0.0,0.0,1.0,74.5,63.0,78.0,,,,,,14,MIXfix_F,95.0,36.0,59.0,False,0.0019263603482642,7
0.0,,8.0,4,4,0.0,0.0,0.0,1.0,77.0,73.0,80.0,,,,,,15,MIXfix_F,95.0,34.0,65.0,False,0.0071327872768577,7
0.0,,8.0,4,4,0.0,0.0,0.0,1.0,69.5,66.0,80.0,,,,,,16,MIXfix_F,95.0,32.0,57.0,False,0.0050727189258038,7
0.0,,8.0,4,4,0.0,0.0,0.0,1.0,76.0,69.0,79.0,,,,,,17,MIXfix_F,95.0,44.0,55.0,False,0.0033096701434207,7
0.0,,8.0,4,4,0.0,0.0,0.0,1.0,71.5,52.0,76.0,,,,,,18,MIXfix_F,95.0,39.0,57.0,False,0.0046189890414096,7
0.0,,8.0,4,4,0.0,0.0,0.0,1.0,77.5,52.0,78.0,,,,,,19,MIXfix_F,95.0,37.0,67.0,False,0.0035179607367706,7
0.0,,8.0,4,4,0.0,0.0,0.0,1.0,79.5,74.0,80.0,,,,,,20,MIXfix_F,95.0,36.0,46.0,False,0.0021845571255596,7
0.0,,8.0,4,4,0.0,0.0,0.0,1.0,69.0,59.0,80.0,,,,,,21,MIXfix_F,95.0,34.0,57.0,False,0.004079474741835,7
0.0,,8.0,4,4,0.0,0.0,0.0,1.0,78.5,61.0,80.0,,,,,,22,MIXfix_F,95.0,38.0,57.0,False,0.0021576690829638,7
0.0,,8.0,4,4,0.0,0.0,0.0,1.0,78.0,45.0,80.0,,,,,,23,MIXfix_F,95.0,35.0,54.0,False,0.0045512520205549,7
0.0,,8.0,4,4,0.0,0.0,0.0,1.0,75.5,62.0,79.0,,,,,,24,MIXfix_F,95.0,36.0,69.0,False,0.0052371004474969,7
0.0,,8.0,4,4,0.0,0.0,0.0,1.0,78.0,74.0,80.0,,,,,,25,MIXfix_F,95.0,32.0,51.0,False,0.0017127928079853,7
0.0,,8.0,4,4,0.0,0.0,0.0,1.0,75.0,72.0,80.0,,,,,,26,MIXfix_F,95.0,34.0,62.0,False,0.0020592041922815,7
0.0,,8.0,4,4,0.0,0.0,0.0,1.0,80.0,74.0,80.0,,,,,,27,MIXfix_F,95.0,35.0,54.0,False,0.0033850011842617,7
0.0,,8.0,4,4,0.0,0.0,0.0,1.0,77.0,67.0,78.0,,,,,,28,MIXfix_F,95.0,36.0,59.0,False,0.0034037829087735,7
0.0,,8.0,4,4,0.0,0.0,0.0,1.0,75.0,68.0,78.0,,,,,,29,MIXfix_F,95.0,30.0,51.0,False,0.0040799138239261,7
0.0,,8.0,4,4,0.0,0.0,0.0,1.0,78.5,56.0,80.0,,,,,,30,MIXfix_F,95.0,40.0,59.0,False,0.0052924975195801,7
0.0,,8.0,4,4,0.0,0.0,0.0,1.0,78.0,77.0,80.0,,,,,,31,MIXfix_F,95.0,36.0,63.0,False,0.0050681712276886,7
0.0,,8.0,4,4,0.0618420484733183,0.0,0.2473681938932732,0.75,68.5,20.0,77.0,,,,,,32,MIXfix_F,95.0,38.0,56.0,False,0.0022993382023249,7
0.0,,8.0,4,4,0.0130668663352361,0.0,0.0522674653409444,0.75,73.5,67.0,77.0,,,,,,33,MIXfix_F,95.0,32.0,50.0,False,0.0030564916075725,7
0.0,,8.0,4,4,0.0,0.0,0.0,1.0,75.0,68.0,79.0,,,,,,34,MIXfix_F,95.0,38.0,68.0,False,0.0075316316223714,7
0.0,,8.0,4,4,0.0,0.0,0.0,1.0,75.0,74.0,78.0,,,,,,35,MIXfix_F,95.0,33.0,48.0,False,0.0030945534545432,7
0.0,,8.0,4,4,0.0,0.0,0.0,1.0,73.0,67.0,80.0,,,,,,36,MIXfix_F,95.0,34.0,66.0,False,0.0042463487866887,7
0.0,,9.0,4,4,0.1135238712538957,0.0,0.4540954850155831,0.75,76.5,76.0,79.0,,,,,,37,MIXfix_F,95.0,35.0,69.0,False,0.0029898977634294,7
0.0,,8.0,4,4,0.0,0.0,0.0,1.0,78.0,74.0,79.0,,,,,,38,MIXfix_F,95.0,32.0,57.0,False,0.0022880234802713,7
0.0,,8.0,4,4,0.0,0.0,0.0,1.0,78.0,74.0,80.0,,,,,,39,MIXfix_F,95.0,36.0,60.0,False,0.0021688712877743,7
0.0,,8.0,4,4,0.0019430701145928,0.0,0.0077722804583715,0.75,79.5,75.0,80.0,,,,,,40,MIXfix_F,95.0,31.0,53.0,False,0.0032155618954352,7
0.0,,8.0,4,4,0.0,0.0,0.0,1.0,75.0,72.0,79.0,,,,,,41,MIXfix_F,95.0,37.0,71.0,False,0.0065144449124797,7
0.0,,8.0,4,4,0.0,0.0,0.0,1.0,78.5,66.0,80.0,,,,,,42,MIXfix_F,95.0,30.0,63.0,False,0.0027193164202348,7
0.0,,8.0,4,4,0.0,0.0,0.0,1.0,72.5,70.0,75.0,,,,,,43,MIXfix_F,95.0,37.0,66.0,False,0.002371089834078,7
0.0,,8.0,4,4,0.0,0.0,0.0,1.0,71.0,68.0,76.0,,,,,,44,MIXfix_F,95.0,33.0,55.0,False,0.0053617366488552,7
0.0,,8.0,4,4,0.0,0.0,0.0,1.0,75.5,63.0,79.0,,,,,,45,MIXfix_F,95.0,33.0,61.0,False,0.0022160968771901,7
0.0,,8.0,4,4,0.0,0.0,0.0,1.0,77.5,73.0,79.0,,,,,,46,MIXfix_F,95.0,29.0,48.0,False,0.0025529933393478,7
0.0,,8.0,4,4,0.0,0.0,0.0,1.0,76.0,64.0,78.0,,,,,,47,MIXfix_F,95.0,44.0,70.0,False,0.0064713956329843,7
0.0,,8.0,4,4,0.0499446733195472,0.0,0.199778693278189,0.75,62.0,6.0,74.0,,,,,,48,MIXfix_F,95.0,38.0,61.0,False,0.0047793556112222,7
0.0,,8.0,4,4,0.0,0.0,0.0,1.0,70.0,55.0,78.0,,,,,,49,MIXfix_F,95.0,41.0,64.0,False,0.0044912823257633,7
0.0,,8.0,4,4,0.0,0.0,0.0,1.0,77.5,71.0,80.0,,,,,,50,MIXfix_F,95.0,36.0,58.0,False,0.0017355480773655,7
0.0,,8.0,4,4,0.0,0.0,0.0,1.0,71.0,67.0,77.0,,,,,,51,MIXfix_F,95.0,33.0,50.0,False,0.0040547425089121,7
0.0,,8.0,4,4,0.0,0.0,0.0,1.0,76.5,59.0,80.0,,,,,,52,MIXfix_F,95.0,40.0,57.0,False,0.003229982673463,7
0.0,,8.0,4,4,0.0,0.0,0.0,1.0,74.0,61.0,78.0,,,,,,53,MIXfix_F,95.0,39.0,58.0,False,0.0023576698182646,7
0.0,,8.0,4,4,0.0,0.0,0.0,1.0,76.5,70.0,77.0,,,,,,54,MIXfix_F,95.0,34.0,54.0,False,0.0037361493269452,7
0.0,,8.0,4,4,0.0,0.0,0.0,1.0,74.5,62.0,80.0,,,,,,55,MIXfix_F,95.0,35.0,50.0,False,0.003503209837953,7
0.0,,8.0,4,4,0.0,0.0,0.0,1.0,74.5,68.0,80.0,,,,,,56,MIXfix_F,95.0,35.0,54.0,False,0.0029755946938735,7
0.0,,8.0,4,4,0.0,0.0,0.0,1.0,70.0,56.0,78.0,,,,,,57,MIXfix_F,95.0,48.0,73.0,False,0.0058051896102135,7
0.0,,8.0,4,4,0.0,0.0,0.0,1.0,65.5,62.0,79.0,,,,,,58,MIXfix_F,95.0,34.0,48.0,False,0.002966478778137,7
0.0,,8.0,4,4,0.0,0.0,0.0,1.0,75.0,56.0,79.0,,,,,,59,MIXfix_F,95.0,45.0,68.0,False,0.0044607817923475,7
0.0,,8.0,4,4,0.0,0.0,0.0,1.0,70.0,61.0,76.0,,,,,,0,MIXfix_M,95.0,41.0,59.0,False,0.0036419353023399,7
0.0,,8.0,4,4,0.0198641403775469,0.0,0.0794565615101878,0.75,75.5,68.0,80.0,,,,,,1,MIXfix_M,95.0,36.0,62.0,False,0.0038062251460669,7
0.0,,8.0,4,4,0.073897525564113,0.0,0.2955901022564523,0.75,71.0,44.0,80.0,,,,,,2,MIXfix_M,95.0,43.0,70.0,False,0.0041395232635132,7
0.0,,8.0,4,4,0.0,0.0,0.0,1.0,71.0,68.0,80.0,,,,,,3,MIXfix_M,95.0,31.0,64.0,False,0.0050929396780871,7
0.0,,8.0,4,4,0.063557122861208,0.0,0.2542284914448323,0.75,70.0,61.0,80.0,,,,,,4,MIXfix_M,95.0,38.0,62.0,False,0.0063208543995259,7
0.0,,8.0,4,4,0.0,0.0,0.0,1.0,74.0,42.0,78.0,,,,,,5,MIXfix_M,95.0,41.0,55.0,False,0.0023718843793072,7
0.0,,8.0,4,4,0.0,0.0,0.0,1.0,79.0,61.0,80.0,,,,,,6,MIXfix_M,95.0,40.0,64.0,False,0.0049548535000576,7
0.0,,8.0,4,4,0.0,0.0,0.0,1.0,71.0,65.0,80.0,,,,,,7,MIXfix_M,95.0,35.0,49.0,False,0.0049584951591296,7
0.0,,8.0,4,4,0.0,0.0,0.0,1.0,77.0,75.0,79.0,,,,,,8,MIXfix_M,95.0,35.0,50.0,False,0.0047067174273783,7
0.0,,8.0,4,4,0.0,0.0,0.0,1.0,73.5,64.0,79.0,,,,,,9,MIXfix_M,95.0,35.0,44.0,False,0.0041848799242188,7
0.0,,8.0,4,4,0.0,0.0,0.0,1.0,70.0,61.0,79.0,,,,,,10,MIXfix_M,95.0,40.0,73.0,False,0.0037303082875083,7
0.0,,8.0,4,4,0.0,0.0,0.0,1.0,73.5,68.0,79.0,,,,,,11,MIXfix_M,95.0,36.0,54.0,False,0.0028822038818301,7
0.0,,8.0,4,4,0.0,0.0,0.0,1.0,70.5,59.0,76.0,,,,,,12,MIXfix_M,95.0,45.0,70.0,False,0.0047354687164039,7
0.0,,8.0,4,4,0.0,0.0,0.0,1.0,67.5,64.0,70.0,,,,,,13,MIXfix_M,95.0,42.0,53.0,False,0.0022070436180205,7
0.0,,8.0,4,4,0.0,0.0,0.0,1.0,77.5,75.0,80.0,,,,,,14,MIXfix_M,95.0,36.0,59.0,False,0.0019263603482642,7
0.0,,8.0,4,4,0.0,0.0,0.0,1.0,72.0,63.0,77.0,,,,,,15,MIXfix_M,95.0,34.0,65.0,False,0.0071327872768577,7
0.0,,8.0,4,4,0.0,0.0,0.0,1.0,76.0,68.0,79.0,,,,,,16,MIXfix_M,95.0,32.0,57.0,False,0.0050727189258038,7
0.0,,8.0,4,4,0.0,0.0,0.0,1.0,75.0,72.0,80.0,,,,,,17,MIXfix_M,95.0,44.0,55.0,False,0.0033096701434207,7
0.0,,8.0,4,4,0.0138516039870591,0.0,0.0554064159482366,0.75,60.5,28.0,79.0,,,,,,18,MIXfix_M,95.0,39.0,57.0,False,0.0046189890414096,7
0.0,,8.0,4,4,0.0030297364226263,0.0,0.0121189456905055,0.75,71.0,64.0,80.0,,,,,,19,MIXfix_M,95.0,37.0,67.0,False,0.0035179607367706,7
0.0,,8.0,4,4,0.0,0.0,0.0,1.0,68.0,65.0,70.0,,,,,,20,MIXfix_M,95.0,36.0,46.0,False,0.0021845571255596,7
0.0,,8.0,4,4,0.0,0.0,0.0,1.0,78.0,75.0,80.0,,,,,,21,MIXfix_M,95.0,34.0,57.0,False,0.004079474741835,7
0.0,,8.0,4,4,0.0,0.0,0.0,1.0,79.0,75.0,80.0,,,,,,22,MIXfix_M,95.0,38.0,57.0,False,0.0021576690829638,7
0.0,,8.0,4,4,0.0,0.0,0.0,1.0,78.5,76.0,79.0,,,,,,23,MIXfix_M,95.0,35.0,54.0,False,0.0045512520205549,7
0.0,,8.0,4,4,0.0,0.0,0.0,1.0,75.0,67.0,79.0,,,,,,24,MIXfix_M,95.0,36.0,69.0,False,0.0052371004474969,7
0.0,,8.0,4,4,0.0,0.0,0.0,1.0,74.0,66.0,79.0,,,,,,25,MIXfix_M,95.0,32.0,51.0,False,0.0017127928079853,7
0.0,,8.0,4,4,0.0,0.0,0.0,1.0,71.0,48.0,80.0,,,,,,26,MIXfix_M,95.0,34.0,62.0,False,0.0020592041922815,7
0.0,,8.0,4,4,0.0,0.0,0.0,1.0,78.5,71.0,80.0,,,,,,27,MIXfix_M,95.0,35.0,54.0,False,0.0033850011842617,7
0.0,,8.0,4,4,0.0,0.0,0.0,1.0,71.0,58.0,80.0,,,,,,28,MIXfix_M,95.0,36.0,59.0,False,0.0034037829087735,7
0.0,,8.0,4,4,0.0,0.0,0.0,1.0,77.0,72.0,80.0,,,,,,29,MIXfix_M,95.0,30.0,51.0,False,0.0040799138239261,7
0.0,,8.0,4,4,0.0,0.0,0.0,1.0,79.5,64.0,80.0,,,,,,30,MIXfix_M,95.0,40.0,59.0,False,0.0052924975195801,7
0.0,,8.0,4,4,0.0,0.0,0.0,1.0,76.5,67.0,80.0,,,,,,31,MIXfix_M,95.0,36.0,63.0,False,0.0050681712276886,7
0.0,,8.0,4,4,0.0,0.0,0.0,1.0,76.5,71.0,78.0,,,,,,32,MIXfix_M,95.0,38.0,56.0,False,0.0022993382023249,7
0.0,,8.0,4,4,0.0,0.0,0.0,1.0,76.5,71.0,79.0,,,,,,33,MIXfix_M,95.0,32.0,50.0,False,0.0030564916075725,7
0.0,,8.0,4,4,0.0,0.0,0.0,1.0,46.0,33.0,79.0,,,,,,34,MIXfix_M,95.0,38.0,68.0,False,0.0075316316223714,7
0.0,,8.0,4,4,0.0,0.0,0.0,1.0,75.5,61.0,78.0,,,,,,35,MIXfix_M,95.0,33.0,48.0,False,0.0030945534545432,7
0.0,,8.0,4,4,0.0,0.0,0.0,1.0,76.0,63.0,79.0,,,,,,36,MIXfix_M,95.0,34.0,66.0,False,0.0042463487866887,7
0.0,,8.0,4,4,0.0,0.0,0.0,1.0,64.0,58.0,79.0,,,,,,37,MIXfix_M,95.0,35.0,69.0,False,0.0029898977634294,7
0.0,,8.0,4,4,0.0,0.0,0.0,1.0,79.0,68.0,80.0,,,,,,38,MIXfix_M,95.0,32.0,57.0,False,0.0022880234802713,7
0.0,,8.0,4,4,0.0625586847597309,0.0,0.2502347390389238,0.75,71.0,53.0,80.0,,,,,,39,MIXfix_M,95.0,36.0,60.0,False,0.0021688712877743,7
0.0,,8.0,4,4,0.0,0.0,0.0,1.0,72.5,59.0,80.0,,,,,,40,MIXfix_M,95.0,31.0,53.0,False,0.0032155618954352,7
0.0,,8.0,4,4,0.0114710746748418,0.0,0.0458842986993675,0.75,72.0,65.0,80.0,,,,,,41,MIXfix_M,95.0,37.0,71.0,False,0.0065144449124797,7
0.0,,8.0,4,4,0.0,0.0,0.0,1.0,72.5,70.0,80.0,,,,,,42,MIXfix_M,95.0,30.0,63.0,False,0.0027193164202348,7
0.0,,8.0,4,4,0.0215918389699911,0.0,0.0863673558799645,0.75,76.5,75.0,78.0,,,,,,43,MIXfix_M,95.0,37.0,66.0,False,0.002371089834078,7
0.0,,8.0,4,4,0.0,0.0,0.0,1.0,77.0,70.0,79.0,,,,,,44,MIXfix_M,95.0,33.0,55.0,False,0.0053617366488552,7
0.0,,8.0,4,4,0.0,0.0,0.0,1.0,70.5,62.0,75.0,,,,,,45,MIXfix_M,95.0,33.0,61.0,False,0.0022160968771901,7
0.0,,8.0,4,4,0.0,0.0,0.0,1.0,70.0,48.0,76.0,,,,,,46,MIXfix_M,95.0,29.0,48.0,False,0.0025529933393478,7
0.0,,8.0,4,4,0.0,0.0,0.0,1.0,68.0,64.0,79.0,,,,,,47,MIXfix_M,95.0,44.0,70.0,False,0.0064713956329843,7
0.0,,8.0,4,4,0.0,0.0,0.0,1.0,74.5,72.0,80.0,,,,,,48,MIXfix_M,95.0,38.0,61.0,False,0.0047793556112222,7
0.0,,8.0,4,4,0.0,0.0,0.0,1.0,66.0,47.0,76.0,,,,,,49,MIXfix_M,95.0,41.0,64.0,False,0.0044912823257633,7
0.0,,8.0,4,4,0.0,0.0,0.0,1.0,74.0,69.0,77.0,,,,,,50,MIXfix_M,95.0,36.0,58.0,False,0.0017355480773655,7
0.0,,8.0,4,4,0.0,0.0,0.0,1.0,67.0,60.0,76.0,,,,,,51,MIXfix_M,95.0,33.0,50.0,False,0.0040547425089121,7
0.0,,8.0,4,4,0.0,0.0,0.0,1.0,78.0,55.0,80.0,,,,,,52,MIXfix_M,95.0,40.0,57.0,False,0.003229982673463,7
0.0,,8.0,4,4,0.0,0.0,0.0,1.0,64.0,38.0,78.0,,,,,,53,MIXfix_M,95.0,39.0,58.0,False,0.0023576698182646,7
0.0,,8.0,4,4,0.0,0.0,0.0,1.0,72.5,54.0,79.0,,,,,,54,MIXfix_M,95.0,34.0,54.0,False,0.0037361493269452,7
0.0,,8.0,4,4,0.0,0.0,0.0,1.0,76.5,65.0,80.0,,,,,,55,MIXfix_M,95.0,35.0,50.0,False,0.003503209837953,7
0.0,,8.0,4,4,0.0,0.0,0.0,1.0,74.0,67.0,76.0,,,,,,56,MIXfix_M,95.0,35.0,54.0,False,0.0029755946938735,7
0.0,,8.0,4,4,0.0,0.0,0.0,1.0,65.5,44.0,78.0,,,,,,57,MIXfix_M,95.0,48.0,73.0,False,0.0058051896102135,7
0.0,,8.0,4,4,0.0,0.0,0.0,1.0,76.5,72.0,79.0,,,,,,58,MIXfix_M,95.0,34.0,48.0,False,0.002966478778137,7
0.0,,8.0,4,4,0.0016032262832132,0.0,0.0064129051328531,0.75,76.0,62.0,77.0,,,,,,59,MIXfix_M,95.0,45.0,68.0,False,0.0044607817923475,7
