point,inherit_weight,rec,plast_age_max,m_c,crowd_aversion,alpha,refuge_frac,refuge_capacity,eta,gamma,crowd_power
0,0.5359660858288408,0.0382714390866874,4.690706525003986,6,0.0902083529625088,2.3711200170218945,0.3309349247720092,2,0.3291074753273278,0.1206479036304183,1.1269458786830673
1,0.0979589341208338,0.0382714390866874,4.690706525003986,6,0.0902083529625088,2.3711200170218945,0.3309349247720092,2,0.3291074753273278,0.1206479036304183,1.1269458786830673
2,0.5359660858288408,0.2207172399008002,4.690706525003986,6,0.0902083529625088,2.3711200170218945,0.3309349247720092,2,0.3291074753273278,0.1206479036304183,1.1269458786830673
3,0.5359660858288408,0.0382714390866874,13.321314925105026,6,0.0902083529625088,2.3711200170218945,0.3309349247720092,2,0.3291074753273278,0.1206479036304183,1.1269458786830673
4,0.5359660858288408,0.0382714390866874,4.690706525003986,15,0.0902083529625088,2.3711200170218945,0.3309349247720092,2,0.3291074753273278,0.1206479036304183,1.1269458786830673
5,0.5359660858288408,0.0382714390866874,4.690706525003986,6,0.1842808154877275,2.3711200170218945,0.3309349247720092,2,0.3291074753273278,0.1206479036304183,1.1269458786830673
6,0.5359660858288408,0.0382714390866874,4.690706525003986,6,0.0902083529625088,4.404918743297458,0.3309349247720092,2,0.3291074753273278,0.1206479036304183,1.1269458786830673
7,0.5359660858288408,0.0382714390866874,4.690706525003986,6,0.0902083529625088,2.3711200170218945,0.2262622029986232,2,0.3291074753273278,0.1206479036304183,1.1269458786830673
8,0.5359660858288408,0.0382714390866874,4.690706525003986,6,0.0902083529625088,2.3711200170218945,0.3309349247720092,2,0.3291074753273278,0.1206479036304183,1.1269458786830673
9,0.5359660858288408,0.0382714390866874,4.690706525003986,6,0.0902083529625088,2.3711200170218945,0.3309349247720092,2,0.0770996434614062,0.1206479036304183,1.1269458786830673
10,0.5359660858288408,0.0382714390866874,4.690706525003986,6,0.0902083529625088,2.3711200170218945,0.3309349247720092,2,0.3291074753273278,0.1213546258993726,1.1269458786830673
11,0.5359660858288408,0.0382714390866874,4.690706525003986,6,0.0902083529625088,2.3711200170218945,0.3309349247720092,2,0.3291074753273278,0.1206479036304183,4.232545079256158
12,0.0979589341208338,0.2207172399008002,13.321314925105026,15,0.1842808154877275,4.404918743297458,0.2262622029986232,2,0.0770996434614062,0.1213546258993726,4.232545079256158
13,0.2973558336496353,0.1530310596974594,17.255839492039435,12,0.2186417465098202,5.68770251609385,0.1132046710234135,2,0.2398124972358346,0.0369591185967767,3.212766331836111
14,0.3694723661988973,0.1530310596974594,17.255839492039435,12,0.2186417465098202,5.68770251609385,0.1132046710234135,2,0.2398124972358346,0.0369591185967767,3.212766331836111
15,0.2973558336496353,0.0328471621534711,17.255839492039435,12,0.2186417465098202,5.68770251609385,0.1132046710234135,2,0.2398124972358346,0.0369591185967767,3.212766331836111
16,0.2973558336496353,0.1530310596974594,4.660367071307198,12,0.2186417465098202,5.68770251609385,0.1132046710234135,2,0.2398124972358346,0.0369591185967767,3.212766331836111
17,0.2973558336496353,0.1530310596974594,17.255839492039435,8,0.2186417465098202,5.68770251609385,0.1132046710234135,2,0.2398124972358346,0.0369591185967767,3.212766331836111
18,0.2973558336496353,0.1530310596974594,17.255839492039435,12,0.1478332380764186,5.68770251609385,0.1132046710234135,2,0.2398124972358346,0.0369591185967767,3.212766331836111
19,0.2973558336496353,0.1530310596974594,17.255839492039435,12,0.2186417465098202,7.241425754502416,0.1132046710234135,2,0.2398124972358346,0.0369591185967767,3.212766331836111
20,0.2973558336496353,0.1530310596974594,17.255839492039435,12,0.2186417465098202,5.68770251609385,0.1007955186069011,2,0.2398124972358346,0.0369591185967767,3.212766331836111
21,0.2973558336496353,0.1530310596974594,17.255839492039435,12,0.2186417465098202,5.68770251609385,0.1132046710234135,3,0.2398124972358346,0.0369591185967767,3.212766331836111
22,0.2973558336496353,0.1530310596974594,17.255839492039435,12,0.2186417465098202,5.68770251609385,0.1132046710234135,2,0.3648557697422802,0.0369591185967767,3.212766331836111
23,0.2973558336496353,0.1530310596974594,17.255839492039435,12,0.2186417465098202,5.68770251609385,0.1132046710234135,2,0.2398124972358346,0.0465867934450532,3.212766331836111
24,0.2973558336496353,0.1530310596974594,17.255839492039435,12,0.2186417465098202,5.68770251609385,0.1132046710234135,2,0.2398124972358346,0.0369591185967767,1.1415448144275508
25,0.3694723661988973,0.0328471621534711,4.660367071307198,8,0.1478332380764186,7.241425754502416,0.1007955186069011,3,0.3648557697422802,0.0465867934450532,1.1415448144275508
26,0.0292526543140411,0.0578425164806416,6.752137007185355,8,0.238368851551786,7.356736853718758,0.2373544124886393,1,0.125260362168774,0.0575311094908501,5.06019263191493
27,0.5946385625749826,0.0578425164806416,6.752137007185355,8,0.238368851551786,7.356736853718758,0.2373544124886393,1,0.125260362168774,0.0575311094908501,5.06019263191493
28,0.0292526543140411,0.120654631400844,6.752137007185355,8,0.238368851551786,7.356736853718758,0.2373544124886393,1,0.125260362168774,0.0575311094908501,5.06019263191493
29,0.0292526543140411,0.0578425164806416,17.666162700997575,8,0.238368851551786,7.356736853718758,0.2373544124886393,1,0.125260362168774,0.0575311094908501,5.06019263191493
30,0.0292526543140411,0.0578425164806416,6.752137007185355,5,0.238368851551786,7.356736853718758,0.2373544124886393,1,0.125260362168774,0.0575311094908501,5.06019263191493
31,0.0292526543140411,0.0578425164806416,6.752137007185355,8,0.2952127779833972,7.356736853718758,0.2373544124886393,1,0.125260362168774,0.0575311094908501,5.06019263191493
32,0.0292526543140411,0.0578425164806416,6.752137007185355,8,0.238368851551786,5.403852438554168,0.2373544124886393,1,0.125260362168774,0.0575311094908501,5.06019263191493
33,0.0292526543140411,0.0578425164806416,6.752137007185355,8,0.238368851551786,7.356736853718758,0.3932528085075319,1,0.125260362168774,0.0575311094908501,5.06019263191493
34,0.0292526543140411,0.0578425164806416,6.752137007185355,8,0.238368851551786,7.356736853718758,0.2373544124886393,2,0.125260362168774,0.0575311094908501,5.06019263191493
35,0.0292526543140411,0.0578425164806416,6.752137007185355,8,0.238368851551786,7.356736853718758,0.2373544124886393,1,0.2651968273799867,0.0575311094908501,5.06019263191493
36,0.0292526543140411,0.0578425164806416,6.752137007185355,8,0.238368851551786,7.356736853718758,0.2373544124886393,1,0.125260362168774,0.203959694210494,5.06019263191493
37,0.0292526543140411,0.0578425164806416,6.752137007185355,8,0.238368851551786,7.356736853718758,0.2373544124886393,1,0.125260362168774,0.0575311094908501,1.7665542820755211
38,0.5946385625749826,0.120654631400844,17.666162700997575,5,0.2952127779833972,5.403852438554168,0.3932528085075319,2,0.2651968273799867,0.203959694210494,1.7665542820755211
39,0.3516522550955415,0.2390976833200933,10.717634286853045,14,0.117870367784053,4.767071498557925,0.1953083574771881,3,0.4436135183088481,0.1779323655709337,1.7732776219417288
40,0.1730886390432715,0.2390976833200933,10.717634286853045,14,0.117870367784053,4.767071498557925,0.1953083574771881,3,0.4436135183088481,0.1779323655709337,1.7732776219417288
41,0.3516522550955415,0.0601321832242597,10.717634286853045,14,0.117870367784053,4.767071498557925,0.1953083574771881,3,0.4436135183088481,0.1779323655709337,1.7732776219417288
42,0.3516522550955415,0.2390976833200933,8.403334066744366,14,0.117870367784053,4.767071498557925,0.1953083574771881,3,0.4436135183088481,0.1779323655709337,1.7732776219417288
43,0.3516522550955415,0.2390976833200933,10.717634286853045,13,0.117870367784053,4.767071498557925,0.1953083574771881,3,0.4436135183088481,0.1779323655709337,1.7732776219417288
44,0.3516522550955415,0.2390976833200933,10.717634286853045,14,0.0721844238694757,4.767071498557925,0.1953083574771881,3,0.4436135183088481,0.1779323655709337,1.7732776219417288
45,0.3516522550955415,0.2390976833200933,10.717634286853045,14,0.117870367784053,2.9379913304001093,0.1953083574771881,3,0.4436135183088481,0.1779323655709337,1.7732776219417288
46,0.3516522550955415,0.2390976833200933,10.717634286853045,14,0.117870367784053,4.767071498557925,0.179690381931141,3,0.4436135183088481,0.1779323655709337,1.7732776219417288
47,0.3516522550955415,0.2390976833200933,10.717634286853045,14,0.117870367784053,4.767071498557925,0.1953083574771881,1,0.4436135183088481,0.1779323655709337,1.7732776219417288
48,0.3516522550955415,0.2390976833200933,10.717634286853045,14,0.117870367784053,4.767071498557925,0.1953083574771881,3,0.3982173867989331,0.1779323655709337,1.7732776219417288
49,0.3516522550955415,0.2390976833200933,10.717634286853045,14,0.117870367784053,4.767071498557925,0.1953083574771881,3,0.4436135183088481,0.0936728832444349,1.7732776219417288
50,0.3516522550955415,0.2390976833200933,10.717634286853045,14,0.117870367784053,4.767071498557925,0.1953083574771881,3,0.4436135183088481,0.1779323655709337,6.575944225375206
51,0.1730886390432715,0.0601321832242597,8.403334066744366,13,0.0721844238694757,2.9379913304001093,0.179690381931141,1,0.3982173867989331,0.0936728832444349,6.575944225375206
52,0.3904671873897314,0.0912330030971009,20.449536322234916,15,0.1454838329926133,2.820997977629304,0.2702991435769946,1,0.0765564512927085,0.0492330848697163,7.036464833573869
53,0.256786985322833,0.0912330030971009,20.449536322234916,15,0.1454838329926133,2.820997977629304,0.2702991435769946,1,0.0765564512927085,0.0492330848697163,7.036464833573869
54,0.3904671873897314,0.1499296468089712,20.449536322234916,15,0.1454838329926133,2.820997977629304,0.2702991435769946,1,0.0765564512927085,0.0492330848697163,7.036464833573869
55,0.3904671873897314,0.0912330030971009,5.505906093263638,15,0.1454838329926133,2.820997977629304,0.2702991435769946,1,0.0765564512927085,0.0492330848697163,7.036464833573869
56,0.3904671873897314,0.0912330030971009,20.449536322234916,10,0.1454838329926133,2.820997977629304,0.2702991435769946,1,0.0765564512927085,0.0492330848697163,7.036464833573869
57,0.3904671873897314,0.0912330030971009,20.449536322234916,15,0.0977070047054439,2.820997977629304,0.2702991435769946,1,0.0765564512927085,0.0492330848697163,7.036464833573869
58,0.3904671873897314,0.0912330030971009,20.449536322234916,15,0.1454838329926133,2.666958462446928,0.2702991435769946,1,0.0765564512927085,0.0492330848697163,7.036464833573869
59,0.3904671873897314,0.0912330030971009,20.449536322234916,15,0.1454838329926133,2.820997977629304,0.203159958217293,1,0.0765564512927085,0.0492330848697163,7.036464833573869
60,0.3904671873897314,0.0912330030971009,20.449536322234916,15,0.1454838329926133,2.820997977629304,0.2702991435769946,2,0.0765564512927085,0.0492330848697163,7.036464833573869
61,0.3904671873897314,0.0912330030971009,20.449536322234916,15,0.1454838329926133,2.820997977629304,0.2702991435769946,1,0.1373179729562252,0.0492330848697163,7.036464833573869
62,0.3904671873897314,0.0912330030971009,20.449536322234916,15,0.1454838329926133,2.820997977629304,0.2702991435769946,1,0.0765564512927085,0.1618680811880717,7.036464833573869
63,0.3904671873897314,0.0912330030971009,20.449536322234916,15,0.1454838329926133,2.820997977629304,0.2702991435769946,1,0.0765564512927085,0.0492330848697163,3.257125517713584
64,0.256786985322833,0.1499296468089712,5.505906093263638,10,0.0977070047054439,2.666958462446928,0.203159958217293,2,0.1373179729562252,0.1618680811880717,3.257125517713584
65,0.1427814899012446,0.2048981877761977,5.567679859904015,9,0.2730017108377069,6.16065188869834,0.1407631673384458,3,0.4897216258570552,0.1607145571216568,2.507338993250785
66,0.5106489283964037,0.2048981877761977,5.567679859904015,9,0.2730017108377069,6.16065188869834,0.1407631673384458,3,0.4897216258570552,0.1607145571216568,2.507338993250785
67,0.1427814899012446,0.0744758138328232,5.567679859904015,9,0.2730017108377069,6.16065188869834,0.1407631673384458,3,0.4897216258570552,0.1607145571216568,2.507338993250785
68,0.1427814899012446,0.2048981877761977,11.235692481587328,9,0.2730017108377069,6.16065188869834,0.1407631673384458,3,0.4897216258570552,0.1607145571216568,2.507338993250785
69,0.1427814899012446,0.2048981877761977,5.567679859904015,7,0.2730017108377069,6.16065188869834,0.1407631673384458,3,0.4897216258570552,0.1607145571216568,2.507338993250785
70,0.1427814899012446,0.2048981877761977,5.567679859904015,9,0.2662650730460882,6.16065188869834,0.1407631673384458,3,0.4897216258570552,0.1607145571216568,2.507338993250785
71,0.1427814899012446,0.2048981877761977,5.567679859904015,9,0.2730017108377069,5.874013744294643,0.1407631673384458,3,0.4897216258570552,0.1607145571216568,2.507338993250785
72,0.1427814899012446,0.2048981877761977,5.567679859904015,9,0.2730017108377069,6.16065188869834,0.3423104791436344,3,0.4897216258570552,0.1607145571216568,2.507338993250785
73,0.1427814899012446,0.2048981877761977,5.567679859904015,9,0.2730017108377069,6.16065188869834,0.1407631673384458,1,0.4897216258570552,0.1607145571216568,2.507338993250785
74,0.1427814899012446,0.2048981877761977,5.567679859904015,9,0.2730017108377069,6.16065188869834,0.1407631673384458,3,0.2993348211515695,0.1607145571216568,2.507338993250785
75,0.1427814899012446,0.2048981877761977,5.567679859904015,9,0.2730017108377069,6.16065188869834,0.1407631673384458,3,0.4897216258570552,0.0349273422381084,2.507338993250785
76,0.1427814899012446,0.2048981877761977,5.567679859904015,9,0.2730017108377069,6.16065188869834,0.1407631673384458,3,0.4897216258570552,0.1607145571216568,1.483401706725465
77,0.5106489283964037,0.0744758138328232,11.235692481587328,7,0.2662650730460882,5.874013744294643,0.3423104791436344,1,0.2993348211515695,0.0349273422381084,1.483401706725465
78,0.1835409013554453,0.0431042623293908,14.215606797049189,11,0.1828473212197423,6.696218816563487,0.3635158910416067,2,0.3788001222070306,0.2370311460106502,1.590132608509531
79,0.4358106678351759,0.0431042623293908,14.215606797049189,11,0.1828473212197423,6.696218816563487,0.3635158910416067,2,0.3788001222070306,0.2370311460106502,1.590132608509531
80,0.1835409013554453,0.2735030592775442,14.215606797049189,11,0.1828473212197423,6.696218816563487,0.3635158910416067,2,0.3788001222070306,0.2370311460106502,1.590132608509531
81,0.1835409013554453,0.0431042623293908,7.125013548733712,11,0.1828473212197423,6.696218816563487,0.3635158910416067,2,0.3788001222070306,0.2370311460106502,1.590132608509531
82,0.1835409013554453,0.0431042623293908,14.215606797049189,9,0.1828473212197423,6.696218816563487,0.3635158910416067,2,0.3788001222070306,0.2370311460106502,1.590132608509531
83,0.1835409013554453,0.0431042623293908,14.215606797049189,11,0.1147124778479337,6.696218816563487,0.3635158910416067,2,0.3788001222070306,0.2370311460106502,1.590132608509531
84,0.1835409013554453,0.0431042623293908,14.215606797049189,11,0.1828473212197423,7.527216840535402,0.3635158910416067,2,0.3788001222070306,0.2370311460106502,1.590132608509531
85,0.1835409013554453,0.0431042623293908,14.215606797049189,11,0.1828473212197423,6.696218816563487,0.0663755863439291,2,0.3788001222070306,0.2370311460106502,1.590132608509531
86,0.1835409013554453,0.0431042623293908,14.215606797049189,11,0.1828473212197423,6.696218816563487,0.3635158910416067,2,0.3788001222070306,0.2370311460106502,1.590132608509531
87,0.1835409013554453,0.0431042623293908,14.215606797049189,11,0.1828473212197423,6.696218816563487,0.3635158910416067,2,0.1707019051536917,0.2370311460106502,1.590132608509531
88,0.1835409013554453,0.0431042623293908,14.215606797049189,11,0.1828473212197423,6.696218816563487,0.3635158910416067,2,0.3788001222070306,0.2720383940812792,1.590132608509531
89,0.1835409013554453,0.0431042623293908,14.215606797049189,11,0.1828473212197423,6.696218816563487,0.3635158910416067,2,0.3788001222070306,0.2370311460106502,2.3049264618130283
90,0.4358106678351759,0.2735030592775442,7.125013548733712,9,0.1147124778479337,7.527216840535402,0.0663755863439291,2,0.1707019051536917,0.2720383940812792,2.3049264618130283
91,0.4974372502416372,0.1005270256525978,8.958318376814603,5,0.0632643615361303,4.129624873399735,0.0582969260402023,2,0.1874421625398099,0.0766395958159673,4.457644744543737
92,0.0319119919091463,0.1005270256525978,8.958318376814603,5,0.0632643615361303,4.129624873399735,0.0582969260402023,2,0.1874421625398099,0.0766395958159673,4.457644744543737
93,0.4974372502416372,0.0408432334070041,8.958318376814603,5,0.0632643615361303,4.129624873399735,0.0582969260402023,2,0.1874421625398099,0.0766395958159673,4.457644744543737
94,0.4974372502416372,0.1005270256525978,20.90786119589276,5,0.0632643615361303,4.129624873399735,0.0582969260402023,2,0.1874421625398099,0.0766395958159673,4.457644744543737
95,0.4974372502416372,0.1005270256525978,8.958318376814603,14,0.0632643615361303,4.129624873399735,0.0582969260402023,2,0.1874421625398099,0.0766395958159673,4.457644744543737
96,0.4974372502416372,0.1005270256525978,8.958318376814603,5,0.2218042104039341,4.129624873399735,0.0582969260402023,2,0.1874421625398099,0.0766395958159673,4.457644744543737
97,0.4974372502416372,0.1005270256525978,8.958318376814603,5,0.0632643615361303,3.943622663617134,0.0582969260402023,2,0.1874421625398099,0.0766395958159673,4.457644744543737
98,0.4974372502416372,0.1005270256525978,8.958318376814603,5,0.0632643615361303,4.129624873399735,0.2881532298400998,2,0.1874421625398099,0.0766395958159673,4.457644744543737
99,0.4974372502416372,0.1005270256525978,8.958318376814603,5,0.0632643615361303,4.129624873399735,0.0582969260402023,3,0.1874421625398099,0.0766395958159673,4.457644744543737
100,0.4974372502416372,0.1005270256525978,8.958318376814603,5,0.0632643615361303,4.129624873399735,0.0582969260402023,2,0.4874680531211197,0.0766395958159673,4.457644744543737
101,0.4974372502416372,0.1005270256525978,8.958318376814603,5,0.0632643615361303,4.129624873399735,0.0582969260402023,2,0.1874421625398099,0.0702321062786727,4.457644744543737
102,0.4974372502416372,0.1005270256525978,8.958318376814603,5,0.0632643615361303,4.129624873399735,0.0582969260402023,2,0.1874421625398099,0.0766395958159673,5.039966000574739
103,0.0319119919091463,0.0408432334070041,20.90786119589276,14,0.2218042104039341,3.943622663617134,0.2881532298400998,3,0.4874680531211197,0.0702321062786727,5.039966000574739
104,0.4603911319747567,0.0667035317934044,13.542016043262356,9,0.2303010625299066,4.3334646839648485,0.3070325251668692,1,0.0857435557059943,0.2129757040603687,3.971250750077641
105,0.124857971817255,0.0667035317934044,13.542016043262356,9,0.2303010625299066,4.3334646839648485,0.3070325251668692,1,0.0857435557059943,0.2129757040603687,3.971250750077641
106,0.4603911319747567,0.0833048582787236,13.542016043262356,9,0.2303010625299066,4.3334646839648485,0.3070325251668692,1,0.0857435557059943,0.2129757040603687,3.971250750077641
107,0.4603911319747567,0.0667035317934044,6.523256979686917,9,0.2303010625299066,4.3334646839648485,0.3070325251668692,1,0.0857435557059943,0.2129757040603687,3.971250750077641
108,0.4603911319747567,0.0667035317934044,13.542016043262356,5,0.2303010625299066,4.3334646839648485,0.3070325251668692,1,0.0857435557059943,0.2129757040603687,3.971250750077641
109,0.4603911319747567,0.0667035317934044,13.542016043262356,9,0.0871302189305424,4.3334646839648485,0.3070325251668692,1,0.0857435557059943,0.2129757040603687,3.971250750077641
110,0.4603911319747567,0.0667035317934044,13.542016043262356,9,0.2303010625299066,5.10852175205946,0.3070325251668692,1,0.0857435557059943,0.2129757040603687,3.971250750077641
111,0.4603911319747567,0.0667035317934044,13.542016043262356,9,0.2303010625299066,4.3334646839648485,0.144252264779061,1,0.0857435557059943,0.2129757040603687,3.971250750077641
112,0.4603911319747567,0.0667035317934044,13.542016043262356,9,0.2303010625299066,4.3334646839648485,0.3070325251668692,2,0.0857435557059943,0.2129757040603687,3.971250750077641
113,0.4603911319747567,0.0667035317934044,13.542016043262356,9,0.2303010625299066,4.3334646839648485,0.3070325251668692,1,0.2438431289978325,0.2129757040603687,3.971250750077641
114,0.4603911319747567,0.0667035317934044,13.542016043262356,9,0.2303010625299066,4.3334646839648485,0.3070325251668692,1,0.0857435557059943,0.1300090484517285,3.971250750077641
115,0.4603911319747567,0.0667035317934044,13.542016043262356,9,0.2303010625299066,4.3334646839648485,0.3070325251668692,1,0.0857435557059943,0.2129757040603687,1.339738738175131
116,0.124857971817255,0.0833048582787236,6.523256979686917,5,0.0871302189305424,5.10852175205946,0.144252264779061,2,0.2438431289978325,0.1300090484517285,1.339738738175131
117,0.2205698177218437,0.2764920100774028,8.290993843141562,15,0.1098024660721421,7.649695444852114,0.180230882205069,3,0.4462288552429527,0.0640796824862188,1.3937078218411467
118,0.3027314024046063,0.2764920100774028,8.290993843141562,15,0.1098024660721421,7.649695444852114,0.180230882205069,3,0.4462288552429527,0.0640796824862188,1.3937078218411467
119,0.2205698177218437,0.1340971662945319,8.290993843141562,15,0.1098024660721421,7.649695444852114,0.180230882205069,3,0.4462288552429527,0.0640796824862188,1.3937078218411467
120,0.2205698177218437,0.2764920100774028,23.311605109852238,15,0.1098024660721421,7.649695444852114,0.180230882205069,3,0.4462288552429527,0.0640796824862188,1.3937078218411467
121,0.2205698177218437,0.2764920100774028,8.290993843141562,12,0.1098024660721421,7.649695444852114,0.180230882205069,3,0.4462288552429527,0.0640796824862188,1.3937078218411467
122,0.2205698177218437,0.2764920100774028,8.290993843141562,15,0.248898245813325,7.649695444852114,0.180230882205069,3,0.4462288552429527,0.0640796824862188,1.3937078218411467
123,0.2205698177218437,0.2764920100774028,8.290993843141562,15,0.1098024660721421,3.44425592944026,0.180230882205069,3,0.4462288552429527,0.0640796824862188,1.3937078218411467
124,0.2205698177218437,0.2764920100774028,8.290993843141562,15,0.1098024660721421,7.649695444852114,0.3579335537273437,3,0.4462288552429527,0.0640796824862188,1.3937078218411467
125,0.2205698177218437,0.2764920100774028,8.290993843141562,15,0.1098024660721421,7.649695444852114,0.180230882205069,1,0.4462288552429527,0.0640796824862188,1.3937078218411467
126,0.2205698177218437,0.2764920100774028,8.290993843141562,15,0.1098024660721421,7.649695444852114,0.180230882205069,3,0.4194902157410979,0.0640796824862188,1.3937078218411467
127,0.2205698177218437,0.2764920100774028,8.290993843141562,15,0.1098024660721421,7.649695444852114,0.180230882205069,3,0.4462288552429527,0.0323909346504077,1.3937078218411467
128,0.2205698177218437,0.2764920100774028,8.290993843141562,15,0.1098024660721421,7.649695444852114,0.180230882205069,3,0.4462288552429527,0.0640796824862188,2.965370258574919
129,0.3027314024046063,0.1340971662945319,23.311605109852238,12,0.248898245813325,3.44425592944026,0.3579335537273437,1,0.4194902157410979,0.0323909346504077,2.965370258574919
130,0.1048106923699379,0.033188002539289,21.788931454348823,5,0.1295267259236425,5.207269316539168,0.3896749741863459,2,0.331709329970181,0.033182074110107,2.197526967414867
131,0.5278567666187882,0.033188002539289,21.788931454348823,5,0.1295267259236425,5.207269316539168,0.3896749741863459,2,0.331709329970181,0.033182074110107,2.197526967414867
132,0.1048106923699379,0.0491275784096778,21.788931454348823,5,0.1295267259236425,5.207269316539168,0.3896749741863459,2,0.331709329970181,0.033182074110107,2.197526967414867
133,0.1048106923699379,0.033188002539289,6.012693592387089,5,0.1295267259236425,5.207269316539168,0.3896749741863459,2,0.331709329970181,0.033182074110107,2.197526967414867
134,0.1048106923699379,0.033188002539289,21.788931454348823,16,0.1295267259236425,5.207269316539168,0.3896749741863459,2,0.331709329970181,0.033182074110107,2.197526967414867
135,0.1048106923699379,0.033188002539289,21.788931454348823,5,0.1326285008806735,5.207269316539168,0.3896749741863459,2,0.331709329970181,0.033182074110107,2.197526967414867
136,0.1048106923699379,0.033188002539289,21.788931454348823,5,0.1295267259236425,4.695895299315453,0.3896749741863459,2,0.331709329970181,0.033182074110107,2.197526967414867
137,0.1048106923699379,0.033188002539289,21.788931454348823,5,0.1295267259236425,5.207269316539168,0.1362001684959978,2,0.331709329970181,0.033182074110107,2.197526967414867
138,0.1048106923699379,0.033188002539289,21.788931454348823,5,0.1295267259236425,5.207269316539168,0.3896749741863459,2,0.331709329970181,0.033182074110107,2.197526967414867
139,0.1048106923699379,0.033188002539289,21.788931454348823,5,0.1295267259236425,5.207269316539168,0.3896749741863459,2,0.0979044512379914,0.033182074110107,2.197526967414867
140,0.1048106923699379,0.033188002539289,21.788931454348823,5,0.1295267259236425,5.207269316539168,0.3896749741863459,2,0.331709329970181,0.2538831603441317,2.197526967414867
141,0.1048106923699379,0.033188002539289,21.788931454348823,5,0.1295267259236425,5.207269316539168,0.3896749741863459,2,0.331709329970181,0.033182074110107,5.5767059134097225
142,0.5278567666187882,0.0491275784096778,6.012693592387089,16,0.1326285008806735,4.695895299315453,0.1362001684959978,2,0.0979044512379914,0.2538831603441317,5.5767059134097225
143,0.428420783020556,0.1323367846511156,5.763534550217044,11,0.2579600216820836,2.617246501147747,0.087190425908193,2,0.2002822168637067,0.1007962073736894,6.267640464125741
144,0.2000203549861907,0.1323367846511156,5.763534550217044,11,0.2579600216820836,2.617246501147747,0.087190425908193,2,0.2002822168637067,0.1007962073736894,6.267640464125741
145,0.428420783020556,0.2272844819962668,5.763534550217044,11,0.2579600216820836,2.617246501147747,0.087190425908193,2,0.2002822168637067,0.1007962073736894,6.267640464125741
146,0.428420783020556,0.1323367846511156,10.079601153278135,11,0.2579600216820836,2.617246501147747,0.087190425908193,2,0.2002822168637067,0.1007962073736894,6.267640464125741
147,0.428420783020556,0.1323367846511156,5.763534550217044,7,0.2579600216820836,2.617246501147747,0.087190425908193,2,0.2002822168637067,0.1007962073736894,6.267640464125741
148,0.428420783020556,0.1323367846511156,5.763534550217044,11,0.2308552341535687,2.617246501147747,0.087190425908193,2,0.2002822168637067,0.1007962073736894,6.267640464125741
149,0.428420783020556,0.1323367846511156,5.763534550217044,11,0.2579600216820836,6.739515263587236,0.087190425908193,2,0.2002822168637067,0.1007962073736894,6.267640464125741
150,0.428420783020556,0.1323367846511156,5.763534550217044,11,0.2579600216820836,2.617246501147747,0.2616147685796022,2,0.2002822168637067,0.1007962073736894,6.267640464125741
151,0.428420783020556,0.1323367846511156,5.763534550217044,11,0.2579600216820836,2.617246501147747,0.087190425908193,3,0.2002822168637067,0.1007962073736894,6.267640464125741
152,0.428420783020556,0.1323367846511156,5.763534550217044,11,0.2579600216820836,2.617246501147747,0.087190425908193,2,0.3439121048431843,0.1007962073736894,6.267640464125741
153,0.428420783020556,0.1323367846511156,5.763534550217044,11,0.2579600216820836,2.617246501147747,0.087190425908193,2,0.2002822168637067,0.0568148263492185,6.267640464125741
154,0.428420783020556,0.1323367846511156,5.763534550217044,11,0.2579600216820836,2.617246501147747,0.087190425908193,2,0.2002822168637067,0.1007962073736894,2.5295393380291977
155,0.2000203549861907,0.2272844819962668,10.079601153278135,7,0.2308552341535687,6.739515263587236,0.2616147685796022,3,0.3439121048431843,0.0568148263492185,2.5295393380291977
156,0.3148896586149931,0.0498183947542426,7.094391464020213,12,0.2846580629236996,3.860103491693735,0.334855390433222,2,0.2847358009777963,0.0853603182074334,2.031544057858889
157,0.2648583116009831,0.0498183947542426,7.094391464020213,12,0.2846580629236996,3.860103491693735,0.334855390433222,2,0.2847358009777963,0.0853603182074334,2.031544057858889
158,0.3148896586149931,0.0394906706496259,7.094391464020213,12,0.2846580629236996,3.860103491693735,0.334855390433222,2,0.2847358009777963,0.0853603182074334,2.031544057858889
159,0.3148896586149931,0.0498183947542426,15.730588238129332,12,0.2846580629236996,3.860103491693735,0.334855390433222,2,0.2847358009777963,0.0853603182074334,2.031544057858889
160,0.3148896586149931,0.0498183947542426,7.094391464020213,9,0.2846580629236996,3.860103491693735,0.334855390433222,2,0.2847358009777963,0.0853603182074334,2.031544057858889
161,0.3148896586149931,0.0498183947542426,7.094391464020213,12,0.2056378123350441,3.860103491693735,0.334855390433222,2,0.2847358009777963,0.0853603182074334,2.031544057858889
162,0.3148896586149931,0.0498183947542426,7.094391464020213,12,0.2846580629236996,7.959859820082784,0.334855390433222,2,0.2847358009777963,0.0853603182074334,2.031544057858889
163,0.3148896586149931,0.0498183947542426,7.094391464020213,12,0.2846580629236996,3.860103491693735,0.2962354633491486,2,0.2847358009777963,0.0853603182074334,2.031544057858889
164,0.3148896586149931,0.0498183947542426,7.094391464020213,12,0.2846580629236996,3.860103491693735,0.334855390433222,2,0.2847358009777963,0.0853603182074334,2.031544057858889
165,0.3148896586149931,0.0498183947542426,7.094391464020213,12,0.2846580629236996,3.860103491693735,0.334855390433222,2,0.1915056668687612,0.0853603182074334,2.031544057858889
166,0.3148896586149931,0.0498183947542426,7.094391464020213,12,0.2846580629236996,3.860103491693735,0.334855390433222,2,0.2847358009777963,0.097511451003174,2.031544057858889
167,0.3148896586149931,0.0498183947542426,7.094391464020213,12,0.2846580629236996,3.860103491693735,0.334855390433222,2,0.2847358009777963,0.0853603182074334,1.0393869858570524
168,0.2648583116009831,0.0394906706496259,15.730588238129332,9,0.2056378123350441,7.959859820082784,0.2962354633491486,2,0.1915056668687612,0.097511451003174,1.0393869858570524
169,0.0659980488941073,0.1159857251088324,11.57046350854908,7,0.1650750054512172,7.200137751176953,0.119859469961375,2,0.2481206928845495,0.283704186343903,5.704114306940235
170,0.4627264492213725,0.1159857251088324,11.57046350854908,7,0.1650750054512172,7.200137751176953,0.119859469961375,2,0.2481206928845495,0.283704186343903,5.704114306940235
171,0.0659980488941073,0.1837167808708577,11.57046350854908,7,0.1650750054512172,7.200137751176953,0.119859469961375,2,0.2481206928845495,0.283704186343903,5.704114306940235
172,0.0659980488941073,0.1159857251088324,9.63308502822392,7,0.1650750054512172,7.200137751176953,0.119859469961375,2,0.2481206928845495,0.283704186343903,5.704114306940235
173,0.0659980488941073,0.1159857251088324,11.57046350854908,13,0.1650750054512172,7.200137751176953,0.119859469961375,2,0.2481206928845495,0.283704186343903,5.704114306940235
174,0.0659980488941073,0.1159857251088324,11.57046350854908,7,0.1622476055752486,7.200137751176953,0.119859469961375,2,0.2481206928845495,0.283704186343903,5.704114306940235
175,0.0659980488941073,0.1159857251088324,11.57046350854908,7,0.1650750054512172,3.67504577152431,0.119859469961375,2,0.2481206928845495,0.283704186343903,5.704114306940235
176,0.0659980488941073,0.1159857251088324,11.57046350854908,7,0.1650750054512172,7.200137751176953,0.0743630578741431,2,0.2481206928845495,0.283704186343903,5.704114306940235
177,0.0659980488941073,0.1159857251088324,11.57046350854908,7,0.1650750054512172,7.200137751176953,0.119859469961375,3,0.2481206928845495,0.283704186343903,5.704114306940235
178,0.0659980488941073,0.1159857251088324,11.57046350854908,7,0.1650750054512172,7.200137751176953,0.119859469961375,2,0.4665250587742776,0.283704186343903,5.704114306940235
179,0.0659980488941073,0.1159857251088324,11.57046350854908,7,0.1650750054512172,7.200137751176953,0.119859469961375,2,0.2481206928845495,0.0431850915635258,5.704114306940235
180,0.0659980488941073,0.1159857251088324,11.57046350854908,7,0.1650750054512172,7.200137751176953,0.119859469961375,2,0.2481206928845495,0.283704186343903,3.822262232915726
181,0.4627264492213725,0.1837167808708577,9.63308502822392,13,0.1622476055752486,3.67504577152431,0.0743630578741431,3,0.4665250587742776,0.0431850915635258,3.822262232915726
182,0.2591009421274066,0.0789358802374257,4.406336085333485,13,0.0749236715026199,5.84421256929636,0.2525754128117115,1,0.1372215127572417,0.1342750623764513,3.6208801295630817
183,0.3878567978739738,0.0789358802374257,4.406336085333485,13,0.0749236715026199,5.84421256929636,0.2525754128117115,1,0.1372215127572417,0.1342750623764513,3.6208801295630817
184,0.2591009421274066,0.0673025819534128,4.406336085333485,13,0.0749236715026199,5.84421256929636,0.2525754128117115,1,0.1372215127572417,0.1342750623764513,3.6208801295630817
185,0.2591009421274066,0.0789358802374257,14.963327036794954,13,0.0749236715026199,5.84421256929636,0.2525754128117115,1,0.1372215127572417,0.1342750623764513,3.6208801295630817
186,0.2591009421274066,0.0789358802374257,4.406336085333485,11,0.0749236715026199,5.84421256929636,0.2525754128117115,1,0.1372215127572417,0.1342750623764513,3.6208801295630817
187,0.2591009421274066,0.0789358802374257,4.406336085333485,13,0.2822020947467535,5.84421256929636,0.2525754128117115,1,0.1372215127572417,0.1342750623764513,3.6208801295630817
188,0.2591009421274066,0.0789358802374257,4.406336085333485,13,0.0749236715026199,2.2327766213566065,0.2525754128117115,1,0.1372215127572417,0.1342750623764513,3.6208801295630817
189,0.2591009421274066,0.0789358802374257,4.406336085333485,13,0.0749236715026199,5.84421256929636,0.3342374925501645,1,0.1372215127572417,0.1342750623764513,3.6208801295630817
190,0.2591009421274066,0.0789358802374257,4.406336085333485,13,0.0749236715026199,5.84421256929636,0.2525754128117115,2,0.1372215127572417,0.1342750623764513,3.6208801295630817
191,0.2591009421274066,0.0789358802374257,4.406336085333485,13,0.0749236715026199,5.84421256929636,0.2525754128117115,1,0.1159636040218174,0.1342750623764513,3.6208801295630817
192,0.2591009421274066,0.0789358802374257,4.406336085333485,13,0.0749236715026199,5.84421256929636,0.2525754128117115,1,0.1372215127572417,0.190426476095055,3.6208801295630817
193,0.2591009421274066,0.0789358802374257,4.406336085333485,13,0.0749236715026199,5.84421256929636,0.2525754128117115,1,0.1372215127572417,0.1342750623764513,7.217446490159754
194,0.3878567978739738,0.0673025819534128,14.963327036794954,11,0.2822020947467535,2.2327766213566065,0.3342374925501645,2,0.1159636040218174,0.190426476095055,7.217446490159754
195,0.5742037754505872,0.1775857722020307,16.655334901340737,8,0.202441436657682,3.277993252500892,0.2132637745235115,3,0.3956438173074275,0.0442033015273435,1.2909861501222295
196,0.040024865604937,0.1775857722020307,16.655334901340737,8,0.202441436657682,3.277993252500892,0.2132637745235115,3,0.3956438173074275,0.0442033015273435,1.2909861501222295
197,0.5742037754505872,0.1077233897956067,16.655334901340737,8,0.202441436657682,3.277993252500892,0.2132637745235115,3,0.3956438173074275,0.0442033015273435,1.2909861501222295
198,0.5742037754505872,0.1775857722020307,4.064407331925605,8,0.202441436657682,3.277993252500892,0.2132637745235115,3,0.3956438173074275,0.0442033015273435,1.2909861501222295
199,0.5742037754505872,0.1775857722020307,16.655334901340737,6,0.202441436657682,3.277993252500892,0.2132637745235115,3,0.3956438173074275,0.0442033015273435,1.2909861501222295
200,0.5742037754505872,0.1775857722020307,16.655334901340737,8,0.0504002940841019,3.277993252500892,0.2132637745235115,3,0.3956438173074275,0.0442033015273435,1.2909861501222295
201,0.5742037754505872,0.1775857722020307,16.655334901340737,8,0.202441436657682,6.144129520282149,0.2132637745235115,3,0.3956438173074275,0.0442033015273435,1.2909861501222295
202,0.5742037754505872,0.1775857722020307,16.655334901340737,8,0.202441436657682,3.277993252500892,0.195163062447682,3,0.3956438173074275,0.0442033015273435,1.2909861501222295
203,0.5742037754505872,0.1775857722020307,16.655334901340737,8,0.202441436657682,3.277993252500892,0.2132637745235115,1,0.3956438173074275,0.0442033015273435,1.2909861501222295
204,0.5742037754505872,0.1775857722020307,16.655334901340737,8,0.202441436657682,3.277993252500892,0.2132637745235115,3,0.32060869615525,0.0442033015273435,1.2909861501222295
205,0.5742037754505872,0.1775857722020307,16.655334901340737,8,0.202441436657682,3.277993252500892,0.2132637745235115,3,0.3956438173074275,0.0757461538725391,1.2909861501222295
206,0.5742037754505872,0.1775857722020307,16.655334901340737,8,0.202441436657682,3.277993252500892,0.2132637745235115,3,0.3956438173074275,0.0442033015273435,1.9544977750424977
207,0.040024865604937,0.1077233897956067,4.064407331925605,6,0.0504002940841019,6.144129520282149,0.195163062447682,1,0.32060869615525,0.0757461538725391,1.9544977750424977
208,0.5819338956847787,0.0762539816265612,8.217411979553837,11,0.1223029098007828,7.03639649040997,0.1003976046107709,1,0.4580503620672971,0.1559734950447597,1.1986077543020717
209,0.2377562798559665,0.0762539816265612,8.217411979553837,11,0.1223029098007828,7.03639649040997,0.1003976046107709,1,0.4580503620672971,0.1559734950447597,1.1986077543020717
210,0.5819338956847787,0.0439650161122026,8.217411979553837,11,0.1223029098007828,7.03639649040997,0.1003976046107709,1,0.4580503620672971,0.1559734950447597,1.1986077543020717
211,0.5819338956847787,0.0762539816265612,5.230343894593579,11,0.1223029098007828,7.03639649040997,0.1003976046107709,1,0.4580503620672971,0.1559734950447597,1.1986077543020717
212,0.5819338956847787,0.0762539816265612,8.217411979553837,12,0.1223029098007828,7.03639649040997,0.1003976046107709,1,0.4580503620672971,0.1559734950447597,1.1986077543020717
213,0.5819338956847787,0.0762539816265612,8.217411979553837,11,0.1807572710793465,7.03639649040997,0.1003976046107709,1,0.4580503620672971,0.1559734950447597,1.1986077543020717
214,0.5819338956847787,0.0762539816265612,8.217411979553837,11,0.1223029098007828,5.713674910366535,0.1003976046107709,1,0.4580503620672971,0.1559734950447597,1.1986077543020717
215,0.5819338956847787,0.0762539816265612,8.217411979553837,11,0.1223029098007828,7.03639649040997,0.1265167044941336,1,0.4580503620672971,0.1559734950447597,1.1986077543020717
216,0.5819338956847787,0.0762539816265612,8.217411979553837,11,0.1223029098007828,7.03639649040997,0.1003976046107709,2,0.4580503620672971,0.1559734950447597,1.1986077543020717
217,0.5819338956847787,0.0762539816265612,8.217411979553837,11,0.1223029098007828,7.03639649040997,0.1003976046107709,1,0.0602725734468549,0.1559734950447597,1.1986077543020717
218,0.5819338956847787,0.0762539816265612,8.217411979553837,11,0.1223029098007828,7.03639649040997,0.1003976046107709,1,0.4580503620672971,0.0309696645464097,1.1986077543020717
219,0.5819338956847787,0.0762539816265612,8.217411979553837,11,0.1223029098007828,7.03639649040997,0.1003976046107709,1,0.4580503620672971,0.1559734950447597,2.395942633588479
220,0.2377562798559665,0.0439650161122026,5.230343894593579,12,0.1807572710793465,5.713674910366535,0.1265167044941336,2,0.0602725734468549,0.0309696645464097,2.395942633588479
221,0.2302032396197318,0.1838347248851374,12.32306041960184,5,0.2527198490686714,3.602626357227564,0.3229124096222222,3,0.1011837916448712,0.0509152800000373,3.418579048332965
222,0.4901260273531079,0.1838347248851374,12.32306041960184,5,0.2527198490686714,3.602626357227564,0.3229124096222222,3,0.1011837916448712,0.0509152800000373,3.418579048332965
223,0.2302032396197318,0.2934487666752605,12.32306041960184,5,0.2527198490686714,3.602626357227564,0.3229124096222222,3,0.1011837916448712,0.0509152800000373,3.418579048332965
224,0.2302032396197318,0.1838347248851374,11.62249723927185,5,0.2527198490686714,3.602626357227564,0.3229124096222222,3,0.1011837916448712,0.0509152800000373,3.418579048332965
225,0.2302032396197318,0.1838347248851374,12.32306041960184,5,0.2527198490686714,3.602626357227564,0.3229124096222222,3,0.1011837916448712,0.0509152800000373,3.418579048332965
226,0.2302032396197318,0.1838347248851374,12.32306041960184,5,0.1518513203598558,3.602626357227564,0.3229124096222222,3,0.1011837916448712,0.0509152800000373,3.418579048332965
227,0.2302032396197318,0.1838347248851374,12.32306041960184,5,0.2527198490686714,2.921136077493429,0.3229124096222222,3,0.1011837916448712,0.0509152800000373,3.418579048332965
228,0.2302032396197318,0.1838347248851374,12.32306041960184,5,0.2527198490686714,3.602626357227564,0.2499299158342183,3,0.1011837916448712,0.0509152800000373,3.418579048332965
229,0.2302032396197318,0.1838347248851374,12.32306041960184,5,0.2527198490686714,3.602626357227564,0.3229124096222222,1,0.1011837916448712,0.0509152800000373,3.418579048332965
230,0.2302032396197318,0.1838347248851374,12.32306041960184,5,0.2527198490686714,3.602626357227564,0.3229124096222222,3,0.3763804017100483,0.0509152800000373,3.418579048332965
231,0.2302032396197318,0.1838347248851374,12.32306041960184,5,0.2527198490686714,3.602626357227564,0.3229124096222222,3,0.1011837916448712,0.1359850313394728,3.418579048332965
232,0.2302032396197318,0.1838347248851374,12.32306041960184,5,0.2527198490686714,3.602626357227564,0.3229124096222222,3,0.1011837916448712,0.0509152800000373,5.170102535256194
233,0.4901260273531079,0.2934487666752605,11.62249723927185,5,0.1518513203598558,2.921136077493429,0.2499299158342183,1,0.3763804017100483,0.1359850313394728,5.170102535256194
234,0.0389311328530311,0.048045182071612,6.03739487621711,15,0.2099365083966404,3.4467758145183325,0.1821802521590143,2,0.2120880746748298,0.0748191027430516,6.13908681513915
235,0.4149585658684372,0.048045182071612,6.03739487621711,15,0.2099365083966404,3.4467758145183325,0.1821802521590143,2,0.2120880746748298,0.0748191027430516,6.13908681513915
236,0.0389311328530311,0.0800679606251803,6.03739487621711,15,0.2099365083966404,3.4467758145183325,0.1821802521590143,2,0.2120880746748298,0.0748191027430516,6.13908681513915
237,0.0389311328530311,0.048045182071612,7.485648694181095,15,0.2099365083966404,3.4467758145183325,0.1821802521590143,2,0.2120880746748298,0.0748191027430516,6.13908681513915
238,0.0389311328530311,0.048045182071612,6.03739487621711,7,0.2099365083966404,3.4467758145183325,0.1821802521590143,2,0.2120880746748298,0.0748191027430516,6.13908681513915
239,0.0389311328530311,0.048045182071612,6.03739487621711,15,0.2916872666217386,3.4467758145183325,0.1821802521590143,2,0.2120880746748298,0.0748191027430516,6.13908681513915
240,0.0389311328530311,0.048045182071612,6.03739487621711,15,0.2099365083966404,4.480369120836258,0.1821802521590143,2,0.2120880746748298,0.0748191027430516,6.13908681513915
241,0.0389311328530311,0.048045182071612,6.03739487621711,15,0.2099365083966404,3.4467758145183325,0.1539684450253844,2,0.2120880746748298,0.0748191027430516,6.13908681513915
242,0.0389311328530311,0.048045182071612,6.03739487621711,15,0.2099365083966404,3.4467758145183325,0.1821802521590143,2,0.2120880746748298,0.0748191027430516,6.13908681513915
243,0.0389311328530311,0.048045182071612,6.03739487621711,15,0.2099365083966404,3.4467758145183325,0.1821802521590143,2,0.2484056159853935,0.0748191027430516,6.13908681513915
244,0.0389311328530311,0.048045182071612,6.03739487621711,15,0.2099365083966404,3.4467758145183325,0.1821802521590143,2,0.2120880746748298,0.0604751873325479,6.13908681513915
245,0.0389311328530311,0.048045182071612,6.03739487621711,15,0.2099365083966404,3.4467758145183325,0.1821802521590143,2,0.2120880746748298,0.0748191027430516,3.5507681133803706
246,0.4149585658684372,0.0800679606251803,7.485648694181095,7,0.2916872666217386,4.480369120836258,0.1539684450253844,2,0.2484056159853935,0.0604751873325479,3.5507681133803706
247,0.3256230125203728,0.1202688587467993,23.469708445178263,9,0.0874542702920734,6.106753535568714,0.2303792559076101,2,0.3471339168958366,0.2419131355686733,2.154506183972863
248,0.0126255512237548,0.1202688587467993,23.469708445178263,9,0.0874542702920734,6.106753535568714,0.2303792559076101,2,0.3471339168958366,0.2419131355686733,2.154506183972863
249,0.3256230125203728,0.1610225827071711,23.469708445178263,9,0.0874542702920734,6.106753535568714,0.2303792559076101,2,0.3471339168958366,0.2419131355686733,2.154506183972863
250,0.3256230125203728,0.1202688587467993,20.25185498646248,9,0.0874542702920734,6.106753535568714,0.2303792559076101,2,0.3471339168958366,0.2419131355686733,2.154506183972863
251,0.3256230125203728,0.1202688587467993,23.469708445178263,15,0.0874542702920734,6.106753535568714,0.2303792559076101,2,0.3471339168958366,0.2419131355686733,2.154506183972863
252,0.3256230125203728,0.1202688587467993,23.469708445178263,9,0.0761929098051041,6.106753535568714,0.2303792559076101,2,0.3471339168958366,0.2419131355686733,2.154506183972863
253,0.3256230125203728,0.1202688587467993,23.469708445178263,9,0.0874542702920734,6.896448496729136,0.2303792559076101,2,0.3471339168958366,0.2419131355686733,2.154506183972863
254,0.3256230125203728,0.1202688587467993,23.469708445178263,9,0.0874542702920734,6.106753535568714,0.3695843446534127,2,0.3471339168958366,0.2419131355686733,2.154506183972863
255,0.3256230125203728,0.1202688587467993,23.469708445178263,9,0.0874542702920734,6.106753535568714,0.2303792559076101,3,0.3471339168958366,0.2419131355686733,2.154506183972863
256,0.3256230125203728,0.1202688587467993,23.469708445178263,9,0.0874542702920734,6.106753535568714,0.2303792559076101,2,0.4097641478292644,0.2419131355686733,2.154506183972863
257,0.3256230125203728,0.1202688587467993,23.469708445178263,9,0.0874542702920734,6.106753535568714,0.2303792559076101,2,0.3471339168958366,0.2384996849497255,2.154506183972863
258,0.3256230125203728,0.1202688587467993,23.469708445178263,9,0.0874542702920734,6.106753535568714,0.2303792559076101,2,0.3471339168958366,0.2419131355686733,1.652360323672486
259,0.0126255512237548,0.1610225827071711,20.25185498646248,15,0.0761929098051041,6.896448496729136,0.3695843446534127,3,0.4097641478292644,0.2384996849497255,1.652360323672486
260,0.43709188811481,0.0319519271334977,11.691915731226183,8,0.0528196172788739,7.863770682364702,0.1491501761600375,2,0.2644448776263743,0.0382219587139938,6.625073844040259
261,0.077829754538834,0.0319519271334977,11.691915731226183,8,0.0528196172788739,7.863770682364702,0.1491501761600375,2,0.2644448776263743,0.0382219587139938,6.625073844040259
262,0.43709188811481,0.0560486956422897,11.691915731226183,8,0.0528196172788739,7.863770682364702,0.1491501761600375,2,0.2644448776263743,0.0382219587139938,6.625073844040259
263,0.43709188811481,0.0319519271334977,12.264925155928273,8,0.0528196172788739,7.863770682364702,0.1491501761600375,2,0.2644448776263743,0.0382219587139938,6.625073844040259
264,0.43709188811481,0.0319519271334977,11.691915731226183,13,0.0528196172788739,7.863770682364702,0.1491501761600375,2,0.2644448776263743,0.0382219587139938,6.625073844040259
265,0.43709188811481,0.0319519271334977,11.691915731226183,8,0.1093253665138036,7.863770682364702,0.1491501761600375,2,0.2644448776263743,0.0382219587139938,6.625073844040259
266,0.43709188811481,0.0319519271334977,11.691915731226183,8,0.0528196172788739,7.358025269582868,0.1491501761600375,2,0.2644448776263743,0.0382219587139938,6.625073844040259
267,0.43709188811481,0.0319519271334977,11.691915731226183,8,0.0528196172788739,7.863770682364702,0.322228879109025,2,0.2644448776263743,0.0382219587139938,6.625073844040259
268,0.43709188811481,0.0319519271334977,11.691915731226183,8,0.0528196172788739,7.863770682364702,0.1491501761600375,2,0.2644448776263743,0.0382219587139938,6.625073844040259
269,0.43709188811481,0.0319519271334977,11.691915731226183,8,0.0528196172788739,7.863770682364702,0.1491501761600375,2,0.1539186276495456,0.0382219587139938,6.625073844040259
270,0.43709188811481,0.0319519271334977,11.691915731226183,8,0.0528196172788739,7.863770682364702,0.1491501761600375,2,0.2644448776263743,0.0413075979898695,6.625073844040259
271,0.43709188811481,0.0319519271334977,11.691915731226183,8,0.0528196172788739,7.863770682364702,0.1491501761600375,2,0.2644448776263743,0.0382219587139938,1.8437845836694144
272,0.077829754538834,0.0560486956422897,12.264925155928273,13,0.1093253665138036,7.358025269582868,0.322228879109025,2,0.1539186276495456,0.0413075979898695,1.8437845836694144
273,0.0751184893772006,0.1374539753301496,7.784191989688055,14,0.1823210259433835,4.453804405406117,0.2848378911614418,2,0.2974277382716536,0.1170888657746504,2.3620921704678097
274,0.3500480107963085,0.1374539753301496,7.784191989688055,14,0.1823210259433835,4.453804405406117,0.2848378911614418,2,0.2974277382716536,0.1170888657746504,2.3620921704678097
275,0.0751184893772006,0.1120780611040747,7.784191989688055,14,0.1823210259433835,4.453804405406117,0.2848378911614418,2,0.2974277382716536,0.1170888657746504,2.3620921704678097
276,0.0751184893772006,0.1374539753301496,4.9392765836370645,14,0.1823210259433835,4.453804405406117,0.2848378911614418,2,0.2974277382716536,0.1170888657746504,2.3620921704678097
277,0.0751184893772006,0.1374539753301496,7.784191989688055,10,0.1823210259433835,4.453804405406117,0.2848378911614418,2,0.2974277382716536,0.1170888657746504,2.3620921704678097
278,0.0751184893772006,0.1374539753301496,7.784191989688055,14,0.2541674321517348,4.453804405406117,0.2848378911614418,2,0.2974277382716536,0.1170888657746504,2.3620921704678097
279,0.0751184893772006,0.1374539753301496,7.784191989688055,14,0.1823210259433835,4.194846658036113,0.2848378911614418,2,0.2974277382716536,0.1170888657746504,2.3620921704678097
280,0.0751184893772006,0.1374539753301496,7.784191989688055,14,0.1823210259433835,4.453804405406117,0.1851317895110696,2,0.2974277382716536,0.1170888657746504,2.3620921704678097
281,0.0751184893772006,0.1374539753301496,7.784191989688055,14,0.1823210259433835,4.453804405406117,0.2848378911614418,3,0.2974277382716536,0.1170888657746504,2.3620921704678097
282,0.0751184893772006,0.1374539753301496,7.784191989688055,14,0.1823210259433835,4.453804405406117,0.2848378911614418,2,0.2880369666032493,0.1170888657746504,2.3620921704678097
283,0.0751184893772006,0.1374539753301496,7.784191989688055,14,0.1823210259433835,4.453804405406117,0.2848378911614418,2,0.2974277382716536,0.1019506525043485,2.3620921704678097
284,0.0751184893772006,0.1374539753301496,7.784191989688055,14,0.1823210259433835,4.453804405406117,0.2848378911614418,2,0.2974277382716536,0.1170888657746504,6.718399520520232
285,0.3500480107963085,0.1120780611040747,4.9392765836370645,10,0.2541674321517348,4.194846658036113,0.1851317895110696,3,0.2880369666032493,0.1019506525043485,6.718399520520232
286,0.1937343640252948,0.0644003931356625,15.903262754419524,6,0.27966203186661,2.40798332542181,0.0677300834562629,1,0.4119557862635702,0.1815970361151811,1.31683760048163
287,0.5748852476477623,0.0644003931356625,15.903262754419524,6,0.27966203186661,2.40798332542181,0.0677300834562629,1,0.4119557862635702,0.1815970361151811,1.31683760048163
288,0.1937343640252948,0.0305865885323847,15.903262754419524,6,0.27966203186661,2.40798332542181,0.0677300834562629,1,0.4119557862635702,0.1815970361151811,1.31683760048163
289,0.1937343640252948,0.0644003931356625,19.15841542357781,6,0.27966203186661,2.40798332542181,0.0677300834562629,1,0.4119557862635702,0.1815970361151811,1.31683760048163
290,0.1937343640252948,0.0644003931356625,15.903262754419524,6,0.27966203186661,2.40798332542181,0.0677300834562629,1,0.4119557862635702,0.1815970361151811,1.31683760048163
291,0.1937343640252948,0.0644003931356625,15.903262754419524,6,0.1263175478205084,2.40798332542181,0.0677300834562629,1,0.4119557862635702,0.1815970361151811,1.31683760048163
292,0.1937343640252948,0.0644003931356625,15.903262754419524,6,0.27966203186661,2.450889343395829,0.0677300834562629,1,0.4119557862635702,0.1815970361151811,1.31683760048163
293,0.1937343640252948,0.0644003931356625,15.903262754419524,6,0.27966203186661,2.40798332542181,0.3082354140002281,1,0.4119557862635702,0.1815970361151811,1.31683760048163
294,0.1937343640252948,0.0644003931356625,15.903262754419524,6,0.27966203186661,2.40798332542181,0.0677300834562629,2,0.4119557862635702,0.1815970361151811,1.31683760048163
295,0.1937343640252948,0.0644003931356625,15.903262754419524,6,0.27966203186661,2.40798332542181,0.0677300834562629,1,0.1872800586279481,0.1815970361151811,1.31683760048163
296,0.1937343640252948,0.0644003931356625,15.903262754419524,6,0.27966203186661,2.40798332542181,0.0677300834562629,1,0.4119557862635702,0.0806601935420632,1.31683760048163
297,0.1937343640252948,0.0644003931356625,15.903262754419524,6,0.27966203186661,2.40798332542181,0.0677300834562629,1,0.4119557862635702,0.1815970361151811,4.632903555603904
298,0.5748852476477623,0.0305865885323847,19.15841542357781,6,0.1263175478205084,2.450889343395829,0.3082354140002281,2,0.1872800586279481,0.0806601935420632,4.632903555603904
299,0.4707465391606092,0.2863742834671574,4.089868487750184,12,0.1580953327473253,5.0917649026960135,0.3777348096948117,3,0.1499012342654168,0.0561644866365124,3.697377004606496
300,0.1527034828439354,0.2863742834671574,4.089868487750184,12,0.1580953327473253,5.0917649026960135,0.3777348096948117,3,0.1499012342654168,0.0561644866365124,3.697377004606496
301,0.4707465391606092,0.2052900592795778,4.089868487750184,12,0.1580953327473253,5.0917649026960135,0.3777348096948117,3,0.1499012342654168,0.0561644866365124,3.697377004606496
302,0.4707465391606092,0.2863742834671574,7.940964248834817,12,0.1580953327473253,5.0917649026960135,0.3777348096948117,3,0.1499012342654168,0.0561644866365124,3.697377004606496
303,0.4707465391606092,0.2863742834671574,4.089868487750184,11,0.1580953327473253,5.0917649026960135,0.3777348096948117,3,0.1499012342654168,0.0561644866365124,3.697377004606496
304,0.4707465391606092,0.2863742834671574,4.089868487750184,12,0.209700907068327,5.0917649026960135,0.3777348096948117,3,0.1499012342654168,0.0561644866365124,3.697377004606496
305,0.4707465391606092,0.2863742834671574,4.089868487750184,12,0.1580953327473253,5.984610101208091,0.3777348096948117,3,0.1499012342654168,0.0561644866365124,3.697377004606496
306,0.4707465391606092,0.2863742834671574,4.089868487750184,12,0.1580953327473253,5.0917649026960135,0.0844043391756713,3,0.1499012342654168,0.0561644866365124,3.697377004606496
307,0.4707465391606092,0.2863742834671574,4.089868487750184,12,0.1580953327473253,5.0917649026960135,0.3777348096948117,1,0.1499012342654168,0.0561644866365124,3.697377004606496
308,0.4707465391606092,0.2863742834671574,4.089868487750184,12,0.1580953327473253,5.0917649026960135,0.3777348096948117,3,0.476133961090818,0.0561644866365124,3.697377004606496
309,0.4707465391606092,0.2863742834671574,4.089868487750184,12,0.1580953327473253,5.0917649026960135,0.3777348096948117,3,0.1499012342654168,0.178812620970418,3.697377004606496
310,0.4707465391606092,0.2863742834671574,4.089868487750184,12,0.1580953327473253,5.0917649026960135,0.3777348096948117,3,0.1499012342654168,0.0561644866365124,1.2664122567997638
311,0.1527034828439354,0.2052900592795778,7.940964248834817,11,0.209700907068327,5.984610101208091,0.0844043391756713,1,0.476133961090818,0.178812620970418,1.2664122567997638
312,0.5075091356411576,0.0416393665408206,18.935726835944564,13,0.2643762370105832,6.376297827810049,0.1671047587413341,2,0.2234798233024776,0.2695157945640395,4.21927223829357
313,0.2859303770586848,0.0416393665408206,18.935726835944564,13,0.2643762370105832,6.376297827810049,0.1671047587413341,2,0.2234798233024776,0.2695157945640395,4.21927223829357
314,0.5075091356411576,0.1001970456168585,18.935726835944564,13,0.2643762370105832,6.376297827810049,0.1671047587413341,2,0.2234798233024776,0.2695157945640395,4.21927223829357
315,0.5075091356411576,0.0416393665408206,16.25434811793414,13,0.2643762370105832,6.376297827810049,0.1671047587413341,2,0.2234798233024776,0.2695157945640395,4.21927223829357
316,0.5075091356411576,0.0416393665408206,18.935726835944564,8,0.2643762370105832,6.376297827810049,0.1671047587413341,2,0.2234798233024776,0.2695157945640395,4.21927223829357
317,0.5075091356411576,0.0416393665408206,18.935726835944564,13,0.0913843058049678,6.376297827810049,0.1671047587413341,2,0.2234798233024776,0.2695157945640395,4.21927223829357
318,0.5075091356411576,0.0416393665408206,18.935726835944564,13,0.2643762370105832,4.913415191695094,0.1671047587413341,2,0.2234798233024776,0.2695157945640395,4.21927223829357
319,0.5075091356411576,0.0416393665408206,18.935726835944564,13,0.2643762370105832,6.376297827810049,0.3834839018061757,2,0.2234798233024776,0.2695157945640395,4.21927223829357
320,0.5075091356411576,0.0416393665408206,18.935726835944564,13,0.2643762370105832,6.376297827810049,0.1671047587413341,2,0.2234798233024776,0.2695157945640395,4.21927223829357
321,0.5075091356411576,0.0416393665408206,18.935726835944564,13,0.2643762370105832,6.376297827810049,0.1671047587413341,2,0.22746238023974,0.2695157945640395,4.21927223829357
322,0.5075091356411576,0.0416393665408206,18.935726835944564,13,0.2643762370105832,6.376297827810049,0.1671047587413341,2,0.2234798233024776,0.0514084454629539,4.21927223829357
323,0.5075091356411576,0.0416393665408206,18.935726835944564,13,0.2643762370105832,6.376297827810049,0.1671047587413341,2,0.2234798233024776,0.2695157945640395,7.874117569379777
324,0.2859303770586848,0.1001970456168585,16.25434811793414,8,0.0913843058049678,4.913415191695094,0.3834839018061757,2,0.22746238023974,0.0514084454629539,7.874117569379777
325,0.1569889694452285,0.1040615221769744,4.7394253173951295,7,0.1418941097334027,2.9428797904402018,0.300058057019487,2,0.3163935305085033,0.0895766905555417,1.4785924920099545
326,0.4817939277738332,0.1040615221769744,4.7394253173951295,7,0.1418941097334027,2.9428797904402018,0.300058057019487,2,0.3163935305085033,0.0895766905555417,1.4785924920099545
327,0.1569889694452285,0.062668842068561,4.7394253173951295,7,0.1418941097334027,2.9428797904402018,0.300058057019487,2,0.3163935305085033,0.0895766905555417,1.4785924920099545
328,0.1569889694452285,0.1040615221769744,9.160970428810868,7,0.1418941097334027,2.9428797904402018,0.300058057019487,2,0.3163935305085033,0.0895766905555417,1.4785924920099545
329,0.1569889694452285,0.1040615221769744,4.7394253173951295,15,0.1418941097334027,2.9428797904402018,0.300058057019487,2,0.3163935305085033,0.0895766905555417,1.4785924920099545
330,0.1569889694452285,0.1040615221769744,4.7394253173951295,7,0.2451223651412874,2.9428797904402018,0.300058057019487,2,0.3163935305085033,0.0895766905555417,1.4785924920099545
331,0.1569889694452285,0.1040615221769744,4.7394253173951295,7,0.1418941097334027,6.627462791278958,0.300058057019487,2,0.3163935305085033,0.0895766905555417,1.4785924920099545
332,0.1569889694452285,0.1040615221769744,4.7394253173951295,7,0.1418941097334027,2.9428797904402018,0.1677491828333586,2,0.3163935305085033,0.0895766905555417,1.4785924920099545
333,0.1569889694452285,0.1040615221769744,4.7394253173951295,7,0.1418941097334027,2.9428797904402018,0.300058057019487,3,0.3163935305085033,0.0895766905555417,1.4785924920099545
334,0.1569889694452285,0.1040615221769744,4.7394253173951295,7,0.1418941097334027,2.9428797904402018,0.300058057019487,2,0.4305685264524072,0.0895766905555417,1.4785924920099545
335,0.1569889694452285,0.1040615221769744,4.7394253173951295,7,0.1418941097334027,2.9428797904402018,0.300058057019487,2,0.3163935305085033,0.1099803686854262,1.4785924920099545
336,0.1569889694452285,0.1040615221769744,4.7394253173951295,7,0.1418941097334027,2.9428797904402018,0.300058057019487,2,0.3163935305085033,0.0895766905555417,2.178773583101838
337,0.4817939277738332,0.062668842068561,9.160970428810868,15,0.2451223651412874,6.627462791278958,0.1677491828333586,3,0.4305685264524072,0.1099803686854262,2.178773583101838
338,0.1133733808994293,0.0879833072499498,9.948970779311152,13,0.0991135565098375,3.91899698972702,0.0743840479291975,1,0.4273235568776726,0.0425271318705033,2.652347278791356
339,0.406667012348771,0.0879833072499498,9.948970779311152,13,0.0991135565098375,3.91899698972702,0.0743840479291975,1,0.4273235568776726,0.0425271318705033,2.652347278791356
340,0.1133733808994293,0.1706642361769204,9.948970779311152,13,0.0991135565098375,3.91899698972702,0.0743840479291975,1,0.4273235568776726,0.0425271318705033,2.652347278791356
341,0.1133733808994293,0.0879833072499498,14.452692615226097,13,0.0991135565098375,3.91899698972702,0.0743840479291975,1,0.4273235568776726,0.0425271318705033,2.652347278791356
342,0.1133733808994293,0.0879833072499498,9.948970779311152,13,0.0991135565098375,3.91899698972702,0.0743840479291975,1,0.4273235568776726,0.0425271318705033,2.652347278791356
343,0.1133733808994293,0.0879833072499498,9.948970779311152,13,0.1368883694056421,3.91899698972702,0.0743840479291975,1,0.4273235568776726,0.0425271318705033,2.652347278791356
344,0.1133733808994293,0.0879833072499498,9.948970779311152,13,0.0991135565098375,5.2791693713516,0.0743840479291975,1,0.4273235568776726,0.0425271318705033,2.652347278791356
345,0.1133733808994293,0.0879833072499498,9.948970779311152,13,0.0991135565098375,3.91899698972702,0.2360638363752514,1,0.4273235568776726,0.0425271318705033,2.652347278791356
346,0.1133733808994293,0.0879833072499498,9.948970779311152,13,0.0991135565098375,3.91899698972702,0.0743840479291975,2,0.4273235568776726,0.0425271318705033,2.652347278791356
347,0.1133733808994293,0.0879833072499498,9.948970779311152,13,0.0991135565098375,3.91899698972702,0.0743840479291975,1,0.0815458315424621,0.0425271318705033,2.652347278791356
348,0.1133733808994293,0.0879833072499498,9.948970779311152,13,0.0991135565098375,3.91899698972702,0.0743840479291975,1,0.4273235568776726,0.0863917884392628,2.652347278791356
349,0.1133733808994293,0.0879833072499498,9.948970779311152,13,0.0991135565098375,3.91899698972702,0.0743840479291975,1,0.4273235568776726,0.0425271318705033,1.0812535666832723
350,0.406667012348771,0.1706642361769204,14.452692615226097,13,0.1368883694056421,5.2791693713516,0.2360638363752514,2,0.0815458315424621,0.0863917884392628,1.0812535666832723
351,0.3988541984930634,0.2124625328289409,6.446538981001091,7,0.2295305917039513,6.57933252863586,0.3816544408909976,3,0.112589129852131,0.1399995087596479,7.561481096963226
352,0.0607672562822699,0.2124625328289409,6.446538981001091,7,0.2295305917039513,6.57933252863586,0.3816544408909976,3,0.112589129852131,0.1399995087596479,7.561481096963226
353,0.3988541984930634,0.03680746984745,6.446538981001091,7,0.2295305917039513,6.57933252863586,0.3816544408909976,3,0.112589129852131,0.1399995087596479,7.561481096963226
354,0.3988541984930634,0.2124625328289409,4.28228873912122,7,0.2295305917039513,6.57933252863586,0.3816544408909976,3,0.112589129852131,0.1399995087596479,7.561481096963226
355,0.3988541984930634,0.2124625328289409,6.446538981001091,4,0.2295305917039513,6.57933252863586,0.3816544408909976,3,0.112589129852131,0.1399995087596479,7.561481096963226
356,0.3988541984930634,0.2124625328289409,6.446538981001091,7,0.2270927645266056,6.57933252863586,0.3816544408909976,3,0.112589129852131,0.1399995087596479,7.561481096963226
357,0.3988541984930634,0.2124625328289409,6.446538981001091,7,0.2295305917039513,3.1915812734514475,0.3816544408909976,3,0.112589129852131,0.1399995087596479,7.561481096963226
358,0.3988541984930634,0.2124625328289409,6.446538981001091,7,0.2295305917039513,6.57933252863586,0.1127026663161814,3,0.112589129852131,0.1399995087596479,7.561481096963226
359,0.3988541984930634,0.2124625328289409,6.446538981001091,7,0.2295305917039513,6.57933252863586,0.3816544408909976,1,0.112589129852131,0.1399995087596479,7.561481096963226
360,0.3988541984930634,0.2124625328289409,6.446538981001091,7,0.2295305917039513,6.57933252863586,0.3816544408909976,3,0.3550262741744518,0.1399995087596479,7.561481096963226
361,0.3988541984930634,0.2124625328289409,6.446538981001091,7,0.2295305917039513,6.57933252863586,0.3816544408909976,3,0.112589129852131,0.2211338808426007,7.561481096963226
362,0.3988541984930634,0.2124625328289409,6.446538981001091,7,0.2295305917039513,6.57933252863586,0.3816544408909976,3,0.112589129852131,0.1399995087596479,3.923941597883484
363,0.0607672562822699,0.03680746984745,4.28228873912122,4,0.2270927645266056,3.1915812734514475,0.1127026663161814,1,0.3550262741744518,0.2211338808426007,3.923941597883484
364,0.3626691307872534,0.0556897057483041,5.065962980604111,4,0.1939803061075508,5.525348851457238,0.1292892686557024,1,0.4778950630687177,0.0672448599052611,1.91092414177985
365,0.1446852933615446,0.0556897057483041,5.065962980604111,4,0.1939803061075508,5.525348851457238,0.1292892686557024,1,0.4778950630687177,0.0672448599052611,1.91092414177985
366,0.3626691307872534,0.244075963851347,5.065962980604111,4,0.1939803061075508,5.525348851457238,0.1292892686557024,1,0.4778950630687177,0.0672448599052611,1.91092414177985
367,0.3626691307872534,0.0556897057483041,6.909124857888772,4,0.1939803061075508,5.525348851457238,0.1292892686557024,1,0.4778950630687177,0.0672448599052611,1.91092414177985
368,0.3626691307872534,0.0556897057483041,5.065962980604111,7,0.1939803061075508,5.525348851457238,0.1292892686557024,1,0.4778950630687177,0.0672448599052611,1.91092414177985
369,0.3626691307872534,0.0556897057483041,5.065962980604111,4,0.1937772489152848,5.525348851457238,0.1292892686557024,1,0.4778950630687177,0.0672448599052611,1.91092414177985
370,0.3626691307872534,0.0556897057483041,5.065962980604111,4,0.1939803061075508,2.155875828117132,0.1292892686557024,1,0.4778950630687177,0.0672448599052611,1.91092414177985
371,0.3626691307872534,0.0556897057483041,5.065962980604111,4,0.1939803061075508,5.525348851457238,0.0541106239426881,1,0.4778950630687177,0.0672448599052611,1.91092414177985
372,0.3626691307872534,0.0556897057483041,5.065962980604111,4,0.1939803061075508,5.525348851457238,0.1292892686557024,2,0.4778950630687177,0.0672448599052611,1.91092414177985
373,0.3626691307872534,0.0556897057483041,5.065962980604111,4,0.1939803061075508,5.525348851457238,0.1292892686557024,1,0.2085526461713016,0.0672448599052611,1.91092414177985
374,0.3626691307872534,0.0556897057483041,5.065962980604111,4,0.1939803061075508,5.525348851457238,0.1292892686557024,1,0.4778950630687177,0.0385585174573894,1.91092414177985
375,0.3626691307872534,0.0556897057483041,5.065962980604111,4,0.1939803061075508,5.525348851457238,0.1292892686557024,1,0.4778950630687177,0.0672448599052611,6.108856394019157
376,0.1446852933615446,0.244075963851347,6.909124857888772,7,0.1937772489152848,2.155875828117132,0.0541106239426881,2,0.2085526461713016,0.0385585174573894,6.108856394019157
377,0.0019022164866328,0.2483456200996481,20.270265207356445,10,0.0724137029144913,2.115001868456602,0.3490696569439024,3,0.0610976410564035,0.2023244221932589,5.356940498697169
378,0.3230435533449053,0.2483456200996481,20.270265207356445,10,0.0724137029144913,2.115001868456602,0.3490696569439024,3,0.0610976410564035,0.2023244221932589,5.356940498697169
379,0.0019022164866328,0.0528217650305895,20.270265207356445,10,0.0724137029144913,2.115001868456602,0.3490696569439024,3,0.0610976410564035,0.2023244221932589,5.356940498697169
380,0.0019022164866328,0.2483456200996481,21.477069530341957,10,0.0724137029144913,2.115001868456602,0.3490696569439024,3,0.0610976410564035,0.2023244221932589,5.356940498697169
381,0.0019022164866328,0.2483456200996481,20.270265207356445,11,0.0724137029144913,2.115001868456602,0.3490696569439024,3,0.0610976410564035,0.2023244221932589,5.356940498697169
382,0.0019022164866328,0.2483456200996481,20.270265207356445,10,0.1736147040035575,2.115001868456602,0.3490696569439024,3,0.0610976410564035,0.2023244221932589,5.356940498697169
383,0.0019022164866328,0.2483456200996481,20.270265207356445,10,0.0724137029144913,6.490563251078129,0.3490696569439024,3,0.0610976410564035,0.2023244221932589,5.356940498697169
384,0.0019022164866328,0.2483456200996481,20.270265207356445,10,0.0724137029144913,2.115001868456602,0.2780365011654794,3,0.0610976410564035,0.2023244221932589,5.356940498697169
385,0.0019022164866328,0.2483456200996481,20.270265207356445,10,0.0724137029144913,2.115001868456602,0.3490696569439024,1,0.0610976410564035,0.2023244221932589,5.356940498697169
386,0.0019022164866328,0.2483456200996481,20.270265207356445,10,0.0724137029144913,2.115001868456602,0.3490696569439024,3,0.4547808796167373,0.2023244221932589,5.356940498697169
387,0.0019022164866328,0.2483456200996481,20.270265207356445,10,0.0724137029144913,2.115001868456602,0.3490696569439024,3,0.0610976410564035,0.1466347754020253,5.356940498697169
388,0.0019022164866328,0.2483456200996481,20.270265207356445,10,0.0724137029144913,2.115001868456602,0.3490696569439024,3,0.0610976410564035,0.2023244221932589,2.808371221681356
389,0.3230435533449053,0.0528217650305895,21.477069530341957,11,0.1736147040035575,6.490563251078129,0.2780365011654794,1,0.4547808796167373,0.1466347754020253,2.808371221681356
390,0.2681740371510386,0.036950358332734,9.648299084626842,10,0.1697517146356403,4.934306247159839,0.2216461312025786,2,0.1756548790261149,0.105093431141932,2.9836289772692544
391,0.547912467084825,0.036950358332734,9.648299084626842,10,0.1697517146356403,4.934306247159839,0.2216461312025786,2,0.1756548790261149,0.105093431141932,2.9836289772692544
392,0.2681740371510386,0.1438606032855919,9.648299084626842,10,0.1697517146356403,4.934306247159839,0.2216461312025786,2,0.1756548790261149,0.105093431141932,2.9836289772692544
393,0.2681740371510386,0.036950358332734,5.668206795353336,10,0.1697517146356403,4.934306247159839,0.2216461312025786,2,0.1756548790261149,0.105093431141932,2.9836289772692544
394,0.2681740371510386,0.036950358332734,9.648299084626842,14,0.1697517146356403,4.934306247159839,0.2216461312025786,2,0.1756548790261149,0.105093431141932,2.9836289772692544
395,0.2681740371510386,0.036950358332734,9.648299084626842,10,0.2703510084655136,4.934306247159839,0.2216461312025786,2,0.1756548790261149,0.105093431141932,2.9836289772692544
396,0.2681740371510386,0.036950358332734,9.648299084626842,10,0.1697517146356403,7.648580942302942,0.2216461312025786,2,0.1756548790261149,0.105093431141932,2.9836289772692544
397,0.2681740371510386,0.036950358332734,9.648299084626842,10,0.1697517146356403,4.934306247159839,0.2154162473976612,2,0.1756548790261149,0.105093431141932,2.9836289772692544
398,0.2681740371510386,0.036950358332734,9.648299084626842,10,0.1697517146356403,4.934306247159839,0.2216461312025786,2,0.1756548790261149,0.105093431141932,2.9836289772692544
399,0.2681740371510386,0.036950358332734,9.648299084626842,10,0.1697517146356403,4.934306247159839,0.2216461312025786,2,0.1329743458423763,0.105093431141932,2.9836289772692544
400,0.2681740371510386,0.036950358332734,9.648299084626842,10,0.1697517146356403,4.934306247159839,0.2216461312025786,2,0.1756548790261149,0.0648003490964542,2.9836289772692544
401,0.2681740371510386,0.036950358332734,9.648299084626842,10,0.1697517146356403,4.934306247159839,0.2216461312025786,2,0.1756548790261149,0.105093431141932,1.3993754300460348
402,0.547912467084825,0.1438606032855919,5.668206795353336,14,0.2703510084655136,7.648580942302942,0.2154162473976612,2,0.1329743458423763,0.0648003490964542,1.3993754300460348
403,0.5439803000539541,0.1585050324971386,14.892704789370075,16,0.2992532341275364,7.617712840437889,0.2671108016744256,2,0.3633805912453681,0.0319238425989298,1.06317254576318
404,0.2195171881467104,0.1585050324971386,14.892704789370075,16,0.2992532341275364,7.617712840437889,0.2671108016744256,2,0.3633805912453681,0.0319238425989298,1.06317254576318
405,0.5439803000539541,0.0896819976852715,14.892704789370075,16,0.2992532341275364,7.617712840437889,0.2671108016744256,2,0.3633805912453681,0.0319238425989298,1.06317254576318
406,0.5439803000539541,0.1585050324971386,10.957344975292228,16,0.2992532341275364,7.617712840437889,0.2671108016744256,2,0.3633805912453681,0.0319238425989298,1.06317254576318
407,0.5439803000539541,0.1585050324971386,14.892704789370075,9,0.2992532341275364,7.617712840437889,0.2671108016744256,2,0.3633805912453681,0.0319238425989298,1.06317254576318
408,0.5439803000539541,0.1585050324971386,14.892704789370075,16,0.0617692402563989,7.617712840437889,0.2671108016744256,2,0.3633805912453681,0.0319238425989298,1.06317254576318
409,0.5439803000539541,0.1585050324971386,14.892704789370075,16,0.2992532341275364,3.6933513283729553,0.2671108016744256,2,0.3633805912453681,0.0319238425989298,1.06317254576318
410,0.5439803000539541,0.1585050324971386,14.892704789370075,16,0.2992532341275364,7.617712840437889,0.3524372057523579,2,0.3633805912453681,0.0319238425989298,1.06317254576318
411,0.5439803000539541,0.1585050324971386,14.892704789370075,16,0.2992532341275364,7.617712840437889,0.2671108016744256,3,0.3633805912453681,0.0319238425989298,1.06317254576318
412,0.5439803000539541,0.1585050324971386,14.892704789370075,16,0.2992532341275364,7.617712840437889,0.2671108016744256,2,0.3088420157786459,0.0319238425989298,1.06317254576318
413,0.5439803000539541,0.1585050324971386,14.892704789370075,16,0.2992532341275364,7.617712840437889,0.2671108016744256,2,0.3633805912453681,0.2948207201643872,1.06317254576318
414,0.5439803000539541,0.1585050324971386,14.892704789370075,16,0.2992532341275364,7.617712840437889,0.2671108016744256,2,0.3633805912453681,0.0319238425989298,3.0319158181526693
415,0.2195171881467104,0.0896819976852715,10.957344975292228,9,0.0617692402563989,3.6933513283729553,0.3524372057523579,3,0.3088420157786459,0.2948207201643872,3.0319158181526693
416,0.5573585327714682,0.0594379981626712,22.31871686242752,12,0.0601258596405386,6.635259062051773,0.1918920081108808,2,0.0992050355300307,0.1112552956067919,2.6473624896886645
417,0.4501783786341548,0.0594379981626712,22.31871686242752,12,0.0601258596405386,6.635259062051773,0.1918920081108808,2,0.0992050355300307,0.1112552956067919,2.6473624896886645
418,0.5573585327714682,0.1267804610423408,22.31871686242752,12,0.0601258596405386,6.635259062051773,0.1918920081108808,2,0.0992050355300307,0.1112552956067919,2.6473624896886645
419,0.5573585327714682,0.0594379981626712,6.719737615087101,12,0.0601258596405386,6.635259062051773,0.1918920081108808,2,0.0992050355300307,0.1112552956067919,2.6473624896886645
420,0.5573585327714682,0.0594379981626712,22.31871686242752,6,0.0601258596405386,6.635259062051773,0.1918920081108808,2,0.0992050355300307,0.1112552956067919,2.6473624896886645
421,0.5573585327714682,0.0594379981626712,22.31871686242752,12,0.1978744347114115,6.635259062051773,0.1918920081108808,2,0.0992050355300307,0.1112552956067919,2.6473624896886645
422,0.5573585327714682,0.0594379981626712,22.31871686242752,12,0.0601258596405386,4.115795319899917,0.1918920081108808,2,0.0992050355300307,0.1112552956067919,2.6473624896886645
423,0.5573585327714682,0.0594379981626712,22.31871686242752,12,0.0601258596405386,6.635259062051773,0.2438660980667919,2,0.0992050355300307,0.1112552956067919,2.6473624896886645
424,0.5573585327714682,0.0594379981626712,22.31871686242752,12,0.0601258596405386,6.635259062051773,0.1918920081108808,1,0.0992050355300307,0.1112552956067919,2.6473624896886645
425,0.5573585327714682,0.0594379981626712,22.31871686242752,12,0.0601258596405386,6.635259062051773,0.1918920081108808,2,0.3723734555300325,0.1112552956067919,2.6473624896886645
426,0.5573585327714682,0.0594379981626712,22.31871686242752,12,0.0601258596405386,6.635259062051773,0.1918920081108808,2,0.0992050355300307,0.1817639236277684,2.6473624896886645
427,0.5573585327714682,0.0594379981626712,22.31871686242752,12,0.0601258596405386,6.635259062051773,0.1918920081108808,2,0.0992050355300307,0.1112552956067919,1.3063768221481988
428,0.4501783786341548,0.1267804610423408,6.719737615087101,6,0.1978744347114115,4.115795319899917,0.2438660980667919,1,0.3723734555300325,0.1817639236277684,1.3063768221481988
429,0.2806324509903788,0.2295655268866163,5.736052163172898,6,0.1903899507131427,4.0456051509827375,0.2312042931094766,2,0.469695182563737,0.0386777910408037,7.421865532192287
430,0.2730193253606557,0.2295655268866163,5.736052163172898,6,0.1903899507131427,4.0456051509827375,0.2312042931094766,2,0.469695182563737,0.0386777910408037,7.421865532192287
431,0.2806324509903788,0.0881101468130057,5.736052163172898,6,0.1903899507131427,4.0456051509827375,0.2312042931094766,2,0.469695182563737,0.0386777910408037,7.421865532192287
432,0.2806324509903788,0.2295655268866163,22.09139407623972,6,0.1903899507131427,4.0456051509827375,0.2312042931094766,2,0.469695182563737,0.0386777910408037,7.421865532192287
433,0.2806324509903788,0.2295655268866163,5.736052163172898,11,0.1903899507131427,4.0456051509827375,0.2312042931094766,2,0.469695182563737,0.0386777910408037,7.421865532192287
434,0.2806324509903788,0.2295655268866163,5.736052163172898,6,0.1698841454461216,4.0456051509827375,0.2312042931094766,2,0.469695182563737,0.0386777910408037,7.421865532192287
435,0.2806324509903788,0.2295655268866163,5.736052163172898,6,0.1903899507131427,7.331330338492989,0.2312042931094766,2,0.469695182563737,0.0386777910408037,7.421865532192287
436,0.2806324509903788,0.2295655268866163,5.736052163172898,6,0.1903899507131427,4.0456051509827375,0.1047299169003963,2,0.469695182563737,0.0386777910408037,7.421865532192287
437,0.2806324509903788,0.2295655268866163,5.736052163172898,6,0.1903899507131427,4.0456051509827375,0.2312042931094766,2,0.469695182563737,0.0386777910408037,7.421865532192287
438,0.2806324509903788,0.2295655268866163,5.736052163172898,6,0.1903899507131427,4.0456051509827375,0.2312042931094766,2,0.0694566255901008,0.0386777910408037,7.421865532192287
439,0.2806324509903788,0.2295655268866163,5.736052163172898,6,0.1903899507131427,4.0456051509827375,0.2312042931094766,2,0.469695182563737,0.0735940160247694,7.421865532192287
440,0.2806324509903788,0.2295655268866163,5.736052163172898,6,0.1903899507131427,4.0456051509827375,0.2312042931094766,2,0.469695182563737,0.0386777910408037,2.856328649092424
441,0.2730193253606557,0.0881101468130057,22.09139407623972,11,0.1698841454461216,7.331330338492989,0.1047299169003963,2,0.0694566255901008,0.0735940160247694,2.856328649092424
442,0.0119433520361781,0.039973115246356,13.107332122772656,14,0.2722358835861087,3.0925119780004025,0.0988460860680788,3,0.3592200211249292,0.0550130821763151,4.715966660394172
443,0.0478879038244485,0.039973115246356,13.107332122772656,14,0.2722358835861087,3.0925119780004025,0.0988460860680788,3,0.3592200211249292,0.0550130821763151,4.715966660394172
444,0.0119433520361781,0.2404607648670449,13.107332122772656,14,0.2722358835861087,3.0925119780004025,0.0988460860680788,3,0.3592200211249292,0.0550130821763151,4.715966660394172
445,0.0119433520361781,0.039973115246356,5.827767702644124,14,0.2722358835861087,3.0925119780004025,0.0988460860680788,3,0.3592200211249292,0.0550130821763151,4.715966660394172
446,0.0119433520361781,0.039973115246356,13.107332122772656,14,0.2722358835861087,3.0925119780004025,0.0988460860680788,3,0.3592200211249292,0.0550130821763151,4.715966660394172
447,0.0119433520361781,0.039973115246356,13.107332122772656,14,0.2745693700388074,3.0925119780004025,0.0988460860680788,3,0.3592200211249292,0.0550130821763151,4.715966660394172
448,0.0119433520361781,0.039973115246356,13.107332122772656,14,0.2722358835861087,6.0753004383295774,0.0988460860680788,3,0.3592200211249292,0.0550130821763151,4.715966660394172
449,0.0119433520361781,0.039973115246356,13.107332122772656,14,0.2722358835861087,3.0925119780004025,0.3865861630998552,3,0.3592200211249292,0.0550130821763151,4.715966660394172
450,0.0119433520361781,0.039973115246356,13.107332122772656,14,0.2722358835861087,3.0925119780004025,0.0988460860680788,3,0.3592200211249292,0.0550130821763151,4.715966660394172
451,0.0119433520361781,0.039973115246356,13.107332122772656,14,0.2722358835861087,3.0925119780004025,0.0988460860680788,3,0.3917017675936222,0.0550130821763151,4.715966660394172
452,0.0119433520361781,0.039973115246356,13.107332122772656,14,0.2722358835861087,3.0925119780004025,0.0988460860680788,3,0.3592200211249292,0.1003111394207176,4.715966660394172
453,0.0119433520361781,0.039973115246356,13.107332122772656,14,0.2722358835861087,3.0925119780004025,0.0988460860680788,3,0.3592200211249292,0.0550130821763151,5.755257149685368
454,0.0478879038244485,0.2404607648670449,5.827767702644124,14,0.2745693700388074,6.0753004383295774,0.3865861630998552,3,0.3917017675936222,0.1003111394207176,5.755257149685368
455,0.3736306574195623,0.1485091843198613,8.732393131478334,8,0.1496618473436683,6.409105921164155,0.3138413598295301,1,0.2096718972083181,0.1928719497073971,1.6805708236718488
456,0.3750104656442999,0.1485091843198613,8.732393131478334,8,0.1496618473436683,6.409105921164155,0.3138413598295301,1,0.2096718972083181,0.1928719497073971,1.6805708236718488
457,0.3736306574195623,0.0464368342168698,8.732393131478334,8,0.1496618473436683,6.409105921164155,0.3138413598295301,1,0.2096718972083181,0.1928719497073971,1.6805708236718488
458,0.3736306574195623,0.1485091843198613,10.652369111117984,8,0.1496618473436683,6.409105921164155,0.3138413598295301,1,0.2096718972083181,0.1928719497073971,1.6805708236718488
459,0.3736306574195623,0.1485091843198613,8.732393131478334,10,0.1496618473436683,6.409105921164155,0.3138413598295301,1,0.2096718972083181,0.1928719497073971,1.6805708236718488
460,0.3736306574195623,0.1485091843198613,8.732393131478334,8,0.0581598584074527,6.409105921164155,0.3138413598295301,1,0.2096718972083181,0.1928719497073971,1.6805708236718488
461,0.3736306574195623,0.1485091843198613,8.732393131478334,8,0.1496618473436683,2.4891996700316668,0.3138413598295301,1,0.2096718972083181,0.1928719497073971,1.6805708236718488
462,0.3736306574195623,0.1485091843198613,8.732393131478334,8,0.1496618473436683,6.409105921164155,0.1648182332981378,1,0.2096718972083181,0.1928719497073971,1.6805708236718488
463,0.3736306574195623,0.1485091843198613,8.732393131478334,8,0.1496618473436683,6.409105921164155,0.3138413598295301,2,0.2096718972083181,0.1928719497073971,1.6805708236718488
464,0.3736306574195623,0.1485091843198613,8.732393131478334,8,0.1496618473436683,6.409105921164155,0.3138413598295301,1,0.2716455045156181,0.1928719497073971,1.6805708236718488
465,0.3736306574195623,0.1485091843198613,8.732393131478334,8,0.1496618473436683,6.409105921164155,0.3138413598295301,1,0.2096718972083181,0.0452682075407608,1.6805708236718488
466,0.3736306574195623,0.1485091843198613,8.732393131478334,8,0.1496618473436683,6.409105921164155,0.3138413598295301,1,0.2096718972083181,0.1928719497073971,2.6216514776588604
467,0.3750104656442999,0.0464368342168698,10.652369111117984,10,0.0581598584074527,2.4891996700316668,0.1648182332981378,2,0.2716455045156181,0.0452682075407608,2.6216514776588604
468,0.4124524438753724,0.0448436224922862,4.304785944761822,9,0.115141879254952,7.463089598342776,0.0658155732788145,3,0.2928143756464124,0.0515173161094821,3.052150138232252
469,0.3101736914366483,0.0448436224922862,4.304785944761822,9,0.115141879254952,7.463089598342776,0.0658155732788145,3,0.2928143756464124,0.0515173161094821,3.052150138232252
470,0.4124524438753724,0.1934933697657679,4.304785944761822,9,0.115141879254952,7.463089598342776,0.0658155732788145,3,0.2928143756464124,0.0515173161094821,3.052150138232252
471,0.4124524438753724,0.0448436224922862,16.719706922835524,9,0.115141879254952,7.463089598342776,0.0658155732788145,3,0.2928143756464124,0.0515173161094821,3.052150138232252
472,0.4124524438753724,0.0448436224922862,4.304785944761822,7,0.115141879254952,7.463089598342776,0.0658155732788145,3,0.2928143756464124,0.0515173161094821,3.052150138232252
473,0.4124524438753724,0.0448436224922862,4.304785944761822,9,0.0951301231514662,7.463089598342776,0.0658155732788145,3,0.2928143756464124,0.0515173161094821,3.052150138232252
474,0.4124524438753724,0.0448436224922862,4.304785944761822,9,0.115141879254952,2.7660187669098377,0.0658155732788145,3,0.2928143756464124,0.0515173161094821,3.052150138232252
475,0.4124524438753724,0.0448436224922862,4.304785944761822,9,0.115141879254952,7.463089598342776,0.2211028129793704,3,0.2928143756464124,0.0515173161094821,3.052150138232252
476,0.4124524438753724,0.0448436224922862,4.304785944761822,9,0.115141879254952,7.463089598342776,0.0658155732788145,3,0.2928143756464124,0.0515173161094821,3.052150138232252
477,0.4124524438753724,0.0448436224922862,4.304785944761822,9,0.115141879254952,7.463089598342776,0.0658155732788145,3,0.2919411405920982,0.0515173161094821,3.052150138232252
478,0.4124524438753724,0.0448436224922862,4.304785944761822,9,0.115141879254952,7.463089598342776,0.0658155732788145,3,0.2928143756464124,0.2424041899305015,3.052150138232252
479,0.4124524438753724,0.0448436224922862,4.304785944761822,9,0.115141879254952,7.463089598342776,0.0658155732788145,3,0.2928143756464124,0.0515173161094821,1.001230528689675
480,0.3101736914366483,0.1934933697657679,16.719706922835524,7,0.0951301231514662,2.7660187669098377,0.2211028129793704,3,0.2919411405920982,0.2424041899305015,1.001230528689675
481,0.1254652976989746,0.0970617020214349,16.723184384208718,15,0.2444904536940157,4.896507099270821,0.3683007682673633,1,0.2734542467165738,0.1481877371153628,1.0695177992106353
482,0.1130193991586566,0.0970617020214349,16.723184384208718,15,0.2444904536940157,4.896507099270821,0.3683007682673633,1,0.2734542467165738,0.1481877371153628,1.0695177992106353
483,0.1254652976989746,0.0374956449458897,16.723184384208718,15,0.2444904536940157,4.896507099270821,0.3683007682673633,1,0.2734542467165738,0.1481877371153628,1.0695177992106353
484,0.1254652976989746,0.0970617020214349,8.910148865258767,15,0.2444904536940157,4.896507099270821,0.3683007682673633,1,0.2734542467165738,0.1481877371153628,1.0695177992106353
485,0.1254652976989746,0.0970617020214349,16.723184384208718,15,0.2444904536940157,4.896507099270821,0.3683007682673633,1,0.2734542467165738,0.1481877371153628,1.0695177992106353
486,0.1254652976989746,0.0970617020214349,16.723184384208718,15,0.2410099205560982,4.896507099270821,0.3683007682673633,1,0.2734542467165738,0.1481877371153628,1.0695177992106353
487,0.1254652976989746,0.0970617020214349,16.723184384208718,15,0.2444904536940157,5.599172279238701,0.3683007682673633,1,0.2734542467165738,0.1481877371153628,1.0695177992106353
488,0.1254652976989746,0.0970617020214349,16.723184384208718,15,0.2444904536940157,4.896507099270821,0.3465791641268879,1,0.2734542467165738,0.1481877371153628,1.0695177992106353
489,0.1254652976989746,0.0970617020214349,16.723184384208718,15,0.2444904536940157,4.896507099270821,0.3683007682673633,2,0.2734542467165738,0.1481877371153628,1.0695177992106353
490,0.1254652976989746,0.0970617020214349,16.723184384208718,15,0.2444904536940157,4.896507099270821,0.3683007682673633,1,0.1446446846239268,0.1481877371153628,1.0695177992106353
491,0.1254652976989746,0.0970617020214349,16.723184384208718,15,0.2444904536940157,4.896507099270821,0.3683007682673633,1,0.2734542467165738,0.055182640007988,1.0695177992106353
492,0.1254652976989746,0.0970617020214349,16.723184384208718,15,0.2444904536940157,4.896507099270821,0.3683007682673633,1,0.2734542467165738,0.1481877371153628,3.7268444836867007
493,0.1130193991586566,0.0374956449458897,8.910148865258767,15,0.2410099205560982,5.599172279238701,0.3465791641268879,2,0.1446446846239268,0.055182640007988,3.7268444836867007
494,0.1668106645345687,0.0943285191412073,7.325233381993707,5,0.2174620921257883,2.0541786942631006,0.1592252601403743,2,0.1593484404496848,0.2568887824069967,1.6880897463129645
495,0.1878926759585738,0.0943285191412073,7.325233381993707,5,0.2174620921257883,2.0541786942631006,0.1592252601403743,2,0.1593484404496848,0.2568887824069967,1.6880897463129645
496,0.1668106645345687,0.1023057198400069,7.325233381993707,5,0.2174620921257883,2.0541786942631006,0.1592252601403743,2,0.1593484404496848,0.2568887824069967,1.6880897463129645
497,0.1668106645345687,0.0943285191412073,14.050788223944028,5,0.2174620921257883,2.0541786942631006,0.1592252601403743,2,0.1593484404496848,0.2568887824069967,1.6880897463129645
498,0.1668106645345687,0.0943285191412073,7.325233381993707,12,0.2174620921257883,2.0541786942631006,0.1592252601403743,2,0.1593484404496848,0.2568887824069967,1.6880897463129645
499,0.1668106645345687,0.0943285191412073,7.325233381993707,5,0.1405130100436508,2.0541786942631006,0.1592252601403743,2,0.1593484404496848,0.2568887824069967,1.6880897463129645
500,0.1668106645345687,0.0943285191412073,7.325233381993707,5,0.2174620921257883,7.039973299950361,0.1592252601403743,2,0.1593484404496848,0.2568887824069967,1.6880897463129645
501,0.1668106645345687,0.0943285191412073,7.325233381993707,5,0.2174620921257883,2.0541786942631006,0.0593703150283545,2,0.1593484404496848,0.2568887824069967,1.6880897463129645
502,0.1668106645345687,0.0943285191412073,7.325233381993707,5,0.2174620921257883,2.0541786942631006,0.1592252601403743,1,0.1593484404496848,0.2568887824069967,1.6880897463129645
503,0.1668106645345687,0.0943285191412073,7.325233381993707,5,0.2174620921257883,2.0541786942631006,0.1592252601403743,2,0.4941077043768018,0.2568887824069967,1.6880897463129645
504,0.1668106645345687,0.0943285191412073,7.325233381993707,5,0.2174620921257883,2.0541786942631006,0.1592252601403743,2,0.1593484404496848,0.1337735136102787,1.6880897463129645
505,0.1668106645345687,0.0943285191412073,7.325233381993707,5,0.2174620921257883,2.0541786942631006,0.1592252601403743,2,0.1593484404496848,0.2568887824069967,7.478842903053071
506,0.1878926759585738,0.1023057198400069,14.050788223944028,12,0.1405130100436508,7.039973299950361,0.0593703150283545,1,0.4941077043768018,0.1337735136102787,7.478842903053071
507,0.5188365871086716,0.1972814460308055,10.992179325029998,11,0.0958035790361464,5.393844049423933,0.2860262563917786,2,0.4069015824701637,0.0732726763047529,4.812204247612274
508,0.5350102353841066,0.1972814460308055,10.992179325029998,11,0.0958035790361464,5.393844049423933,0.2860262563917786,2,0.4069015824701637,0.0732726763047529,4.812204247612274
509,0.5188365871086716,0.070866053645925,10.992179325029998,11,0.0958035790361464,5.393844049423933,0.2860262563917786,2,0.4069015824701637,0.0732726763047529,4.812204247612274
510,0.5188365871086716,0.1972814460308055,4.4029793705840365,11,0.0958035790361464,5.393844049423933,0.2860262563917786,2,0.4069015824701637,0.0732726763047529,4.812204247612274
511,0.5188365871086716,0.1972814460308055,10.992179325029998,5,0.0958035790361464,5.393844049423933,0.2860262563917786,2,0.4069015824701637,0.0732726763047529,4.812204247612274
512,0.5188365871086716,0.1972814460308055,10.992179325029998,11,0.2228591441642493,5.393844049423933,0.2860262563917786,2,0.4069015824701637,0.0732726763047529,4.812204247612274
513,0.5188365871086716,0.1972814460308055,10.992179325029998,11,0.0958035790361464,4.583209864795208,0.2860262563917786,2,0.4069015824701637,0.0732726763047529,4.812204247612274
514,0.5188365871086716,0.1972814460308055,10.992179325029998,11,0.0958035790361464,5.393844049423933,0.272947128303349,2,0.4069015824701637,0.0732726763047529,4.812204247612274
515,0.5188365871086716,0.1972814460308055,10.992179325029998,11,0.0958035790361464,5.393844049423933,0.2860262563917786,2,0.4069015824701637,0.0732726763047529,4.812204247612274
516,0.5188365871086716,0.1972814460308055,10.992179325029998,11,0.0958035790361464,5.393844049423933,0.2860262563917786,2,0.1639369486365467,0.0732726763047529,4.812204247612274
517,0.5188365871086716,0.1972814460308055,10.992179325029998,11,0.0958035790361464,5.393844049423933,0.2860262563917786,2,0.4069015824701637,0.0339441286541861,4.812204247612274
518,0.5188365871086716,0.1972814460308055,10.992179325029998,11,0.0958035790361464,5.393844049423933,0.2860262563917786,2,0.4069015824701637,0.0732726763047529,2.0174596207457567
519,0.5350102353841066,0.070866053645925,4.4029793705840365,5,0.2228591441642493,4.583209864795208,0.272947128303349,2,0.1639369486365467,0.0339441286541861,2.0174596207457567
520,0.48059115819633,0.0345657556612461,6.874931083997102,16,0.202171513531357,5.97552483342588,0.081035649171099,3,0.3056273949798196,0.1999601638231282,5.446515722058933
521,0.5170629657804966,0.0345657556612461,6.874931083997102,16,0.202171513531357,5.97552483342588,0.081035649171099,3,0.3056273949798196,0.1999601638231282,5.446515722058933
522,0.48059115819633,0.0335137354631735,6.874931083997102,16,0.202171513531357,5.97552483342588,0.081035649171099,3,0.3056273949798196,0.1999601638231282,5.446515722058933
523,0.48059115819633,0.0345657556612461,12.615744242061524,16,0.202171513531357,5.97552483342588,0.081035649171099,3,0.3056273949798196,0.1999601638231282,5.446515722058933
524,0.48059115819633,0.0345657556612461,6.874931083997102,14,0.202171513531357,5.97552483342588,0.081035649171099,3,0.3056273949798196,0.1999601638231282,5.446515722058933
525,0.48059115819633,0.0345657556612461,6.874931083997102,16,0.1055800716392696,5.97552483342588,0.081035649171099,3,0.3056273949798196,0.1999601638231282,5.446515722058933
526,0.48059115819633,0.0345657556612461,6.874931083997102,16,0.202171513531357,6.323792591691017,0.081035649171099,3,0.3056273949798196,0.1999601638231282,5.446515722058933
527,0.48059115819633,0.0345657556612461,6.874931083997102,16,0.202171513531357,5.97552483342588,0.1509187432937324,3,0.3056273949798196,0.1999601638231282,5.446515722058933
528,0.48059115819633,0.0345657556612461,6.874931083997102,16,0.202171513531357,5.97552483342588,0.081035649171099,3,0.3056273949798196,0.1999601638231282,5.446515722058933
529,0.48059115819633,0.0345657556612461,6.874931083997102,16,0.202171513531357,5.97552483342588,0.081035649171099,3,0.4266787542495877,0.1999601638231282,5.446515722058933
530,0.48059115819633,0.0345657556612461,6.874931083997102,16,0.202171513531357,5.97552483342588,0.081035649171099,3,0.3056273949798196,0.2601056672017787,5.446515722058933
531,0.48059115819633,0.0345657556612461,6.874931083997102,16,0.202171513531357,5.97552483342588,0.081035649171099,3,0.3056273949798196,0.1999601638231282,4.366951234659712
532,0.5170629657804966,0.0335137354631735,12.615744242061524,14,0.1055800716392696,6.323792591691017,0.1509187432937324,3,0.4266787542495877,0.2601056672017787,4.366951234659712
533,0.2050755841657519,0.1287856450574764,10.61866681996559,10,0.0795976030174642,3.3854905739426613,0.3862552608828992,1,0.2263372777961194,0.0707779368593535,1.9417738004047995
534,0.2459709422662854,0.1287856450574764,10.61866681996559,10,0.0795976030174642,3.3854905739426613,0.3862552608828992,1,0.2263372777961194,0.0707779368593535,1.9417738004047995
535,0.2050755841657519,0.2163330894746669,10.61866681996559,10,0.0795976030174642,3.3854905739426613,0.3862552608828992,1,0.2263372777961194,0.0707779368593535,1.9417738004047995
536,0.2050755841657519,0.1287856450574764,4.803886338400665,10,0.0795976030174642,3.3854905739426613,0.3862552608828992,1,0.2263372777961194,0.0707779368593535,1.9417738004047995
537,0.2050755841657519,0.1287856450574764,10.61866681996559,9,0.0795976030174642,3.3854905739426613,0.3862552608828992,1,0.2263372777961194,0.0707779368593535,1.9417738004047995
538,0.2050755841657519,0.1287856450574764,10.61866681996559,10,0.2582804290112108,3.3854905739426613,0.3862552608828992,1,0.2263372777961194,0.0707779368593535,1.9417738004047995
539,0.2050755841657519,0.1287856450574764,10.61866681996559,10,0.0795976030174642,2.0297664292156696,0.3862552608828992,1,0.2263372777961194,0.0707779368593535,1.9417738004047995
540,0.2050755841657519,0.1287856450574764,10.61866681996559,10,0.0795976030174642,3.3854905739426613,0.3728055354673416,1,0.2263372777961194,0.0707779368593535,1.9417738004047995
541,0.2050755841657519,0.1287856450574764,10.61866681996559,10,0.0795976030174642,3.3854905739426613,0.3862552608828992,2,0.2263372777961194,0.0707779368593535,1.9417738004047995
542,0.2050755841657519,0.1287856450574764,10.61866681996559,10,0.0795976030174642,3.3854905739426613,0.3862552608828992,1,0.2367490117903798,0.0707779368593535,1.9417738004047995
543,0.2050755841657519,0.1287856450574764,10.61866681996559,10,0.0795976030174642,3.3854905739426613,0.3862552608828992,1,0.2263372777961194,0.0684252208345767,1.9417738004047995
544,0.2050755841657519,0.1287856450574764,10.61866681996559,10,0.0795976030174642,3.3854905739426613,0.3862552608828992,1,0.2263372777961194,0.0707779368593535,1.182813420403683
545,0.2459709422662854,0.2163330894746669,4.803886338400665,9,0.2582804290112108,2.0297664292156696,0.3728055354673416,2,0.2367490117903798,0.0684252208345767,1.182813420403683
546,0.0887305034324526,0.0687351456625956,4.518900767977692,10,0.1614405714906752,3.565100448206067,0.1631446344777942,2,0.1158844214398414,0.0300627885750816,1.2302142397205424
547,0.0208079868927598,0.0687351456625956,4.518900767977692,10,0.1614405714906752,3.565100448206067,0.1631446344777942,2,0.1158844214398414,0.0300627885750816,1.2302142397205424
548,0.0887305034324526,0.0589174650586479,4.518900767977692,10,0.1614405714906752,3.565100448206067,0.1631446344777942,2,0.1158844214398414,0.0300627885750816,1.2302142397205424
549,0.0887305034324526,0.0687351456625956,18.62517568584063,10,0.1614405714906752,3.565100448206067,0.1631446344777942,2,0.1158844214398414,0.0300627885750816,1.2302142397205424
550,0.0887305034324526,0.0687351456625956,4.518900767977692,7,0.1614405714906752,3.565100448206067,0.1631446344777942,2,0.1158844214398414,0.0300627885750816,1.2302142397205424
551,0.0887305034324526,0.0687351456625956,4.518900767977692,10,0.1226933104451745,3.565100448206067,0.1631446344777942,2,0.1158844214398414,0.0300627885750816,1.2302142397205424
552,0.0887305034324526,0.0687351456625956,4.518900767977692,10,0.1614405714906752,3.8717373833060265,0.1631446344777942,2,0.1158844214398414,0.0300627885750816,1.2302142397205424
553,0.0887305034324526,0.0687351456625956,4.518900767977692,10,0.1614405714906752,3.565100448206067,0.1185961065348237,2,0.1158844214398414,0.0300627885750816,1.2302142397205424
554,0.0887305034324526,0.0687351456625956,4.518900767977692,10,0.1614405714906752,3.565100448206067,0.1631446344777942,1,0.1158844214398414,0.0300627885750816,1.2302142397205424
555,0.0887305034324526,0.0687351456625956,4.518900767977692,10,0.1614405714906752,3.565100448206067,0.1631446344777942,2,0.3370673115365207,0.0300627885750816,1.2302142397205424
556,0.0887305034324526,0.0687351456625956,4.518900767977692,10,0.1614405714906752,3.565100448206067,0.1631446344777942,2,0.1158844214398414,0.1662258515546295,1.2302142397205424
557,0.0887305034324526,0.0687351456625956,4.518900767977692,10,0.1614405714906752,3.565100448206067,0.1631446344777942,2,0.1158844214398414,0.0300627885750816,1.7221266907613175
558,0.0208079868927598,0.0589174650586479,18.62517568584063,7,0.1226933104451745,3.8717373833060265,0.1185961065348237,1,0.3370673115365207,0.1662258515546295,1.7221266907613175
559,0.4492067288607358,0.2647192408704479,18.06922509108227,4,0.291704803192988,6.881319765001535,0.2926799640059471,2,0.4161165801808238,0.1073113859316767,3.453942984396758
560,0.4419370293617248,0.2647192408704479,18.06922509108227,4,0.291704803192988,6.881319765001535,0.2926799640059471,2,0.4161165801808238,0.1073113859316767,3.453942984396758
561,0.4492067288607358,0.123138888783125,18.06922509108227,4,0.291704803192988,6.881319765001535,0.2926799640059471,2,0.4161165801808238,0.1073113859316767,3.453942984396758
562,0.4492067288607358,0.2647192408704479,8.164504696381783,4,0.291704803192988,6.881319765001535,0.2926799640059471,2,0.4161165801808238,0.1073113859316767,3.453942984396758
563,0.4492067288607358,0.2647192408704479,18.06922509108227,11,0.291704803192988,6.881319765001535,0.2926799640059471,2,0.4161165801808238,0.1073113859316767,3.453942984396758
564,0.4492067288607358,0.2647192408704479,18.06922509108227,4,0.2139349604956805,6.881319765001535,0.2926799640059471,2,0.4161165801808238,0.1073113859316767,3.453942984396758
565,0.4492067288607358,0.2647192408704479,18.06922509108227,4,0.291704803192988,7.786329340189695,0.2926799640059471,2,0.4161165801808238,0.1073113859316767,3.453942984396758
566,0.4492067288607358,0.2647192408704479,18.06922509108227,4,0.291704803192988,6.881319765001535,0.2576802033931017,2,0.4161165801808238,0.1073113859316767,3.453942984396758
567,0.4492067288607358,0.2647192408704479,18.06922509108227,4,0.291704803192988,6.881319765001535,0.2926799640059471,2,0.4161165801808238,0.1073113859316767,3.453942984396758
568,0.4492067288607358,0.2647192408704479,18.06922509108227,4,0.291704803192988,6.881319765001535,0.2926799640059471,2,0.1049020022153854,0.1073113859316767,3.453942984396758
569,0.4492067288607358,0.2647192408704479,18.06922509108227,4,0.291704803192988,6.881319765001535,0.2926799640059471,2,0.4161165801808238,0.0365100805614259,3.453942984396758
570,0.4492067288607358,0.2647192408704479,18.06922509108227,4,0.291704803192988,6.881319765001535,0.2926799640059471,2,0.4161165801808238,0.1073113859316767,6.332528149300931
571,0.4419370293617248,0.123138888783125,8.164504696381783,11,0.2139349604956805,7.786329340189695,0.2576802033931017,2,0.1049020022153854,0.0365100805614259,6.332528149300931
572,0.3356870720162987,0.0817533639076399,13.95325709376382,7,0.2562691764440387,5.124302618205547,0.2180493349675089,2,0.0512091578450054,0.0942735175130593,1.455194090366186
573,0.3582397939637303,0.0817533639076399,13.95325709376382,7,0.2562691764440387,5.124302618205547,0.2180493349675089,2,0.0512091578450054,0.0942735175130593,1.455194090366186
574,0.3356870720162987,0.0733009353746334,13.95325709376382,7,0.2562691764440387,5.124302618205547,0.2180493349675089,2,0.0512091578450054,0.0942735175130593,1.455194090366186
575,0.3356870720162987,0.0817533639076399,5.087139154689168,7,0.2562691764440387,5.124302618205547,0.2180493349675089,2,0.0512091578450054,0.0942735175130593,1.455194090366186
576,0.3356870720162987,0.0817533639076399,13.95325709376382,12,0.2562691764440387,5.124302618205547,0.2180493349675089,2,0.0512091578450054,0.0942735175130593,1.455194090366186
577,0.3356870720162987,0.0817533639076399,13.95325709376382,7,0.176659533008933,5.124302618205547,0.2180493349675089,2,0.0512091578450054,0.0942735175130593,1.455194090366186
578,0.3356870720162987,0.0817533639076399,13.95325709376382,7,0.2562691764440387,6.560384521260858,0.2180493349675089,2,0.0512091578450054,0.0942735175130593,1.455194090366186
579,0.3356870720162987,0.0817533639076399,13.95325709376382,7,0.2562691764440387,5.124302618205547,0.3032409015577286,2,0.0512091578450054,0.0942735175130593,1.455194090366186
580,0.3356870720162987,0.0817533639076399,13.95325709376382,7,0.2562691764440387,5.124302618205547,0.2180493349675089,1,0.0512091578450054,0.0942735175130593,1.455194090366186
581,0.3356870720162987,0.0817533639076399,13.95325709376382,7,0.2562691764440387,5.124302618205547,0.2180493349675089,2,0.4588005143217742,0.0942735175130593,1.455194090366186
582,0.3356870720162987,0.0817533639076399,13.95325709376382,7,0.2562691764440387,5.124302618205547,0.2180493349675089,2,0.0512091578450054,0.195062867288096,1.455194090366186
583,0.3356870720162987,0.0817533639076399,13.95325709376382,7,0.2562691764440387,5.124302618205547,0.2180493349675089,2,0.0512091578450054,0.0942735175130593,3.3742331867812774
584,0.3582397939637303,0.0733009353746334,5.087139154689168,12,0.176659533008933,6.560384521260858,0.3032409015577286,1,0.4588005143217742,0.195062867288096,3.3742331867812774
585,0.0499064281582832,0.1706992337540671,9.04722033404125,13,0.1346108039841055,2.558071857318282,0.260096036689356,2,0.4816292981617153,0.2663393215339735,4.150671326706748
586,0.1047987274825573,0.1706992337540671,9.04722033404125,13,0.1346108039841055,2.558071857318282,0.260096036689356,2,0.4816292981617153,0.2663393215339735,4.150671326706748
587,0.0499064281582832,0.1523314861086203,9.04722033404125,13,0.1346108039841055,2.558071857318282,0.260096036689356,2,0.4816292981617153,0.2663393215339735,4.150671326706748
588,0.0499064281582832,0.1706992337540671,11.95525061124466,13,0.1346108039841055,2.558071857318282,0.260096036689356,2,0.4816292981617153,0.2663393215339735,4.150671326706748
589,0.0499064281582832,0.1706992337540671,9.04722033404125,4,0.1346108039841055,2.558071857318282,0.260096036689356,2,0.4816292981617153,0.2663393215339735,4.150671326706748
590,0.0499064281582832,0.1706992337540671,9.04722033404125,13,0.1555813564453274,2.558071857318282,0.260096036689356,2,0.4816292981617153,0.2663393215339735,4.150671326706748
591,0.0499064281582832,0.1706992337540671,9.04722033404125,13,0.1346108039841055,4.898739730939269,0.260096036689356,2,0.4816292981617153,0.2663393215339735,4.150671326706748
592,0.0499064281582832,0.1706992337540671,9.04722033404125,13,0.1346108039841055,2.558071857318282,0.0895693263038993,2,0.4816292981617153,0.2663393215339735,4.150671326706748
593,0.0499064281582832,0.1706992337540671,9.04722033404125,13,0.1346108039841055,2.558071857318282,0.260096036689356,2,0.4816292981617153,0.2663393215339735,4.150671326706748
594,0.0499064281582832,0.1706992337540671,9.04722033404125,13,0.1346108039841055,2.558071857318282,0.260096036689356,2,0.199382995814085,0.2663393215339735,4.150671326706748
595,0.0499064281582832,0.1706992337540671,9.04722033404125,13,0.1346108039841055,2.558071857318282,0.260096036689356,2,0.4816292981617153,0.0912428877916518,4.150671326706748
596,0.0499064281582832,0.1706992337540671,9.04722033404125,13,0.1346108039841055,2.558071857318282,0.260096036689356,2,0.4816292981617153,0.2663393215339735,1.5307991225597537
597,0.1047987274825573,0.1523314861086203,11.95525061124466,4,0.1555813564453274,4.898739730939269,0.0895693263038993,2,0.199382995814085,0.0912428877916518,1.5307991225597537
598,0.243595241010189,0.051742255893163,21.24203669059465,7,0.1075851404573768,4.580133605748415,0.1355778782628476,3,0.3675561100710183,0.142929737509542,6.530612191988963
599,0.1796316012740135,0.051742255893163,21.24203669059465,7,0.1075851404573768,4.580133605748415,0.1355778782628476,3,0.3675561100710183,0.142929737509542,6.530612191988963
600,0.243595241010189,0.0414846968657114,21.24203669059465,7,0.1075851404573768,4.580133605748415,0.1355778782628476,3,0.3675561100710183,0.142929737509542,6.530612191988963
601,0.243595241010189,0.051742255893163,7.696620726409222,7,0.1075851404573768,4.580133605748415,0.1355778782628476,3,0.3675561100710183,0.142929737509542,6.530612191988963
602,0.243595241010189,0.051742255893163,21.24203669059465,8,0.1075851404573768,4.580133605748415,0.1355778782628476,3,0.3675561100710183,0.142929737509542,6.530612191988963
603,0.243595241010189,0.051742255893163,21.24203669059465,7,0.2874684719834476,4.580133605748415,0.1355778782628476,3,0.3675561100710183,0.142929737509542,6.530612191988963
604,0.243595241010189,0.051742255893163,21.24203669059465,7,0.1075851404573768,3.246997656300664,0.1355778782628476,3,0.3675561100710183,0.142929737509542,6.530612191988963
605,0.243595241010189,0.051742255893163,21.24203669059465,7,0.1075851404573768,4.580133605748415,0.3162948046810925,3,0.3675561100710183,0.142929737509542,6.530612191988963
606,0.243595241010189,0.051742255893163,21.24203669059465,7,0.1075851404573768,4.580133605748415,0.1355778782628476,3,0.3675561100710183,0.142929737509542,6.530612191988963
607,0.243595241010189,0.051742255893163,21.24203669059465,7,0.1075851404573768,4.580133605748415,0.1355778782628476,3,0.3269174566958099,0.142929737509542,6.530612191988963
608,0.243595241010189,0.051742255893163,21.24203669059465,7,0.1075851404573768,4.580133605748415,0.1355778782628476,3,0.3675561100710183,0.1246643968412633,6.530612191988963
609,0.243595241010189,0.051742255893163,21.24203669059465,7,0.1075851404573768,4.580133605748415,0.1355778782628476,3,0.3675561100710183,0.142929737509542,2.2197478394746293
610,0.1796316012740135,0.0414846968657114,7.696620726409222,8,0.2874684719834476,3.246997656300664,0.3162948046810925,3,0.3269174566958099,0.1246643968412633,2.2197478394746293
611,0.5944152334704995,0.1121784982549195,5.313254509812097,13,0.236933840624988,7.920156421139836,0.3533074853010476,1,0.1653289744630456,0.0400411043881375,2.292059474005637
612,0.5831088731065392,0.1121784982549195,5.313254509812097,13,0.236933840624988,7.920156421139836,0.3533074853010476,1,0.1653289744630456,0.0400411043881375,2.292059474005637
613,0.5944152334704995,0.2692761915540409,5.313254509812097,13,0.236933840624988,7.920156421139836,0.3533074853010476,1,0.1653289744630456,0.0400411043881375,2.292059474005637
614,0.5944152334704995,0.1121784982549195,19.688689662474932,13,0.236933840624988,7.920156421139836,0.3533074853010476,1,0.1653289744630456,0.0400411043881375,2.292059474005637
615,0.5944152334704995,0.1121784982549195,5.313254509812097,15,0.236933840624988,7.920156421139836,0.3533074853010476,1,0.1653289744630456,0.0400411043881375,2.292059474005637
616,0.5944152334704995,0.1121784982549195,5.313254509812097,13,0.0798018883913755,7.920156421139836,0.3533074853010476,1,0.1653289744630456,0.0400411043881375,2.292059474005637
617,0.5944152334704995,0.1121784982549195,5.313254509812097,13,0.236933840624988,5.282252324745059,0.3533074853010476,1,0.1653289744630456,0.0400411043881375,2.292059474005637
618,0.5944152334704995,0.1121784982549195,5.313254509812097,13,0.236933840624988,7.920156421139836,0.1908945443574339,1,0.1653289744630456,0.0400411043881375,2.292059474005637
619,0.5944152334704995,0.1121784982549195,5.313254509812097,13,0.236933840624988,7.920156421139836,0.3533074853010476,2,0.1653289744630456,0.0400411043881375,2.292059474005637
620,0.5944152334704995,0.1121784982549195,5.313254509812097,13,0.236933840624988,7.920156421139836,0.3533074853010476,1,0.1097492379602044,0.0400411043881375,2.292059474005637
621,0.5944152334704995,0.1121784982549195,5.313254509812097,13,0.236933840624988,7.920156421139836,0.3533074853010476,1,0.1653289744630456,0.0486829148135624,2.292059474005637
622,0.5944152334704995,0.1121784982549195,5.313254509812097,13,0.236933840624988,7.920156421139836,0.3533074853010476,1,0.1653289744630456,0.0400411043881375,4.912902638371067
623,0.5831088731065392,0.2692761915540409,19.688689662474932,15,0.0798018883913755,5.282252324745059,0.1908945443574339,2,0.1097492379602044,0.0486829148135624,4.912902638371067
624,0.5652197163552045,0.0464607609373608,10.18254869330195,5,0.1530112532898783,2.678415870293975,0.2447376791853457,3,0.2417894361540675,0.1631642592008995,2.466206382078994
625,0.3296774961054325,0.0464607609373608,10.18254869330195,5,0.1530112532898783,2.678415870293975,0.2447376791853457,3,0.2417894361540675,0.1631642592008995,2.466206382078994
626,0.5652197163552045,0.0659837642807217,10.18254869330195,5,0.1530112532898783,2.678415870293975,0.2447376791853457,3,0.2417894361540675,0.1631642592008995,2.466206382078994
627,0.5652197163552045,0.0464607609373608,16.180956274398984,5,0.1530112532898783,2.678415870293975,0.2447376791853457,3,0.2417894361540675,0.1631642592008995,2.466206382078994
628,0.5652197163552045,0.0464607609373608,10.18254869330195,9,0.1530112532898783,2.678415870293975,0.2447376791853457,3,0.2417894361540675,0.1631642592008995,2.466206382078994
629,0.5652197163552045,0.0464607609373608,10.18254869330195,5,0.2014042357448488,2.678415870293975,0.2447376791853457,3,0.2417894361540675,0.1631642592008995,2.466206382078994
630,0.5652197163552045,0.0464607609373608,10.18254869330195,5,0.1530112532898783,5.8123685121536255,0.2447376791853457,3,0.2417894361540675,0.1631642592008995,2.466206382078994
631,0.5652197163552045,0.0464607609373608,10.18254869330195,5,0.1530112532898783,2.678415870293975,0.1304485159460455,3,0.2417894361540675,0.1631642592008995,2.466206382078994
632,0.5652197163552045,0.0464607609373608,10.18254869330195,5,0.1530112532898783,2.678415870293975,0.2447376791853457,3,0.2417894361540675,0.1631642592008995,2.466206382078994
633,0.5652197163552045,0.0464607609373608,10.18254869330195,5,0.1530112532898783,2.678415870293975,0.2447376791853457,3,0.3837075492367148,0.1631642592008995,2.466206382078994
634,0.5652197163552045,0.0464607609373608,10.18254869330195,5,0.1530112532898783,2.678415870293975,0.2447376791853457,3,0.2417894361540675,0.0619596408674578,2.466206382078994
635,0.5652197163552045,0.0464607609373608,10.18254869330195,5,0.1530112532898783,2.678415870293975,0.2447376791853457,3,0.2417894361540675,0.1631642592008995,7.676576215564415
636,0.3296774961054325,0.0659837642807217,16.180956274398984,9,0.2014042357448488,5.8123685121536255,0.1304485159460455,3,0.3837075492367148,0.0619596408674578,7.676576215564415
637,0.2516232116147875,0.1249287185074908,6.421089144928217,11,0.2813528785016387,5.33838214725256,0.1992736554238945,1,0.3174610387999564,0.0469335059419174,6.924100682908616
638,0.1330634789541363,0.1249287185074908,6.421089144928217,11,0.2813528785016387,5.33838214725256,0.1992736554238945,1,0.3174610387999564,0.0469335059419174,6.924100682908616
639,0.2516232116147875,0.0951608465359721,6.421089144928217,11,0.2813528785016387,5.33838214725256,0.1992736554238945,1,0.3174610387999564,0.0469335059419174,6.924100682908616
640,0.2516232116147875,0.1249287185074908,9.369334733379125,11,0.2813528785016387,5.33838214725256,0.1992736554238945,1,0.3174610387999564,0.0469335059419174,6.924100682908616
641,0.2516232116147875,0.1249287185074908,6.421089144928217,14,0.2813528785016387,5.33838214725256,0.1992736554238945,1,0.3174610387999564,0.0469335059419174,6.924100682908616
642,0.2516232116147875,0.1249287185074908,6.421089144928217,11,0.1658723197877407,5.33838214725256,0.1992736554238945,1,0.3174610387999564,0.0469335059419174,6.924100682908616
643,0.2516232116147875,0.1249287185074908,6.421089144928217,11,0.2813528785016387,2.646661136299372,0.1992736554238945,1,0.3174610387999564,0.0469335059419174,6.924100682908616
644,0.2516232116147875,0.1249287185074908,6.421089144928217,11,0.2813528785016387,5.33838214725256,0.2675365646369755,1,0.3174610387999564,0.0469335059419174,6.924100682908616
645,0.2516232116147875,0.1249287185074908,6.421089144928217,11,0.2813528785016387,5.33838214725256,0.1992736554238945,2,0.3174610387999564,0.0469335059419174,6.924100682908616
646,0.2516232116147875,0.1249287185074908,6.421089144928217,11,0.2813528785016387,5.33838214725256,0.1992736554238945,1,0.0528784704394638,0.0469335059419174,6.924100682908616
647,0.2516232116147875,0.1249287185074908,6.421089144928217,11,0.2813528785016387,5.33838214725256,0.1992736554238945,1,0.3174610387999564,0.2872682431723571,6.924100682908616
648,0.2516232116147875,0.1249287185074908,6.421089144928217,11,0.2813528785016387,5.33838214725256,0.1992736554238945,1,0.3174610387999564,0.0469335059419174,2.097990652093962
649,0.1330634789541363,0.0951608465359721,9.369334733379125,14,0.1658723197877407,2.646661136299372,0.2675365646369755,2,0.0528784704394638,0.2872682431723571,2.097990652093962
650,0.0609370244666934,0.0732853564996523,18.33700327514064,9,0.1756882464513182,7.8046591598540545,0.3263285973109305,2,0.431529030110687,0.0811100014610551,3.852670178799986
651,0.2081936353817582,0.0732853564996523,18.33700327514064,9,0.1756882464513182,7.8046591598540545,0.3263285973109305,2,0.431529030110687,0.0811100014610551,3.852670178799986
652,0.0609370244666934,0.0349472187657402,18.33700327514064,9,0.1756882464513182,7.8046591598540545,0.3263285973109305,2,0.431529030110687,0.0811100014610551,3.852670178799986
653,0.0609370244666934,0.0732853564996523,14.547225164147957,9,0.1756882464513182,7.8046591598540545,0.3263285973109305,2,0.431529030110687,0.0811100014610551,3.852670178799986
654,0.0609370244666934,0.0732853564996523,18.33700327514064,10,0.1756882464513182,7.8046591598540545,0.3263285973109305,2,0.431529030110687,0.0811100014610551,3.852670178799986
655,0.0609370244666934,0.0732853564996523,18.33700327514064,9,0.2780895747244358,7.8046591598540545,0.3263285973109305,2,0.431529030110687,0.0811100014610551,3.852670178799986
656,0.0609370244666934,0.0732853564996523,18.33700327514064,9,0.1756882464513182,3.993491567671299,0.3263285973109305,2,0.431529030110687,0.0811100014610551,3.852670178799986
657,0.0609370244666934,0.0732853564996523,18.33700327514064,9,0.1756882464513182,7.8046591598540545,0.1390990501269698,2,0.431529030110687,0.0811100014610551,3.852670178799986
658,0.0609370244666934,0.0732853564996523,18.33700327514064,9,0.1756882464513182,7.8046591598540545,0.3263285973109305,1,0.431529030110687,0.0811100014610551,3.852670178799986
659,0.0609370244666934,0.0732853564996523,18.33700327514064,9,0.1756882464513182,7.8046591598540545,0.3263285973109305,2,0.4029996271710843,0.0811100014610551,3.852670178799986
660,0.0609370244666934,0.0732853564996523,18.33700327514064,9,0.1756882464513182,7.8046591598540545,0.3263285973109305,2,0.431529030110687,0.0395954914339951,3.852670178799986
661,0.0609370244666934,0.0732853564996523,18.33700327514064,9,0.1756882464513182,7.8046591598540545,0.3263285973109305,2,0.431529030110687,0.0811100014610551,1.1156600015085338
662,0.2081936353817582,0.0349472187657402,14.547225164147957,10,0.2780895747244358,3.993491567671299,0.1390990501269698,1,0.4029996271710843,0.0395954914339951,1.1156600015085338
663,0.3083228778094053,0.1904197852347066,4.98930339173852,15,0.055036944290623,4.370877582579851,0.1065475623123347,2,0.1276783568318933,0.2313503978056802,1.3735370793854802
664,0.5548443853855133,0.1904197852347066,4.98930339173852,15,0.055036944290623,4.370877582579851,0.1065475623123347,2,0.1276783568318933,0.2313503978056802,1.3735370793854802
665,0.3083228778094053,0.1797533848462334,4.98930339173852,15,0.055036944290623,4.370877582579851,0.1065475623123347,2,0.1276783568318933,0.2313503978056802,1.3735370793854802
666,0.3083228778094053,0.1904197852347066,4.178956581354452,15,0.055036944290623,4.370877582579851,0.1065475623123347,2,0.1276783568318933,0.2313503978056802,1.3735370793854802
667,0.3083228778094053,0.1904197852347066,4.98930339173852,6,0.055036944290623,4.370877582579851,0.1065475623123347,2,0.1276783568318933,0.2313503978056802,1.3735370793854802
668,0.3083228778094053,0.1904197852347066,4.98930339173852,15,0.0541460657957941,4.370877582579851,0.1065475623123347,2,0.1276783568318933,0.2313503978056802,1.3735370793854802
669,0.3083228778094053,0.1904197852347066,4.98930339173852,15,0.055036944290623,7.535669889301062,0.1065475623123347,2,0.1276783568318933,0.2313503978056802,1.3735370793854802
670,0.3083228778094053,0.1904197852347066,4.98930339173852,15,0.055036944290623,4.370877582579851,0.3629151124041527,2,0.1276783568318933,0.2313503978056802,1.3735370793854802
671,0.3083228778094053,0.1904197852347066,4.98930339173852,15,0.055036944290623,4.370877582579851,0.1065475623123347,2,0.1276783568318933,0.2313503978056802,1.3735370793854802
672,0.3083228778094053,0.1904197852347066,4.98930339173852,15,0.055036944290623,4.370877582579851,0.1065475623123347,2,0.2550448447931558,0.2313503978056802,1.3735370793854802
673,0.3083228778094053,0.1904197852347066,4.98930339173852,15,0.055036944290623,4.370877582579851,0.1065475623123347,2,0.1276783568318933,0.1532622271996402,1.3735370793854802
674,0.3083228778094053,0.1904197852347066,4.98930339173852,15,0.055036944290623,4.370877582579851,0.1065475623123347,2,0.1276783568318933,0.2313503978056802,4.065540134265846
675,0.5548443853855133,0.1797533848462334,4.178956581354452,6,0.0541460657957941,7.535669889301062,0.3629151124041527,2,0.2550448447931558,0.1532622271996402,4.065540134265846
676,0.4198032209649682,0.0616507118178939,9.420309797175753,14,0.0827803383115679,3.128020592033863,0.359272889001295,2,0.4943365911021828,0.0352364105534363,3.2642811062440726
677,0.4709273876622319,0.0616507118178939,9.420309797175753,14,0.0827803383115679,3.128020592033863,0.359272889001295,2,0.4943365911021828,0.0352364105534363,3.2642811062440726
678,0.4198032209649682,0.049926699985131,9.420309797175753,14,0.0827803383115679,3.128020592033863,0.359272889001295,2,0.4943365911021828,0.0352364105534363,3.2642811062440726
679,0.4198032209649682,0.0616507118178939,6.344448502253151,14,0.0827803383115679,3.128020592033863,0.359272889001295,2,0.4943365911021828,0.0352364105534363,3.2642811062440726
680,0.4198032209649682,0.0616507118178939,9.420309797175753,5,0.0827803383115679,3.128020592033863,0.359272889001295,2,0.4943365911021828,0.0352364105534363,3.2642811062440726
681,0.4198032209649682,0.0616507118178939,9.420309797175753,14,0.0835207635071128,3.128020592033863,0.359272889001295,2,0.4943365911021828,0.0352364105534363,3.2642811062440726
682,0.4198032209649682,0.0616507118178939,9.420309797175753,14,0.0827803383115679,7.068535411730409,0.359272889001295,2,0.4943365911021828,0.0352364105534363,3.2642811062440726
683,0.4198032209649682,0.0616507118178939,9.420309797175753,14,0.0827803383115679,3.128020592033863,0.3265003178268671,2,0.4943365911021828,0.0352364105534363,3.2642811062440726
684,0.4198032209649682,0.0616507118178939,9.420309797175753,14,0.0827803383115679,3.128020592033863,0.359272889001295,1,0.4943365911021828,0.0352364105534363,3.2642811062440726
685,0.4198032209649682,0.0616507118178939,9.420309797175753,14,0.0827803383115679,3.128020592033863,0.359272889001295,2,0.2803943845909089,0.0352364105534363,3.2642811062440726
686,0.4198032209649682,0.0616507118178939,9.420309797175753,14,0.0827803383115679,3.128020592033863,0.359272889001295,2,0.4943365911021828,0.0826328574758094,3.2642811062440726
687,0.4198032209649682,0.0616507118178939,9.420309797175753,14,0.0827803383115679,3.128020592033863,0.359272889001295,2,0.4943365911021828,0.0352364105534363,5.883476784623531
688,0.4709273876622319,0.049926699985131,6.344448502253151,5,0.0835207635071128,7.068535411730409,0.3265003178268671,1,0.2803943845909089,0.0826328574758094,5.883476784623531
689,0.0971129491925239,0.2951431904920697,14.96241495759167,8,0.2102064319886267,5.8117907252162695,0.0520031427498906,2,0.0675489128101617,0.1224993276785743,1.1456687877062426
690,0.2918181292712688,0.2951431904920697,14.96241495759167,8,0.2102064319886267,5.8117907252162695,0.0520031427498906,2,0.0675489128101617,0.1224993276785743,1.1456687877062426
691,0.0971129491925239,0.2582314402612852,14.96241495759167,8,0.2102064319886267,5.8117907252162695,0.0520031427498906,2,0.0675489128101617,0.1224993276785743,1.1456687877062426
692,0.0971129491925239,0.2951431904920697,23.97839791527492,8,0.2102064319886267,5.8117907252162695,0.0520031427498906,2,0.0675489128101617,0.1224993276785743,1.1456687877062426
693,0.0971129491925239,0.2951431904920697,14.96241495759167,13,0.2102064319886267,5.8117907252162695,0.0520031427498906,2,0.0675489128101617,0.1224993276785743,1.1456687877062426
694,0.0971129491925239,0.2951431904920697,14.96241495759167,8,0.2531165636144578,5.8117907252162695,0.0520031427498906,2,0.0675489128101617,0.1224993276785743,1.1456687877062426
695,0.0971129491925239,0.2951431904920697,14.96241495759167,8,0.2102064319886267,4.285117855295539,0.0520031427498906,2,0.0675489128101617,0.1224993276785743,1.1456687877062426
696,0.0971129491925239,0.2951431904920697,14.96241495759167,8,0.2102064319886267,5.8117907252162695,0.2030720574315637,2,0.0675489128101617,0.1224993276785743,1.1456687877062426
697,0.0971129491925239,0.2951431904920697,14.96241495759167,8,0.2102064319886267,5.8117907252162695,0.0520031427498906,2,0.0675489128101617,0.1224993276785743,1.1456687877062426
698,0.0971129491925239,0.2951431904920697,14.96241495759167,8,0.2102064319886267,5.8117907252162695,0.0520031427498906,2,0.1614358909893781,0.1224993276785743,1.1456687877062426
699,0.0971129491925239,0.2951431904920697,14.96241495759167,8,0.2102064319886267,5.8117907252162695,0.0520031427498906,2,0.0675489128101617,0.215402828629241,1.1456687877062426
700,0.0971129491925239,0.2951431904920697,14.96241495759167,8,0.2102064319886267,5.8117907252162695,0.0520031427498906,2,0.0675489128101617,0.1224993276785743,2.7373952212365884
701,0.2918181292712688,0.2582314402612852,23.97839791527492,13,0.2531165636144578,4.285117855295539,0.2030720574315637,2,0.1614358909893781,0.215402828629241,2.7373952212365884
702,0.2151428684592247,0.0310906978981716,5.234537701974708,12,0.2456731083337217,7.143865022808313,0.2773194160312414,3,0.1779931257478892,0.1736976469380443,2.0530389894539525
703,0.0669438287615776,0.0310906978981716,5.234537701974708,12,0.2456731083337217,7.143865022808313,0.2773194160312414,3,0.1779931257478892,0.1736976469380443,2.0530389894539525
704,0.2151428684592247,0.0948521965270727,5.234537701974708,12,0.2456731083337217,7.143865022808313,0.2773194160312414,3,0.1779931257478892,0.1736976469380443,2.0530389894539525
705,0.2151428684592247,0.0310906978981716,6.181952826552317,12,0.2456731083337217,7.143865022808313,0.2773194160312414,3,0.1779931257478892,0.1736976469380443,2.0530389894539525
706,0.2151428684592247,0.0310906978981716,5.234537701974708,15,0.2456731083337217,7.143865022808313,0.2773194160312414,3,0.1779931257478892,0.1736976469380443,2.0530389894539525
707,0.2151428684592247,0.0310906978981716,5.234537701974708,12,0.1288979879580438,7.143865022808313,0.2773194160312414,3,0.1779931257478892,0.1736976469380443,2.0530389894539525
708,0.2151428684592247,0.0310906978981716,5.234537701974708,12,0.2456731083337217,3.1227030623704195,0.2773194160312414,3,0.1779931257478892,0.1736976469380443,2.0530389894539525
709,0.2151428684592247,0.0310906978981716,5.234537701974708,12,0.2456731083337217,7.143865022808313,0.293026725621894,3,0.1779931257478892,0.1736976469380443,2.0530389894539525
710,0.2151428684592247,0.0310906978981716,5.234537701974708,12,0.2456731083337217,7.143865022808313,0.2773194160312414,3,0.1779931257478892,0.1736976469380443,2.0530389894539525
711,0.2151428684592247,0.0310906978981716,5.234537701974708,12,0.2456731083337217,7.143865022808313,0.2773194160312414,3,0.4825830740854144,0.1736976469380443,2.0530389894539525
712,0.2151428684592247,0.0310906978981716,5.234537701974708,12,0.2456731083337217,7.143865022808313,0.2773194160312414,3,0.1779931257478892,0.0528044501470637,2.0530389894539525
713,0.2151428684592247,0.0310906978981716,5.234537701974708,12,0.2456731083337217,7.143865022808313,0.2773194160312414,3,0.1779931257478892,0.1736976469380443,1.449780994015005
714,0.0669438287615776,0.0948521965270727,6.181952826552317,15,0.1288979879580438,3.1227030623704195,0.293026725621894,3,0.4825830740854144,0.0528044501470637,1.449780994015005
715,0.454043791629374,0.1431827998892943,19.24356215600467,6,0.1259373442269861,3.733887301757932,0.1443654710426926,1,0.3838527233805507,0.0608973088970383,5.855895269172617
716,0.3960895786061882,0.1431827998892943,19.24356215600467,6,0.1259373442269861,3.733887301757932,0.1443654710426926,1,0.3838527233805507,0.0608973088970383,5.855895269172617
717,0.454043791629374,0.1360177883848319,19.24356215600467,6,0.1259373442269861,3.733887301757932,0.1443654710426926,1,0.3838527233805507,0.0608973088970383,5.855895269172617
718,0.454043791629374,0.1431827998892943,9.79905400236503,6,0.1259373442269861,3.733887301757932,0.1443654710426926,1,0.3838527233805507,0.0608973088970383,5.855895269172617
719,0.454043791629374,0.1431827998892943,19.24356215600467,8,0.1259373442269861,3.733887301757932,0.1443654710426926,1,0.3838527233805507,0.0608973088970383,5.855895269172617
720,0.454043791629374,0.1431827998892943,19.24356215600467,6,0.234952495386824,3.733887301757932,0.1443654710426926,1,0.3838527233805507,0.0608973088970383,5.855895269172617
721,0.454043791629374,0.1431827998892943,19.24356215600467,6,0.1259373442269861,5.535452542826533,0.1443654710426926,1,0.3838527233805507,0.0608973088970383,5.855895269172617
722,0.454043791629374,0.1431827998892943,19.24356215600467,6,0.1259373442269861,3.733887301757932,0.0774018215946853,1,0.3838527233805507,0.0608973088970383,5.855895269172617
723,0.454043791629374,0.1431827998892943,19.24356215600467,6,0.1259373442269861,3.733887301757932,0.1443654710426926,2,0.3838527233805507,0.0608973088970383,5.855895269172617
724,0.454043791629374,0.1431827998892943,19.24356215600467,6,0.1259373442269861,3.733887301757932,0.1443654710426926,1,0.1807640169747174,0.0608973088970383,5.855895269172617
725,0.454043791629374,0.1431827998892943,19.24356215600467,6,0.1259373442269861,3.733887301757932,0.1443654710426926,1,0.3838527233805507,0.1149259073240945,5.855895269172617
726,0.454043791629374,0.1431827998892943,19.24356215600467,6,0.1259373442269861,3.733887301757932,0.1443654710426926,1,0.3838527233805507,0.0608973088970383,3.1285925657579856
727,0.3960895786061882,0.1360177883848319,9.79905400236503,8,0.234952495386824,5.535452542826533,0.0774018215946853,2,0.1807640169747174,0.1149259073240945,3.1285925657579856
728,0.4919873770326375,0.0847022724360202,6.151580169678191,7,0.293131632450968,4.640396103262901,0.3987405165098607,2,0.4569965933915227,0.297574667244278,5.08923982077668
729,0.3378659723326563,0.0847022724360202,6.151580169678191,7,0.293131632450968,4.640396103262901,0.3987405165098607,2,0.4569965933915227,0.297574667244278,5.08923982077668
730,0.4919873770326375,0.2889046820406863,6.151580169678191,7,0.293131632450968,4.640396103262901,0.3987405165098607,2,0.4569965933915227,0.297574667244278,5.08923982077668
731,0.4919873770326375,0.0847022724360202,5.355158017392298,7,0.293131632450968,4.640396103262901,0.3987405165098607,2,0.4569965933915227,0.297574667244278,5.08923982077668
732,0.4919873770326375,0.0847022724360202,6.151580169678191,11,0.293131632450968,4.640396103262901,0.3987405165098607,2,0.4569965933915227,0.297574667244278,5.08923982077668
733,0.4919873770326375,0.0847022724360202,6.151580169678191,7,0.1013159097172319,4.640396103262901,0.3987405165098607,2,0.4569965933915227,0.297574667244278,5.08923982077668
734,0.4919873770326375,0.0847022724360202,6.151580169678191,7,0.293131632450968,3.51357408426702,0.3987405165098607,2,0.4569965933915227,0.297574667244278,5.08923982077668
735,0.4919873770326375,0.0847022724360202,6.151580169678191,7,0.293131632450968,4.640396103262901,0.398353129811585,2,0.4569965933915227,0.297574667244278,5.08923982077668
736,0.4919873770326375,0.0847022724360202,6.151580169678191,7,0.293131632450968,4.640396103262901,0.3987405165098607,1,0.4569965933915227,0.297574667244278,5.08923982077668
737,0.4919873770326375,0.0847022724360202,6.151580169678191,7,0.293131632450968,4.640396103262901,0.3987405165098607,2,0.4384454329498112,0.297574667244278,5.08923982077668
738,0.4919873770326375,0.0847022724360202,6.151580169678191,7,0.293131632450968,4.640396103262901,0.3987405165098607,2,0.4569965933915227,0.0769984600994552,5.08923982077668
739,0.4919873770326375,0.0847022724360202,6.151580169678191,7,0.293131632450968,4.640396103262901,0.3987405165098607,2,0.4569965933915227,0.297574667244278,2.4728112391578843
740,0.3378659723326563,0.2889046820406863,5.355158017392298,11,0.1013159097172319,3.51357408426702,0.398353129811585,1,0.4384454329498112,0.0769984600994552,2.4728112391578843
741,0.1771797923371195,0.219706104821825,23.23655512842123,14,0.1724802026990801,7.300743086263537,0.0887364369817078,2,0.0828879318200051,0.0840702557353778,1.813591257940932
742,0.0850387271493673,0.219706104821825,23.23655512842123,14,0.1724802026990801,7.300743086263537,0.0887364369817078,2,0.0828879318200051,0.0840702557353778,1.813591257940932
743,0.1771797923371195,0.0446576789329456,23.23655512842123,14,0.1724802026990801,7.300743086263537,0.0887364369817078,2,0.0828879318200051,0.0840702557353778,1.813591257940932
744,0.1771797923371195,0.219706104821825,11.557368466572836,14,0.1724802026990801,7.300743086263537,0.0887364369817078,2,0.0828879318200051,0.0840702557353778,1.813591257940932
745,0.1771797923371195,0.219706104821825,23.23655512842123,6,0.1724802026990801,7.300743086263537,0.0887364369817078,2,0.0828879318200051,0.0840702557353778,1.813591257940932
746,0.1771797923371195,0.219706104821825,23.23655512842123,14,0.2620462346356362,7.300743086263537,0.0887364369817078,2,0.0828879318200051,0.0840702557353778,1.813591257940932
747,0.1771797923371195,0.219706104821825,23.23655512842123,14,0.1724802026990801,7.851522738113999,0.0887364369817078,2,0.0828879318200051,0.0840702557353778,1.813591257940932
748,0.1771797923371195,0.219706104821825,23.23655512842123,14,0.1724802026990801,7.300743086263537,0.1744182481896132,2,0.0828879318200051,0.0840702557353778,1.813591257940932
749,0.1771797923371195,0.219706104821825,23.23655512842123,14,0.1724802026990801,7.300743086263537,0.0887364369817078,2,0.0828879318200051,0.0840702557353778,1.813591257940932
750,0.1771797923371195,0.219706104821825,23.23655512842123,14,0.1724802026990801,7.300743086263537,0.0887364369817078,2,0.2197382716462016,0.0840702557353778,1.813591257940932
751,0.1771797923371195,0.219706104821825,23.23655512842123,14,0.1724802026990801,7.300743086263537,0.0887364369817078,2,0.0828879318200051,0.1737395529231212,1.813591257940932
752,0.1771797923371195,0.219706104821825,23.23655512842123,14,0.1724802026990801,7.300743086263537,0.0887364369817078,2,0.0828879318200051,0.0840702557353778,5.3580296741264775
753,0.0850387271493673,0.0446576789329456,11.557368466572836,6,0.2620462346356362,7.851522738113999,0.1744182481896132,2,0.2197382716462016,0.1737395529231212,5.3580296741264775
754,0.1341501591727137,0.0401990433707073,7.91170506556896,6,0.0668184773065149,5.654824327677488,0.3062126616481692,3,0.1969850946683436,0.045280948633181,1.012072559310861
755,0.1602001313120126,0.0401990433707073,7.91170506556896,6,0.0668184773065149,5.654824327677488,0.3062126616481692,3,0.1969850946683436,0.045280948633181,1.012072559310861
756,0.1341501591727137,0.1635956134467428,7.91170506556896,6,0.0668184773065149,5.654824327677488,0.3062126616481692,3,0.1969850946683436,0.045280948633181,1.012072559310861
757,0.1341501591727137,0.0401990433707073,7.325822806202322,6,0.0668184773065149,5.654824327677488,0.3062126616481692,3,0.1969850946683436,0.045280948633181,1.012072559310861
758,0.1341501591727137,0.0401990433707073,7.91170506556896,9,0.0668184773065149,5.654824327677488,0.3062126616481692,3,0.1969850946683436,0.045280948633181,1.012072559310861
759,0.1341501591727137,0.0401990433707073,7.91170506556896,6,0.1184425595682114,5.654824327677488,0.3062126616481692,3,0.1969850946683436,0.045280948633181,1.012072559310861
760,0.1341501591727137,0.0401990433707073,7.91170506556896,6,0.0668184773065149,6.293756930157542,0.3062126616481692,3,0.1969850946683436,0.045280948633181,1.012072559310861
761,0.1341501591727137,0.0401990433707073,7.91170506556896,6,0.0668184773065149,5.654824327677488,0.2321318580303341,3,0.1969850946683436,0.045280948633181,1.012072559310861
762,0.1341501591727137,0.0401990433707073,7.91170506556896,6,0.0668184773065149,5.654824327677488,0.3062126616481692,3,0.1969850946683436,0.045280948633181,1.012072559310861
763,0.1341501591727137,0.0401990433707073,7.91170506556896,6,0.0668184773065149,5.654824327677488,0.3062126616481692,3,0.348811485664919,0.045280948633181,1.012072559310861
764,0.1341501591727137,0.0401990433707073,7.91170506556896,6,0.0668184773065149,5.654824327677488,0.3062126616481692,3,0.1969850946683436,0.0424894452498691,1.012072559310861
765,0.1341501591727137,0.0401990433707073,7.91170506556896,6,0.0668184773065149,5.654824327677488,0.3062126616481692,3,0.1969850946683436,0.045280948633181,3.4625672955776827
766,0.1602001313120126,0.1635956134467428,7.325822806202322,9,0.1184425595682114,6.293756930157542,0.2321318580303341,3,0.348811485664919,0.0424894452498691,3.4625672955776827
767,0.3827465202659368,0.108277756835441,12.91173247827462,13,0.1951599600259214,2.221417734399438,0.170524299936369,1,0.3429147040471434,0.126852725426341,2.837347870535238
768,0.562991171143949,0.108277756835441,12.91173247827462,13,0.1951599600259214,2.221417734399438,0.170524299936369,1,0.3429147040471434,0.126852725426341,2.837347870535238
769,0.3827465202659368,0.0788066181916568,12.91173247827462,13,0.1951599600259214,2.221417734399438,0.170524299936369,1,0.3429147040471434,0.126852725426341,2.837347870535238
770,0.3827465202659368,0.108277756835441,20.32645027080405,13,0.1951599600259214,2.221417734399438,0.170524299936369,1,0.3429147040471434,0.126852725426341,2.837347870535238
771,0.3827465202659368,0.108277756835441,12.91173247827462,13,0.1951599600259214,2.221417734399438,0.170524299936369,1,0.3429147040471434,0.126852725426341,2.837347870535238
772,0.3827465202659368,0.108277756835441,12.91173247827462,13,0.2177065477706491,2.221417734399438,0.170524299936369,1,0.3429147040471434,0.126852725426341,2.837347870535238
773,0.3827465202659368,0.108277756835441,12.91173247827462,13,0.1951599600259214,2.329337375238538,0.170524299936369,1,0.3429147040471434,0.126852725426341,2.837347870535238
774,0.3827465202659368,0.108277756835441,12.91173247827462,13,0.1951599600259214,2.221417734399438,0.0950958506204188,1,0.3429147040471434,0.126852725426341,2.837347870535238
775,0.3827465202659368,0.108277756835441,12.91173247827462,13,0.1951599600259214,2.221417734399438,0.170524299936369,2,0.3429147040471434,0.126852725426341,2.837347870535238
776,0.3827465202659368,0.108277756835441,12.91173247827462,13,0.1951599600259214,2.221417734399438,0.170524299936369,1,0.0878550279419869,0.126852725426341,2.837347870535238
777,0.3827465202659368,0.108277756835441,12.91173247827462,13,0.1951599600259214,2.221417734399438,0.170524299936369,1,0.3429147040471434,0.1068638591190802,2.837347870535238
778,0.3827465202659368,0.108277756835441,12.91173247827462,13,0.1951599600259214,2.221417734399438,0.170524299936369,1,0.3429147040471434,0.126852725426341,1.591499280097452
779,0.562991171143949,0.0788066181916568,20.32645027080405,13,0.2177065477706491,2.329337375238538,0.0950958506204188,2,0.0878550279419869,0.1068638591190802,1.591499280097452
780,0.3465683067217469,0.0358528576314389,15.617511376467966,11,0.2219879636075347,4.167491255328059,0.2513925550505519,3,0.25800735889934,0.0631175779226166,1.5611012244864606
781,0.4977882217615842,0.0358528576314389,15.617511376467966,11,0.2219879636075347,4.167491255328059,0.2513925550505519,3,0.25800735889934,0.0631175779226166,1.5611012244864606
782,0.3465683067217469,0.1143831827935808,15.617511376467966,11,0.2219879636075347,4.167491255328059,0.2513925550505519,3,0.25800735889934,0.0631175779226166,1.5611012244864606
783,0.3465683067217469,0.0358528576314389,13.70235400836192,11,0.2219879636075347,4.167491255328059,0.2513925550505519,3,0.25800735889934,0.0631175779226166,1.5611012244864606
784,0.3465683067217469,0.0358528576314389,15.617511376467966,16,0.2219879636075347,4.167491255328059,0.2513925550505519,3,0.25800735889934,0.0631175779226166,1.5611012244864606
785,0.3465683067217469,0.0358528576314389,15.617511376467966,11,0.188514912687242,4.167491255328059,0.2513925550505519,3,0.25800735889934,0.0631175779226166,1.5611012244864606
786,0.3465683067217469,0.0358528576314389,15.617511376467966,11,0.2219879636075347,3.3707807697355747,0.2513925550505519,3,0.25800735889934,0.0631175779226166,1.5611012244864606
787,0.3465683067217469,0.0358528576314389,15.617511376467966,11,0.2219879636075347,4.167491255328059,0.0693194792140275,3,0.25800735889934,0.0631175779226166,1.5611012244864606
788,0.3465683067217469,0.0358528576314389,15.617511376467966,11,0.2219879636075347,4.167491255328059,0.2513925550505519,3,0.25800735889934,0.0631175779226166,1.5611012244864606
789,0.3465683067217469,0.0358528576314389,15.617511376467966,11,0.2219879636075347,4.167491255328059,0.2513925550505519,3,0.4476863399613648,0.0631175779226166,1.5611012244864606
790,0.3465683067217469,0.0358528576314389,15.617511376467966,11,0.2219879636075347,4.167491255328059,0.2513925550505519,3,0.25800735889934,0.0577434882666369,1.5611012244864606
791,0.3465683067217469,0.0358528576314389,15.617511376467966,11,0.2219879636075347,4.167491255328059,0.2513925550505519,3,0.25800735889934,0.0631175779226166,1.910682727198988
792,0.4977882217615842,0.1143831827935808,13.70235400836192,16,0.188514912687242,3.3707807697355747,0.0693194792140275,3,0.4476863399613648,0.0577434882666369,1.910682727198988
793,0.0226721048355102,0.1655730784831585,4.1284360326379534,4,0.1022520570084452,6.8509092926979065,0.203194198012352,1,0.2809999498538673,0.2234106671982436,4.450204702195472
794,0.2251119358465075,0.1655730784831585,4.1284360326379534,4,0.1022520570084452,6.8509092926979065,0.203194198012352,1,0.2809999498538673,0.2234106671982436,4.450204702195472
795,0.0226721048355102,0.0549186541403603,4.1284360326379534,4,0.1022520570084452,6.8509092926979065,0.203194198012352,1,0.2809999498538673,0.2234106671982436,4.450204702195472
796,0.0226721048355102,0.1655730784831585,4.532620804687364,4,0.1022520570084452,6.8509092926979065,0.203194198012352,1,0.2809999498538673,0.2234106671982436,4.450204702195472
797,0.0226721048355102,0.1655730784831585,4.1284360326379534,8,0.1022520570084452,6.8509092926979065,0.203194198012352,1,0.2809999498538673,0.2234106671982436,4.450204702195472
798,0.0226721048355102,0.1655730784831585,4.1284360326379534,4,0.1442090742755681,6.8509092926979065,0.203194198012352,1,0.2809999498538673,0.2234106671982436,4.450204702195472
799,0.0226721048355102,0.1655730784831585,4.1284360326379534,4,0.1022520570084452,5.076439470052719,0.203194198012352,1,0.2809999498538673,0.2234106671982436,4.450204702195472
800,0.0226721048355102,0.1655730784831585,4.1284360326379534,4,0.1022520570084452,6.8509092926979065,0.2850391856394708,1,0.2809999498538673,0.2234106671982436,4.450204702195472
801,0.0226721048355102,0.1655730784831585,4.1284360326379534,4,0.1022520570084452,6.8509092926979065,0.203194198012352,2,0.2809999498538673,0.2234106671982436,4.450204702195472
802,0.0226721048355102,0.1655730784831585,4.1284360326379534,4,0.1022520570084452,6.8509092926979065,0.203194198012352,1,0.2157416205387562,0.2234106671982436,4.450204702195472
803,0.0226721048355102,0.1655730784831585,4.1284360326379534,4,0.1022520570084452,6.8509092926979065,0.203194198012352,1,0.2809999498538673,0.2316701436603788,4.450204702195472
804,0.0226721048355102,0.1655730784831585,4.1284360326379534,4,0.1022520570084452,6.8509092926979065,0.203194198012352,1,0.2809999498538673,0.2234106671982436,6.934384787940624
805,0.2251119358465075,0.0549186541403603,4.532620804687364,8,0.1442090742755681,5.076439470052719,0.2850391856394708,2,0.2157416205387562,0.2316701436603788,6.934384787940624
806,0.2883580058813095,0.0534610522965606,12.135101584164302,16,0.1377160967793315,6.2922267857939005,0.3442842581775039,2,0.3914699145127088,0.0952408485354523,7.999970222419463
807,0.0002783244475722,0.0534610522965606,12.135101584164302,16,0.1377160967793315,6.2922267857939005,0.3442842581775039,2,0.3914699145127088,0.0952408485354523,7.999970222419463
808,0.2883580058813095,0.2012025638278257,12.135101584164302,16,0.1377160967793315,6.2922267857939005,0.3442842581775039,2,0.3914699145127088,0.0952408485354523,7.999970222419463
809,0.2883580058813095,0.0534610522965606,17.174459804632157,16,0.1377160967793315,6.2922267857939005,0.3442842581775039,2,0.3914699145127088,0.0952408485354523,7.999970222419463
810,0.2883580058813095,0.0534610522965606,12.135101584164302,5,0.1377160967793315,6.2922267857939005,0.3442842581775039,2,0.3914699145127088,0.0952408485354523,7.999970222419463
811,0.2883580058813095,0.0534610522965606,12.135101584164302,16,0.2993256994057446,6.2922267857939005,0.3442842581775039,2,0.3914699145127088,0.0952408485354523,7.999970222419463
812,0.2883580058813095,0.0534610522965606,12.135101584164302,16,0.1377160967793315,6.824789639562368,0.3442842581775039,2,0.3914699145127088,0.0952408485354523,7.999970222419463
813,0.2883580058813095,0.0534610522965606,12.135101584164302,16,0.1377160967793315,6.2922267857939005,0.2111449755728245,2,0.3914699145127088,0.0952408485354523,7.999970222419463
814,0.2883580058813095,0.0534610522965606,12.135101584164302,16,0.1377160967793315,6.2922267857939005,0.3442842581775039,1,0.3914699145127088,0.0952408485354523,7.999970222419463
815,0.2883580058813095,0.0534610522965606,12.135101584164302,16,0.1377160967793315,6.2922267857939005,0.3442842581775039,2,0.31583914430812,0.0952408485354523,7.999970222419463
816,0.2883580058813095,0.0534610522965606,12.135101584164302,16,0.1377160967793315,6.2922267857939005,0.3442842581775039,2,0.3914699145127088,0.0318649684153912,7.999970222419463
817,0.2883580058813095,0.0534610522965606,12.135101584164302,16,0.1377160967793315,6.2922267857939005,0.3442842581775039,2,0.3914699145127088,0.0952408485354523,4.463110383735375
818,0.0002783244475722,0.2012025638278257,17.174459804632157,5,0.2993256994057446,6.824789639562368,0.2111449755728245,1,0.31583914430812,0.0318649684153912,4.463110383735375
819,0.528465431369841,0.2552271355897457,7.434603262008371,9,0.2651420628651976,2.8818912468850613,0.1217688064556569,2,0.1475492345169186,0.0339968722140969,2.803314083476281
820,0.4229175914078951,0.2552271355897457,7.434603262008371,9,0.2651420628651976,2.8818912468850613,0.1217688064556569,2,0.1475492345169186,0.0339968722140969,2.803314083476281
821,0.528465431369841,0.0312082560020202,7.434603262008371,9,0.2651420628651976,2.8818912468850613,0.1217688064556569,2,0.1475492345169186,0.0339968722140969,2.803314083476281
822,0.528465431369841,0.2552271355897457,8.639889003575611,9,0.2651420628651976,2.8818912468850613,0.1217688064556569,2,0.1475492345169186,0.0339968722140969,2.803314083476281
823,0.528465431369841,0.2552271355897457,7.434603262008371,12,0.2651420628651976,2.8818912468850613,0.1217688064556569,2,0.1475492345169186,0.0339968722140969,2.803314083476281
824,0.528465431369841,0.2552271355897457,7.434603262008371,9,0.0684390833601355,2.8818912468850613,0.1217688064556569,2,0.1475492345169186,0.0339968722140969,2.803314083476281
825,0.528465431369841,0.2552271355897457,7.434603262008371,9,0.2651420628651976,4.739798970520496,0.1217688064556569,2,0.1475492345169186,0.0339968722140969,2.803314083476281
826,0.528465431369841,0.2552271355897457,7.434603262008371,9,0.2651420628651976,2.8818912468850613,0.3344971047248691,2,0.1475492345169186,0.0339968722140969,2.803314083476281
827,0.528465431369841,0.2552271355897457,7.434603262008371,9,0.2651420628651976,2.8818912468850613,0.1217688064556569,2,0.1475492345169186,0.0339968722140969,2.803314083476281
828,0.528465431369841,0.2552271355897457,7.434603262008371,9,0.2651420628651976,2.8818912468850613,0.1217688064556569,2,0.1261299883946776,0.0339968722140969,2.803314083476281
829,0.528465431369841,0.2552271355897457,7.434603262008371,9,0.2651420628651976,2.8818912468850613,0.1217688064556569,2,0.1475492345169186,0.1424921104392318,2.803314083476281
830,0.528465431369841,0.2552271355897457,7.434603262008371,9,0.2651420628651976,2.8818912468850613,0.1217688064556569,2,0.1475492345169186,0.0339968722140969,1.2347195833209217
831,0.4229175914078951,0.0312082560020202,8.639889003575611,12,0.0684390833601355,4.739798970520496,0.3344971047248691,2,0.1261299883946776,0.1424921104392318,1.2347195833209217
832,0.5310109717771411,0.0921378301738772,11.33958401990919,14,0.187143813772127,3.813575927168131,0.0696931265760213,2,0.2050978679209947,0.1077081182881499,6.352860607613926
833,0.0631871625781059,0.0921378301738772,11.33958401990919,14,0.187143813772127,3.813575927168131,0.0696931265760213,2,0.2050978679209947,0.1077081182881499,6.352860607613926
834,0.5310109717771411,0.1682498737903764,11.33958401990919,14,0.187143813772127,3.813575927168131,0.0696931265760213,2,0.2050978679209947,0.1077081182881499,6.352860607613926
835,0.5310109717771411,0.0921378301738772,4.570436846206707,14,0.187143813772127,3.813575927168131,0.0696931265760213,2,0.2050978679209947,0.1077081182881499,6.352860607613926
836,0.5310109717771411,0.0921378301738772,11.33958401990919,4,0.187143813772127,3.813575927168131,0.0696931265760213,2,0.2050978679209947,0.1077081182881499,6.352860607613926
837,0.5310109717771411,0.0921378301738772,11.33958401990919,14,0.1501738596241921,3.813575927168131,0.0696931265760213,2,0.2050978679209947,0.1077081182881499,6.352860607613926
838,0.5310109717771411,0.0921378301738772,11.33958401990919,14,0.187143813772127,5.924326760694385,0.0696931265760213,2,0.2050978679209947,0.1077081182881499,6.352860607613926
839,0.5310109717771411,0.0921378301738772,11.33958401990919,14,0.187143813772127,3.813575927168131,0.3595146879553795,2,0.2050978679209947,0.1077081182881499,6.352860607613926
840,0.5310109717771411,0.0921378301738772,11.33958401990919,14,0.187143813772127,3.813575927168131,0.0696931265760213,1,0.2050978679209947,0.1077081182881499,6.352860607613926
841,0.5310109717771411,0.0921378301738772,11.33958401990919,14,0.187143813772127,3.813575927168131,0.0696931265760213,2,0.4686379961669445,0.1077081182881499,6.352860607613926
842,0.5310109717771411,0.0921378301738772,11.33958401990919,14,0.187143813772127,3.813575927168131,0.0696931265760213,2,0.2050978679209947,0.0346199831751383,6.352860607613926
843,0.5310109717771411,0.0921378301738772,11.33958401990919,14,0.187143813772127,3.813575927168131,0.0696931265760213,2,0.2050978679209947,0.1077081182881499,2.514872304524707
844,0.0631871625781059,0.1682498737903764,4.570436846206707,4,0.1501738596241921,5.924326760694385,0.3595146879553795,1,0.4686379961669445,0.0346199831751383,2.514872304524707
845,0.2833228390663862,0.2001109715911727,7.150711968505906,8,0.0597174849361181,7.247345166280866,0.3742284978274256,2,0.3541516012046486,0.0309818580931379,2.2262826499021102
846,0.409224678017199,0.2001109715911727,7.150711968505906,8,0.0597174849361181,7.247345166280866,0.3742284978274256,2,0.3541516012046486,0.0309818580931379,2.2262826499021102
847,0.2833228390663862,0.0766373247005455,7.150711968505906,8,0.0597174849361181,7.247345166280866,0.3742284978274256,2,0.3541516012046486,0.0309818580931379,2.2262826499021102
848,0.2833228390663862,0.2001109715911727,13.446875873326215,8,0.0597174849361181,7.247345166280866,0.3742284978274256,2,0.3541516012046486,0.0309818580931379,2.2262826499021102
849,0.2833228390663862,0.2001109715911727,7.150711968505906,12,0.0597174849361181,7.247345166280866,0.3742284978274256,2,0.3541516012046486,0.0309818580931379,2.2262826499021102
850,0.2833228390663862,0.2001109715911727,7.150711968505906,8,0.1859766186214983,7.247345166280866,0.3742284978274256,2,0.3541516012046486,0.0309818580931379,2.2262826499021102
851,0.2833228390663862,0.2001109715911727,7.150711968505906,8,0.0597174849361181,2.7103020269423723,0.3742284978274256,2,0.3541516012046486,0.0309818580931379,2.2262826499021102
852,0.2833228390663862,0.2001109715911727,7.150711968505906,8,0.0597174849361181,7.247345166280866,0.1479683080222457,2,0.3541516012046486,0.0309818580931379,2.2262826499021102
853,0.2833228390663862,0.2001109715911727,7.150711968505906,8,0.0597174849361181,7.247345166280866,0.3742284978274256,2,0.3541516012046486,0.0309818580931379,2.2262826499021102
854,0.2833228390663862,0.2001109715911727,7.150711968505906,8,0.0597174849361181,7.247345166280866,0.3742284978274256,2,0.1947726028971374,0.0309818580931379,2.2262826499021102
855,0.2833228390663862,0.2001109715911727,7.150711968505906,8,0.0597174849361181,7.247345166280866,0.3742284978274256,2,0.3541516012046486,0.1315958807182047,2.2262826499021102
856,0.2833228390663862,0.2001109715911727,7.150711968505906,8,0.0597174849361181,7.247345166280866,0.3742284978274256,2,0.3541516012046486,0.0309818580931379,5.432744053075537
857,0.409224678017199,0.0766373247005455,13.446875873326215,12,0.1859766186214983,2.7103020269423723,0.1479683080222457,2,0.1947726028971374,0.1315958807182047,5.432744053075537
858,0.0240822505205869,0.0458555919794023,16.323002139050743,12,0.1492462455760687,5.895873166620731,0.1512888637371361,1,0.4651505653746426,0.0690949155649984,1.4146560570641151
859,0.484061056561768,0.0458555919794023,16.323002139050743,12,0.1492462455760687,5.895873166620731,0.1512888637371361,1,0.4651505653746426,0.0690949155649984,1.4146560570641151
860,0.0240822505205869,0.2814759529953699,16.323002139050743,12,0.1492462455760687,5.895873166620731,0.1512888637371361,1,0.4651505653746426,0.0690949155649984,1.4146560570641151
861,0.0240822505205869,0.0458555919794023,8.568344445008911,12,0.1492462455760687,5.895873166620731,0.1512888637371361,1,0.4651505653746426,0.0690949155649984,1.4146560570641151
862,0.0240822505205869,0.0458555919794023,16.323002139050743,15,0.1492462455760687,5.895873166620731,0.1512888637371361,1,0.4651505653746426,0.0690949155649984,1.4146560570641151
863,0.0240822505205869,0.0458555919794023,16.323002139050743,12,0.0695698724128306,5.895873166620731,0.1512888637371361,1,0.4651505653746426,0.0690949155649984,1.4146560570641151
864,0.0240822505205869,0.0458555919794023,16.323002139050743,12,0.1492462455760687,3.894692962989211,0.1512888637371361,1,0.4651505653746426,0.0690949155649984,1.4146560570641151
865,0.0240822505205869,0.0458555919794023,16.323002139050743,12,0.1492462455760687,5.895873166620731,0.2600316159892827,1,0.4651505653746426,0.0690949155649984,1.4146560570641151
866,0.0240822505205869,0.0458555919794023,16.323002139050743,12,0.1492462455760687,5.895873166620731,0.1512888637371361,3,0.4651505653746426,0.0690949155649984,1.4146560570641151
867,0.0240822505205869,0.0458555919794023,16.323002139050743,12,0.1492462455760687,5.895873166620731,0.1512888637371361,1,0.3227799875196069,0.0690949155649984,1.4146560570641151
868,0.0240822505205869,0.0458555919794023,16.323002139050743,12,0.1492462455760687,5.895873166620731,0.1512888637371361,1,0.4651505653746426,0.0541129478082632,1.4146560570641151
869,0.0240822505205869,0.0458555919794023,16.323002139050743,12,0.1492462455760687,5.895873166620731,0.1512888637371361,1,0.4651505653746426,0.0690949155649984,2.972219097771529
870,0.484061056561768,0.2814759529953699,8.568344445008911,15,0.0695698724128306,3.894692962989211,0.2600316159892827,3,0.3227799875196069,0.0541129478082632,2.972219097771529
871,0.3379810346290469,0.0958056229245522,4.441315640660712,6,0.2689817745238542,3.2358959820121527,0.2815084337256849,3,0.0940561644267291,0.1970802114740425,4.032992128383464
872,0.2880606047809124,0.0958056229245522,4.441315640660712,6,0.2689817745238542,3.2358959820121527,0.2815084337256849,3,0.0940561644267291,0.1970802114740425,4.032992128383464
873,0.3379810346290469,0.0458298644381566,4.441315640660712,6,0.2689817745238542,3.2358959820121527,0.2815084337256849,3,0.0940561644267291,0.1970802114740425,4.032992128383464
874,0.3379810346290469,0.0958056229245522,17.50039411004062,6,0.2689817745238542,3.2358959820121527,0.2815084337256849,3,0.0940561644267291,0.1970802114740425,4.032992128383464
875,0.3379810346290469,0.0958056229245522,4.441315640660712,8,0.2689817745238542,3.2358959820121527,0.2815084337256849,3,0.0940561644267291,0.1970802114740425,4.032992128383464
876,0.3379810346290469,0.0958056229245522,4.441315640660712,6,0.2937918547075241,3.2358959820121527,0.2815084337256849,3,0.0940561644267291,0.1970802114740425,4.032992128383464
877,0.3379810346290469,0.0958056229245522,4.441315640660712,6,0.2689817745238542,7.482304016128182,0.2815084337256849,3,0.0940561644267291,0.1970802114740425,4.032992128383464
878,0.3379810346290469,0.0958056229245522,4.441315640660712,6,0.2689817745238542,3.2358959820121527,0.132484798040241,3,0.0940561644267291,0.1970802114740425,4.032992128383464
879,0.3379810346290469,0.0958056229245522,4.441315640660712,6,0.2689817745238542,3.2358959820121527,0.2815084337256849,2,0.0940561644267291,0.1970802114740425,4.032992128383464
880,0.3379810346290469,0.0958056229245522,4.441315640660712,6,0.2689817745238542,3.2358959820121527,0.2815084337256849,3,0.1191790273878723,0.1970802114740425,4.032992128383464
881,0.3379810346290469,0.0958056229245522,4.441315640660712,6,0.2689817745238542,3.2358959820121527,0.2815084337256849,3,0.0940561644267291,0.2463809014656824,4.032992128383464
882,0.3379810346290469,0.0958056229245522,4.441315640660712,6,0.2689817745238542,3.2358959820121527,0.2815084337256849,3,0.0940561644267291,0.1970802114740425,1.3815135254596649
883,0.2880606047809124,0.0458298644381566,17.50039411004062,8,0.2937918547075241,7.482304016128182,0.132484798040241,2,0.1191790273878723,0.2463809014656824,1.3815135254596649
884,0.3765029981732368,0.0387515928273587,8.45933985790817,4,0.2419157351367175,4.289914013817906,0.1843193765264004,1,0.4049110502004623,0.0413637529464268,1.2667324438919365
885,0.2219421381130814,0.0387515928273587,8.45933985790817,4,0.2419157351367175,4.289914013817906,0.1843193765264004,1,0.4049110502004623,0.0413637529464268,1.2667324438919365
886,0.3765029981732368,0.1960288423318357,8.45933985790817,4,0.2419157351367175,4.289914013817906,0.1843193765264004,1,0.4049110502004623,0.0413637529464268,1.2667324438919365
887,0.3765029981732368,0.0387515928273587,11.371926997040342,4,0.2419157351367175,4.289914013817906,0.1843193765264004,1,0.4049110502004623,0.0413637529464268,1.2667324438919365
888,0.3765029981732368,0.0387515928273587,8.45933985790817,9,0.2419157351367175,4.289914013817906,0.1843193765264004,1,0.4049110502004623,0.0413637529464268,1.2667324438919365
889,0.3765029981732368,0.0387515928273587,8.45933985790817,4,0.268540369765833,4.289914013817906,0.1843193765264004,1,0.4049110502004623,0.0413637529464268,1.2667324438919365
890,0.3765029981732368,0.0387515928273587,8.45933985790817,4,0.2419157351367175,7.193676393479109,0.1843193765264004,1,0.4049110502004623,0.0413637529464268,1.2667324438919365
891,0.3765029981732368,0.0387515928273587,8.45933985790817,4,0.2419157351367175,4.289914013817906,0.0753440520260483,1,0.4049110502004623,0.0413637529464268,1.2667324438919365
892,0.3765029981732368,0.0387515928273587,8.45933985790817,4,0.2419157351367175,4.289914013817906,0.1843193765264004,3,0.4049110502004623,0.0413637529464268,1.2667324438919365
893,0.3765029981732368,0.0387515928273587,8.45933985790817,4,0.2419157351367175,4.289914013817906,0.1843193765264004,1,0.4172635560389608,0.0413637529464268,1.2667324438919365
894,0.3765029981732368,0.0387515928273587,8.45933985790817,4,0.2419157351367175,4.289914013817906,0.1843193765264004,1,0.4049110502004623,0.0461626368566183,1.2667324438919365
895,0.3765029981732368,0.0387515928273587,8.45933985790817,4,0.2419157351367175,4.289914013817906,0.1843193765264004,1,0.4049110502004623,0.0413637529464268,1.9352908965383773
896,0.2219421381130814,0.1960288423318357,11.371926997040342,9,0.268540369765833,7.193676393479109,0.0753440520260483,3,0.4172635560389608,0.0461626368566183,1.9352908965383773
897,0.1379040548577904,0.1491513804246029,13.436091136725093,11,0.113573868246749,7.699879754334688,0.2270490252878517,3,0.1569733942393213,0.1438006738728859,3.551062337780461
898,0.5504743158817291,0.1491513804246029,13.436091136725093,11,0.113573868246749,7.699879754334688,0.2270490252878517,3,0.1569733942393213,0.1438006738728859,3.551062337780461
899,0.1379040548577904,0.0320274013335433,13.436091136725093,11,0.113573868246749,7.699879754334688,0.2270490252878517,3,0.1569733942393213,0.1438006738728859,3.551062337780461
900,0.1379040548577904,0.1491513804246029,5.423545032464427,11,0.113573868246749,7.699879754334688,0.2270490252878517,3,0.1569733942393213,0.1438006738728859,3.551062337780461
901,0.1379040548577904,0.1491513804246029,13.436091136725093,14,0.113573868246749,7.699879754334688,0.2270490252878517,3,0.1569733942393213,0.1438006738728859,3.551062337780461
902,0.1379040548577904,0.1491513804246029,13.436091136725093,11,0.0992230420932173,7.699879754334688,0.2270490252878517,3,0.1569733942393213,0.1438006738728859,3.551062337780461
903,0.1379040548577904,0.1491513804246029,13.436091136725093,11,0.113573868246749,4.359011881053448,0.2270490252878517,3,0.1569733942393213,0.1438006738728859,3.551062337780461
904,0.1379040548577904,0.1491513804246029,13.436091136725093,11,0.113573868246749,7.699879754334688,0.300552994851023,3,0.1569733942393213,0.1438006738728859,3.551062337780461
905,0.1379040548577904,0.1491513804246029,13.436091136725093,11,0.113573868246749,7.699879754334688,0.2270490252878517,2,0.1569733942393213,0.1438006738728859,3.551062337780461
906,0.1379040548577904,0.1491513804246029,13.436091136725093,11,0.113573868246749,7.699879754334688,0.2270490252878517,3,0.2409027887973934,0.1438006738728859,3.551062337780461
907,0.1379040548577904,0.1491513804246029,13.436091136725093,11,0.113573868246749,7.699879754334688,0.2270490252878517,3,0.1569733942393213,0.0986929527389883,3.551062337780461
908,0.1379040548577904,0.1491513804246029,13.436091136725093,11,0.113573868246749,7.699879754334688,0.2270490252878517,3,0.1569733942393213,0.1438006738728859,7.0597505638733855
909,0.5504743158817291,0.0320274013335433,5.423545032464427,14,0.0992230420932173,4.359011881053448,0.300552994851023,2,0.2409027887973934,0.0986929527389883,7.0597505638733855
910,0.1698008755221962,0.0613835846078301,5.880557219097612,9,0.0942282813601195,5.255953019484878,0.1023598745465278,2,0.2713798300363123,0.2631300905224479,5.604684478685914
911,0.3253065682947635,0.0613835846078301,5.880557219097612,9,0.0942282813601195,5.255953019484878,0.1023598745465278,2,0.2713798300363123,0.2631300905224479,5.604684478685914
912,0.1698008755221962,0.1176374285880545,5.880557219097612,9,0.0942282813601195,5.255953019484878,0.1023598745465278,2,0.2713798300363123,0.2631300905224479,5.604684478685914
913,0.1698008755221962,0.0613835846078301,20.658338525328773,9,0.0942282813601195,5.255953019484878,0.1023598745465278,2,0.2713798300363123,0.2631300905224479,5.604684478685914
914,0.1698008755221962,0.0613835846078301,5.880557219097612,10,0.0942282813601195,5.255953019484878,0.1023598745465278,2,0.2713798300363123,0.2631300905224479,5.604684478685914
915,0.1698008755221962,0.0613835846078301,5.880557219097612,9,0.2192540338262915,5.255953019484878,0.1023598745465278,2,0.2713798300363123,0.2631300905224479,5.604684478685914
916,0.1698008755221962,0.0613835846078301,5.880557219097612,9,0.0942282813601195,2.990216750651598,0.1023598745465278,2,0.2713798300363123,0.2631300905224479,5.604684478685914
917,0.1698008755221962,0.0613835846078301,5.880557219097612,9,0.0942282813601195,5.255953019484878,0.1941813955083489,2,0.2713798300363123,0.2631300905224479,5.604684478685914
918,0.1698008755221962,0.0613835846078301,5.880557219097612,9,0.0942282813601195,5.255953019484878,0.1023598745465278,1,0.2713798300363123,0.2631300905224479,5.604684478685914
919,0.1698008755221962,0.0613835846078301,5.880557219097612,9,0.0942282813601195,5.255953019484878,0.1023598745465278,2,0.3416339308023453,0.2631300905224479,5.604684478685914
920,0.1698008755221962,0.0613835846078301,5.880557219097612,9,0.0942282813601195,5.255953019484878,0.1023598745465278,2,0.2713798300363123,0.07215792453702,5.604684478685914
921,0.1698008755221962,0.0613835846078301,5.880557219097612,9,0.0942282813601195,5.255953019484878,0.1023598745465278,2,0.2713798300363123,0.2631300905224479,3.8780661282007434
922,0.3253065682947635,0.1176374285880545,20.658338525328773,10,0.2192540338262915,2.990216750651598,0.1941813955083489,1,0.3416339308023453,0.07215792453702,3.8780661282007434
923,0.4921891674399375,0.2283015172035347,21.618505399903164,16,0.2148793418426066,2.572172336280346,0.3194065345451236,2,0.2904653083067387,0.0922515333385392,1.9971474603836836
924,0.146810551173985,0.2283015172035347,21.618505399903164,16,0.2148793418426066,2.572172336280346,0.3194065345451236,2,0.2904653083067387,0.0922515333385392,1.9971474603836836
925,0.4921891674399375,0.0534069471853277,21.618505399903164,16,0.2148793418426066,2.572172336280346,0.3194065345451236,2,0.2904653083067387,0.0922515333385392,1.9971474603836836
926,0.4921891674399375,0.2283015172035347,7.233496555411272,16,0.2148793418426066,2.572172336280346,0.3194065345451236,2,0.2904653083067387,0.0922515333385392,1.9971474603836836
927,0.4921891674399375,0.2283015172035347,21.618505399903164,7,0.2148793418426066,2.572172336280346,0.3194065345451236,2,0.2904653083067387,0.0922515333385392,1.9971474603836836
928,0.4921891674399375,0.2283015172035347,21.618505399903164,16,0.113470370369032,2.572172336280346,0.3194065345451236,2,0.2904653083067387,0.0922515333385392,1.9971474603836836
929,0.4921891674399375,0.2283015172035347,21.618505399903164,16,0.2148793418426066,5.445469185709953,0.3194065345451236,2,0.2904653083067387,0.0922515333385392,1.9971474603836836
930,0.4921891674399375,0.2283015172035347,21.618505399903164,16,0.2148793418426066,2.572172336280346,0.3299219794105738,2,0.2904653083067387,0.0922515333385392,1.9971474603836836
931,0.4921891674399375,0.2283015172035347,21.618505399903164,16,0.2148793418426066,2.572172336280346,0.3194065345451236,2,0.2904653083067387,0.0922515333385392,1.9971474603836836
932,0.4921891674399375,0.2283015172035347,21.618505399903164,16,0.2148793418426066,2.572172336280346,0.3194065345451236,2,0.0950224633328616,0.0922515333385392,1.9971474603836836
933,0.4921891674399375,0.2283015172035347,21.618505399903164,16,0.2148793418426066,2.572172336280346,0.3194065345451236,2,0.2904653083067387,0.1847701685537207,1.9971474603836836
934,0.4921891674399375,0.2283015172035347,21.618505399903164,16,0.2148793418426066,2.572172336280346,0.3194065345451236,2,0.2904653083067387,0.0922515333385392,1.0588197650896145
935,0.146810551173985,0.0534069471853277,7.233496555411272,7,0.113470370369032,5.445469185709953,0.3299219794105738,2,0.0950224633328616,0.1847701685537207,1.0588197650896145
936,0.4554540423676371,0.0528793766847761,5.447117648651905,11,0.0791894983965903,2.7788517121225595,0.223785465490073,1,0.4203058599960059,0.1901475249258547,1.7505996548388572
937,0.0151961272582411,0.0528793766847761,5.447117648651905,11,0.0791894983965903,2.7788517121225595,0.223785465490073,1,0.4203058599960059,0.1901475249258547,1.7505996548388572
938,0.4554540423676371,0.0358708338446031,5.447117648651905,11,0.0791894983965903,2.7788517121225595,0.223785465490073,1,0.4203058599960059,0.1901475249258547,1.7505996548388572
939,0.4554540423676371,0.0528793766847761,23.51125746068128,11,0.0791894983965903,2.7788517121225595,0.223785465490073,1,0.4203058599960059,0.1901475249258547,1.7505996548388572
940,0.4554540423676371,0.0528793766847761,5.447117648651905,16,0.0791894983965903,2.7788517121225595,0.223785465490073,1,0.4203058599960059,0.1901475249258547,1.7505996548388572
941,0.4554540423676371,0.0528793766847761,5.447117648651905,11,0.2463745318353176,2.7788517121225595,0.223785465490073,1,0.4203058599960059,0.1901475249258547,1.7505996548388572
942,0.4554540423676371,0.0528793766847761,5.447117648651905,11,0.0791894983965903,3.624272845685482,0.223785465490073,1,0.4203058599960059,0.1901475249258547,1.7505996548388572
943,0.4554540423676371,0.0528793766847761,5.447117648651905,11,0.0791894983965903,2.7788517121225595,0.102633010270074,1,0.4203058599960059,0.1901475249258547,1.7505996548388572
944,0.4554540423676371,0.0528793766847761,5.447117648651905,11,0.0791894983965903,2.7788517121225595,0.223785465490073,3,0.4203058599960059,0.1901475249258547,1.7505996548388572
945,0.4554540423676371,0.0528793766847761,5.447117648651905,11,0.0791894983965903,2.7788517121225595,0.223785465490073,1,0.3013966809026897,0.1901475249258547,1.7505996548388572
946,0.4554540423676371,0.0528793766847761,5.447117648651905,11,0.0791894983965903,2.7788517121225595,0.223785465490073,1,0.4203058599960059,0.0494294380325288,1.7505996548388572
947,0.4554540423676371,0.0528793766847761,5.447117648651905,11,0.0791894983965903,2.7788517121225595,0.223785465490073,1,0.4203058599960059,0.1901475249258547,6.377187052249887
948,0.0151961272582411,0.0358708338446031,23.51125746068128,16,0.2463745318353176,3.624272845685482,0.102633010270074,3,0.3013966809026897,0.0494294380325288,6.377187052249887
949,0.2065554197877645,0.1107874539182532,20.5755687885247,5,0.1989251698367297,6.212269213050604,0.2637806975282729,3,0.1195793223567307,0.0537200291009117,4.992929214288484
950,0.4173736441880464,0.1107874539182532,20.5755687885247,5,0.1989251698367297,6.212269213050604,0.2637806975282729,3,0.1195793223567307,0.0537200291009117,4.992929214288484
951,0.2065554197877645,0.1751497159834725,20.5755687885247,5,0.1989251698367297,6.212269213050604,0.2637806975282729,3,0.1195793223567307,0.0537200291009117,4.992929214288484
952,0.2065554197877645,0.1107874539182532,6.4030174508033895,5,0.1989251698367297,6.212269213050604,0.2637806975282729,3,0.1195793223567307,0.0537200291009117,4.992929214288484
953,0.2065554197877645,0.1107874539182532,20.5755687885247,7,0.1989251698367297,6.212269213050604,0.2637806975282729,3,0.1195793223567307,0.0537200291009117,4.992929214288484
954,0.2065554197877645,0.1107874539182532,20.5755687885247,5,0.0858616451267153,6.212269213050604,0.2637806975282729,3,0.1195793223567307,0.0537200291009117,4.992929214288484
955,0.2065554197877645,0.1107874539182532,20.5755687885247,5,0.1989251698367297,7.916788768023252,0.2637806975282729,3,0.1195793223567307,0.0537200291009117,4.992929214288484
956,0.2065554197877645,0.1107874539182532,20.5755687885247,5,0.1989251698367297,6.212269213050604,0.2300636987201869,3,0.1195793223567307,0.0537200291009117,4.992929214288484
957,0.2065554197877645,0.1107874539182532,20.5755687885247,5,0.1989251698367297,6.212269213050604,0.2637806975282729,2,0.1195793223567307,0.0537200291009117,4.992929214288484
958,0.2065554197877645,0.1107874539182532,20.5755687885247,5,0.1989251698367297,6.212269213050604,0.2637806975282729,3,0.1404230996966362,0.0537200291009117,4.992929214288484
959,0.2065554197877645,0.1107874539182532,20.5755687885247,5,0.1989251698367297,6.212269213050604,0.2637806975282729,3,0.1195793223567307,0.1220847432074397,4.992929214288484
960,0.2065554197877645,0.1107874539182532,20.5755687885247,5,0.1989251698367297,6.212269213050604,0.2637806975282729,3,0.1195793223567307,0.0537200291009117,1.762508452671672
961,0.4173736441880464,0.1751497159834725,6.4030174508033895,7,0.0858616451267153,7.916788768023252,0.2300636987201869,2,0.1404230996966362,0.1220847432074397,1.762508452671672
962,0.0996583130210638,0.0798981403229956,8.764337819145382,15,0.2884509046096354,6.743474511429668,0.131251665065065,2,0.2306074647698551,0.0398490333007851,3.163185087549452
963,0.492242844030261,0.0798981403229956,8.764337819145382,15,0.2884509046096354,6.743474511429668,0.131251665065065,2,0.2306074647698551,0.0398490333007851,3.163185087549452
964,0.0996583130210638,0.0641606951015119,8.764337819145382,15,0.2884509046096354,6.743474511429668,0.131251665065065,2,0.2306074647698551,0.0398490333007851,3.163185087549452
965,0.0996583130210638,0.0798981403229956,9.993957565685172,15,0.2884509046096354,6.743474511429668,0.131251665065065,2,0.2306074647698551,0.0398490333007851,3.163185087549452
966,0.0996583130210638,0.0798981403229956,8.764337819145382,5,0.2884509046096354,6.743474511429668,0.131251665065065,2,0.2306074647698551,0.0398490333007851,3.163185087549452
967,0.0996583130210638,0.0798981403229956,8.764337819145382,15,0.2331646228674799,6.743474511429668,0.131251665065065,2,0.2306074647698551,0.0398490333007851,3.163185087549452
968,0.0996583130210638,0.0798981403229956,8.764337819145382,15,0.2884509046096354,6.19333316385746,0.131251665065065,2,0.2306074647698551,0.0398490333007851,3.163185087549452
969,0.0996583130210638,0.0798981403229956,8.764337819145382,15,0.2884509046096354,6.743474511429668,0.1778508823364973,2,0.2306074647698551,0.0398490333007851,3.163185087549452
970,0.0996583130210638,0.0798981403229956,8.764337819145382,15,0.2884509046096354,6.743474511429668,0.131251665065065,1,0.2306074647698551,0.0398490333007851,3.163185087549452
971,0.0996583130210638,0.0798981403229956,8.764337819145382,15,0.2884509046096354,6.743474511429668,0.131251665065065,2,0.4894715605769306,0.0398490333007851,3.163185087549452
972,0.0996583130210638,0.0798981403229956,8.764337819145382,15,0.2884509046096354,6.743474511429668,0.131251665065065,2,0.2306074647698551,0.0898775203482279,3.163185087549452
973,0.0996583130210638,0.0798981403229956,8.764337819145382,15,0.2884509046096354,6.743474511429668,0.131251665065065,2,0.2306074647698551,0.0398490333007851,1.171810438516628
974,0.492242844030261,0.0641606951015119,9.993957565685172,5,0.2331646228674799,6.19333316385746,0.1778508823364973,1,0.4894715605769306,0.0898775203482279,1.171810438516628
975,0.4147681592032313,0.1730470777120236,14.303209024902085,9,0.1610247033648192,4.0831398665905,0.3455639917869121,2,0.3092933397740126,0.1116352261406412,1.110116611760009
976,0.2400288803502917,0.1730470777120236,14.303209024902085,9,0.1610247033648192,4.0831398665905,0.3455639917869121,2,0.3092933397740126,0.1116352261406412,1.110116611760009
977,0.4147681592032313,0.097850937530055,14.303209024902085,9,0.1610247033648192,4.0831398665905,0.3455639917869121,2,0.3092933397740126,0.1116352261406412,1.110116611760009
978,0.4147681592032313,0.1730470777120236,6.125447188271896,9,0.1610247033648192,4.0831398665905,0.3455639917869121,2,0.3092933397740126,0.1116352261406412,1.110116611760009
979,0.4147681592032313,0.1730470777120236,14.303209024902085,12,0.1610247033648192,4.0831398665905,0.3455639917869121,2,0.3092933397740126,0.1116352261406412,1.110116611760009
980,0.4147681592032313,0.1730470777120236,14.303209024902085,9,0.1341104425489902,4.0831398665905,0.3455639917869121,2,0.3092933397740126,0.1116352261406412,1.110116611760009
981,0.4147681592032313,0.1730470777120236,14.303209024902085,9,0.1610247033648192,2.277230966836214,0.3455639917869121,2,0.3092933397740126,0.1116352261406412,1.110116611760009
982,0.4147681592032313,0.1730470777120236,14.303209024902085,9,0.1610247033648192,4.0831398665905,0.3894519960042089,2,0.3092933397740126,0.1116352261406412,1.110116611760009
983,0.4147681592032313,0.1730470777120236,14.303209024902085,9,0.1610247033648192,4.0831398665905,0.3455639917869121,2,0.3092933397740126,0.1116352261406412,1.110116611760009
984,0.4147681592032313,0.1730470777120236,14.303209024902085,9,0.1610247033648192,4.0831398665905,0.3455639917869121,2,0.1738585462328046,0.1116352261406412,1.110116611760009
985,0.4147681592032313,0.1730470777120236,14.303209024902085,9,0.1610247033648192,4.0831398665905,0.3455639917869121,2,0.3092933397740126,0.1991565089283043,1.110116611760009
986,0.4147681592032313,0.1730470777120236,14.303209024902085,9,0.1610247033648192,4.0831398665905,0.3455639917869121,2,0.3092933397740126,0.1116352261406412,4.25728708500125
987,0.2400288803502917,0.097850937530055,6.125447188271896,12,0.1341104425489902,2.277230966836214,0.3894519960042089,2,0.1738585462328046,0.1991565089283043,4.25728708500125
988,0.3009440660476684,0.0709462404172895,17.636802476568093,8,0.1330429997295141,2.326088409870863,0.0763469645753502,2,0.1685827064793557,0.0717212758464054,4.545879604732296
989,0.1552695874124765,0.0709462404172895,17.636802476568093,8,0.1330429997295141,2.326088409870863,0.0763469645753502,2,0.1685827064793557,0.0717212758464054,4.545879604732296
990,0.3009440660476684,0.0922315735878554,17.636802476568093,8,0.1330429997295141,2.326088409870863,0.0763469645753502,2,0.1685827064793557,0.0717212758464054,4.545879604732296
991,0.3009440660476684,0.0709462404172895,9.480616547011536,8,0.1330429997295141,2.326088409870863,0.0763469645753502,2,0.1685827064793557,0.0717212758464054,4.545879604732296
992,0.3009440660476684,0.0709462404172895,17.636802476568093,11,0.1330429997295141,2.326088409870863,0.0763469645753502,2,0.1685827064793557,0.0717212758464054,4.545879604732296
993,0.3009440660476684,0.0709462404172895,17.636802476568093,8,0.1596671498380601,2.326088409870863,0.0763469645753502,2,0.1685827064793557,0.0717212758464054,4.545879604732296
994,0.3009440660476684,0.0709462404172895,17.636802476568093,8,0.1330429997295141,3.4917327780276537,0.0763469645753502,2,0.1685827064793557,0.0717212758464054,4.545879604732296
995,0.3009440660476684,0.0709462404172895,17.636802476568093,8,0.1330429997295141,2.326088409870863,0.343376917950809,2,0.1685827064793557,0.0717212758464054,4.545879604732296
996,0.3009440660476684,0.0709462404172895,17.636802476568093,8,0.1330429997295141,2.326088409870863,0.0763469645753502,1,0.1685827064793557,0.0717212758464054,4.545879604732296
997,0.3009440660476684,0.0709462404172895,17.636802476568093,8,0.1330429997295141,2.326088409870863,0.0763469645753502,2,0.3624681657645851,0.0717212758464054,4.545879604732296
998,0.3009440660476684,0.0709462404172895,17.636802476568093,8,0.1330429997295141,2.326088409870863,0.0763469645753502,2,0.1685827064793557,0.0370644084349705,4.545879604732296
999,0.3009440660476684,0.0709462404172895,17.636802476568093,8,0.1330429997295141,2.326088409870863,0.0763469645753502,2,0.1685827064793557,0.0717212758464054,4.947554857134577
1000,0.1552695874124765,0.0922315735878554,9.480616547011536,11,0.1596671498380601,3.4917327780276537,0.343376917950809,1,0.3624681657645851,0.0370644084349705,4.947554857134577
1001,0.0611386382952332,0.2634135683128404,4.662229189448812,14,0.2536941878031939,5.736434498801827,0.3781479191035032,2,0.3704253130592406,0.2538647703845988,1.6207800155059449
1002,0.5772955706343055,0.2634135683128404,4.662229189448812,14,0.2536941878031939,5.736434498801827,0.3781479191035032,2,0.3704253130592406,0.2538647703845988,1.6207800155059449
1003,0.0611386382952332,0.1398629315382003,4.662229189448812,14,0.2536941878031939,5.736434498801827,0.3781479191035032,2,0.3704253130592406,0.2538647703845988,1.6207800155059449
1004,0.0611386382952332,0.2634135683128404,15.934947639935515,14,0.2536941878031939,5.736434498801827,0.3781479191035032,2,0.3704253130592406,0.2538647703845988,1.6207800155059449
1005,0.0611386382952332,0.2634135683128404,4.662229189448812,6,0.2536941878031939,5.736434498801827,0.3781479191035032,2,0.3704253130592406,0.2538647703845988,1.6207800155059449
1006,0.0611386382952332,0.2634135683128404,4.662229189448812,14,0.2041827970650047,5.736434498801827,0.3781479191035032,2,0.3704253130592406,0.2538647703845988,1.6207800155059449
1007,0.0611386382952332,0.2634135683128404,4.662229189448812,14,0.2536941878031939,5.154888523742557,0.3781479191035032,2,0.3704253130592406,0.2538647703845988,1.6207800155059449
1008,0.0611386382952332,0.2634135683128404,4.662229189448812,14,0.2536941878031939,5.736434498801827,0.2077338289003819,2,0.3704253130592406,0.2538647703845988,1.6207800155059449
1009,0.0611386382952332,0.2634135683128404,4.662229189448812,14,0.2536941878031939,5.736434498801827,0.3781479191035032,2,0.3704253130592406,0.2538647703845988,1.6207800155059449
1010,0.0611386382952332,0.2634135683128404,4.662229189448812,14,0.2536941878031939,5.736434498801827,0.3781479191035032,2,0.0741073606070131,0.2538647703845988,1.6207800155059449
1011,0.0611386382952332,0.2634135683128404,4.662229189448812,14,0.2536941878031939,5.736434498801827,0.3781479191035032,2,0.3704253130592406,0.162810495546075,1.6207800155059449
1012,0.0611386382952332,0.2634135683128404,4.662229189448812,14,0.2536941878031939,5.736434498801827,0.3781479191035032,2,0.3704253130592406,0.2538647703845988,2.27180040773306
1013,0.5772955706343055,0.1398629315382003,15.934947639935515,6,0.2041827970650047,5.154888523742557,0.2077338289003819,2,0.0741073606070131,0.162810495546075,2.27180040773306
1014,0.2453795129433274,0.033528928531655,10.954248186663872,6,0.2343513567000627,7.406877890229225,0.1692432363983244,1,0.484857507282868,0.1490488127554048,2.5502001444522318
1015,0.3521695135161281,0.033528928531655,10.954248186663872,6,0.2343513567000627,7.406877890229225,0.1692432363983244,1,0.484857507282868,0.1490488127554048,2.5502001444522318
1016,0.2453795129433274,0.0512461757531973,10.954248186663872,6,0.2343513567000627,7.406877890229225,0.1692432363983244,1,0.484857507282868,0.1490488127554048,2.5502001444522318
1017,0.2453795129433274,0.033528928531655,4.129877817503341,6,0.2343513567000627,7.406877890229225,0.1692432363983244,1,0.484857507282868,0.1490488127554048,2.5502001444522318
1018,0.2453795129433274,0.033528928531655,10.954248186663872,10,0.2343513567000627,7.406877890229225,0.1692432363983244,1,0.484857507282868,0.1490488127554048,2.5502001444522318
1019,0.2453795129433274,0.033528928531655,10.954248186663872,6,0.0527673819568008,7.406877890229225,0.1692432363983244,1,0.484857507282868,0.1490488127554048,2.5502001444522318
1020,0.2453795129433274,0.033528928531655,10.954248186663872,6,0.2343513567000627,6.68774832226336,0.1692432363983244,1,0.484857507282868,0.1490488127554048,2.5502001444522318
1021,0.2453795129433274,0.033528928531655,10.954248186663872,6,0.2343513567000627,7.406877890229225,0.2870861078146845,1,0.484857507282868,0.1490488127554048,2.5502001444522318
1022,0.2453795129433274,0.033528928531655,10.954248186663872,6,0.2343513567000627,7.406877890229225,0.1692432363983244,3,0.484857507282868,0.1490488127554048,2.5502001444522318
1023,0.2453795129433274,0.033528928531655,10.954248186663872,6,0.2343513567000627,7.406877890229225,0.1692432363983244,1,0.3958812954835594,0.1490488127554048,2.5502001444522318
1024,0.2453795129433274,0.033528928531655,10.954248186663872,6,0.2343513567000627,7.406877890229225,0.1692432363983244,1,0.484857507282868,0.0673924149706616,2.5502001444522318
1025,0.2453795129433274,0.033528928531655,10.954248186663872,6,0.2343513567000627,7.406877890229225,0.1692432363983244,1,0.484857507282868,0.1490488127554048,1.5165635208712709
1026,0.3521695135161281,0.0512461757531973,4.129877817503341,10,0.0527673819568008,6.68774832226336,0.2870861078146845,3,0.3958812954835594,0.0673924149706616,1.5165635208712709
1027,0.5689737170934677,0.129272144020374,6.711149361211721,12,0.1060096323024481,4.723471833392978,0.2967284731101245,3,0.0541627012193203,0.053204093424374,7.160375700186681
1028,0.0801067527383565,0.129272144020374,6.711149361211721,12,0.1060096323024481,4.723471833392978,0.2967284731101245,3,0.0541627012193203,0.053204093424374,7.160375700186681
1029,0.5689737170934677,0.2516177382721674,6.711149361211721,12,0.1060096323024481,4.723471833392978,0.2967284731101245,3,0.0541627012193203,0.053204093424374,7.160375700186681
1030,0.5689737170934677,0.129272144020374,14.77150523989871,12,0.1060096323024481,4.723471833392978,0.2967284731101245,3,0.0541627012193203,0.053204093424374,7.160375700186681
1031,0.5689737170934677,0.129272144020374,6.711149361211721,14,0.1060096323024481,4.723471833392978,0.2967284731101245,3,0.0541627012193203,0.053204093424374,7.160375700186681
1032,0.5689737170934677,0.129272144020374,6.711149361211721,12,0.2838714352808892,4.723471833392978,0.2967284731101245,3,0.0541627012193203,0.053204093424374,7.160375700186681
1033,0.5689737170934677,0.129272144020374,6.711149361211721,12,0.1060096323024481,4.654004609212279,0.2967284731101245,3,0.0541627012193203,0.053204093424374,7.160375700186681
1034,0.5689737170934677,0.129272144020374,6.711149361211721,12,0.1060096323024481,4.723471833392978,0.0618037235923111,3,0.0541627012193203,0.053204093424374,7.160375700186681
1035,0.5689737170934677,0.129272144020374,6.711149361211721,12,0.1060096323024481,4.723471833392978,0.2967284731101245,2,0.0541627012193203,0.053204093424374,7.160375700186681
1036,0.5689737170934677,0.129272144020374,6.711149361211721,12,0.1060096323024481,4.723471833392978,0.2967284731101245,3,0.2621461905539036,0.053204093424374,7.160375700186681
1037,0.5689737170934677,0.129272144020374,6.711149361211721,12,0.1060096323024481,4.723471833392978,0.2967284731101245,3,0.0541627012193203,0.2655992868423781,7.160375700186681
1038,0.5689737170934677,0.129272144020374,6.711149361211721,12,0.1060096323024481,4.723471833392978,0.2967284731101245,3,0.0541627012193203,0.053204093424374,3.2895082721545106
1039,0.0801067527383565,0.2516177382721674,14.77150523989871,14,0.2838714352808892,4.654004609212279,0.0618037235923111,2,0.2621461905539036,0.2655992868423781,3.2895082721545106
1040,0.5964107064530253,0.0301068725846244,19.86685071607627,10,0.2836837544571608,5.476661572232842,0.3668461203575134,1,0.1323880027979612,0.1310058431609499,7.706396707101685
1041,0.2022886281833052,0.0301068725846244,19.86685071607627,10,0.2836837544571608,5.476661572232842,0.3668461203575134,1,0.1323880027979612,0.1310058431609499,7.706396707101685
1042,0.5964107064530253,0.0574183798372951,19.86685071607627,10,0.2836837544571608,5.476661572232842,0.3668461203575134,1,0.1323880027979612,0.1310058431609499,7.706396707101685
1043,0.5964107064530253,0.0301068725846244,12.150441775567309,10,0.2836837544571608,5.476661572232842,0.3668461203575134,1,0.1323880027979612,0.1310058431609499,7.706396707101685
1044,0.5964107064530253,0.0301068725846244,19.86685071607627,8,0.2836837544571608,5.476661572232842,0.3668461203575134,1,0.1323880027979612,0.1310058431609499,7.706396707101685
1045,0.5964107064530253,0.0301068725846244,19.86685071607627,10,0.1544546810444444,5.476661572232842,0.3668461203575134,1,0.1323880027979612,0.1310058431609499,7.706396707101685
1046,0.5964107064530253,0.0301068725846244,19.86685071607627,10,0.2836837544571608,4.241122044622898,0.3668461203575134,1,0.1323880027979612,0.1310058431609499,7.706396707101685
1047,0.5964107064530253,0.0301068725846244,19.86685071607627,10,0.2836837544571608,5.476661572232842,0.1668543067760765,1,0.1323880027979612,0.1310058431609499,7.706396707101685
1048,0.5964107064530253,0.0301068725846244,19.86685071607627,10,0.2836837544571608,5.476661572232842,0.3668461203575134,3,0.1323880027979612,0.1310058431609499,7.706396707101685
1049,0.5964107064530253,0.0301068725846244,19.86685071607627,10,0.2836837544571608,5.476661572232842,0.3668461203575134,1,0.451840118644759,0.1310058431609499,7.706396707101685
1050,0.5964107064530253,0.0301068725846244,19.86685071607627,10,0.2836837544571608,5.476661572232842,0.3668461203575134,1,0.1323880027979612,0.1166952822467279,7.706396707101685
1051,0.5964107064530253,0.0301068725846244,19.86685071607627,10,0.2836837544571608,5.476661572232842,0.3668461203575134,1,0.1323880027979612,0.1310058431609499,4.027861209615812
1052,0.2022886281833052,0.0574183798372951,12.150441775567309,8,0.1544546810444444,4.241122044622898,0.1668543067760765,3,0.451840118644759,0.1166952822467279,4.027861209615812
1053,0.2344214256852865,0.1439630947663644,5.105907465790533,16,0.154334944859147,2.1600796096026897,0.0561578003689646,3,0.4365133284125477,0.0455441630056908,2.7045546552502078
1054,0.5299881387501955,0.1439630947663644,5.105907465790533,16,0.154334944859147,2.1600796096026897,0.0561578003689646,3,0.4365133284125477,0.0455441630056908,2.7045546552502078
1055,0.2344214256852865,0.1263361077749767,5.105907465790533,16,0.154334944859147,2.1600796096026897,0.0561578003689646,3,0.4365133284125477,0.0455441630056908,2.7045546552502078
1056,0.2344214256852865,0.1439630947663644,5.023032064088063,16,0.154334944859147,2.1600796096026897,0.0561578003689646,3,0.4365133284125477,0.0455441630056908,2.7045546552502078
1057,0.2344214256852865,0.1439630947663644,5.105907465790533,16,0.154334944859147,2.1600796096026897,0.0561578003689646,3,0.4365133284125477,0.0455441630056908,2.7045546552502078
1058,0.2344214256852865,0.1439630947663644,5.105907465790533,16,0.1821741263382136,2.1600796096026897,0.0561578003689646,3,0.4365133284125477,0.0455441630056908,2.7045546552502078
1059,0.2344214256852865,0.1439630947663644,5.105907465790533,16,0.154334944859147,7.40541073307395,0.0561578003689646,3,0.4365133284125477,0.0455441630056908,2.7045546552502078
1060,0.2344214256852865,0.1439630947663644,5.105907465790533,16,0.154334944859147,2.1600796096026897,0.3790815899614245,3,0.4365133284125477,0.0455441630056908,2.7045546552502078
1061,0.2344214256852865,0.1439630947663644,5.105907465790533,16,0.154334944859147,2.1600796096026897,0.0561578003689646,2,0.4365133284125477,0.0455441630056908,2.7045546552502078
1062,0.2344214256852865,0.1439630947663644,5.105907465790533,16,0.154334944859147,2.1600796096026897,0.0561578003689646,3,0.2063264206517487,0.0455441630056908,2.7045546552502078
1063,0.2344214256852865,0.1439630947663644,5.105907465790533,16,0.154334944859147,2.1600796096026897,0.0561578003689646,3,0.4365133284125477,0.0517159272233338,2.7045546552502078
1064,0.2344214256852865,0.1439630947663644,5.105907465790533,16,0.154334944859147,2.1600796096026897,0.0561578003689646,3,0.4365133284125477,0.0455441630056908,1.0876120829977598
1065,0.5299881387501955,0.1263361077749767,5.023032064088063,16,0.1821741263382136,7.40541073307395,0.3790815899614245,2,0.2063264206517487,0.0517159272233338,1.0876120829977598
1066,0.0530373003333807,0.0635974611318714,14.596309460525903,4,0.0563682801555842,4.977860493585467,0.2738050173502415,2,0.3220897776074707,0.0830804253195596,1.5048027505704362
1067,0.3051501642912626,0.0635974611318714,14.596309460525903,4,0.0563682801555842,4.977860493585467,0.2738050173502415,2,0.3220897776074707,0.0830804253195596,1.5048027505704362
1068,0.0530373003333807,0.0344770348199181,14.596309460525903,4,0.0563682801555842,4.977860493585467,0.2738050173502415,2,0.3220897776074707,0.0830804253195596,1.5048027505704362
1069,0.0530373003333807,0.0635974611318714,19.3727911009283,4,0.0563682801555842,4.977860493585467,0.2738050173502415,2,0.3220897776074707,0.0830804253195596,1.5048027505704362
1070,0.0530373003333807,0.0635974611318714,14.596309460525903,12,0.0563682801555842,4.977860493585467,0.2738050173502415,2,0.3220897776074707,0.0830804253195596,1.5048027505704362
1071,0.0530373003333807,0.0635974611318714,14.596309460525903,4,0.0738639856688678,4.977860493585467,0.2738050173502415,2,0.3220897776074707,0.0830804253195596,1.5048027505704362
1072,0.0530373003333807,0.0635974611318714,14.596309460525903,4,0.0563682801555842,5.942627668380737,0.2738050173502415,2,0.3220897776074707,0.0830804253195596,1.5048027505704362
1073,0.0530373003333807,0.0635974611318714,14.596309460525903,4,0.0563682801555842,4.977860493585467,0.1135995503049343,2,0.3220897776074707,0.0830804253195596,1.5048027505704362
1074,0.0530373003333807,0.0635974611318714,14.596309460525903,4,0.0563682801555842,4.977860493585467,0.2738050173502415,1,0.3220897776074707,0.0830804253195596,1.5048027505704362
1075,0.0530373003333807,0.0635974611318714,14.596309460525903,4,0.0563682801555842,4.977860493585467,0.2738050173502415,2,0.3059596037492156,0.0830804253195596,1.5048027505704362
1076,0.0530373003333807,0.0635974611318714,14.596309460525903,4,0.0563682801555842,4.977860493585467,0.2738050173502415,2,0.3220897776074707,0.2121666934652993,1.5048027505704362
1077,0.0530373003333807,0.0635974611318714,14.596309460525903,4,0.0563682801555842,4.977860493585467,0.2738050173502415,2,0.3220897776074707,0.0830804253195596,2.112855712587714
1078,0.3051501642912626,0.0344770348199181,19.3727911009283,12,0.0738639856688678,5.942627668380737,0.1135995503049343,1,0.3059596037492156,0.2121666934652993,2.112855712587714
1079,0.3300653574988246,0.2938469939943278,9.724381467985172,10,0.178026558086276,7.567524954676628,0.1388008960988372,2,0.2468026905786246,0.2912747662145364,4.2918981952715525
1080,0.1274144930765032,0.2938469939943278,9.724381467985172,10,0.178026558086276,7.567524954676628,0.1388008960988372,2,0.2468026905786246,0.2912747662145364,4.2918981952715525
1081,0.3300653574988246,0.2103180853446271,9.724381467985172,10,0.178026558086276,7.567524954676628,0.1388008960988372,2,0.2468026905786246,0.2912747662145364,4.2918981952715525
1082,0.3300653574988246,0.2938469939943278,7.794903945640219,10,0.178026558086276,7.567524954676628,0.1388008960988372,2,0.2468026905786246,0.2912747662145364,4.2918981952715525
1083,0.3300653574988246,0.2938469939943278,9.724381467985172,5,0.178026558086276,7.567524954676628,0.1388008960988372,2,0.2468026905786246,0.2912747662145364,4.2918981952715525
1084,0.3300653574988246,0.2938469939943278,9.724381467985172,10,0.2899950248654931,7.567524954676628,0.1388008960988372,2,0.2468026905786246,0.2912747662145364,4.2918981952715525
1085,0.3300653574988246,0.2938469939943278,9.724381467985172,10,0.178026558086276,2.3990306593477726,0.1388008960988372,2,0.2468026905786246,0.2912747662145364,4.2918981952715525
1086,0.3300653574988246,0.2938469939943278,9.724381467985172,10,0.178026558086276,7.567524954676628,0.2404654650017619,2,0.2468026905786246,0.2912747662145364,4.2918981952715525
1087,0.3300653574988246,0.2938469939943278,9.724381467985172,10,0.178026558086276,7.567524954676628,0.1388008960988372,2,0.2468026905786246,0.2912747662145364,4.2918981952715525
1088,0.3300653574988246,0.2938469939943278,9.724381467985172,10,0.178026558086276,7.567524954676628,0.1388008960988372,2,0.1306966093368828,0.2912747662145364,4.2918981952715525
1089,0.3300653574988246,0.2938469939943278,9.724381467985172,10,0.178026558086276,7.567524954676628,0.1388008960988372,2,0.2468026905786246,0.0843602448057879,4.2918981952715525
1090,0.3300653574988246,0.2938469939943278,9.724381467985172,10,0.178026558086276,7.567524954676628,0.1388008960988372,2,0.2468026905786246,0.2912747662145364,7.856342006982474
1091,0.1274144930765032,0.2103180853446271,7.794903945640219,5,0.2899950248654931,2.3990306593477726,0.2404654650017619,2,0.1306966093368828,0.0843602448057879,7.856342006982474
1092,0.4412412643432617,0.0716642140880635,4.83592815005487,13,0.2136968883685767,6.324633654206991,0.2408607256598771,2,0.3857625655829906,0.0341130445166926,1.0488879096836006
1093,0.0422890249639749,0.0716642140880635,4.83592815005487,13,0.2136968883685767,6.324633654206991,0.2408607256598771,2,0.3857625655829906,0.0341130445166926,1.0488879096836006
1094,0.4412412643432617,0.0426771338028536,4.83592815005487,13,0.2136968883685767,6.324633654206991,0.2408607256598771,2,0.3857625655829906,0.0341130445166926,1.0488879096836006
1095,0.4412412643432617,0.0716642140880635,4.764109721845207,13,0.2136968883685767,6.324633654206991,0.2408607256598771,2,0.3857625655829906,0.0341130445166926,1.0488879096836006
1096,0.4412412643432617,0.0716642140880635,4.83592815005487,6,0.2136968883685767,6.324633654206991,0.2408607256598771,2,0.3857625655829906,0.0341130445166926,1.0488879096836006
1097,0.4412412643432617,0.0716642140880635,4.83592815005487,13,0.256714047351852,6.324633654206991,0.2408607256598771,2,0.3857625655829906,0.0341130445166926,1.0488879096836006
1098,0.4412412643432617,0.0716642140880635,4.83592815005487,13,0.2136968883685767,2.878156768158078,0.2408607256598771,2,0.3857625655829906,0.0341130445166926,1.0488879096836006
1099,0.4412412643432617,0.0716642140880635,4.83592815005487,13,0.2136968883685767,6.324633654206991,0.2763692488428205,2,0.3857625655829906,0.0341130445166926,1.0488879096836006
1100,0.4412412643432617,0.0716642140880635,4.83592815005487,13,0.2136968883685767,6.324633654206991,0.2408607256598771,1,0.3857625655829906,0.0341130445166926,1.0488879096836006
1101,0.4412412643432617,0.0716642140880635,4.83592815005487,13,0.2136968883685767,6.324633654206991,0.2408607256598771,2,0.4338350383564829,0.0341130445166926,1.0488879096836006
1102,0.4412412643432617,0.0716642140880635,4.83592815005487,13,0.2136968883685767,6.324633654206991,0.2408607256598771,2,0.3857625655829906,0.1556013060381647,1.0488879096836006
1103,0.4412412643432617,0.0716642140880635,4.83592815005487,13,0.2136968883685767,6.324633654206991,0.2408607256598771,2,0.3857625655829906,0.0341130445166926,3.099587863357079
1104,0.0422890249639749,0.0426771338028536,4.764109721845207,6,0.256714047351852,2.878156768158078,0.2763692488428205,1,0.4338350383564829,0.1556013060381647,3.099587863357079
1105,0.0895176256075501,0.1929330036190656,18.78656151248696,7,0.0834325556177646,2.9849806372076277,0.1933453156612813,2,0.180507223540917,0.0981247198638039,2.945038842785614
1106,0.3899832000955939,0.1929330036190656,18.78656151248696,7,0.0834325556177646,2.9849806372076277,0.1933453156612813,2,0.180507223540917,0.0981247198638039,2.945038842785614
1107,0.0895176256075501,0.2617892728366005,18.78656151248696,7,0.0834325556177646,2.9849806372076277,0.1933453156612813,2,0.180507223540917,0.0981247198638039,2.945038842785614
1108,0.0895176256075501,0.1929330036190656,12.85515569436632,7,0.0834325556177646,2.9849806372076277,0.1933453156612813,2,0.180507223540917,0.0981247198638039,2.945038842785614
1109,0.0895176256075501,0.1929330036190656,18.78656151248696,11,0.0834325556177646,2.9849806372076277,0.1933453156612813,2,0.180507223540917,0.0981247198638039,2.945038842785614
1110,0.0895176256075501,0.1929330036190656,18.78656151248696,7,0.1105557765811681,2.9849806372076277,0.1933453156612813,2,0.180507223540917,0.0981247198638039,2.945038842785614
1111,0.0895176256075501,0.1929330036190656,18.78656151248696,7,0.0834325556177646,5.662993727251887,0.1933453156612813,2,0.180507223540917,0.0981247198638039,2.945038842785614
1112,0.0895176256075501,0.1929330036190656,18.78656151248696,7,0.0834325556177646,2.9849806372076277,0.0504793610423803,2,0.180507223540917,0.0981247198638039,2.945038842785614
1113,0.0895176256075501,0.1929330036190656,18.78656151248696,7,0.0834325556177646,2.9849806372076277,0.1933453156612813,2,0.180507223540917,0.0981247198638039,2.945038842785614
1114,0.0895176256075501,0.1929330036190656,18.78656151248696,7,0.0834325556177646,2.9849806372076277,0.1933453156612813,2,0.2295757551677525,0.0981247198638039,2.945038842785614
1115,0.0895176256075501,0.1929330036190656,18.78656151248696,7,0.0834325556177646,2.9849806372076277,0.1933453156612813,2,0.180507223540917,0.0387843681861256,2.945038842785614
1116,0.0895176256075501,0.1929330036190656,18.78656151248696,7,0.0834325556177646,2.9849806372076277,0.1933453156612813,2,0.180507223540917,0.0981247198638039,1.4133290128095235
1117,0.3899832000955939,0.2617892728366005,12.85515569436632,11,0.1105557765811681,5.662993727251887,0.0504793610423803,2,0.2295757551677525,0.0387843681861256,1.4133290128095235
1118,0.1982455188408494,0.0475628761397608,6.577803333609697,13,0.1265973846428096,3.965528130531311,0.3342643835116178,1,0.0694842779077589,0.2181599980069635,5.277667917983347
1119,0.465150254778564,0.0475628761397608,6.577803333609697,13,0.1265973846428096,3.965528130531311,0.3342643835116178,1,0.0694842779077589,0.2181599980069635,5.277667917983347
1120,0.1982455188408494,0.0714358380934518,6.577803333609697,13,0.1265973846428096,3.965528130531311,0.3342643835116178,1,0.0694842779077589,0.2181599980069635,5.277667917983347
1121,0.1982455188408494,0.0475628761397608,8.2326130624154,13,0.1265973846428096,3.965528130531311,0.3342643835116178,1,0.0694842779077589,0.2181599980069635,5.277667917983347
1122,0.1982455188408494,0.0475628761397608,6.577803333609697,13,0.1265973846428096,3.965528130531311,0.3342643835116178,1,0.0694842779077589,0.2181599980069635,5.277667917983347
1123,0.1982455188408494,0.0475628761397608,6.577803333609697,13,0.2074296783655881,3.965528130531311,0.3342643835116178,1,0.0694842779077589,0.2181599980069635,5.277667917983347
1124,0.1982455188408494,0.0475628761397608,6.577803333609697,13,0.1265973846428096,6.940994227305055,0.3342643835116178,1,0.0694842779077589,0.2181599980069635,5.277667917983347
1125,0.1982455188408494,0.0475628761397608,6.577803333609697,13,0.1265973846428096,3.965528130531311,0.3541051412932575,1,0.0694842779077589,0.2181599980069635,5.277667917983347
1126,0.1982455188408494,0.0475628761397608,6.577803333609697,13,0.1265973846428096,3.965528130531311,0.3342643835116178,3,0.0694842779077589,0.2181599980069635,5.277667917983347
1127,0.1982455188408494,0.0475628761397608,6.577803333609697,13,0.1265973846428096,3.965528130531311,0.3342643835116178,1,0.3582412767689675,0.2181599980069635,5.277667917983347
1128,0.1982455188408494,0.0475628761397608,6.577803333609697,13,0.1265973846428096,3.965528130531311,0.3342643835116178,1,0.0694842779077589,0.2829101979337781,5.277667917983347
1129,0.1982455188408494,0.0475628761397608,6.577803333609697,13,0.1265973846428096,3.965528130531311,0.3342643835116178,1,0.0694842779077589,0.2181599980069635,2.756787993767453
1130,0.465150254778564,0.0714358380934518,8.2326130624154,13,0.2074296783655881,6.940994227305055,0.3541051412932575,3,0.3582412767689675,0.2829101979337781,2.756787993767453
1131,0.4849303811788559,0.1231729032198628,9.870591364326584,7,0.2491711792070418,6.532121537253261,0.1110659847501665,3,0.4967663485091179,0.0622258699873963,1.8816960299765628
1132,0.2674190159887075,0.1231729032198628,9.870591364326584,7,0.2491711792070418,6.532121537253261,0.1110659847501665,3,0.4967663485091179,0.0622258699873963,1.8816960299765628
1133,0.4849303811788559,0.1562865909539914,9.870591364326584,7,0.2491711792070418,6.532121537253261,0.1110659847501665,3,0.4967663485091179,0.0622258699873963,1.8816960299765628
1134,0.4849303811788559,0.1231729032198628,18.27793187124672,7,0.2491711792070418,6.532121537253261,0.1110659847501665,3,0.4967663485091179,0.0622258699873963,1.8816960299765628
1135,0.4849303811788559,0.1231729032198628,9.870591364326584,10,0.2491711792070418,6.532121537253261,0.1110659847501665,3,0.4967663485091179,0.0622258699873963,1.8816960299765628
1136,0.4849303811788559,0.1231729032198628,9.870591364326584,7,0.1248127012047916,6.532121537253261,0.1110659847501665,3,0.4967663485091179,0.0622258699873963,1.8816960299765628
1137,0.4849303811788559,0.1231729032198628,9.870591364326584,7,0.2491711792070418,4.52966414950788,0.1110659847501665,3,0.4967663485091179,0.0622258699873963,1.8816960299765628
1138,0.4849303811788559,0.1231729032198628,9.870591364326584,7,0.2491711792070418,6.532121537253261,0.2190455023664981,3,0.4967663485091179,0.0622258699873963,1.8816960299765628
1139,0.4849303811788559,0.1231729032198628,9.870591364326584,7,0.2491711792070418,6.532121537253261,0.1110659847501665,2,0.4967663485091179,0.0622258699873963,1.8816960299765628
1140,0.4849303811788559,0.1231729032198628,9.870591364326584,7,0.2491711792070418,6.532121537253261,0.1110659847501665,3,0.0837175570894032,0.0622258699873963,1.8816960299765628
1141,0.4849303811788559,0.1231729032198628,9.870591364326584,7,0.2491711792070418,6.532121537253261,0.1110659847501665,3,0.4967663485091179,0.0632643184333057,1.8816960299765628
1142,0.4849303811788559,0.1231729032198628,9.870591364326584,7,0.2491711792070418,6.532121537253261,0.1110659847501665,3,0.4967663485091179,0.0622258699873963,6.021246660718546
1143,0.2674190159887075,0.1562865909539914,18.27793187124672,10,0.1248127012047916,4.52966414950788,0.2190455023664981,2,0.0837175570894032,0.0632643184333057,6.021246660718546
1144,0.5219673497602343,0.0551190435409129,7.616040332176964,6,0.1738040451426059,7.813631791621447,0.2560819332953543,2,0.3388095341157168,0.2263888774420325,2.112649548034041
1145,0.1752066001296043,0.0551190435409129,7.616040332176964,6,0.1738040451426059,7.813631791621447,0.2560819332953543,2,0.3388095341157168,0.2263888774420325,2.112649548034041
1146,0.5219673497602343,0.2337503226841617,7.616040332176964,6,0.1738040451426059,7.813631791621447,0.2560819332953543,2,0.3388095341157168,0.2263888774420325,2.112649548034041
1147,0.5219673497602343,0.0551190435409129,8.805496332373004,6,0.1738040451426059,7.813631791621447,0.2560819332953543,2,0.3388095341157168,0.2263888774420325,2.112649548034041
1148,0.5219673497602343,0.0551190435409129,7.616040332176964,13,0.1738040451426059,7.813631791621447,0.2560819332953543,2,0.3388095341157168,0.2263888774420325,2.112649548034041
1149,0.5219673497602343,0.0551190435409129,7.616040332176964,6,0.2428241970017552,7.813631791621447,0.2560819332953543,2,0.3388095341157168,0.2263888774420325,2.112649548034041
1150,0.5219673497602343,0.0551190435409129,7.616040332176964,6,0.1738040451426059,6.44456466846168,0.2560819332953543,2,0.3388095341157168,0.2263888774420325,2.112649548034041
1151,0.5219673497602343,0.0551190435409129,7.616040332176964,6,0.1738040451426059,7.813631791621447,0.2487786940764635,2,0.3388095341157168,0.2263888774420325,2.112649548034041
1152,0.5219673497602343,0.0551190435409129,7.616040332176964,6,0.1738040451426059,7.813631791621447,0.2560819332953543,1,0.3388095341157168,0.2263888774420325,2.112649548034041
1153,0.5219673497602343,0.0551190435409129,7.616040332176964,6,0.1738040451426059,7.813631791621447,0.2560819332953543,2,0.2850451179314405,0.2263888774420325,2.112649548034041
1154,0.5219673497602343,0.0551190435409129,7.616040332176964,6,0.1738040451426059,7.813631791621447,0.2560819332953543,2,0.3388095341157168,0.1453380083748022,2.112649548034041
1155,0.5219673497602343,0.0551190435409129,7.616040332176964,6,0.1738040451426059,7.813631791621447,0.2560819332953543,2,0.3388095341157168,0.2263888774420325,1.6561292086834192
1156,0.1752066001296043,0.2337503226841617,8.805496332373004,13,0.2428241970017552,6.44456466846168,0.2487786940764635,1,0.2850451179314405,0.1453380083748022,1.6561292086834192
1157,0.1611891310662031,0.2542528723844446,11.763345188383273,12,0.2954621824435889,4.497401924803853,0.2113008565735072,2,0.1931545888073742,0.0801324980387808,6.0228703495426
1158,0.5969123074784874,0.2542528723844446,11.763345188383273,12,0.2954621824435889,4.497401924803853,0.2113008565735072,2,0.1931545888073742,0.0801324980387808,6.0228703495426
1159,0.1611891310662031,0.0477631846949833,11.763345188383273,12,0.2954621824435889,4.497401924803853,0.2113008565735072,2,0.1931545888073742,0.0801324980387808,6.0228703495426
1160,0.1611891310662031,0.2542528723844446,16.977499103517083,12,0.2954621824435889,4.497401924803853,0.2113008565735072,2,0.1931545888073742,0.0801324980387808,6.0228703495426
1161,0.1611891310662031,0.2542528723844446,11.763345188383273,4,0.2954621824435889,4.497401924803853,0.2113008565735072,2,0.1931545888073742,0.0801324980387808,6.0228703495426
1162,0.1611891310662031,0.2542528723844446,11.763345188383273,12,0.0899064023513347,4.497401924803853,0.2113008565735072,2,0.1931545888073742,0.0801324980387808,6.0228703495426
1163,0.1611891310662031,0.2542528723844446,11.763345188383273,12,0.2954621824435889,2.108034746721387,0.2113008565735072,2,0.1931545888073742,0.0801324980387808,6.0228703495426
1164,0.1611891310662031,0.2542528723844446,11.763345188383273,12,0.2954621824435889,4.497401924803853,0.1220289492979645,2,0.1931545888073742,0.0801324980387808,6.0228703495426
1165,0.1611891310662031,0.2542528723844446,11.763345188383273,12,0.2954621824435889,4.497401924803853,0.2113008565735072,2,0.1931545888073742,0.0801324980387808,6.0228703495426
1166,0.1611891310662031,0.2542528723844446,11.763345188383273,12,0.2954621824435889,4.497401924803853,0.2113008565735072,2,0.1515306029003113,0.0801324980387808,6.0228703495426
1167,0.1611891310662031,0.2542528723844446,11.763345188383273,12,0.2954621824435889,4.497401924803853,0.2113008565735072,2,0.1931545888073742,0.0313487645950844,6.0228703495426
1168,0.1611891310662031,0.2542528723844446,11.763345188383273,12,0.2954621824435889,4.497401924803853,0.2113008565735072,2,0.1931545888073742,0.0801324980387808,3.66161318313124
1169,0.5969123074784874,0.0477631846949833,16.977499103517083,4,0.0899064023513347,2.108034746721387,0.1220289492979645,2,0.1515306029003113,0.0313487645950844,3.66161318313124
1170,0.1274609517306089,0.0347384980177497,4.001517662267979,8,0.1974986013490706,2.4530127868056297,0.338184973038733,1,0.0787533497903496,0.0472195969829066,3.361169342319565
1171,0.3720417978242039,0.0347384980177497,4.001517662267979,8,0.1974986013490706,2.4530127868056297,0.338184973038733,1,0.0787533497903496,0.0472195969829066,3.361169342319565
1172,0.1274609517306089,0.1300951234242536,4.001517662267979,8,0.1974986013490706,2.4530127868056297,0.338184973038733,1,0.0787533497903496,0.0472195969829066,3.361169342319565
1173,0.1274609517306089,0.0347384980177497,4.455277457041675,8,0.1974986013490706,2.4530127868056297,0.338184973038733,1,0.0787533497903496,0.0472195969829066,3.361169342319565
1174,0.1274609517306089,0.0347384980177497,4.001517662267979,8,0.1974986013490706,2.4530127868056297,0.338184973038733,1,0.0787533497903496,0.0472195969829066,3.361169342319565
1175,0.1274609517306089,0.0347384980177497,4.001517662267979,8,0.2296048108953982,2.4530127868056297,0.338184973038733,1,0.0787533497903496,0.0472195969829066,3.361169342319565
1176,0.1274609517306089,0.0347384980177497,4.001517662267979,8,0.1974986013490706,3.734876712784171,0.338184973038733,1,0.0787533497903496,0.0472195969829066,3.361169342319565
1177,0.1274609517306089,0.0347384980177497,4.001517662267979,8,0.1974986013490706,2.4530127868056297,0.3707375847734511,1,0.0787533497903496,0.0472195969829066,3.361169342319565
1178,0.1274609517306089,0.0347384980177497,4.001517662267979,8,0.1974986013490706,2.4530127868056297,0.338184973038733,3,0.0787533497903496,0.0472195969829066,3.361169342319565
1179,0.1274609517306089,0.0347384980177497,4.001517662267979,8,0.1974986013490706,2.4530127868056297,0.338184973038733,1,0.4730837618000805,0.0472195969829066,3.361169342319565
1180,0.1274609517306089,0.0347384980177497,4.001517662267979,8,0.1974986013490706,2.4530127868056297,0.338184973038733,1,0.0787533497903496,0.2271656137887277,3.361169342319565
1181,0.1274609517306089,0.0347384980177497,4.001517662267979,8,0.1974986013490706,2.4530127868056297,0.338184973038733,1,0.0787533497903496,0.0472195969829066,5.139967359652039
1182,0.3720417978242039,0.1300951234242536,4.455277457041675,8,0.2296048108953982,3.734876712784171,0.3707375847734511,3,0.4730837618000805,0.2271656137887277,5.139967359652039
1183,0.403278519026935,0.166384783769094,16.00042487904967,14,0.0681496660225093,5.043035065755248,0.1177209910005331,3,0.4532465387135744,0.1685535748824285,1.1778772948934866
1184,0.1003728680312633,0.166384783769094,16.00042487904967,14,0.0681496660225093,5.043035065755248,0.1177209910005331,3,0.4532465387135744,0.1685535748824285,1.1778772948934866
1185,0.403278519026935,0.085877313145748,16.00042487904967,14,0.0681496660225093,5.043035065755248,0.1177209910005331,3,0.4532465387135744,0.1685535748824285,1.1778772948934866
1186,0.403278519026935,0.166384783769094,13.837156925776672,14,0.0681496660225093,5.043035065755248,0.1177209910005331,3,0.4532465387135744,0.1685535748824285,1.1778772948934866
1187,0.403278519026935,0.166384783769094,16.00042487904967,15,0.0681496660225093,5.043035065755248,0.1177209910005331,3,0.4532465387135744,0.1685535748824285,1.1778772948934866
1188,0.403278519026935,0.166384783769094,16.00042487904967,14,0.1381533520296216,5.043035065755248,0.1177209910005331,3,0.4532465387135744,0.1685535748824285,1.1778772948934866
1189,0.403278519026935,0.166384783769094,16.00042487904967,14,0.0681496660225093,7.700714999809861,0.1177209910005331,3,0.4532465387135744,0.1685535748824285,1.1778772948934866
1190,0.403278519026935,0.166384783769094,16.00042487904967,14,0.0681496660225093,5.043035065755248,0.1584555274341255,3,0.4532465387135744,0.1685535748824285,1.1778772948934866
1191,0.403278519026935,0.166384783769094,16.00042487904967,14,0.0681496660225093,5.043035065755248,0.1177209910005331,2,0.4532465387135744,0.1685535748824285,1.1778772948934866
1192,0.403278519026935,0.166384783769094,16.00042487904967,14,0.0681496660225093,5.043035065755248,0.1177209910005331,3,0.1849435431882739,0.1685535748824285,1.1778772948934866
1193,0.403278519026935,0.166384783769094,16.00042487904967,14,0.0681496660225093,5.043035065755248,0.1177209910005331,3,0.4532465387135744,0.0586860868989108,1.1778772948934866
1194,0.403278519026935,0.166384783769094,16.00042487904967,14,0.0681496660225093,5.043035065755248,0.1177209910005331,3,0.4532465387135744,0.1685535748824285,2.334168384528001
1195,0.1003728680312633,0.085877313145748,13.837156925776672,15,0.1381533520296216,7.700714999809861,0.1584555274341255,2,0.1849435431882739,0.0586860868989108,2.334168384528001
1196,0.366800482571125,0.0411288805953253,12.595825137928896,15,0.102904600277543,6.989142941311002,0.3930050796363503,1,0.14415646600537,0.060020095660878,3.745355510885622
1197,0.0340346390381455,0.0411288805953253,12.595825137928896,15,0.102904600277543,6.989142941311002,0.3930050796363503,1,0.14415646600537,0.060020095660878,3.745355510885622
1198,0.366800482571125,0.1049804313447234,12.595825137928896,15,0.102904600277543,6.989142941311002,0.3930050796363503,1,0.14415646600537,0.060020095660878,3.745355510885622
1199,0.366800482571125,0.0411288805953253,22.5308071966862,15,0.102904600277543,6.989142941311002,0.3930050796363503,1,0.14415646600537,0.060020095660878,3.745355510885622
1200,0.366800482571125,0.0411288805953253,12.595825137928896,14,0.102904600277543,6.989142941311002,0.3930050796363503,1,0.14415646600537,0.060020095660878,3.745355510885622
1201,0.366800482571125,0.0411288805953253,12.595825137928896,15,0.1712512073107063,6.989142941311002,0.3930050796363503,1,0.14415646600537,0.060020095660878,3.745355510885622
1202,0.366800482571125,0.0411288805953253,12.595825137928896,15,0.102904600277543,6.670897718518972,0.3930050796363503,1,0.14415646600537,0.060020095660878,3.745355510885622
1203,0.366800482571125,0.0411288805953253,12.595825137928896,15,0.102904600277543,6.989142941311002,0.1833790807984769,1,0.14415646600537,0.060020095660878,3.745355510885622
1204,0.366800482571125,0.0411288805953253,12.595825137928896,15,0.102904600277543,6.989142941311002,0.3930050796363503,3,0.14415646600537,0.060020095660878,3.745355510885622
1205,0.366800482571125,0.0411288805953253,12.595825137928896,15,0.102904600277543,6.989142941311002,0.3930050796363503,1,0.3794859659858048,0.060020095660878,3.745355510885622
1206,0.366800482571125,0.0411288805953253,12.595825137928896,15,0.102904600277543,6.989142941311002,0.3930050796363503,1,0.14415646600537,0.1089838251461401,3.745355510885622
1207,0.366800482571125,0.0411288805953253,12.595825137928896,15,0.102904600277543,6.989142941311002,0.3930050796363503,1,0.14415646600537,0.060020095660878,1.2848570685099148
1208,0.0340346390381455,0.1049804313447234,22.5308071966862,14,0.1712512073107063,6.670897718518972,0.1833790807984769,3,0.3794859659858048,0.1089838251461401,1.2848570685099148
1209,0.0162827560678124,0.1068144567934357,8.167067680142713,9,0.2254782691132277,3.6491092182695866,0.0850510929245501,3,0.3886813865043222,0.169567680779718,1.3346013312323255
1210,0.4380888104438781,0.1068144567934357,8.167067680142713,9,0.2254782691132277,3.6491092182695866,0.0850510929245501,3,0.3886813865043222,0.169567680779718,1.3346013312323255
1211,0.0162827560678124,0.0690701737350673,8.167067680142713,9,0.2254782691132277,3.6491092182695866,0.0850510929245501,3,0.3886813865043222,0.169567680779718,1.3346013312323255
1212,0.0162827560678124,0.1068144567934357,6.658312132041195,9,0.2254782691132277,3.6491092182695866,0.0850510929245501,3,0.3886813865043222,0.169567680779718,1.3346013312323255
1213,0.0162827560678124,0.1068144567934357,8.167067680142713,9,0.2254782691132277,3.6491092182695866,0.0850510929245501,3,0.3886813865043222,0.169567680779718,1.3346013312323255
1214,0.0162827560678124,0.1068144567934357,8.167067680142713,9,0.1921195759903639,3.6491092182695866,0.0850510929245501,3,0.3886813865043222,0.169567680779718,1.3346013312323255
1215,0.0162827560678124,0.1068144567934357,8.167067680142713,9,0.2254782691132277,4.963819570839405,0.0850510929245501,3,0.3886813865043222,0.169567680779718,1.3346013312323255
1216,0.0162827560678124,0.1068144567934357,8.167067680142713,9,0.2254782691132277,3.6491092182695866,0.3183412679005414,3,0.3886813865043222,0.169567680779718,1.3346013312323255
1217,0.0162827560678124,0.1068144567934357,8.167067680142713,9,0.2254782691132277,3.6491092182695866,0.0850510929245501,2,0.3886813865043222,0.169567680779718,1.3346013312323255
1218,0.0162827560678124,0.1068144567934357,8.167067680142713,9,0.2254782691132277,3.6491092182695866,0.0850510929245501,3,0.0623340090736746,0.169567680779718,1.3346013312323255
1219,0.0162827560678124,0.1068144567934357,8.167067680142713,9,0.2254782691132277,3.6491092182695866,0.0850510929245501,3,0.3886813865043222,0.041806638712548,1.3346013312323255
1220,0.0162827560678124,0.1068144567934357,8.167067680142713,9,0.2254782691132277,3.6491092182695866,0.0850510929245501,3,0.3886813865043222,0.169567680779718,4.719658401294701
1221,0.4380888104438781,0.0690701737350673,6.658312132041195,9,0.1921195759903639,4.963819570839405,0.3183412679005414,2,0.0623340090736746,0.041806638712548,4.719658401294701
1222,0.2726671675220132,0.0828736190730849,23.98921524053502,11,0.2686402808874845,3.488919934257865,0.310538191627711,2,0.2776910657528788,0.1262440589337488,2.3990926420313565
1223,0.5132138885557651,0.0828736190730849,23.98921524053502,11,0.2686402808874845,3.488919934257865,0.310538191627711,2,0.2776910657528788,0.1262440589337488,2.3990926420313565
1224,0.2726671675220132,0.1880937375655655,23.98921524053502,11,0.2686402808874845,3.488919934257865,0.310538191627711,2,0.2776910657528788,0.1262440589337488,2.3990926420313565
1225,0.2726671675220132,0.0828736190730849,10.444831474921648,11,0.2686402808874845,3.488919934257865,0.310538191627711,2,0.2776910657528788,0.1262440589337488,2.3990926420313565
1226,0.2726671675220132,0.0828736190730849,23.98921524053502,6,0.2686402808874845,3.488919934257865,0.310538191627711,2,0.2776910657528788,0.1262440589337488,2.3990926420313565
1227,0.2726671675220132,0.0828736190730849,23.98921524053502,11,0.0643456577789038,3.488919934257865,0.310538191627711,2,0.2776910657528788,0.1262440589337488,2.3990926420313565
1228,0.2726671675220132,0.0828736190730849,23.98921524053502,11,0.2686402808874845,3.146760169416666,0.310538191627711,2,0.2776910657528788,0.1262440589337488,2.3990926420313565
1229,0.2726671675220132,0.0828736190730849,23.98921524053502,11,0.2686402808874845,3.488919934257865,0.0861577206756919,2,0.2776910657528788,0.1262440589337488,2.3990926420313565
1230,0.2726671675220132,0.0828736190730849,23.98921524053502,11,0.2686402808874845,3.488919934257865,0.310538191627711,1,0.2776910657528788,0.1262440589337488,2.3990926420313565
1231,0.2726671675220132,0.0828736190730849,23.98921524053502,11,0.2686402808874845,3.488919934257865,0.310538191627711,2,0.4129212230909616,0.1262440589337488,2.3990926420313565
1232,0.2726671675220132,0.0828736190730849,23.98921524053502,11,0.2686402808874845,3.488919934257865,0.310538191627711,2,0.2776910657528788,0.1703359600749986,2.3990926420313565
1233,0.2726671675220132,0.0828736190730849,23.98921524053502,11,0.2686402808874845,3.488919934257865,0.310538191627711,2,0.2776910657528788,0.1262440589337488,6.65216086271203
1234,0.5132138885557651,0.1880937375655655,10.444831474921648,6,0.0643456577789038,3.146760169416666,0.0861577206756919,1,0.4129212230909616,0.1703359600749986,6.65216086271203
1235,0.5581455454230309,0.2224767588344544,6.000404935721834,5,0.1383758075069636,6.055138356983662,0.1782684870995581,2,0.2551928520202637,0.0353667579357378,6.725415218482527
1236,0.2591961639001965,0.2224767588344544,6.000404935721834,5,0.1383758075069636,6.055138356983662,0.1782684870995581,2,0.2551928520202637,0.0353667579357378,6.725415218482527
1237,0.5581455454230309,0.0385666328623721,6.000404935721834,5,0.1383758075069636,6.055138356983662,0.1782684870995581,2,0.2551928520202637,0.0353667579357378,6.725415218482527
1238,0.5581455454230309,0.2224767588344544,5.8815731797203,5,0.1383758075069636,6.055138356983662,0.1782684870995581,2,0.2551928520202637,0.0353667579357378,6.725415218482527
1239,0.5581455454230309,0.2224767588344544,6.000404935721834,10,0.1383758075069636,6.055138356983662,0.1782684870995581,2,0.2551928520202637,0.0353667579357378,6.725415218482527
1240,0.5581455454230309,0.2224767588344544,6.000404935721834,5,0.271794803161174,6.055138356983662,0.1782684870995581,2,0.2551928520202637,0.0353667579357378,6.725415218482527
1241,0.5581455454230309,0.2224767588344544,6.000404935721834,5,0.1383758075069636,5.230331391096115,0.1782684870995581,2,0.2551928520202637,0.0353667579357378,6.725415218482527
1242,0.5581455454230309,0.2224767588344544,6.000404935721834,5,0.1383758075069636,6.055138356983662,0.3121210068464279,2,0.2551928520202637,0.0353667579357378,6.725415218482527
1243,0.5581455454230309,0.2224767588344544,6.000404935721834,5,0.1383758075069636,6.055138356983662,0.1782684870995581,2,0.2551928520202637,0.0353667579357378,6.725415218482527
1244,0.5581455454230309,0.2224767588344544,6.000404935721834,5,0.1383758075069636,6.055138356983662,0.1782684870995581,2,0.2504087026696652,0.0353667579357378,6.725415218482527
1245,0.5581455454230309,0.2224767588344544,6.000404935721834,5,0.1383758075069636,6.055138356983662,0.1782684870995581,2,0.2551928520202637,0.0782670559780983,6.725415218482527
1246,0.5581455454230309,0.2224767588344544,6.000404935721834,5,0.1383758075069636,6.055138356983662,0.1782684870995581,2,0.2551928520202637,0.0353667579357378,1.803554899956389
1247,0.2591961639001965,0.0385666328623721,5.8815731797203,10,0.271794803161174,5.230331391096115,0.3121210068464279,2,0.2504087026696652,0.0782670559780983,1.803554899956389
1248,0.5530075952410698,0.0444996454398681,9.247477838375456,7,0.2210105477832257,5.174491219222546,0.2753510336391628,2,0.4384919034782797,0.099294975461211,3.5204722716109456
1249,0.569947551190853,0.0444996454398681,9.247477838375456,7,0.2210105477832257,5.174491219222546,0.2753510336391628,2,0.4384919034782797,0.099294975461211,3.5204722716109456
1250,0.5530075952410698,0.172438876339726,9.247477838375456,7,0.2210105477832257,5.174491219222546,0.2753510336391628,2,0.4384919034782797,0.099294975461211,3.5204722716109456
1251,0.5530075952410698,0.0444996454398681,21.904269158603213,7,0.2210105477832257,5.174491219222546,0.2753510336391628,2,0.4384919034782797,0.099294975461211,3.5204722716109456
1252,0.5530075952410698,0.0444996454398681,9.247477838375456,13,0.2210105477832257,5.174491219222546,0.2753510336391628,2,0.4384919034782797,0.099294975461211,3.5204722716109456
1253,0.5530075952410698,0.0444996454398681,9.247477838375456,7,0.1676736990455538,5.174491219222546,0.2753510336391628,2,0.4384919034782797,0.099294975461211,3.5204722716109456
1254,0.5530075952410698,0.0444996454398681,9.247477838375456,7,0.2210105477832257,5.648386573418975,0.2753510336391628,2,0.4384919034782797,0.099294975461211,3.5204722716109456
1255,0.5530075952410698,0.0444996454398681,9.247477838375456,7,0.2210105477832257,5.174491219222546,0.3771183744072914,2,0.4384919034782797,0.099294975461211,3.5204722716109456
1256,0.5530075952410698,0.0444996454398681,9.247477838375456,7,0.2210105477832257,5.174491219222546,0.2753510336391628,2,0.4384919034782797,0.099294975461211,3.5204722716109456
1257,0.5530075952410698,0.0444996454398681,9.247477838375456,7,0.2210105477832257,5.174491219222546,0.2753510336391628,2,0.2014410007279366,0.099294975461211,3.5204722716109456
1258,0.5530075952410698,0.0444996454398681,9.247477838375456,7,0.2210105477832257,5.174491219222546,0.2753510336391628,2,0.4384919034782797,0.0691083064428573,3.5204722716109456
1259,0.5530075952410698,0.0444996454398681,9.247477838375456,7,0.2210105477832257,5.174491219222546,0.2753510336391628,2,0.4384919034782797,0.099294975461211,6.216310640546811
1260,0.569947551190853,0.172438876339726,21.904269158603213,13,0.1676736990455538,5.648386573418975,0.3771183744072914,2,0.2014410007279366,0.0691083064428573,6.216310640546811
1261,0.2660320440307259,0.1000641574772827,13.86777431915246,13,0.0915093817282468,2.514525478705764,0.1478664436377585,2,0.1207429878413677,0.0324134646354719,1.2545484897814028
1262,0.1670196125283837,0.1000641574772827,13.86777431915246,13,0.0915093817282468,2.514525478705764,0.1478664436377585,2,0.1207429878413677,0.0324134646354719,1.2545484897814028
1263,0.2660320440307259,0.0364337638672853,13.86777431915246,13,0.0915093817282468,2.514525478705764,0.1478664436377585,2,0.1207429878413677,0.0324134646354719,1.2545484897814028
1264,0.2660320440307259,0.1000641574772827,6.845966348042712,13,0.0915093817282468,2.514525478705764,0.1478664436377585,2,0.1207429878413677,0.0324134646354719,1.2545484897814028
1265,0.2660320440307259,0.1000641574772827,13.86777431915246,9,0.0915093817282468,2.514525478705764,0.1478664436377585,2,0.1207429878413677,0.0324134646354719,1.2545484897814028
1266,0.2660320440307259,0.1000641574772827,13.86777431915246,13,0.1963088057935237,2.514525478705764,0.1478664436377585,2,0.1207429878413677,0.0324134646354719,1.2545484897814028
1267,0.2660320440307259,0.1000641574772827,13.86777431915246,13,0.0915093817282468,2.810460874810815,0.1478664436377585,2,0.1207429878413677,0.0324134646354719,1.2545484897814028
1268,0.2660320440307259,0.1000641574772827,13.86777431915246,13,0.0915093817282468,2.514525478705764,0.151903081825003,2,0.1207429878413677,0.0324134646354719,1.2545484897814028
1269,0.2660320440307259,0.1000641574772827,13.86777431915246,13,0.0915093817282468,2.514525478705764,0.1478664436377585,3,0.1207429878413677,0.0324134646354719,1.2545484897814028
1270,0.2660320440307259,0.1000641574772827,13.86777431915246,13,0.0915093817282468,2.514525478705764,0.1478664436377585,2,0.4619026445318013,0.0324134646354719,1.2545484897814028
1271,0.2660320440307259,0.1000641574772827,13.86777431915246,13,0.0915093817282468,2.514525478705764,0.1478664436377585,2,0.1207429878413677,0.2773766726837824,1.2545484897814028
1272,0.2660320440307259,0.1000641574772827,13.86777431915246,13,0.0915093817282468,2.514525478705764,0.1478664436377585,2,0.1207429878413677,0.0324134646354719,1.6973475539550733
1273,0.1670196125283837,0.0364337638672853,6.845966348042712,9,0.1963088057935237,2.810460874810815,0.151903081825003,3,0.4619026445318013,0.2773766726837824,1.6973475539550733
1274,0.0073774108663201,0.0884641494418323,5.430863252302025,7,0.1191633350215852,4.535066593438387,0.3571395433042199,3,0.2347168344538658,0.0660893394395311,1.9760061067125645
1275,0.0921444537118077,0.0884641494418323,5.430863252302025,7,0.1191633350215852,4.535066593438387,0.3571395433042199,3,0.2347168344538658,0.0660893394395311,1.9760061067125645
1276,0.0073774108663201,0.0994205598982459,5.430863252302025,7,0.1191633350215852,4.535066593438387,0.3571395433042199,3,0.2347168344538658,0.0660893394395311,1.9760061067125645
1277,0.0073774108663201,0.0884641494418323,10.743867286206234,7,0.1191633350215852,4.535066593438387,0.3571395433042199,3,0.2347168344538658,0.0660893394395311,1.9760061067125645
1278,0.0073774108663201,0.0884641494418323,5.430863252302025,6,0.1191633350215852,4.535066593438387,0.3571395433042199,3,0.2347168344538658,0.0660893394395311,1.9760061067125645
1279,0.0073774108663201,0.0884641494418323,5.430863252302025,7,0.0606451846659183,4.535066593438387,0.3571395433042199,3,0.2347168344538658,0.0660893394395311,1.9760061067125645
1280,0.0073774108663201,0.0884641494418323,5.430863252302025,7,0.1191633350215852,4.532449198886752,0.3571395433042199,3,0.2347168344538658,0.0660893394395311,1.9760061067125645
1281,0.0073774108663201,0.0884641494418323,5.430863252302025,7,0.1191633350215852,4.535066593438387,0.2533653460908681,3,0.2347168344538658,0.0660893394395311,1.9760061067125645
1282,0.0073774108663201,0.0884641494418323,5.430863252302025,7,0.1191633350215852,4.535066593438387,0.3571395433042199,2,0.2347168344538658,0.0660893394395311,1.9760061067125645
1283,0.0073774108663201,0.0884641494418323,5.430863252302025,7,0.1191633350215852,4.535066593438387,0.3571395433042199,3,0.1117557553574442,0.0660893394395311,1.9760061067125645
1284,0.0073774108663201,0.0884641494418323,5.430863252302025,7,0.1191633350215852,4.535066593438387,0.3571395433042199,3,0.2347168344538658,0.0355102687775692,1.9760061067125645
1285,0.0073774108663201,0.0884641494418323,5.430863252302025,7,0.1191633350215852,4.535066593438387,0.3571395433042199,3,0.2347168344538658,0.0660893394395311,1.209233054886698
1286,0.0921444537118077,0.0994205598982459,10.743867286206234,6,0.0606451846659183,4.532449198886752,0.2533653460908681,2,0.1117557553574442,0.0355102687775692,1.209233054886698
1287,0.359391738474369,0.2056243279779441,21.11188552127813,13,0.2407302767504006,7.968847276642919,0.055337942065671,1,0.3245061897672713,0.2136875332144789,5.539738247934992
1288,0.3451094560325146,0.2056243279779441,21.11188552127813,13,0.2407302767504006,7.968847276642919,0.055337942065671,1,0.3245061897672713,0.2136875332144789,5.539738247934992
1289,0.359391738474369,0.0631494431946281,21.11188552127813,13,0.2407302767504006,7.968847276642919,0.055337942065671,1,0.3245061897672713,0.2136875332144789,5.539738247934992
1290,0.359391738474369,0.2056243279779441,5.720538193197124,13,0.2407302767504006,7.968847276642919,0.055337942065671,1,0.3245061897672713,0.2136875332144789,5.539738247934992
1291,0.359391738474369,0.2056243279779441,21.11188552127813,11,0.2407302767504006,7.968847276642919,0.055337942065671,1,0.3245061897672713,0.2136875332144789,5.539738247934992
1292,0.359391738474369,0.2056243279779441,21.11188552127813,13,0.2758610690478235,7.968847276642919,0.055337942065671,1,0.3245061897672713,0.2136875332144789,5.539738247934992
1293,0.359391738474369,0.2056243279779441,21.11188552127813,13,0.2407302767504006,6.9968916196376085,0.055337942065671,1,0.3245061897672713,0.2136875332144789,5.539738247934992
1294,0.359391738474369,0.2056243279779441,21.11188552127813,13,0.2407302767504006,7.968847276642919,0.117612440790981,1,0.3245061897672713,0.2136875332144789,5.539738247934992
1295,0.359391738474369,0.2056243279779441,21.11188552127813,13,0.2407302767504006,7.968847276642919,0.055337942065671,1,0.3245061897672713,0.2136875332144789,5.539738247934992
1296,0.359391738474369,0.2056243279779441,21.11188552127813,13,0.2407302767504006,7.968847276642919,0.055337942065671,1,0.3300779660232365,0.2136875332144789,5.539738247934992
1297,0.359391738474369,0.2056243279779441,21.11188552127813,13,0.2407302767504006,7.968847276642919,0.055337942065671,1,0.3245061897672713,0.1586859568485455,5.539738247934992
1298,0.359391738474369,0.2056243279779441,21.11188552127813,13,0.2407302767504006,7.968847276642919,0.055337942065671,1,0.3245061897672713,0.2136875332144789,4.410285987499888
1299,0.3451094560325146,0.0631494431946281,5.720538193197124,11,0.2758610690478235,6.9968916196376085,0.117612440790981,1,0.3300779660232365,0.1586859568485455,4.410285987499888
1300,0.3979205561801791,0.0591025415382176,10.3892839291403,10,0.2765300888102501,6.022739401087165,0.3241948122158646,3,0.1851203380618244,0.0432707146822376,2.2616219714976333
1301,0.429869788326323,0.0591025415382176,10.3892839291403,10,0.2765300888102501,6.022739401087165,0.3241948122158646,3,0.1851203380618244,0.0432707146822376,2.2616219714976333
1302,0.3979205561801791,0.1427456597674607,10.3892839291403,10,0.2765300888102501,6.022739401087165,0.3241948122158646,3,0.1851203380618244,0.0432707146822376,2.2616219714976333
1303,0.3979205561801791,0.0591025415382176,9.053374334057716,10,0.2765300888102501,6.022739401087165,0.3241948122158646,3,0.1851203380618244,0.0432707146822376,2.2616219714976333
1304,0.3979205561801791,0.0591025415382176,10.3892839291403,12,0.2765300888102501,6.022739401087165,0.3241948122158646,3,0.1851203380618244,0.0432707146822376,2.2616219714976333
1305,0.3979205561801791,0.0591025415382176,10.3892839291403,10,0.2386197084095329,6.022739401087165,0.3241948122158646,3,0.1851203380618244,0.0432707146822376,2.2616219714976333
1306,0.3979205561801791,0.0591025415382176,10.3892839291403,10,0.2765300888102501,7.27955274656415,0.3241948122158646,3,0.1851203380618244,0.0432707146822376,2.2616219714976333
1307,0.3979205561801791,0.0591025415382176,10.3892839291403,10,0.2765300888102501,6.022739401087165,0.0932873657438904,3,0.1851203380618244,0.0432707146822376,2.2616219714976333
1308,0.3979205561801791,0.0591025415382176,10.3892839291403,10,0.2765300888102501,6.022739401087165,0.3241948122158646,2,0.1851203380618244,0.0432707146822376,2.2616219714976333
1309,0.3979205561801791,0.0591025415382176,10.3892839291403,10,0.2765300888102501,6.022739401087165,0.3241948122158646,3,0.2343575512990355,0.0432707146822376,2.2616219714976333
1310,0.3979205561801791,0.0591025415382176,10.3892839291403,10,0.2765300888102501,6.022739401087165,0.3241948122158646,3,0.1851203380618244,0.0921359643983523,2.2616219714976333
1311,0.3979205561801791,0.0591025415382176,10.3892839291403,10,0.2765300888102501,6.022739401087165,0.3241948122158646,3,0.1851203380618244,0.0432707146822376,4.764338703573145
1312,0.429869788326323,0.1427456597674607,9.053374334057716,12,0.2386197084095329,7.27955274656415,0.0932873657438904,2,0.2343575512990355,0.0921359643983523,4.764338703573145
1313,0.1211923252791166,0.2360529520971962,6.916930736781415,4,0.146113383769989,3.33897016197443,0.1098831322044134,1,0.3767529617995023,0.132554928242683,6.4471676775402775
1314,0.0070927619934082,0.2360529520971962,6.916930736781415,4,0.146113383769989,3.33897016197443,0.1098831322044134,1,0.3767529617995023,0.132554928242683,6.4471676775402775
1315,0.1211923252791166,0.0903697135086372,6.916930736781415,4,0.146113383769989,3.33897016197443,0.1098831322044134,1,0.3767529617995023,0.132554928242683,6.4471676775402775
1316,0.1211923252791166,0.2360529520971962,16.504960774443866,4,0.146113383769989,3.33897016197443,0.1098831322044134,1,0.3767529617995023,0.132554928242683,6.4471676775402775
1317,0.1211923252791166,0.2360529520971962,6.916930736781415,5,0.146113383769989,3.33897016197443,0.1098831322044134,1,0.3767529617995023,0.132554928242683,6.4471676775402775
1318,0.1211923252791166,0.2360529520971962,6.916930736781415,4,0.0934991694055497,3.33897016197443,0.1098831322044134,1,0.3767529617995023,0.132554928242683,6.4471676775402775
1319,0.1211923252791166,0.2360529520971962,6.916930736781415,4,0.146113383769989,4.073916867375374,0.1098831322044134,1,0.3767529617995023,0.132554928242683,6.4471676775402775
1320,0.1211923252791166,0.2360529520971962,6.916930736781415,4,0.146113383769989,3.33897016197443,0.304821387771517,1,0.3767529617995023,0.132554928242683,6.4471676775402775
1321,0.1211923252791166,0.2360529520971962,6.916930736781415,4,0.146113383769989,3.33897016197443,0.1098831322044134,1,0.3767529617995023,0.132554928242683,6.4471676775402775
1322,0.1211923252791166,0.2360529520971962,6.916930736781415,4,0.146113383769989,3.33897016197443,0.1098831322044134,1,0.4236834731884301,0.132554928242683,6.4471676775402775
1323,0.1211923252791166,0.2360529520971962,6.916930736781415,4,0.146113383769989,3.33897016197443,0.1098831322044134,1,0.3767529617995023,0.2080479317188718,6.4471676775402775
1324,0.1211923252791166,0.2360529520971962,6.916930736781415,4,0.146113383769989,3.33897016197443,0.1098831322044134,1,0.3767529617995023,0.132554928242683,2.2146305494292218
1325,0.0070927619934082,0.0903697135086372,16.504960774443866,5,0.0934991694055497,4.073916867375374,0.304821387771517,1,0.4236834731884301,0.2080479317188718,2.2146305494292218
1326,0.1525032263249159,0.0374169109913025,17.67889160777063,16,0.0638860295992344,3.523007469251752,0.2427700673695654,2,0.4873193233739584,0.2852543671311981,4.088599910253751
1327,0.2322226323187351,0.0374169109913025,17.67889160777063,16,0.0638860295992344,3.523007469251752,0.2427700673695654,2,0.4873193233739584,0.2852543671311981,4.088599910253751
1328,0.1525032263249159,0.2466141145943793,17.67889160777063,16,0.0638860295992344,3.523007469251752,0.2427700673695654,2,0.4873193233739584,0.2852543671311981,4.088599910253751
1329,0.1525032263249159,0.0374169109913025,4.333153970185527,16,0.0638860295992344,3.523007469251752,0.2427700673695654,2,0.4873193233739584,0.2852543671311981,4.088599910253751
1330,0.1525032263249159,0.0374169109913025,17.67889160777063,8,0.0638860295992344,3.523007469251752,0.2427700673695654,2,0.4873193233739584,0.2852543671311981,4.088599910253751
1331,0.1525032263249159,0.0374169109913025,17.67889160777063,16,0.2255232862196862,3.523007469251752,0.2427700673695654,2,0.4873193233739584,0.2852543671311981,4.088599910253751
1332,0.1525032263249159,0.0374169109913025,17.67889160777063,16,0.0638860295992344,2.5366642586886883,0.2427700673695654,2,0.4873193233739584,0.2852543671311981,4.088599910253751
1333,0.1525032263249159,0.0374169109913025,17.67889160777063,16,0.0638860295992344,3.523007469251752,0.1871758321300149,2,0.4873193233739584,0.2852543671311981,4.088599910253751
1334,0.1525032263249159,0.0374169109913025,17.67889160777063,16,0.0638860295992344,3.523007469251752,0.2427700673695654,2,0.4873193233739584,0.2852543671311981,4.088599910253751
1335,0.1525032263249159,0.0374169109913025,17.67889160777063,16,0.0638860295992344,3.523007469251752,0.2427700673695654,2,0.1025689225178212,0.2852543671311981,4.088599910253751
1336,0.1525032263249159,0.0374169109913025,17.67889160777063,16,0.0638860295992344,3.523007469251752,0.2427700673695654,2,0.4873193233739584,0.0473439283789814,4.088599910253751
1337,0.1525032263249159,0.0374169109913025,17.67889160777063,16,0.0638860295992344,3.523007469251752,0.2427700673695654,2,0.4873193233739584,0.2852543671311981,1.5713650913987187
1338,0.2322226323187351,0.2466141145943793,4.333153970185527,8,0.2255232862196862,2.5366642586886883,0.1871758321300149,2,0.1025689225178212,0.0473439283789814,1.5713650913987187
1339,0.5141926808282733,0.1551706518384381,4.546510348189483,10,0.1863685019314289,6.932984653860331,0.2027741886209697,2,0.074538676161319,0.0882235481355776,1.4327091353785182
1340,0.505035819299519,0.1551706518384381,4.546510348189483,10,0.1863685019314289,6.932984653860331,0.2027741886209697,2,0.074538676161319,0.0882235481355776,1.4327091353785182
1341,0.5141926808282733,0.052285492934729,4.546510348189483,10,0.1863685019314289,6.932984653860331,0.2027741886209697,2,0.074538676161319,0.0882235481355776,1.4327091353785182
1342,0.5141926808282733,0.1551706518384381,14.232948393563047,10,0.1863685019314289,6.932984653860331,0.2027741886209697,2,0.074538676161319,0.0882235481355776,1.4327091353785182
1343,0.5141926808282733,0.1551706518384381,4.546510348189483,16,0.1863685019314289,6.932984653860331,0.2027741886209697,2,0.074538676161319,0.0882235481355776,1.4327091353785182
1344,0.5141926808282733,0.1551706518384381,4.546510348189483,10,0.1418690839316695,6.932984653860331,0.2027741886209697,2,0.074538676161319,0.0882235481355776,1.4327091353785182
1345,0.5141926808282733,0.1551706518384381,4.546510348189483,10,0.1863685019314289,6.121677838265896,0.2027741886209697,2,0.074538676161319,0.0882235481355776,1.4327091353785182
1346,0.5141926808282733,0.1551706518384381,4.546510348189483,10,0.1863685019314289,6.932984653860331,0.3147163368295878,2,0.074538676161319,0.0882235481355776,1.4327091353785182
1347,0.5141926808282733,0.1551706518384381,4.546510348189483,10,0.1863685019314289,6.932984653860331,0.2027741886209697,3,0.074538676161319,0.0882235481355776,1.4327091353785182
1348,0.5141926808282733,0.1551706518384381,4.546510348189483,10,0.1863685019314289,6.932984653860331,0.2027741886209697,2,0.334020544635132,0.0882235481355776,1.4327091353785182
1349,0.5141926808282733,0.1551706518384381,4.546510348189483,10,0.1863685019314289,6.932984653860331,0.2027741886209697,2,0.074538676161319,0.1190201520265859,1.4327091353785182
1350,0.5141926808282733,0.1551706518384381,4.546510348189483,10,0.1863685019314289,6.932984653860331,0.2027741886209697,2,0.074538676161319,0.0882235481355776,3.3939149148525867
1351,0.505035819299519,0.052285492934729,14.232948393563047,16,0.1418690839316695,6.121677838265896,0.3147163368295878,3,0.334020544635132,0.1190201520265859,3.3939149148525867
1352,0.4762216240167617,0.0764985143957204,17.063693699553475,5,0.1111031651496887,7.511828733608127,0.342150265770033,3,0.203920476231724,0.1784768964475578,1.6481830722842694
1353,0.5616492396220565,0.0764985143957204,17.063693699553475,5,0.1111031651496887,7.511828733608127,0.342150265770033,3,0.203920476231724,0.1784768964475578,1.6481830722842694
1354,0.4762216240167617,0.0806961936998064,17.063693699553475,5,0.1111031651496887,7.511828733608127,0.342150265770033,3,0.203920476231724,0.1784768964475578,1.6481830722842694
1355,0.4762216240167617,0.0764985143957204,4.8983802313487805,5,0.1111031651496887,7.511828733608127,0.342150265770033,3,0.203920476231724,0.1784768964475578,1.6481830722842694
1356,0.4762216240167617,0.0764985143957204,17.063693699553475,6,0.1111031651496887,7.511828733608127,0.342150265770033,3,0.203920476231724,0.1784768964475578,1.6481830722842694
1357,0.4762216240167617,0.0764985143957204,17.063693699553475,5,0.2609181047417223,7.511828733608127,0.342150265770033,3,0.203920476231724,0.1784768964475578,1.6481830722842694
1358,0.4762216240167617,0.0764985143957204,17.063693699553475,5,0.1111031651496887,4.849797949194908,0.342150265770033,3,0.203920476231724,0.1784768964475578,1.6481830722842694
1359,0.4762216240167617,0.0764985143957204,17.063693699553475,5,0.1111031651496887,7.511828733608127,0.1092991132754832,3,0.203920476231724,0.1784768964475578,1.6481830722842694
1360,0.4762216240167617,0.0764985143957204,17.063693699553475,5,0.1111031651496887,7.511828733608127,0.342150265770033,2,0.203920476231724,0.1784768964475578,1.6481830722842694
1361,0.4762216240167617,0.0764985143957204,17.063693699553475,5,0.1111031651496887,7.511828733608127,0.342150265770033,3,0.1467614919412881,0.1784768964475578,1.6481830722842694
1362,0.4762216240167617,0.0764985143957204,17.063693699553475,5,0.1111031651496887,7.511828733608127,0.342150265770033,3,0.203920476231724,0.0741997144536125,1.6481830722842694
1363,0.4762216240167617,0.0764985143957204,17.063693699553475,5,0.1111031651496887,7.511828733608127,0.342150265770033,3,0.203920476231724,0.1784768964475578,2.595845416615828
1364,0.5616492396220565,0.0806961936998064,4.8983802313487805,6,0.2609181047417223,4.849797949194908,0.1092991132754832,2,0.1467614919412881,0.0741997144536125,2.595845416615828
1365,0.1904571527615189,0.1783184450074171,4.270874448867528,11,0.2326700109522789,4.851482644677162,0.1251042524818331,1,0.3359518449287861,0.0593187156380176,4.627425476849048
1366,0.2151542712002992,0.1783184450074171,4.270874448867528,11,0.2326700109522789,4.851482644677162,0.1251042524818331,1,0.3359518449287861,0.0593187156380176,4.627425476849048
1367,0.1904571527615189,0.1597915166349846,4.270874448867528,11,0.2326700109522789,4.851482644677162,0.1251042524818331,1,0.3359518449287861,0.0593187156380176,4.627425476849048
1368,0.1904571527615189,0.1783184450074171,12.49767570885139,11,0.2326700109522789,4.851482644677162,0.1251042524818331,1,0.3359518449287861,0.0593187156380176,4.627425476849048
1369,0.1904571527615189,0.1783184450074171,4.270874448867528,10,0.2326700109522789,4.851482644677162,0.1251042524818331,1,0.3359518449287861,0.0593187156380176,4.627425476849048
1370,0.1904571527615189,0.1783184450074171,4.270874448867528,11,0.1069626081269234,4.851482644677162,0.1251042524818331,1,0.3359518449287861,0.0593187156380176,4.627425476849048
1371,0.1904571527615189,0.1783184450074171,4.270874448867528,11,0.2326700109522789,6.5154825039207935,0.1251042524818331,1,0.3359518449287861,0.0593187156380176,4.627425476849048
1372,0.1904571527615189,0.1783184450074171,4.270874448867528,11,0.2326700109522789,4.851482644677162,0.2449358890764415,1,0.3359518449287861,0.0593187156380176,4.627425476849048
1373,0.1904571527615189,0.1783184450074171,4.270874448867528,11,0.2326700109522789,4.851482644677162,0.1251042524818331,1,0.3359518449287861,0.0593187156380176,4.627425476849048
1374,0.1904571527615189,0.1783184450074171,4.270874448867528,11,0.2326700109522789,4.851482644677162,0.1251042524818331,1,0.295211088238284,0.0593187156380176,4.627425476849048
1375,0.1904571527615189,0.1783184450074171,4.270874448867528,11,0.2326700109522789,4.851482644677162,0.1251042524818331,1,0.3359518449287861,0.193291962700097,4.627425476849048
1376,0.1904571527615189,0.1783184450074171,4.270874448867528,11,0.2326700109522789,4.851482644677162,0.1251042524818331,1,0.3359518449287861,0.0593187156380176,5.629415450112683
1377,0.2151542712002992,0.1597915166349846,12.49767570885139,10,0.1069626081269234,6.5154825039207935,0.2449358890764415,1,0.295211088238284,0.193291962700097,5.629415450112683
1378,0.0841459656134247,0.0514610754049646,11.216004499462668,9,0.2603212960064411,2.010583320632577,0.249424819368869,2,0.4499514281749725,0.0361131691154575,7.296069944043685
1379,0.1403209459036588,0.0514610754049646,11.216004499462668,9,0.2603212960064411,2.010583320632577,0.249424819368869,2,0.4499514281749725,0.0361131691154575,7.296069944043685
1380,0.0841459656134247,0.0435140632706257,11.216004499462668,9,0.2603212960064411,2.010583320632577,0.249424819368869,2,0.4499514281749725,0.0361131691154575,7.296069944043685
1381,0.0841459656134247,0.0514610754049646,8.007209121318127,9,0.2603212960064411,2.010583320632577,0.249424819368869,2,0.4499514281749725,0.0361131691154575,7.296069944043685
1382,0.0841459656134247,0.0514610754049646,11.216004499462668,14,0.2603212960064411,2.010583320632577,0.249424819368869,2,0.4499514281749725,0.0361131691154575,7.296069944043685
1383,0.0841459656134247,0.0514610754049646,11.216004499462668,9,0.2115106526296585,2.010583320632577,0.249424819368869,2,0.4499514281749725,0.0361131691154575,7.296069944043685
1384,0.0841459656134247,0.0514610754049646,11.216004499462668,9,0.2603212960064411,5.332554511725903,0.249424819368869,2,0.4499514281749725,0.0361131691154575,7.296069944043685
1385,0.0841459656134247,0.0514610754049646,11.216004499462668,9,0.2603212960064411,2.010583320632577,0.16024702899158,2,0.4499514281749725,0.0361131691154575,7.296069944043685
1386,0.0841459656134247,0.0514610754049646,11.216004499462668,9,0.2603212960064411,2.010583320632577,0.249424819368869,2,0.4499514281749725,0.0361131691154575,7.296069944043685
1387,0.0841459656134247,0.0514610754049646,11.216004499462668,9,0.2603212960064411,2.010583320632577,0.249424819368869,2,0.1661052417941391,0.0361131691154575,7.296069944043685
1388,0.0841459656134247,0.0514610754049646,11.216004499462668,9,0.2603212960064411,2.010583320632577,0.249424819368869,2,0.4499514281749725,0.0441037407703542,7.296069944043685
1389,0.0841459656134247,0.0514610754049646,11.216004499462668,9,0.2603212960064411,2.010583320632577,0.249424819368869,2,0.4499514281749725,0.0361131691154575,2.8979748625761563
1390,0.1403209459036588,0.0435140632706257,8.007209121318127,14,0.2115106526296585,5.332554511725903,0.16024702899158,2,0.1661052417941391,0.0441037407703542,2.8979748625761563
1391,0.4349497854709625,0.1153891597839774,7.267525988906028,15,0.1308200191240757,5.443989377468824,0.206694523897022,2,0.089960520947352,0.1188844168451337,2.6011630266530825
1392,0.336779467575252,0.1153891597839774,7.267525988906028,15,0.1308200191240757,5.443989377468824,0.206694523897022,2,0.089960520947352,0.1188844168451337,2.6011630266530825
1393,0.4349497854709625,0.296448019429356,7.267525988906028,15,0.1308200191240757,5.443989377468824,0.206694523897022,2,0.089960520947352,0.1188844168451337,2.6011630266530825
1394,0.4349497854709625,0.1153891597839774,18.801226988836643,15,0.1308200191240757,5.443989377468824,0.206694523897022,2,0.089960520947352,0.1188844168451337,2.6011630266530825
1395,0.4349497854709625,0.1153891597839774,7.267525988906028,9,0.1308200191240757,5.443989377468824,0.206694523897022,2,0.089960520947352,0.1188844168451337,2.6011630266530825
1396,0.4349497854709625,0.1153891597839774,7.267525988906028,15,0.1210964486934244,5.443989377468824,0.206694523897022,2,0.089960520947352,0.1188844168451337,2.6011630266530825
1397,0.4349497854709625,0.1153891597839774,7.267525988906028,15,0.1308200191240757,3.2903532795608044,0.206694523897022,2,0.089960520947352,0.1188844168451337,2.6011630266530825
1398,0.4349497854709625,0.1153891597839774,7.267525988906028,15,0.1308200191240757,5.443989377468824,0.3855170553084463,2,0.089960520947352,0.1188844168451337,2.6011630266530825
1399,0.4349497854709625,0.1153891597839774,7.267525988906028,15,0.1308200191240757,5.443989377468824,0.206694523897022,3,0.089960520947352,0.1188844168451337,2.6011630266530825
1400,0.4349497854709625,0.1153891597839774,7.267525988906028,15,0.1308200191240757,5.443989377468824,0.206694523897022,2,0.4973192712292075,0.1188844168451337,2.6011630266530825
1401,0.4349497854709625,0.1153891597839774,7.267525988906028,15,0.1308200191240757,5.443989377468824,0.206694523897022,2,0.089960520947352,0.0960253587467217,2.6011630266530825
1402,0.4349497854709625,0.1153891597839774,7.267525988906028,15,0.1308200191240757,5.443989377468824,0.206694523897022,2,0.089960520947352,0.1188844168451337,1.3307759757329385
1403,0.336779467575252,0.296448019429356,18.801226988836643,9,0.1210964486934244,3.2903532795608044,0.3855170553084463,3,0.4973192712292075,0.0960253587467217,1.3307759757329385
1404,0.3211371598765254,0.0324282050837208,5.6218954530892855,14,0.1657044090796262,6.686880677938461,0.3042444031219929,2,0.3985696886666119,0.0791880466104777,4.87511364652376
1405,0.4028991881757974,0.0324282050837208,5.6218954530892855,14,0.1657044090796262,6.686880677938461,0.3042444031219929,2,0.3985696886666119,0.0791880466104777,4.87511364652376
1406,0.3211371598765254,0.0302728769975333,5.6218954530892855,14,0.1657044090796262,6.686880677938461,0.3042444031219929,2,0.3985696886666119,0.0791880466104777,4.87511364652376
1407,0.3211371598765254,0.0324282050837208,11.812258754658345,14,0.1657044090796262,6.686880677938461,0.3042444031219929,2,0.3985696886666119,0.0791880466104777,4.87511364652376
1408,0.3211371598765254,0.0324282050837208,5.6218954530892855,8,0.1657044090796262,6.686880677938461,0.3042444031219929,2,0.3985696886666119,0.0791880466104777,4.87511364652376
1409,0.3211371598765254,0.0324282050837208,5.6218954530892855,14,0.1580325907096266,6.686880677938461,0.3042444031219929,2,0.3985696886666119,0.0791880466104777,4.87511364652376
1410,0.3211371598765254,0.0324282050837208,5.6218954530892855,14,0.1657044090796262,2.082003930583596,0.3042444031219929,2,0.3985696886666119,0.0791880466104777,4.87511364652376
1411,0.3211371598765254,0.0324282050837208,5.6218954530892855,14,0.1657044090796262,6.686880677938461,0.3503826482221484,2,0.3985696886666119,0.0791880466104777,4.87511364652376
1412,0.3211371598765254,0.0324282050837208,5.6218954530892855,14,0.1657044090796262,6.686880677938461,0.3042444031219929,2,0.3985696886666119,0.0791880466104777,4.87511364652376
1413,0.3211371598765254,0.0324282050837208,5.6218954530892855,14,0.1657044090796262,6.686880677938461,0.3042444031219929,2,0.0672338341362774,0.0791880466104777,4.87511364652376
1414,0.3211371598765254,0.0324282050837208,5.6218954530892855,14,0.1657044090796262,6.686880677938461,0.3042444031219929,2,0.3985696886666119,0.0556319154269057,4.87511364652376
1415,0.3211371598765254,0.0324282050837208,5.6218954530892855,14,0.1657044090796262,6.686880677938461,0.3042444031219929,2,0.3985696886666119,0.0791880466104777,2.005732398652964
1416,0.4028991881757974,0.0302728769975333,11.812258754658345,8,0.1580325907096266,2.082003930583596,0.3503826482221484,2,0.0672338341362774,0.0556319154269057,2.005732398652964
1417,0.0456148590892553,0.1342601988462501,22.49470166094572,8,0.2881867705844342,4.003463177010417,0.17402547984384,2,0.1404220364522189,0.2382593231366032,1.7110247879051852
1418,0.0739089360460639,0.1342601988462501,22.49470166094572,8,0.2881867705844342,4.003463177010417,0.17402547984384,2,0.1404220364522189,0.2382593231366032,1.7110247879051852
1419,0.0456148590892553,0.2073883747853402,22.49470166094572,8,0.2881867705844342,4.003463177010417,0.17402547984384,2,0.1404220364522189,0.2382593231366032,1.7110247879051852
1420,0.0456148590892553,0.1342601988462501,5.164430788185968,8,0.2881867705844342,4.003463177010417,0.17402547984384,2,0.1404220364522189,0.2382593231366032,1.7110247879051852
1421,0.0456148590892553,0.1342601988462501,22.49470166094572,15,0.2881867705844342,4.003463177010417,0.17402547984384,2,0.1404220364522189,0.2382593231366032,1.7110247879051852
1422,0.0456148590892553,0.1342601988462501,22.49470166094572,8,0.1779853277374058,4.003463177010417,0.17402547984384,2,0.1404220364522189,0.2382593231366032,1.7110247879051852
1423,0.0456148590892553,0.1342601988462501,22.49470166094572,8,0.2881867705844342,6.365398531779647,0.17402547984384,2,0.1404220364522189,0.2382593231366032,1.7110247879051852
1424,0.0456148590892553,0.1342601988462501,22.49470166094572,8,0.2881867705844342,4.003463177010417,0.2229396383743733,2,0.1404220364522189,0.2382593231366032,1.7110247879051852
1425,0.0456148590892553,0.1342601988462501,22.49470166094572,8,0.2881867705844342,4.003463177010417,0.17402547984384,3,0.1404220364522189,0.2382593231366032,1.7110247879051852
1426,0.0456148590892553,0.1342601988462501,22.49470166094572,8,0.2881867705844342,4.003463177010417,0.17402547984384,2,0.3694361252710223,0.2382593231366032,1.7110247879051852
1427,0.0456148590892553,0.1342601988462501,22.49470166094572,8,0.2881867705844342,4.003463177010417,0.17402547984384,2,0.1404220364522189,0.2578099176309366,1.7110247879051852
1428,0.0456148590892553,0.1342601988462501,22.49470166094572,8,0.2881867705844342,4.003463177010417,0.17402547984384,2,0.1404220364522189,0.2382593231366032,7.285671149703956
1429,0.0739089360460639,0.2073883747853402,5.164430788185968,15,0.1779853277374058,6.365398531779647,0.2229396383743733,3,0.3694361252710223,0.2578099176309366,7.285671149703956
1430,0.229269778355956,0.0681935351212975,8.55859845146812,12,0.2059622914064675,3.046034123748541,0.3966073781251907,3,0.2510175812989473,0.1587003199478172,1.0861676619878788
1431,0.299071198515594,0.0681935351212975,8.55859845146812,12,0.2059622914064675,3.046034123748541,0.3966073781251907,3,0.2510175812989473,0.1587003199478172,1.0861676619878788
1432,0.229269778355956,0.0564884346583071,8.55859845146812,12,0.2059622914064675,3.046034123748541,0.3966073781251907,3,0.2510175812989473,0.1587003199478172,1.0861676619878788
1433,0.229269778355956,0.0681935351212975,19.92692381439681,12,0.2059622914064675,3.046034123748541,0.3966073781251907,3,0.2510175812989473,0.1587003199478172,1.0861676619878788
1434,0.229269778355956,0.0681935351212975,8.55859845146812,13,0.2059622914064675,3.046034123748541,0.3966073781251907,3,0.2510175812989473,0.1587003199478172,1.0861676619878788
1435,0.229269778355956,0.0681935351212975,8.55859845146812,12,0.0775649793911725,3.046034123748541,0.3966073781251907,3,0.2510175812989473,0.1587003199478172,1.0861676619878788
1436,0.229269778355956,0.0681935351212975,8.55859845146812,12,0.2059622914064675,7.738590808585286,0.3966073781251907,3,0.2510175812989473,0.1587003199478172,1.0861676619878788
1437,0.229269778355956,0.0681935351212975,8.55859845146812,12,0.2059622914064675,3.046034123748541,0.2691429609898478,3,0.2510175812989473,0.1587003199478172,1.0861676619878788
1438,0.229269778355956,0.0681935351212975,8.55859845146812,12,0.2059622914064675,3.046034123748541,0.3966073781251907,2,0.2510175812989473,0.1587003199478172,1.0861676619878788
1439,0.229269778355956,0.0681935351212975,8.55859845146812,12,0.2059622914064675,3.046034123748541,0.3966073781251907,3,0.2693643339443952,0.1587003199478172,1.0861676619878788
1440,0.229269778355956,0.0681935351212975,8.55859845146812,12,0.2059622914064675,3.046034123748541,0.3966073781251907,3,0.2510175812989473,0.0330657344377673,1.0861676619878788
1441,0.229269778355956,0.0681935351212975,8.55859845146812,12,0.2059622914064675,3.046034123748541,0.3966073781251907,3,0.2510175812989473,0.1587003199478172,3.735402981404273
1442,0.299071198515594,0.0564884346583071,19.92692381439681,13,0.0775649793911725,7.738590808585286,0.2691429609898478,2,0.2693643339443952,0.0330657344377673,3.735402981404273
1443,0.5897527305409312,0.2728120343028671,13.21068797152724,6,0.0755454904399812,6.4563687685877085,0.0920713601633906,1,0.2880172050092369,0.0482079295450487,3.098082647338288
1444,0.478024673089385,0.2728120343028671,13.21068797152724,6,0.0755454904399812,6.4563687685877085,0.0920713601633906,1,0.2880172050092369,0.0482079295450487,3.098082647338288
1445,0.5897527305409312,0.1112211333776036,13.21068797152724,6,0.0755454904399812,6.4563687685877085,0.0920713601633906,1,0.2880172050092369,0.0482079295450487,3.098082647338288
1446,0.5897527305409312,0.2728120343028671,7.58123665809921,6,0.0755454904399812,6.4563687685877085,0.0920713601633906,1,0.2880172050092369,0.0482079295450487,3.098082647338288
1447,0.5897527305409312,0.2728120343028671,13.21068797152724,5,0.0755454904399812,6.4563687685877085,0.0920713601633906,1,0.2880172050092369,0.0482079295450487,3.098082647338288
1448,0.5897527305409312,0.2728120343028671,13.21068797152724,6,0.2859293093904853,6.4563687685877085,0.0920713601633906,1,0.2880172050092369,0.0482079295450487,3.098082647338288
1449,0.5897527305409312,0.2728120343028671,13.21068797152724,6,0.0755454904399812,3.82581846229732,0.0920713601633906,1,0.2880172050092369,0.0482079295450487,3.098082647338288
1450,0.5897527305409312,0.2728120343028671,13.21068797152724,6,0.0755454904399812,6.4563687685877085,0.0575354975648224,1,0.2880172050092369,0.0482079295450487,3.098082647338288
1451,0.5897527305409312,0.2728120343028671,13.21068797152724,6,0.0755454904399812,6.4563687685877085,0.0920713601633906,1,0.2880172050092369,0.0482079295450487,3.098082647338288
1452,0.5897527305409312,0.2728120343028671,13.21068797152724,6,0.0755454904399812,6.4563687685877085,0.0920713601633906,1,0.3888159248512238,0.0482079295450487,3.098082647338288
1453,0.5897527305409312,0.2728120343028671,13.21068797152724,6,0.0755454904399812,6.4563687685877085,0.0920713601633906,1,0.2880172050092369,0.1280828100604601,3.098082647338288
1454,0.5897527305409312,0.2728120343028671,13.21068797152724,6,0.0755454904399812,6.4563687685877085,0.0920713601633906,1,0.2880172050092369,0.0482079295450487,1.0324366036798152
1455,0.478024673089385,0.1112211333776036,7.58123665809921,5,0.2859293093904853,3.82581846229732,0.0575354975648224,1,0.3888159248512238,0.1280828100604601,1.0324366036798152
1456,0.5790924936532974,0.0658770108929368,4.219581864024378,15,0.2494353136979043,4.209587810561061,0.155889688944444,3,0.3521748567465693,0.1370840696266323,2.875653019692728
1457,0.4490439003333449,0.0658770108929368,4.219581864024378,15,0.2494353136979043,4.209587810561061,0.155889688944444,3,0.3521748567465693,0.1370840696266323,2.875653019692728
1458,0.5790924936532974,0.0487329462315486,4.219581864024378,15,0.2494353136979043,4.209587810561061,0.155889688944444,3,0.3521748567465693,0.1370840696266323,2.875653019692728
1459,0.5790924936532974,0.0658770108929368,9.747496864229449,15,0.2494353136979043,4.209587810561061,0.155889688944444,3,0.3521748567465693,0.1370840696266323,2.875653019692728
1460,0.5790924936532974,0.0658770108929368,4.219581864024378,11,0.2494353136979043,4.209587810561061,0.155889688944444,3,0.3521748567465693,0.1370840696266323,2.875653019692728
1461,0.5790924936532974,0.0658770108929368,4.219581864024378,15,0.1633829255122691,4.209587810561061,0.155889688944444,3,0.3521748567465693,0.1370840696266323,2.875653019692728
1462,0.5790924936532974,0.0658770108929368,4.219581864024378,15,0.2494353136979043,4.326632410287857,0.155889688944444,3,0.3521748567465693,0.1370840696266323,2.875653019692728
1463,0.5790924936532974,0.0658770108929368,4.219581864024378,15,0.2494353136979043,4.209587810561061,0.1707863268442452,3,0.3521748567465693,0.1370840696266323,2.875653019692728
1464,0.5790924936532974,0.0658770108929368,4.219581864024378,15,0.2494353136979043,4.209587810561061,0.155889688944444,2,0.3521748567465693,0.1370840696266323,2.875653019692728
1465,0.5790924936532974,0.0658770108929368,4.219581864024378,15,0.2494353136979043,4.209587810561061,0.155889688944444,3,0.2127459019422531,0.1370840696266323,2.875653019692728
1466,0.5790924936532974,0.0658770108929368,4.219581864024378,15,0.2494353136979043,4.209587810561061,0.155889688944444,3,0.3521748567465693,0.1751756124934087,2.875653019692728
1467,0.5790924936532974,0.0658770108929368,4.219581864024378,15,0.2494353136979043,4.209587810561061,0.155889688944444,3,0.3521748567465693,0.1370840696266323,1.6146576341780332
1468,0.4490439003333449,0.0487329462315486,9.747496864229449,11,0.1633829255122691,4.326632410287857,0.1707863268442452,2,0.2127459019422531,0.1751756124934087,1.6146576341780332
1469,0.2564089531078934,0.282411075377469,15.522701214875411,10,0.1219176784623414,6.799240827560425,0.2881600401829928,1,0.2167444854974746,0.0419942311113151,1.025218255413196
1470,0.0280526150017976,0.282411075377469,15.522701214875411,10,0.1219176784623414,6.799240827560425,0.2881600401829928,1,0.2167444854974746,0.0419942311113151,1.025218255413196
1471,0.2564089531078934,0.2290928937283449,15.522701214875411,10,0.1219176784623414,6.799240827560425,0.2881600401829928,1,0.2167444854974746,0.0419942311113151,1.025218255413196
1472,0.2564089531078934,0.282411075377469,15.491430951004268,10,0.1219176784623414,6.799240827560425,0.2881600401829928,1,0.2167444854974746,0.0419942311113151,1.025218255413196
1473,0.2564089531078934,0.282411075377469,15.522701214875411,7,0.1219176784623414,6.799240827560425,0.2881600401829928,1,0.2167444854974746,0.0419942311113151,1.025218255413196
1474,0.2564089531078934,0.282411075377469,15.522701214875411,10,0.2001013459637761,6.799240827560425,0.2881600401829928,1,0.2167444854974746,0.0419942311113151,1.025218255413196
1475,0.2564089531078934,0.282411075377469,15.522701214875411,10,0.1219176784623414,7.120681528002024,0.2881600401829928,1,0.2167444854974746,0.0419942311113151,1.025218255413196
1476,0.2564089531078934,0.282411075377469,15.522701214875411,10,0.1219176784623414,6.799240827560425,0.3966878632549196,1,0.2167444854974746,0.0419942311113151,1.025218255413196
1477,0.2564089531078934,0.282411075377469,15.522701214875411,10,0.1219176784623414,6.799240827560425,0.2881600401829928,1,0.2167444854974746,0.0419942311113151,1.025218255413196
1478,0.2564089531078934,0.282411075377469,15.522701214875411,10,0.1219176784623414,6.799240827560425,0.2881600401829928,1,0.445295303594321,0.0419942311113151,1.025218255413196
1479,0.2564089531078934,0.282411075377469,15.522701214875411,10,0.1219176784623414,6.799240827560425,0.2881600401829928,1,0.2167444854974746,0.0818790646868762,1.025218255413196
1480,0.2564089531078934,0.282411075377469,15.522701214875411,10,0.1219176784623414,6.799240827560425,0.2881600401829928,1,0.2167444854974746,0.0419942311113151,3.527360392249532
1481,0.0280526150017976,0.2290928937283449,15.491430951004268,7,0.2001013459637761,7.120681528002024,0.3966878632549196,1,0.445295303594321,0.0818790646868762,3.527360392249532
1482,0.0744388723745942,0.0312735068715147,7.598735953632412,10,0.087076564040035,6.245008641853929,0.0623150387778878,2,0.1061404179316014,0.0900406345475384,1.8410256506743088
1483,0.2529261779040098,0.0312735068715147,7.598735953632412,10,0.087076564040035,6.245008641853929,0.0623150387778878,2,0.1061404179316014,0.0900406345475384,1.8410256506743088
1484,0.0744388723745942,0.0841478123437893,7.598735953632412,10,0.087076564040035,6.245008641853929,0.0623150387778878,2,0.1061404179316014,0.0900406345475384,1.8410256506743088
1485,0.0744388723745942,0.0312735068715147,4.016673221096292,10,0.087076564040035,6.245008641853929,0.0623150387778878,2,0.1061404179316014,0.0900406345475384,1.8410256506743088
1486,0.0744388723745942,0.0312735068715147,7.598735953632412,9,0.087076564040035,6.245008641853929,0.0623150387778878,2,0.1061404179316014,0.0900406345475384,1.8410256506743088
1487,0.0744388723745942,0.0312735068715147,7.598735953632412,10,0.0563600735738873,6.245008641853929,0.0623150387778878,2,0.1061404179316014,0.0900406345475384,1.8410256506743088
1488,0.0744388723745942,0.0312735068715147,7.598735953632412,10,0.087076564040035,5.489441879093647,0.0623150387778878,2,0.1061404179316014,0.0900406345475384,1.8410256506743088
1489,0.0744388723745942,0.0312735068715147,7.598735953632412,10,0.087076564040035,6.245008641853929,0.0987297798972577,2,0.1061404179316014,0.0900406345475384,1.8410256506743088
1490,0.0744388723745942,0.0312735068715147,7.598735953632412,10,0.087076564040035,6.245008641853929,0.0623150387778878,2,0.1061404179316014,0.0900406345475384,1.8410256506743088
1491,0.0744388723745942,0.0312735068715147,7.598735953632412,10,0.087076564040035,6.245008641853929,0.0623150387778878,2,0.1230827873107046,0.0900406345475384,1.8410256506743088
1492,0.0744388723745942,0.0312735068715147,7.598735953632412,10,0.087076564040035,6.245008641853929,0.0623150387778878,2,0.1061404179316014,0.1041112756909403,1.8410256506743088
1493,0.0744388723745942,0.0312735068715147,7.598735953632412,10,0.087076564040035,6.245008641853929,0.0623150387778878,2,0.1061404179316014,0.0900406345475384,5.3051258318263566
1494,0.2529261779040098,0.0841478123437893,4.016673221096292,9,0.0563600735738873,5.489441879093647,0.0987297798972577,2,0.1230827873107046,0.1041112756909403,5.3051258318263566
1495,0.3133330643177032,0.1392197804527438,12.061435516565536,5,0.2066597663331776,2.928415235131979,0.3702683787792921,2,0.4627323226071894,0.2784784541359708,5.168853546693537
1496,0.523881302587688,0.1392197804527438,12.061435516565536,5,0.2066597663331776,2.928415235131979,0.3702683787792921,2,0.4627323226071894,0.2784784541359708,5.168853546693537
1497,0.3133330643177032,0.1327724098288915,12.061435516565536,5,0.2066597663331776,2.928415235131979,0.3702683787792921,2,0.4627323226071894,0.2784784541359708,5.168853546693537
1498,0.3133330643177032,0.1392197804527438,15.19402474660845,5,0.2066597663331776,2.928415235131979,0.3702683787792921,2,0.4627323226071894,0.2784784541359708,5.168853546693537
1499,0.3133330643177032,0.1392197804527438,12.061435516565536,14,0.2066597663331776,2.928415235131979,0.3702683787792921,2,0.4627323226071894,0.2784784541359708,5.168853546693537
1500,0.3133330643177032,0.1392197804527438,12.061435516565536,5,0.2796669010538608,2.928415235131979,0.3702683787792921,2,0.4627323226071894,0.2784784541359708,5.168853546693537
1501,0.3133330643177032,0.1392197804527438,12.061435516565536,5,0.2066597663331776,3.07487278804183,0.3702683787792921,2,0.4627323226071894,0.2784784541359708,5.168853546693537
1502,0.3133330643177032,0.1392197804527438,12.061435516565536,5,0.2066597663331776,2.928415235131979,0.2337964413687587,2,0.4627323226071894,0.2784784541359708,5.168853546693537
1503,0.3133330643177032,0.1392197804527438,12.061435516565536,5,0.2066597663331776,2.928415235131979,0.3702683787792921,3,0.4627323226071894,0.2784784541359708,5.168853546693537
1504,0.3133330643177032,0.1392197804527438,12.061435516565536,5,0.2066597663331776,2.928415235131979,0.3702683787792921,2,0.3135064853820949,0.2784784541359708,5.168853546693537
1505,0.3133330643177032,0.1392197804527438,12.061435516565536,5,0.2066597663331776,2.928415235131979,0.3702683787792921,2,0.4627323226071894,0.0406755195964856,5.168853546693537
1506,0.3133330643177032,0.1392197804527438,12.061435516565536,5,0.2066597663331776,2.928415235131979,0.3702683787792921,2,0.4627323226071894,0.2784784541359708,2.418821377083149
1507,0.523881302587688,0.1327724098288915,15.19402474660845,14,0.2796669010538608,3.07487278804183,0.2337964413687587,3,0.3135064853820949,0.0406755195964856,2.418821377083149
1508,0.4245204387232661,0.0495445631384861,22.73338636820921,7,0.1797079052310436,4.685466691851616,0.0953451147768646,2,0.1523586636874824,0.0314572871196362,2.7502117235091283
1509,0.5902207139879465,0.0495445631384861,22.73338636820921,7,0.1797079052310436,4.685466691851616,0.0953451147768646,2,0.1523586636874824,0.0314572871196362,2.7502117235091283
1510,0.4245204387232661,0.0679836501360611,22.73338636820921,7,0.1797079052310436,4.685466691851616,0.0953451147768646,2,0.1523586636874824,0.0314572871196362,2.7502117235091283
1511,0.4245204387232661,0.0495445631384861,22.85744882377912,7,0.1797079052310436,4.685466691851616,0.0953451147768646,2,0.1523586636874824,0.0314572871196362,2.7502117235091283
1512,0.4245204387232661,0.0495445631384861,22.73338636820921,15,0.1797079052310436,4.685466691851616,0.0953451147768646,2,0.1523586636874824,0.0314572871196362,2.7502117235091283
1513,0.4245204387232661,0.0495445631384861,22.73338636820921,7,0.2504407241474837,4.685466691851616,0.0953451147768646,2,0.1523586636874824,0.0314572871196362,2.7502117235091283
1514,0.4245204387232661,0.0495445631384861,22.73338636820921,7,0.1797079052310436,2.601850861683488,0.0953451147768646,2,0.1523586636874824,0.0314572871196362,2.7502117235091283
1515,0.4245204387232661,0.0495445631384861,22.73338636820921,7,0.1797079052310436,4.685466691851616,0.2806402286048979,2,0.1523586636874824,0.0314572871196362,2.7502117235091283
1516,0.4245204387232661,0.0495445631384861,22.73338636820921,7,0.1797079052310436,4.685466691851616,0.0953451147768646,2,0.1523586636874824,0.0314572871196362,2.7502117235091283
1517,0.4245204387232661,0.0495445631384861,22.73338636820921,7,0.1797079052310436,4.685466691851616,0.0953451147768646,2,0.2228399676736444,0.0314572871196362,2.7502117235091283
1518,0.4245204387232661,0.0495445631384861,22.73338636820921,7,0.1797079052310436,4.685466691851616,0.0953451147768646,2,0.1523586636874824,0.2335481293992172,2.7502117235091283
1519,0.4245204387232661,0.0495445631384861,22.73338636820921,7,0.1797079052310436,4.685466691851616,0.0953451147768646,2,0.1523586636874824,0.0314572871196362,1.237512255863074
1520,0.5902207139879465,0.0679836501360611,22.85744882377912,15,0.2504407241474837,2.601850861683488,0.2806402286048979,2,0.2228399676736444,0.2335481293992172,1.237512255863074
1521,0.1109077658504247,0.1198502939085469,6.189491547390272,12,0.0512747459113597,7.252048654481769,0.3158097435254604,2,0.413918836787343,0.1026877442371198,7.844468522300771
1522,0.1868803432211279,0.1198502939085469,6.189491547390272,12,0.0512747459113597,7.252048654481769,0.3158097435254604,2,0.413918836787343,0.1026877442371198,7.844468522300771
1523,0.1109077658504247,0.1066592368389367,6.189491547390272,12,0.0512747459113597,7.252048654481769,0.3158097435254604,2,0.413918836787343,0.1026877442371198,7.844468522300771
1524,0.1109077658504247,0.1198502939085469,6.583478361292007,12,0.0512747459113597,7.252048654481769,0.3158097435254604,2,0.413918836787343,0.1026877442371198,7.844468522300771
1525,0.1109077658504247,0.1198502939085469,6.189491547390272,8,0.0512747459113597,7.252048654481769,0.3158097435254604,2,0.413918836787343,0.1026877442371198,7.844468522300771
1526,0.1109077658504247,0.1198502939085469,6.189491547390272,12,0.0821611282415688,7.252048654481769,0.3158097435254604,2,0.413918836787343,0.1026877442371198,7.844468522300771
1527,0.1109077658504247,0.1198502939085469,6.189491547390272,12,0.0512747459113597,5.763518473133445,0.3158097435254604,2,0.413918836787343,0.1026877442371198,7.844468522300771
1528,0.1109077658504247,0.1198502939085469,6.189491547390272,12,0.0512747459113597,7.252048654481769,0.0684199210256338,2,0.413918836787343,0.1026877442371198,7.844468522300771
1529,0.1109077658504247,0.1198502939085469,6.189491547390272,12,0.0512747459113597,7.252048654481769,0.3158097435254604,3,0.413918836787343,0.1026877442371198,7.844468522300771
1530,0.1109077658504247,0.1198502939085469,6.189491547390272,12,0.0512747459113597,7.252048654481769,0.3158097435254604,2,0.440503858635202,0.1026877442371198,7.844468522300771
1531,0.1109077658504247,0.1198502939085469,6.189491547390272,12,0.0512747459113597,7.252048654481769,0.3158097435254604,2,0.413918836787343,0.0614154710865727,7.844468522300771
1532,0.1109077658504247,0.1198502939085469,6.189491547390272,12,0.0512747459113597,7.252048654481769,0.3158097435254604,2,0.413918836787343,0.1026877442371198,4.6023482778623634
1533,0.1868803432211279,0.1066592368389367,6.583478361292007,8,0.0821611282415688,5.763518473133445,0.0684199210256338,3,0.440503858635202,0.0614154710865727,4.6023482778623634
1534,0.2202215787023305,0.0738563238806198,12.632148149790822,8,0.1565579268615692,5.604632150381804,0.188557210098952,3,0.2999141506385058,0.2086115030201023,4.373325714952967
1535,0.1117497799918055,0.0738563238806198,12.632148149790822,8,0.1565579268615692,5.604632150381804,0.188557210098952,3,0.2999141506385058,0.2086115030201023,4.373325714952967
1536,0.2202215787023305,0.0391734270072843,12.632148149790822,8,0.1565579268615692,5.604632150381804,0.188557210098952,3,0.2999141506385058,0.2086115030201023,4.373325714952967
1537,0.2202215787023305,0.0738563238806198,10.280083163460748,8,0.1565579268615692,5.604632150381804,0.188557210098952,3,0.2999141506385058,0.2086115030201023,4.373325714952967
1538,0.2202215787023305,0.0738563238806198,12.632148149790822,4,0.1565579268615692,5.604632150381804,0.188557210098952,3,0.2999141506385058,0.2086115030201023,4.373325714952967
1539,0.2202215787023305,0.0738563238806198,12.632148149790822,8,0.2373538983054459,5.604632150381804,0.188557210098952,3,0.2999141506385058,0.2086115030201023,4.373325714952967
1540,0.2202215787023305,0.0738563238806198,12.632148149790822,8,0.1565579268615692,7.579116897657514,0.188557210098952,3,0.2999141506385058,0.2086115030201023,4.373325714952967
1541,0.2202215787023305,0.0738563238806198,12.632148149790822,8,0.1565579268615692,5.604632150381804,0.3388967449776828,3,0.2999141506385058,0.2086115030201023,4.373325714952967
1542,0.2202215787023305,0.0738563238806198,12.632148149790822,8,0.1565579268615692,5.604632150381804,0.188557210098952,2,0.2999141506385058,0.2086115030201023,4.373325714952967
1543,0.2202215787023305,0.0738563238806198,12.632148149790822,8,0.1565579268615692,5.604632150381804,0.188557210098952,3,0.0910150997340679,0.2086115030201023,4.373325714952967
1544,0.2202215787023305,0.0738563238806198,12.632148149790822,8,0.1565579268615692,5.604632150381804,0.188557210098952,3,0.2999141506385058,0.1388096124032969,4.373325714952967
1545,0.2202215787023305,0.0738563238806198,12.632148149790822,8,0.1565579268615692,5.604632150381804,0.188557210098952,3,0.2999141506385058,0.2086115030201023,6.893851414463641
1546,0.1117497799918055,0.0391734270072843,10.280083163460748,4,0.2373538983054459,7.579116897657514,0.3388967449776828,2,0.0910150997340679,0.1388096124032969,6.893851414463641
1547,0.4676236001774668,0.1846945717924829,7.960461735615086,13,0.2770566448569297,2.2649676892906427,0.2333376401104033,1,0.2663270478136837,0.0674505029190951,1.5349130712373764
1548,0.3650530871003866,0.1846945717924829,7.960461735615086,13,0.2770566448569297,2.2649676892906427,0.2333376401104033,1,0.2663270478136837,0.0674505029190951,1.5349130712373764
1549,0.4676236001774668,0.185178446522402,7.960461735615086,13,0.2770566448569297,2.2649676892906427,0.2333376401104033,1,0.2663270478136837,0.0674505029190951,1.5349130712373764
1550,0.4676236001774668,0.1846945717924829,5.95773600880895,13,0.2770566448569297,2.2649676892906427,0.2333376401104033,1,0.2663270478136837,0.0674505029190951,1.5349130712373764
1551,0.4676236001774668,0.1846945717924829,7.960461735615086,12,0.2770566448569297,2.2649676892906427,0.2333376401104033,1,0.2663270478136837,0.0674505029190951,1.5349130712373764
1552,0.4676236001774668,0.1846945717924829,7.960461735615086,13,0.1305330097209662,2.2649676892906427,0.2333376401104033,1,0.2663270478136837,0.0674505029190951,1.5349130712373764
1553,0.4676236001774668,0.1846945717924829,7.960461735615086,13,0.2770566448569297,4.043885139748454,0.2333376401104033,1,0.2663270478136837,0.0674505029190951,1.5349130712373764
1554,0.4676236001774668,0.1846945717924829,7.960461735615086,13,0.2770566448569297,2.2649676892906427,0.2120425258297473,1,0.2663270478136837,0.0674505029190951,1.5349130712373764
1555,0.4676236001774668,0.1846945717924829,7.960461735615086,13,0.2770566448569297,2.2649676892906427,0.2333376401104033,1,0.2663270478136837,0.0674505029190951,1.5349130712373764
1556,0.4676236001774668,0.1846945717924829,7.960461735615086,13,0.2770566448569297,2.2649676892906427,0.2333376401104033,1,0.3508184271864593,0.0674505029190951,1.5349130712373764
1557,0.4676236001774668,0.1846945717924829,7.960461735615086,13,0.2770566448569297,2.2649676892906427,0.2333376401104033,1,0.2663270478136837,0.0305083648658445,1.5349130712373764
1558,0.4676236001774668,0.1846945717924829,7.960461735615086,13,0.2770566448569297,2.2649676892906427,0.2333376401104033,1,0.2663270478136837,0.0674505029190951,1.8613889646697064
1559,0.3650530871003866,0.185178446522402,5.95773600880895,12,0.1305330097209662,4.043885139748454,0.2120425258297473,1,0.3508184271864593,0.0305083648658445,1.8613889646697064
1560,0.5058781787753105,0.0361448818683006,15.26621860915128,12,0.1415086679160594,3.1744963005185127,0.1320766970515251,2,0.1088118189014494,0.2500281451020265,1.3557563896816602
1561,0.3822690770030021,0.0361448818683006,15.26621860915128,12,0.1415086679160594,3.1744963005185127,0.1320766970515251,2,0.1088118189014494,0.2500281451020265,1.3557563896816602
1562,0.5058781787753105,0.1194501123074343,15.26621860915128,12,0.1415086679160594,3.1744963005185127,0.1320766970515251,2,0.1088118189014494,0.2500281451020265,1.3557563896816602
1563,0.5058781787753105,0.0361448818683006,11.055409448723264,12,0.1415086679160594,3.1744963005185127,0.1320766970515251,2,0.1088118189014494,0.2500281451020265,1.3557563896816602
1564,0.5058781787753105,0.0361448818683006,15.26621860915128,10,0.1415086679160594,3.1744963005185127,0.1320766970515251,2,0.1088118189014494,0.2500281451020265,1.3557563896816602
1565,0.5058781787753105,0.0361448818683006,15.26621860915128,12,0.2644745807163417,3.1744963005185127,0.1320766970515251,2,0.1088118189014494,0.2500281451020265,1.3557563896816602
1566,0.5058781787753105,0.0361448818683006,15.26621860915128,12,0.1415086679160594,5.034469297155738,0.1320766970515251,2,0.1088118189014494,0.2500281451020265,1.3557563896816602
1567,0.5058781787753105,0.0361448818683006,15.26621860915128,12,0.1415086679160594,3.1744963005185127,0.2636482975911349,2,0.1088118189014494,0.2500281451020265,1.3557563896816602
1568,0.5058781787753105,0.0361448818683006,15.26621860915128,12,0.1415086679160594,3.1744963005185127,0.1320766970515251,2,0.1088118189014494,0.2500281451020265,1.3557563896816602
1569,0.5058781787753105,0.0361448818683006,15.26621860915128,12,0.1415086679160594,3.1744963005185127,0.1320766970515251,2,0.1584989848546684,0.2500281451020265,1.3557563896816602
1570,0.5058781787753105,0.0361448818683006,15.26621860915128,12,0.1415086679160594,3.1744963005185127,0.1320766970515251,2,0.1088118189014494,0.2901258641022448,1.3557563896816602
1571,0.5058781787753105,0.0361448818683006,15.26621860915128,12,0.1415086679160594,3.1744963005185127,0.1320766970515251,2,0.1088118189014494,0.2500281451020265,4.156230118366924
1572,0.3822690770030021,0.1194501123074343,11.055409448723264,10,0.2644745807163417,5.034469297155738,0.2636482975911349,2,0.1584989848546684,0.2901258641022448,4.156230118366924
1573,0.1819841304793953,0.1606287849679778,9.346622280058376,6,0.2610919679980725,5.764530023559928,0.3552757425233722,2,0.4231617319863289,0.0752277546944054,3.800855014846119
1574,0.0549910197034478,0.1606287849679778,9.346622280058376,6,0.2610919679980725,5.764530023559928,0.3552757425233722,2,0.4231617319863289,0.0752277546944054,3.800855014846119
1575,0.1819841304793953,0.0607299709987757,9.346622280058376,6,0.2610919679980725,5.764530023559928,0.3552757425233722,2,0.4231617319863289,0.0752277546944054,3.800855014846119
1576,0.1819841304793953,0.1606287849679778,5.576219696444403,6,0.2610919679980725,5.764530023559928,0.3552757425233722,2,0.4231617319863289,0.0752277546944054,3.800855014846119
1577,0.1819841304793953,0.1606287849679778,9.346622280058376,14,0.2610919679980725,5.764530023559928,0.3552757425233722,2,0.4231617319863289,0.0752277546944054,3.800855014846119
1578,0.1819841304793953,0.1606287849679778,9.346622280058376,6,0.102923992043361,5.764530023559928,0.3552757425233722,2,0.4231617319863289,0.0752277546944054,3.800855014846119
1579,0.1819841304793953,0.1606287849679778,9.346622280058376,6,0.2610919679980725,3.3189114574342966,0.3552757425233722,2,0.4231617319863289,0.0752277546944054,3.800855014846119
1580,0.1819841304793953,0.1606287849679778,9.346622280058376,6,0.2610919679980725,5.764530023559928,0.1286978060379624,2,0.4231617319863289,0.0752277546944054,3.800855014846119
1581,0.1819841304793953,0.1606287849679778,9.346622280058376,6,0.2610919679980725,5.764530023559928,0.3552757425233722,3,0.4231617319863289,0.0752277546944054,3.800855014846119
1582,0.1819841304793953,0.1606287849679778,9.346622280058376,6,0.2610919679980725,5.764530023559928,0.3552757425233722,2,0.2781711556017399,0.0752277546944054,3.800855014846119
1583,0.1819841304793953,0.1606287849679778,9.346622280058376,6,0.2610919679980725,5.764530023559928,0.3552757425233722,2,0.4231617319863289,0.0660760822305689,3.800855014846119
1584,0.1819841304793953,0.1606287849679778,9.346622280058376,6,0.2610919679980725,5.764530023559928,0.3552757425233722,2,0.4231617319863289,0.0752277546944054,1.1267703207211943
1585,0.0549910197034478,0.0607299709987757,5.576219696444403,14,0.102923992043361,3.3189114574342966,0.1286978060379624,3,0.2781711556017399,0.0660760822305689,1.1267703207211943
1586,0.1476700315251946,0.0569974803399543,19.63428691750533,14,0.2262535795569419,7.092245552688837,0.2147144104819744,3,0.312590267509222,0.0502631388719904,6.818327120303587
1587,0.2798230351880192,0.0569974803399543,19.63428691750533,14,0.2262535795569419,7.092245552688837,0.2147144104819744,3,0.312590267509222,0.0502631388719904,6.818327120303587
1588,0.1476700315251946,0.2225125534952566,19.63428691750533,14,0.2262535795569419,7.092245552688837,0.2147144104819744,3,0.312590267509222,0.0502631388719904,6.818327120303587
1589,0.1476700315251946,0.0569974803399543,21.24923926602696,14,0.2262535795569419,7.092245552688837,0.2147144104819744,3,0.312590267509222,0.0502631388719904,6.818327120303587
1590,0.1476700315251946,0.0569974803399543,19.63428691750533,11,0.2262535795569419,7.092245552688837,0.2147144104819744,3,0.312590267509222,0.0502631388719904,6.818327120303587
1591,0.1476700315251946,0.0569974803399543,19.63428691750533,14,0.2150652808602899,7.092245552688837,0.2147144104819744,3,0.312590267509222,0.0502631388719904,6.818327120303587
1592,0.1476700315251946,0.0569974803399543,19.63428691750533,14,0.2262535795569419,4.786085007712245,0.2147144104819744,3,0.312590267509222,0.0502631388719904,6.818327120303587
1593,0.1476700315251946,0.0569974803399543,19.63428691750533,14,0.2262535795569419,7.092245552688837,0.3668053978122771,3,0.312590267509222,0.0502631388719904,6.818327120303587
1594,0.1476700315251946,0.0569974803399543,19.63428691750533,14,0.2262535795569419,7.092245552688837,0.2147144104819744,2,0.312590267509222,0.0502631388719904,6.818327120303587
1595,0.1476700315251946,0.0569974803399543,19.63428691750533,14,0.2262535795569419,7.092245552688837,0.2147144104819744,3,0.1778785950038582,0.0502631388719904,6.818327120303587
1596,0.1476700315251946,0.0569974803399543,19.63428691750533,14,0.2262535795569419,7.092245552688837,0.2147144104819744,3,0.312590267509222,0.1490704336179246,6.818327120303587
1597,0.1476700315251946,0.0569974803399543,19.63428691750533,14,0.2262535795569419,7.092245552688837,0.2147144104819744,3,0.312590267509222,0.0502631388719904,2.059424300868435
1598,0.2798230351880192,0.2225125534952566,21.24923926602696,11,0.2150652808602899,4.786085007712245,0.3668053978122771,2,0.1778785950038582,0.1490704336179246,2.059424300868435
1599,0.3877753034234046,0.2447659796355228,5.193595723229161,8,0.0987360570114106,3.77602712996304,0.2622291737701744,1,0.2194019096437842,0.1526824818162043,2.429762918119404
1600,0.4571378700435161,0.2447659796355228,5.193595723229161,8,0.0987360570114106,3.77602712996304,0.2622291737701744,1,0.2194019096437842,0.1526824818162043,2.429762918119404
1601,0.3877753034234046,0.0325867318866469,5.193595723229161,8,0.0987360570114106,3.77602712996304,0.2622291737701744,1,0.2194019096437842,0.1526824818162043,2.429762918119404
1602,0.3877753034234046,0.2447659796355228,7.035219194038098,8,0.0987360570114106,3.77602712996304,0.2622291737701744,1,0.2194019096437842,0.1526824818162043,2.429762918119404
1603,0.3877753034234046,0.2447659796355228,5.193595723229161,6,0.0987360570114106,3.77602712996304,0.2622291737701744,1,0.2194019096437842,0.1526824818162043,2.429762918119404
1604,0.3877753034234046,0.2447659796355228,5.193595723229161,8,0.1170483554713428,3.77602712996304,0.2622291737701744,1,0.2194019096437842,0.1526824818162043,2.429762918119404
1605,0.3877753034234046,0.2447659796355228,5.193595723229161,8,0.0987360570114106,6.87216286547482,0.2622291737701744,1,0.2194019096437842,0.1526824818162043,2.429762918119404
1606,0.3877753034234046,0.2447659796355228,5.193595723229161,8,0.0987360570114106,3.77602712996304,0.140849087247625,1,0.2194019096437842,0.1526824818162043,2.429762918119404
1607,0.3877753034234046,0.2447659796355228,5.193595723229161,8,0.0987360570114106,3.77602712996304,0.2622291737701744,1,0.2194019096437842,0.1526824818162043,2.429762918119404
1608,0.3877753034234046,0.2447659796355228,5.193595723229161,8,0.0987360570114106,3.77602712996304,0.2622291737701744,1,0.4803014693316072,0.1526824818162043,2.429762918119404
1609,0.3877753034234046,0.2447659796355228,5.193595723229161,8,0.0987360570114106,3.77602712996304,0.2622291737701744,1,0.2194019096437842,0.0377981367809548,2.429762918119404
1610,0.3877753034234046,0.2447659796355228,5.193595723229161,8,0.0987360570114106,3.77602712996304,0.2622291737701744,1,0.2194019096437842,0.1526824818162043,7.566368901263166
1611,0.4571378700435161,0.0325867318866469,7.035219194038098,6,0.1170483554713428,6.87216286547482,0.140849087247625,1,0.4803014693316072,0.0377981367809548,7.566368901263166
1612,0.3513041211292148,0.0851703877250944,6.292962963224653,9,0.0708685651887208,2.722009098157286,0.1598091897554696,3,0.3605388415046036,0.0563520815765031,5.971240045773103
1613,0.5422644490376115,0.0851703877250944,6.292962963224653,9,0.0708685651887208,2.722009098157286,0.1598091897554696,3,0.3605388415046036,0.0563520815765031,5.971240045773103
1614,0.3513041211292148,0.2757275717935497,6.292962963224653,9,0.0708685651887208,2.722009098157286,0.1598091897554696,3,0.3605388415046036,0.0563520815765031,5.971240045773103
1615,0.3513041211292148,0.0851703877250944,4.69924765614575,9,0.0708685651887208,2.722009098157286,0.1598091897554696,3,0.3605388415046036,0.0563520815765031,5.971240045773103
1616,0.3513041211292148,0.0851703877250944,6.292962963224653,5,0.0708685651887208,2.722009098157286,0.1598091897554696,3,0.3605388415046036,0.0563520815765031,5.971240045773103
1617,0.3513041211292148,0.0851703877250944,6.292962963224653,9,0.1464576508849859,2.722009098157286,0.1598091897554696,3,0.3605388415046036,0.0563520815765031,5.971240045773103
1618,0.3513041211292148,0.0851703877250944,6.292962963224653,9,0.0708685651887208,7.896056208759546,0.1598091897554696,3,0.3605388415046036,0.0563520815765031,5.971240045773103
1619,0.3513041211292148,0.0851703877250944,6.292962963224653,9,0.0708685651887208,2.722009098157286,0.1985876440070569,3,0.3605388415046036,0.0563520815765031,5.971240045773103
1620,0.3513041211292148,0.0851703877250944,6.292962963224653,9,0.0708685651887208,2.722009098157286,0.1598091897554696,2,0.3605388415046036,0.0563520815765031,5.971240045773103
1621,0.3513041211292148,0.0851703877250944,6.292962963224653,9,0.0708685651887208,2.722009098157286,0.1598091897554696,3,0.0561488388571888,0.0563520815765031,5.971240045773103
1622,0.3513041211292148,0.0851703877250944,6.292962963224653,9,0.0708685651887208,2.722009098157286,0.1598091897554696,3,0.3605388415046036,0.2175187907160652,5.971240045773103
1623,0.3513041211292148,0.0851703877250944,6.292962963224653,9,0.0708685651887208,2.722009098157286,0.1598091897554696,3,0.3605388415046036,0.0563520815765031,3.211388790546393
1624,0.5422644490376115,0.2757275717935497,4.69924765614575,5,0.1464576508849859,7.896056208759546,0.1985876440070569,2,0.0561488388571888,0.2175187907160652,3.211388790546393
1625,0.0364849459379911,0.213580022757879,10.263387593526552,15,0.1913673958741128,5.28823896497488,0.2948139577172697,1,0.1723187386523932,0.1872926651627763,2.0924092286746427
1626,0.1949911057949066,0.213580022757879,10.263387593526552,15,0.1913673958741128,5.28823896497488,0.2948139577172697,1,0.1723187386523932,0.1872926651627763,2.0924092286746427
1627,0.0364849459379911,0.0405193850599173,10.263387593526552,15,0.1913673958741128,5.28823896497488,0.2948139577172697,1,0.1723187386523932,0.1872926651627763,2.0924092286746427
1628,0.0364849459379911,0.213580022757879,13.072944691440249,15,0.1913673958741128,5.28823896497488,0.2948139577172697,1,0.1723187386523932,0.1872926651627763,2.0924092286746427
1629,0.0364849459379911,0.213580022757879,10.263387593526552,12,0.1913673958741128,5.28823896497488,0.2948139577172697,1,0.1723187386523932,0.1872926651627763,2.0924092286746427
1630,0.0364849459379911,0.213580022757879,10.263387593526552,15,0.1900576664600521,5.28823896497488,0.2948139577172697,1,0.1723187386523932,0.1872926651627763,2.0924092286746427
1631,0.0364849459379911,0.213580022757879,10.263387593526552,15,0.1913673958741128,3.562879741191864,0.2948139577172697,1,0.1723187386523932,0.1872926651627763,2.0924092286746427
1632,0.0364849459379911,0.213580022757879,10.263387593526552,15,0.1913673958741128,5.28823896497488,0.3253444113302976,1,0.1723187386523932,0.1872926651627763,2.0924092286746427
1633,0.0364849459379911,0.213580022757879,10.263387593526552,15,0.1913673958741128,5.28823896497488,0.2948139577172697,1,0.1723187386523932,0.1872926651627763,2.0924092286746427
1634,0.0364849459379911,0.213580022757879,10.263387593526552,15,0.1913673958741128,5.28823896497488,0.2948139577172697,1,0.3858239223714917,0.1872926651627763,2.0924092286746427
1635,0.0364849459379911,0.213580022757879,10.263387593526552,15,0.1913673958741128,5.28823896497488,0.2948139577172697,1,0.1723187386523932,0.0881305126330764,2.0924092286746427
1636,0.0364849459379911,0.213580022757879,10.263387593526552,15,0.1913673958741128,5.28823896497488,0.2948139577172697,1,0.1723187386523932,0.1872926651627763,1.4582796048516264
1637,0.1949911057949066,0.0405193850599173,13.072944691440249,12,0.1900576664600521,3.562879741191864,0.3253444113302976,1,0.3858239223714917,0.0881305126330764,1.4582796048516264
1638,0.2934553127735853,0.0429638348458216,4.8897483169525175,5,0.2966476403642445,7.755922170355916,0.0775353245902806,2,0.0583363693207502,0.1143764390178168,1.1653642745431791
1639,0.119827864319086,0.0429638348458216,4.8897483169525175,5,0.2966476403642445,7.755922170355916,0.0775353245902806,2,0.0583363693207502,0.1143764390178168,1.1653642745431791
1640,0.2934553127735853,0.1484329560152679,4.8897483169525175,5,0.2966476403642445,7.755922170355916,0.0775353245902806,2,0.0583363693207502,0.1143764390178168,1.1653642745431791
1641,0.2934553127735853,0.0429638348458216,8.333747019900777,5,0.2966476403642445,7.755922170355916,0.0775353245902806,2,0.0583363693207502,0.1143764390178168,1.1653642745431791
1642,0.2934553127735853,0.0429638348458216,4.8897483169525175,15,0.2966476403642445,7.755922170355916,0.0775353245902806,2,0.0583363693207502,0.1143764390178168,1.1653642745431791
1643,0.2934553127735853,0.0429638348458216,4.8897483169525175,5,0.0659766285214573,7.755922170355916,0.0775353245902806,2,0.0583363693207502,0.1143764390178168,1.1653642745431791
1644,0.2934553127735853,0.0429638348458216,4.8897483169525175,5,0.2966476403642445,2.2863474152982235,0.0775353245902806,2,0.0583363693207502,0.1143764390178168,1.1653642745431791
1645,0.2934553127735853,0.0429638348458216,4.8897483169525175,5,0.2966476403642445,7.755922170355916,0.08188690780662,2,0.0583363693207502,0.1143764390178168,1.1653642745431791
1646,0.2934553127735853,0.0429638348458216,4.8897483169525175,5,0.2966476403642445,7.755922170355916,0.0775353245902806,2,0.0583363693207502,0.1143764390178168,1.1653642745431791
1647,0.2934553127735853,0.0429638348458216,4.8897483169525175,5,0.2966476403642445,7.755922170355916,0.0775353245902806,2,0.2582568357698619,0.1143764390178168,1.1653642745431791
1648,0.2934553127735853,0.0429638348458216,4.8897483169525175,5,0.2966476403642445,7.755922170355916,0.0775353245902806,2,0.0583363693207502,0.1117610426625638,1.1653642745431791
1649,0.2934553127735853,0.0429638348458216,4.8897483169525175,5,0.2966476403642445,7.755922170355916,0.0775353245902806,2,0.0583363693207502,0.1143764390178168,2.654531106245958
1650,0.119827864319086,0.1484329560152679,8.333747019900777,15,0.0659766285214573,2.2863474152982235,0.08188690780662,2,0.2582568357698619,0.1117610426625638,2.654531106245958
1651,0.542063264362514,0.1036432008784118,18.482567276652123,11,0.168214578833431,4.415899891406298,0.3882229978684336,2,0.4745295374188572,0.0376527737057799,3.3220808174936787
1652,0.3171376543119549,0.1036432008784118,18.482567276652123,11,0.168214578833431,4.415899891406298,0.3882229978684336,2,0.4745295374188572,0.0376527737057799,3.3220808174936787
1653,0.542063264362514,0.0752162336283175,18.482567276652123,11,0.168214578833431,4.415899891406298,0.3882229978684336,2,0.4745295374188572,0.0376527737057799,3.3220808174936787
1654,0.542063264362514,0.1036432008784118,18.001431353495818,11,0.168214578833431,4.415899891406298,0.3882229978684336,2,0.4745295374188572,0.0376527737057799,3.3220808174936787
1655,0.542063264362514,0.1036432008784118,18.482567276652123,7,0.168214578833431,4.415899891406298,0.3882229978684336,2,0.4745295374188572,0.0376527737057799,3.3220808174936787
1656,0.542063264362514,0.1036432008784118,18.482567276652123,11,0.2979958664625883,4.415899891406298,0.3882229978684336,2,0.4745295374188572,0.0376527737057799,3.3220808174936787
1657,0.542063264362514,0.1036432008784118,18.482567276652123,11,0.168214578833431,6.243087984621525,0.3882229978684336,2,0.4745295374188572,0.0376527737057799,3.3220808174936787
1658,0.542063264362514,0.1036432008784118,18.482567276652123,11,0.168214578833431,4.415899891406298,0.2941806137561798,2,0.4745295374188572,0.0376527737057799,3.3220808174936787
1659,0.542063264362514,0.1036432008784118,18.482567276652123,11,0.168214578833431,4.415899891406298,0.3882229978684336,3,0.4745295374188572,0.0376527737057799,3.3220808174936787
1660,0.542063264362514,0.1036432008784118,18.482567276652123,11,0.168214578833431,4.415899891406298,0.3882229978684336,2,0.4051674827933311,0.0376527737057799,3.3220808174936787
1661,0.542063264362514,0.1036432008784118,18.482567276652123,11,0.168214578833431,4.415899891406298,0.3882229978684336,2,0.4745295374188572,0.0504154744822839,3.3220808174936787
1662,0.542063264362514,0.1036432008784118,18.482567276652123,11,0.168214578833431,4.415899891406298,0.3882229978684336,2,0.4745295374188572,0.0376527737057799,5.870094487293815
1663,0.3171376543119549,0.0752162336283175,18.001431353495818,7,0.2979958664625883,6.243087984621525,0.2941806137561798,3,0.4051674827933311,0.0504154744822839,5.870094487293815
1664,0.5394289132207631,0.0698144199074921,6.562469273169939,5,0.2701657192781567,6.434409596025944,0.2189712450839579,2,0.3018245158717036,0.0645190048819957,3.88345020259868
1665,0.397241023555398,0.0698144199074921,6.562469273169939,5,0.2701657192781567,6.434409596025944,0.2189712450839579,2,0.3018245158717036,0.0645190048819957,3.88345020259868
1666,0.5394289132207631,0.0664211809918864,6.562469273169939,5,0.2701657192781567,6.434409596025944,0.2189712450839579,2,0.3018245158717036,0.0645190048819957,3.88345020259868
1667,0.5394289132207631,0.0698144199074921,7.153374005730646,5,0.2701657192781567,6.434409596025944,0.2189712450839579,2,0.3018245158717036,0.0645190048819957,3.88345020259868
1668,0.5394289132207631,0.0698144199074921,6.562469273169939,15,0.2701657192781567,6.434409596025944,0.2189712450839579,2,0.3018245158717036,0.0645190048819957,3.88345020259868
1669,0.5394289132207631,0.0698144199074921,6.562469273169939,5,0.0709689578041434,6.434409596025944,0.2189712450839579,2,0.3018245158717036,0.0645190048819957,3.88345020259868
1670,0.5394289132207631,0.0698144199074921,6.562469273169939,5,0.2701657192781567,6.777820281684399,0.2189712450839579,2,0.3018245158717036,0.0645190048819957,3.88345020259868
1671,0.5394289132207631,0.0698144199074921,6.562469273169939,5,0.2701657192781567,6.434409596025944,0.3724701502826065,2,0.3018245158717036,0.0645190048819957,3.88345020259868
1672,0.5394289132207631,0.0698144199074921,6.562469273169939,5,0.2701657192781567,6.434409596025944,0.2189712450839579,2,0.3018245158717036,0.0645190048819957,3.88345020259868
1673,0.5394289132207631,0.0698144199074921,6.562469273169939,5,0.2701657192781567,6.434409596025944,0.2189712450839579,2,0.3847489940002561,0.0645190048819957,3.88345020259868
1674,0.5394289132207631,0.0698144199074921,6.562469273169939,5,0.2701657192781567,6.434409596025944,0.2189712450839579,2,0.3018245158717036,0.0810536199596879,3.88345020259868
1675,0.5394289132207631,0.0698144199074921,6.562469273169939,5,0.2701657192781567,6.434409596025944,0.2189712450839579,2,0.3018245158717036,0.0645190048819957,4.567450309796599
1676,0.397241023555398,0.0664211809918864,7.153374005730646,15,0.0709689578041434,6.777820281684399,0.3724701502826065,2,0.3847489940002561,0.0810536199596879,4.567450309796599
1677,0.2914571134373545,0.2688863764512819,9.842153307320034,10,0.1485682567115873,3.117815485224128,0.2589565026573837,2,0.2653187346179038,0.2106133772161095,1.362979671117183
1678,0.0681412121281027,0.2688863764512819,9.842153307320034,10,0.1485682567115873,3.117815485224128,0.2589565026573837,2,0.2653187346179038,0.2106133772161095,1.362979671117183
1679,0.2914571134373545,0.1092276760384449,9.842153307320034,10,0.1485682567115873,3.117815485224128,0.2589565026573837,2,0.2653187346179038,0.2106133772161095,1.362979671117183
1680,0.2914571134373545,0.2688863764512819,21.0450414002349,10,0.1485682567115873,3.117815485224128,0.2589565026573837,2,0.2653187346179038,0.2106133772161095,1.362979671117183
1681,0.2914571134373545,0.2688863764512819,9.842153307320034,8,0.1485682567115873,3.117815485224128,0.2589565026573837,2,0.2653187346179038,0.2106133772161095,1.362979671117183
1682,0.2914571134373545,0.2688863764512819,9.842153307320034,10,0.2930055059958249,3.117815485224128,0.2589565026573837,2,0.2653187346179038,0.2106133772161095,1.362979671117183
1683,0.2914571134373545,0.2688863764512819,9.842153307320034,10,0.1485682567115873,4.692835312336683,0.2589565026573837,2,0.2653187346179038,0.2106133772161095,1.362979671117183
1684,0.2914571134373545,0.2688863764512819,9.842153307320034,10,0.1485682567115873,3.117815485224128,0.1567597553133964,2,0.2653187346179038,0.2106133772161095,1.362979671117183
1685,0.2914571134373545,0.2688863764512819,9.842153307320034,10,0.1485682567115873,3.117815485224128,0.2589565026573837,3,0.2653187346179038,0.2106133772161095,1.362979671117183
1686,0.2914571134373545,0.2688863764512819,9.842153307320034,10,0.1485682567115873,3.117815485224128,0.2589565026573837,2,0.0537061967886984,0.2106133772161095,1.362979671117183
1687,0.2914571134373545,0.2688863764512819,9.842153307320034,10,0.1485682567115873,3.117815485224128,0.2589565026573837,2,0.2653187346179038,0.1765497244961245,1.362979671117183
1688,0.2914571134373545,0.2688863764512819,9.842153307320034,10,0.1485682567115873,3.117815485224128,0.2589565026573837,2,0.2653187346179038,0.2106133772161095,1.2469715901259386
1689,0.0681412121281027,0.1092276760384449,21.0450414002349,8,0.2930055059958249,4.692835312336683,0.1567597553133964,3,0.0537061967886984,0.1765497244961245,1.2469715901259386
1690,0.0351462302729487,0.0340312202452157,4.822517637875179,10,0.0585324654355645,4.0254972614347935,0.13735964265652,1,0.1543012171052396,0.1019411120238292,2.4471351659735783
1691,0.2929736522957682,0.0340312202452157,4.822517637875179,10,0.0585324654355645,4.0254972614347935,0.13735964265652,1,0.1543012171052396,0.1019411120238292,2.4471351659735783
1692,0.0351462302729487,0.0396535805397077,4.822517637875179,10,0.0585324654355645,4.0254972614347935,0.13735964265652,1,0.1543012171052396,0.1019411120238292,2.4471351659735783
1693,0.0351462302729487,0.0340312202452157,5.474584508796429,10,0.0585324654355645,4.0254972614347935,0.13735964265652,1,0.1543012171052396,0.1019411120238292,2.4471351659735783
1694,0.0351462302729487,0.0340312202452157,4.822517637875179,4,0.0585324654355645,4.0254972614347935,0.13735964265652,1,0.1543012171052396,0.1019411120238292,2.4471351659735783
1695,0.0351462302729487,0.0340312202452157,4.822517637875179,10,0.1514443181920796,4.0254972614347935,0.13735964265652,1,0.1543012171052396,0.1019411120238292,2.4471351659735783
1696,0.0351462302729487,0.0340312202452157,4.822517637875179,10,0.0585324654355645,3.417744383215904,0.13735964265652,1,0.1543012171052396,0.1019411120238292,2.4471351659735783
1697,0.0351462302729487,0.0340312202452157,4.822517637875179,10,0.0585324654355645,4.0254972614347935,0.2470562203787267,1,0.1543012171052396,0.1019411120238292,2.4471351659735783
1698,0.0351462302729487,0.0340312202452157,4.822517637875179,10,0.0585324654355645,4.0254972614347935,0.13735964265652,2,0.1543012171052396,0.1019411120238292,2.4471351659735783
1699,0.0351462302729487,0.0340312202452157,4.822517637875179,10,0.0585324654355645,4.0254972614347935,0.13735964265652,1,0.4075620613526552,0.1019411120238292,2.4471351659735783
1700,0.0351462302729487,0.0340312202452157,4.822517637875179,10,0.0585324654355645,4.0254972614347935,0.13735964265652,1,0.1543012171052396,0.0403572031592606,2.4471351659735783
1701,0.0351462302729487,0.0340312202452157,4.822517637875179,10,0.0585324654355645,4.0254972614347935,0.13735964265652,1,0.1543012171052396,0.1019411120238292,1.8756147821972216
1702,0.2929736522957682,0.0396535805397077,5.474584508796429,4,0.1514443181920796,3.417744383215904,0.2470562203787267,2,0.4075620613526552,0.0403572031592606,1.8756147821972216
1703,0.3481568064540624,0.1267901371457978,18.740760974525514,15,0.1878200200852006,6.615151004865766,0.3516605763230473,3,0.4128337068017572,0.032960765140279,6.979976397318803
1704,0.4721105363219976,0.1267901371457978,18.740760974525514,15,0.1878200200852006,6.615151004865766,0.3516605763230473,3,0.4128337068017572,0.032960765140279,6.979976397318803
1705,0.3481568064540624,0.1828367046833297,18.740760974525514,15,0.1878200200852006,6.615151004865766,0.3516605763230473,3,0.4128337068017572,0.032960765140279,6.979976397318803
1706,0.3481568064540624,0.1267901371457978,11.182114621886958,15,0.1878200200852006,6.615151004865766,0.3516605763230473,3,0.4128337068017572,0.032960765140279,6.979976397318803
1707,0.3481568064540624,0.1267901371457978,18.740760974525514,13,0.1878200200852006,6.615151004865766,0.3516605763230473,3,0.4128337068017572,0.032960765140279,6.979976397318803
1708,0.3481568064540624,0.1267901371457978,18.740760974525514,15,0.1850690340623259,6.615151004865766,0.3516605763230473,3,0.4128337068017572,0.032960765140279,6.979976397318803
1709,0.3481568064540624,0.1267901371457978,18.740760974525514,15,0.1878200200852006,5.123408872634172,0.3516605763230473,3,0.4128337068017572,0.032960765140279,6.979976397318803
1710,0.3481568064540624,0.1267901371457978,18.740760974525514,15,0.1878200200852006,6.615151004865766,0.1237134509254247,3,0.4128337068017572,0.032960765140279,6.979976397318803
1711,0.3481568064540624,0.1267901371457978,18.740760974525514,15,0.1878200200852006,6.615151004865766,0.3516605763230473,1,0.4128337068017572,0.032960765140279,6.979976397318803
1712,0.3481568064540624,0.1267901371457978,18.740760974525514,15,0.1878200200852006,6.615151004865766,0.3516605763230473,3,0.2593798276502639,0.032960765140279,6.979976397318803
1713,0.3481568064540624,0.1267901371457978,18.740760974525514,15,0.1878200200852006,6.615151004865766,0.3516605763230473,3,0.4128337068017572,0.1051760506675211,6.979976397318803
1714,0.3481568064540624,0.1267901371457978,18.740760974525514,15,0.1878200200852006,6.615151004865766,0.3516605763230473,3,0.4128337068017572,0.032960765140279,6.841569314386213
1715,0.4721105363219976,0.1828367046833297,11.182114621886958,13,0.1850690340623259,5.123408872634172,0.1237134509254247,1,0.2593798276502639,0.1051760506675211,6.841569314386213
1716,0.3846371317282319,0.0520987786035691,14.637265663808856,13,0.2156264683697372,5.4190774615854025,0.0825503606349229,1,0.103825787641108,0.2805277639484309,2.0690730102160515
1717,0.5559914147481322,0.0520987786035691,14.637265663808856,13,0.2156264683697372,5.4190774615854025,0.0825503606349229,1,0.103825787641108,0.2805277639484309,2.0690730102160515
1718,0.3846371317282319,0.0493614523825694,14.637265663808856,13,0.2156264683697372,5.4190774615854025,0.0825503606349229,1,0.103825787641108,0.2805277639484309,2.0690730102160515
1719,0.3846371317282319,0.0520987786035691,17.798431152562053,13,0.2156264683697372,5.4190774615854025,0.0825503606349229,1,0.103825787641108,0.2805277639484309,2.0690730102160515
1720,0.3846371317282319,0.0520987786035691,14.637265663808856,10,0.2156264683697372,5.4190774615854025,0.0825503606349229,1,0.103825787641108,0.2805277639484309,2.0690730102160515
1721,0.3846371317282319,0.0520987786035691,14.637265663808856,13,0.2180987016297876,5.4190774615854025,0.0825503606349229,1,0.103825787641108,0.2805277639484309,2.0690730102160515
1722,0.3846371317282319,0.0520987786035691,14.637265663808856,13,0.2156264683697372,6.153049083426595,0.0825503606349229,1,0.103825787641108,0.2805277639484309,2.0690730102160515
1723,0.3846371317282319,0.0520987786035691,14.637265663808856,13,0.2156264683697372,5.4190774615854025,0.0872130402363836,1,0.103825787641108,0.2805277639484309,2.0690730102160515
1724,0.3846371317282319,0.0520987786035691,14.637265663808856,13,0.2156264683697372,5.4190774615854025,0.0825503606349229,2,0.103825787641108,0.2805277639484309,2.0690730102160515
1725,0.3846371317282319,0.0520987786035691,14.637265663808856,13,0.2156264683697372,5.4190774615854025,0.0825503606349229,1,0.2761632501613348,0.2805277639484309,2.0690730102160515
1726,0.3846371317282319,0.0520987786035691,14.637265663808856,13,0.2156264683697372,5.4190774615854025,0.0825503606349229,1,0.103825787641108,0.0607936529530394,2.0690730102160515
1727,0.3846371317282319,0.0520987786035691,14.637265663808856,13,0.2156264683697372,5.4190774615854025,0.0825503606349229,1,0.103825787641108,0.2805277639484309,3.500603180020446
1728,0.5559914147481322,0.0493614523825694,17.798431152562053,10,0.2180987016297876,6.153049083426595,0.0872130402363836,2,0.2761632501613348,0.0607936529530394,3.500603180020446
1729,0.1463221371173858,0.1129559527505505,9.748514874120888,8,0.0929914114065468,2.079412274062633,0.3843627082183957,3,0.4642015457618981,0.0859364809655845,5.809113745913983
1730,0.2093862790614366,0.1129559527505505,9.748514874120888,8,0.0929914114065468,2.079412274062633,0.3843627082183957,3,0.4642015457618981,0.0859364809655845,5.809113745913983
1731,0.1463221371173858,0.2263069811847456,9.748514874120888,8,0.0929914114065468,2.079412274062633,0.3843627082183957,3,0.4642015457618981,0.0859364809655845,5.809113745913983
1732,0.1463221371173858,0.1129559527505505,8.487999109180276,8,0.0929914114065468,2.079412274062633,0.3843627082183957,3,0.4642015457618981,0.0859364809655845,5.809113745913983
1733,0.1463221371173858,0.1129559527505505,9.748514874120888,6,0.0929914114065468,2.079412274062633,0.3843627082183957,3,0.4642015457618981,0.0859364809655845,5.809113745913983
1734,0.1463221371173858,0.1129559527505505,9.748514874120888,8,0.1140129658859223,2.079412274062633,0.3843627082183957,3,0.4642015457618981,0.0859364809655845,5.809113745913983
1735,0.1463221371173858,0.1129559527505505,9.748514874120888,8,0.0929914114065468,2.1886123847216368,0.3843627082183957,3,0.4642015457618981,0.0859364809655845,5.809113745913983
1736,0.1463221371173858,0.1129559527505505,9.748514874120888,8,0.0929914114065468,2.079412274062633,0.3111145100090652,3,0.4642015457618981,0.0859364809655845,5.809113745913983
1737,0.1463221371173858,0.1129559527505505,9.748514874120888,8,0.0929914114065468,2.079412274062633,0.3843627082183957,1,0.4642015457618981,0.0859364809655845,5.809113745913983
1738,0.1463221371173858,0.1129559527505505,9.748514874120888,8,0.0929914114065468,2.079412274062633,0.3843627082183957,3,0.156992754759267,0.0859364809655845,5.809113745913983
1739,0.1463221371173858,0.1129559527505505,9.748514874120888,8,0.0929914114065468,2.079412274062633,0.3843627082183957,3,0.4642015457618981,0.2353904414281422,5.809113745913983
1740,0.1463221371173858,0.1129559527505505,9.748514874120888,8,0.0929914114065468,2.079412274062633,0.3843627082183957,3,0.4642015457618981,0.0859364809655845,1.6269949767208185
1741,0.2093862790614366,0.2263069811847456,8.487999109180276,6,0.1140129658859223,2.1886123847216368,0.3111145100090652,1,0.156992754759267,0.2353904414281422,1.6269949767208185
1742,0.1799767881631851,0.0811936176187973,19.913998530412027,12,0.1128294853959232,4.8763318080455065,0.1644831284414977,2,0.3497731099836528,0.0439007724827243,3.2383560037317287
1743,0.1342237394303083,0.0811936176187973,19.913998530412027,12,0.1128294853959232,4.8763318080455065,0.1644831284414977,2,0.3497731099836528,0.0439007724827243,3.2383560037317287
1744,0.1799767881631851,0.0821734573225289,19.913998530412027,12,0.1128294853959232,4.8763318080455065,0.1644831284414977,2,0.3497731099836528,0.0439007724827243,3.2383560037317287
1745,0.1799767881631851,0.0811936176187973,13.199069743908485,12,0.1128294853959232,4.8763318080455065,0.1644831284414977,2,0.3497731099836528,0.0439007724827243,3.2383560037317287
1746,0.1799767881631851,0.0811936176187973,19.913998530412027,9,0.1128294853959232,4.8763318080455065,0.1644831284414977,2,0.3497731099836528,0.0439007724827243,3.2383560037317287
1747,0.1799767881631851,0.0811936176187973,19.913998530412027,12,0.2675139028113335,4.8763318080455065,0.1644831284414977,2,0.3497731099836528,0.0439007724827243,3.2383560037317287
1748,0.1799767881631851,0.0811936176187973,19.913998530412027,12,0.1128294853959232,3.654299119487405,0.1644831284414977,2,0.3497731099836528,0.0439007724827243,3.2383560037317287
1749,0.1799767881631851,0.0811936176187973,19.913998530412027,12,0.1128294853959232,4.8763318080455065,0.1823351986240595,2,0.3497731099836528,0.0439007724827243,3.2383560037317287
1750,0.1799767881631851,0.0811936176187973,19.913998530412027,12,0.1128294853959232,4.8763318080455065,0.1644831284414977,2,0.3497731099836528,0.0439007724827243,3.2383560037317287
1751,0.1799767881631851,0.0811936176187973,19.913998530412027,12,0.1128294853959232,4.8763318080455065,0.1644831284414977,2,0.4818694958463311,0.0439007724827243,3.2383560037317287
1752,0.1799767881631851,0.0811936176187973,19.913998530412027,12,0.1128294853959232,4.8763318080455065,0.1644831284414977,2,0.3497731099836528,0.0302709443659405,3.2383560037317287
1753,0.1799767881631851,0.0811936176187973,19.913998530412027,12,0.1128294853959232,4.8763318080455065,0.1644831284414977,2,0.3497731099836528,0.0439007724827243,2.4373050196089663
1754,0.1342237394303083,0.0821734573225289,13.199069743908485,9,0.2675139028113335,3.654299119487405,0.1823351986240595,2,0.4818694958463311,0.0302709443659405,2.4373050196089663
1755,0.5032530063763261,0.1695253232547039,5.120782210464027,7,0.2431546260602772,7.442914474755526,0.2919783396180719,2,0.2182355971541256,0.1357763881792124,1.1545241970731148
1756,0.3308650625869632,0.1695253232547039,5.120782210464027,7,0.2431546260602772,7.442914474755526,0.2919783396180719,2,0.2182355971541256,0.1357763881792124,1.1545241970731148
1757,0.5032530063763261,0.1358837863024727,5.120782210464027,7,0.2431546260602772,7.442914474755526,0.2919783396180719,2,0.2182355971541256,0.1357763881792124,1.1545241970731148
1758,0.5032530063763261,0.1695253232547039,4.62188174577766,7,0.2431546260602772,7.442914474755526,0.2919783396180719,2,0.2182355971541256,0.1357763881792124,1.1545241970731148
1759,0.5032530063763261,0.1695253232547039,5.120782210464027,14,0.2431546260602772,7.442914474755526,0.2919783396180719,2,0.2182355971541256,0.1357763881792124,1.1545241970731148
1760,0.5032530063763261,0.1695253232547039,5.120782210464027,7,0.0998866350390017,7.442914474755526,0.2919783396180719,2,0.2182355971541256,0.1357763881792124,1.1545241970731148
1761,0.5032530063763261,0.1695253232547039,5.120782210464027,7,0.2431546260602772,7.992230540141463,0.2919783396180719,2,0.2182355971541256,0.1357763881792124,1.1545241970731148
1762,0.5032530063763261,0.1695253232547039,5.120782210464027,7,0.2431546260602772,7.442914474755526,0.3193378398194909,2,0.2182355971541256,0.1357763881792124,1.1545241970731148
1763,0.5032530063763261,0.1695253232547039,5.120782210464027,7,0.2431546260602772,7.442914474755526,0.2919783396180719,3,0.2182355971541256,0.1357763881792124,1.1545241970731148
1764,0.5032530063763261,0.1695253232547039,5.120782210464027,7,0.2431546260602772,7.442914474755526,0.2919783396180719,2,0.1798247040249407,0.1357763881792124,1.1545241970731148
1765,0.5032530063763261,0.1695253232547039,5.120782210464027,7,0.2431546260602772,7.442914474755526,0.2919783396180719,2,0.2182355971541256,0.140223113457474,1.1545241970731148
1766,0.5032530063763261,0.1695253232547039,5.120782210464027,7,0.2431546260602772,7.442914474755526,0.2919783396180719,2,0.2182355971541256,0.1357763881792124,5.264887083508868
1767,0.3308650625869632,0.1358837863024727,4.62188174577766,14,0.0998866350390017,7.992230540141463,0.3193378398194909,3,0.1798247040249407,0.140223113457474,5.264887083508868
1768,0.4662157516926526,0.0393536297424665,23.71119642712557,8,0.1603502628393471,6.90810957364738,0.0649363669101149,1,0.0602235828991979,0.0367113185609202,1.0037955855329903
1769,0.4264456177130341,0.0393536297424665,23.71119642712557,8,0.1603502628393471,6.90810957364738,0.0649363669101149,1,0.0602235828991979,0.0367113185609202,1.0037955855329903
1770,0.4662157516926526,0.2697935239462089,23.71119642712557,8,0.1603502628393471,6.90810957364738,0.0649363669101149,1,0.0602235828991979,0.0367113185609202,1.0037955855329903
1771,0.4662157516926526,0.0393536297424665,15.021809055665644,8,0.1603502628393471,6.90810957364738,0.0649363669101149,1,0.0602235828991979,0.0367113185609202,1.0037955855329903
1772,0.4662157516926526,0.0393536297424665,23.71119642712557,5,0.1603502628393471,6.90810957364738,0.0649363669101149,1,0.0602235828991979,0.0367113185609202,1.0037955855329903
1773,0.4662157516926526,0.0393536297424665,23.71119642712557,8,0.2326076039578765,6.90810957364738,0.0649363669101149,1,0.0602235828991979,0.0367113185609202,1.0037955855329903
1774,0.4662157516926526,0.0393536297424665,23.71119642712557,8,0.1603502628393471,2.982172442600131,0.0649363669101149,1,0.0602235828991979,0.0367113185609202,1.0037955855329903
1775,0.4662157516926526,0.0393536297424665,23.71119642712557,8,0.1603502628393471,6.90810957364738,0.1152893344871699,1,0.0602235828991979,0.0367113185609202,1.0037955855329903
1776,0.4662157516926526,0.0393536297424665,23.71119642712557,8,0.1603502628393471,6.90810957364738,0.0649363669101149,2,0.0602235828991979,0.0367113185609202,1.0037955855329903
1777,0.4662157516926526,0.0393536297424665,23.71119642712557,8,0.1603502628393471,6.90810957364738,0.0649363669101149,1,0.4424557612277567,0.0367113185609202,1.0037955855329903
1778,0.4662157516926526,0.0393536297424665,23.71119642712557,8,0.1603502628393471,6.90810957364738,0.0649363669101149,1,0.0602235828991979,0.0655548856814056,1.0037955855329903
1779,0.4662157516926526,0.0393536297424665,23.71119642712557,8,0.1603502628393471,6.90810957364738,0.0649363669101149,1,0.0602235828991979,0.0367113185609202,1.469426083116042
1780,0.4264456177130341,0.2697935239462089,15.021809055665644,5,0.2326076039578765,2.982172442600131,0.1152893344871699,2,0.4424557612277567,0.0655548856814056,1.469426083116042
1781,0.2170334620401263,0.1462134833502248,5.9340799638416994,14,0.2896379134152084,3.591890424489975,0.3694830477703363,3,0.4734980843029916,0.1220140424203971,2.8615022891349047
1782,0.0037787586450576,0.1462134833502248,5.9340799638416994,14,0.2896379134152084,3.591890424489975,0.3694830477703363,3,0.4734980843029916,0.1220140424203971,2.8615022891349047
1783,0.2170334620401263,0.0413880823182297,5.9340799638416994,14,0.2896379134152084,3.591890424489975,0.3694830477703363,3,0.4734980843029916,0.1220140424203971,2.8615022891349047
1784,0.2170334620401263,0.1462134833502248,4.091256393738011,14,0.2896379134152084,3.591890424489975,0.3694830477703363,3,0.4734980843029916,0.1220140424203971,2.8615022891349047
1785,0.2170334620401263,0.1462134833502248,5.9340799638416994,12,0.2896379134152084,3.591890424489975,0.3694830477703363,3,0.4734980843029916,0.1220140424203971,2.8615022891349047
1786,0.2170334620401263,0.1462134833502248,5.9340799638416994,14,0.1352811536751687,3.591890424489975,0.3694830477703363,3,0.4734980843029916,0.1220140424203971,2.8615022891349047
1787,0.2170334620401263,0.1462134833502248,5.9340799638416994,14,0.2896379134152084,5.394916178658605,0.3694830477703363,3,0.4734980843029916,0.1220140424203971,2.8615022891349047
1788,0.2170334620401263,0.1462134833502248,5.9340799638416994,14,0.2896379134152084,3.591890424489975,0.2387268711347133,3,0.4734980843029916,0.1220140424203971,2.8615022891349047
1789,0.2170334620401263,0.1462134833502248,5.9340799638416994,14,0.2896379134152084,3.591890424489975,0.3694830477703363,1,0.4734980843029916,0.1220140424203971,2.8615022891349047
1790,0.2170334620401263,0.1462134833502248,5.9340799638416994,14,0.2896379134152084,3.591890424489975,0.3694830477703363,3,0.2244017714634538,0.1220140424203971,2.8615022891349047
1791,0.2170334620401263,0.1462134833502248,5.9340799638416994,14,0.2896379134152084,3.591890424489975,0.3694830477703363,3,0.4734980843029916,0.2930702198578688,2.8615022891349047
1792,0.2170334620401263,0.1462134833502248,5.9340799638416994,14,0.2896379134152084,3.591890424489975,0.3694830477703363,3,0.4734980843029916,0.1220140424203971,3.1870371829127366
1793,0.0037787586450576,0.0413880823182297,4.091256393738011,12,0.1352811536751687,5.394916178658605,0.2387268711347133,1,0.2244017714634538,0.2930702198578688,3.1870371829127366
1794,0.1083785248920321,0.0603734275272315,12.455228120297992,6,0.199597339797765,3.363941991701722,0.1574862412177026,2,0.3625028718728572,0.1759648735509027,5.132811508999922
1795,0.2286519058048725,0.0603734275272315,12.455228120297992,6,0.199597339797765,3.363941991701722,0.1574862412177026,2,0.3625028718728572,0.1759648735509027,5.132811508999922
1796,0.1083785248920321,0.1506409111371316,12.455228120297992,6,0.199597339797765,3.363941991701722,0.1574862412177026,2,0.3625028718728572,0.1759648735509027,5.132811508999922
1797,0.1083785248920321,0.0603734275272315,15.641689251773236,6,0.199597339797765,3.363941991701722,0.1574862412177026,2,0.3625028718728572,0.1759648735509027,5.132811508999922
1798,0.1083785248920321,0.0603734275272315,12.455228120297992,16,0.199597339797765,3.363941991701722,0.1574862412177026,2,0.3625028718728572,0.1759648735509027,5.132811508999922
1799,0.1083785248920321,0.0603734275272315,12.455228120297992,6,0.2456962770782411,3.363941991701722,0.1574862412177026,2,0.3625028718728572,0.1759648735509027,5.132811508999922
1800,0.1083785248920321,0.0603734275272315,12.455228120297992,6,0.199597339797765,7.209071731194854,0.1574862412177026,2,0.3625028718728572,0.1759648735509027,5.132811508999922
1801,0.1083785248920321,0.0603734275272315,12.455228120297992,6,0.199597339797765,3.363941991701722,0.1651744579430669,2,0.3625028718728572,0.1759648735509027,5.132811508999922
1802,0.1083785248920321,0.0603734275272315,12.455228120297992,6,0.199597339797765,3.363941991701722,0.1574862412177026,2,0.3625028718728572,0.1759648735509027,5.132811508999922
1803,0.1083785248920321,0.0603734275272315,12.455228120297992,6,0.199597339797765,3.363941991701722,0.1574862412177026,2,0.3493046869058162,0.1759648735509027,5.132811508999922
1804,0.1083785248920321,0.0603734275272315,12.455228120297992,6,0.199597339797765,3.363941991701722,0.1574862412177026,2,0.3625028718728572,0.0374194260768638,5.132811508999922
1805,0.1083785248920321,0.0603734275272315,12.455228120297992,6,0.199597339797765,3.363941991701722,0.1574862412177026,2,0.3625028718728572,0.1759648735509027,5.825577874790652
1806,0.2286519058048725,0.1506409111371316,15.641689251773236,16,0.2456962770782411,7.209071731194854,0.1651744579430669,2,0.3493046869058162,0.0374194260768638,5.825577874790652
1807,0.4226001631468534,0.2331712801010899,8.073322118787633,12,0.0779999880585819,5.953976418823004,0.2877158691175282,2,0.1712550973519683,0.0579275868085383,1.7986174895410458
1808,0.5012822913005948,0.2331712801010899,8.073322118787633,12,0.0779999880585819,5.953976418823004,0.2877158691175282,2,0.1712550973519683,0.0579275868085383,1.7986174895410458
1809,0.4226001631468534,0.0741541249008563,8.073322118787633,12,0.0779999880585819,5.953976418823004,0.2877158691175282,2,0.1712550973519683,0.0579275868085383,1.7986174895410458
1810,0.4226001631468534,0.2331712801010899,9.586526768615572,12,0.0779999880585819,5.953976418823004,0.2877158691175282,2,0.1712550973519683,0.0579275868085383,1.7986174895410458
1811,0.4226001631468534,0.2331712801010899,8.073322118787633,8,0.0779999880585819,5.953976418823004,0.2877158691175282,2,0.1712550973519683,0.0579275868085383,1.7986174895410458
1812,0.4226001631468534,0.2331712801010899,8.073322118787633,12,0.0869037294294685,5.953976418823004,0.2877158691175282,2,0.1712550973519683,0.0579275868085383,1.7986174895410458
1813,0.4226001631468534,0.2331712801010899,8.073322118787633,12,0.0779999880585819,4.425648519769311,0.2877158691175282,2,0.1712550973519683,0.0579275868085383,1.7986174895410458
1814,0.4226001631468534,0.2331712801010899,8.073322118787633,12,0.0779999880585819,5.953976418823004,0.3808087568730116,2,0.1712550973519683,0.0579275868085383,1.7986174895410458
1815,0.4226001631468534,0.2331712801010899,8.073322118787633,12,0.0779999880585819,5.953976418823004,0.2877158691175282,3,0.1712550973519683,0.0579275868085383,1.7986174895410458
1816,0.4226001631468534,0.2331712801010899,8.073322118787633,12,0.0779999880585819,5.953976418823004,0.2877158691175282,2,0.0890151336323469,0.0579275868085383,1.7986174895410458
1817,0.4226001631468534,0.2331712801010899,8.073322118787633,12,0.0779999880585819,5.953976418823004,0.2877158691175282,2,0.1712550973519683,0.1502514864361688,1.7986174895410458
1818,0.4226001631468534,0.2331712801010899,8.073322118787633,12,0.0779999880585819,5.953976418823004,0.2877158691175282,2,0.1712550973519683,0.0579275868085383,2.674819240571072
1819,0.5012822913005948,0.0741541249008563,9.586526768615572,8,0.0869037294294685,4.425648519769311,0.3808087568730116,3,0.0890151336323469,0.1502514864361688,2.674819240571072
1820,0.3114219674840569,0.0936792544685909,4.046569380941504,11,0.1047687371727079,7.94683338701725,0.1904200003948062,2,0.3102421456482261,0.162517256688586,7.931936751265138
1821,0.5665236487984657,0.0936792544685909,4.046569380941504,11,0.1047687371727079,7.94683338701725,0.1904200003948062,2,0.3102421456482261,0.162517256688586,7.931936751265138
1822,0.3114219674840569,0.1211503686511691,4.046569380941504,11,0.1047687371727079,7.94683338701725,0.1904200003948062,2,0.3102421456482261,0.162517256688586,7.931936751265138
1823,0.3114219674840569,0.0936792544685909,6.057442149285702,11,0.1047687371727079,7.94683338701725,0.1904200003948062,2,0.3102421456482261,0.162517256688586,7.931936751265138
1824,0.3114219674840569,0.0936792544685909,4.046569380941504,10,0.1047687371727079,7.94683338701725,0.1904200003948062,2,0.3102421456482261,0.162517256688586,7.931936751265138
1825,0.3114219674840569,0.0936792544685909,4.046569380941504,11,0.0535688693169504,7.94683338701725,0.1904200003948062,2,0.3102421456482261,0.162517256688586,7.931936751265138
1826,0.3114219674840569,0.0936792544685909,4.046569380941504,11,0.1047687371727079,3.9466993920505047,0.1904200003948062,2,0.3102421456482261,0.162517256688586,7.931936751265138
1827,0.3114219674840569,0.0936792544685909,4.046569380941504,11,0.1047687371727079,7.94683338701725,0.355117667792365,2,0.3102421456482261,0.162517256688586,7.931936751265138
1828,0.3114219674840569,0.0936792544685909,4.046569380941504,11,0.1047687371727079,7.94683338701725,0.1904200003948062,2,0.3102421456482261,0.162517256688586,7.931936751265138
1829,0.3114219674840569,0.0936792544685909,4.046569380941504,11,0.1047687371727079,7.94683338701725,0.1904200003948062,2,0.4464258056599647,0.162517256688586,7.931936751265138
1830,0.3114219674840569,0.0936792544685909,4.046569380941504,11,0.1047687371727079,7.94683338701725,0.1904200003948062,2,0.3102421456482261,0.0874376612685294,7.931936751265138
1831,0.3114219674840569,0.0936792544685909,4.046569380941504,11,0.1047687371727079,7.94683338701725,0.1904200003948062,2,0.3102421456482261,0.162517256688586,1.1353795123402903
1832,0.5665236487984657,0.1211503686511691,6.057442149285702,10,0.0535688693169504,3.9466993920505047,0.355117667792365,2,0.4464258056599647,0.0874376612685294,1.1353795123402903
1833,0.071900488436222,0.1959312335304757,16.185951009075588,5,0.2350939886644482,4.606810403987765,0.2331395912449807,2,0.2208376261405646,0.0488978363574817,2.8266083130836037
1834,0.1637052694335579,0.1959312335304757,16.185951009075588,5,0.2350939886644482,4.606810403987765,0.2331395912449807,2,0.2208376261405646,0.0488978363574817,2.8266083130836037
1835,0.071900488436222,0.0598430087254042,16.185951009075588,5,0.2350939886644482,4.606810403987765,0.2331395912449807,2,0.2208376261405646,0.0488978363574817,2.8266083130836037
1836,0.071900488436222,0.1959312335304757,10.18188558057872,5,0.2350939886644482,4.606810403987765,0.2331395912449807,2,0.2208376261405646,0.0488978363574817,2.8266083130836037
1837,0.071900488436222,0.1959312335304757,16.185951009075588,13,0.2350939886644482,4.606810403987765,0.2331395912449807,2,0.2208376261405646,0.0488978363574817,2.8266083130836037
1838,0.071900488436222,0.1959312335304757,16.185951009075588,5,0.2824562557041645,4.606810403987765,0.2331395912449807,2,0.2208376261405646,0.0488978363574817,2.8266083130836037
1839,0.071900488436222,0.1959312335304757,16.185951009075588,5,0.2350939886644482,7.488894902169704,0.2331395912449807,2,0.2208376261405646,0.0488978363574817,2.8266083130836037
1840,0.071900488436222,0.1959312335304757,16.185951009075588,5,0.2350939886644482,4.606810403987765,0.2179961694404483,2,0.2208376261405646,0.0488978363574817,2.8266083130836037
1841,0.071900488436222,0.1959312335304757,16.185951009075588,5,0.2350939886644482,4.606810403987765,0.2331395912449807,3,0.2208376261405646,0.0488978363574817,2.8266083130836037
1842,0.071900488436222,0.1959312335304757,16.185951009075588,5,0.2350939886644482,4.606810403987765,0.2331395912449807,2,0.2151325411628932,0.0488978363574817,2.8266083130836037
1843,0.071900488436222,0.1959312335304757,16.185951009075588,5,0.2350939886644482,4.606810403987765,0.2331395912449807,2,0.2208376261405646,0.2197205238568347,2.8266083130836037
1844,0.071900488436222,0.1959312335304757,16.185951009075588,5,0.2350939886644482,4.606810403987765,0.2331395912449807,2,0.2208376261405646,0.0488978363574817,4.124701517488823
1845,0.1637052694335579,0.0598430087254042,10.18188558057872,13,0.2824562557041645,7.488894902169704,0.2179961694404483,3,0.2151325411628932,0.2197205238568347,4.124701517488823
1846,0.2532116577029228,0.0451541848108841,7.705196451907735,15,0.2549366382416337,2.536407571285963,0.097550337575376,1,0.1064418085385114,0.0771542060232309,1.5739975559930253
1847,0.0885739954188466,0.0451541848108841,7.705196451907735,15,0.2549366382416337,2.536407571285963,0.097550337575376,1,0.1064418085385114,0.0771542060232309,1.5739975559930253
1848,0.2532116577029228,0.2178307700757693,7.705196451907735,15,0.2549366382416337,2.536407571285963,0.097550337575376,1,0.1064418085385114,0.0771542060232309,1.5739975559930253
1849,0.2532116577029228,0.0451541848108841,6.463814965902511,15,0.2549366382416337,2.536407571285963,0.097550337575376,1,0.1064418085385114,0.0771542060232309,1.5739975559930253
1850,0.2532116577029228,0.0451541848108841,7.705196451907735,11,0.2549366382416337,2.536407571285963,0.097550337575376,1,0.1064418085385114,0.0771542060232309,1.5739975559930253
1851,0.2532116577029228,0.0451541848108841,7.705196451907735,15,0.1605896346271038,2.536407571285963,0.097550337575376,1,0.1064418085385114,0.0771542060232309,1.5739975559930253
1852,0.2532116577029228,0.0451541848108841,7.705196451907735,15,0.2549366382416337,5.859143543988466,0.097550337575376,1,0.1064418085385114,0.0771542060232309,1.5739975559930253
1853,0.2532116577029228,0.0451541848108841,7.705196451907735,15,0.2549366382416337,2.536407571285963,0.2753679824061692,1,0.1064418085385114,0.0771542060232309,1.5739975559930253
1854,0.2532116577029228,0.0451541848108841,7.705196451907735,15,0.2549366382416337,2.536407571285963,0.097550337575376,2,0.1064418085385114,0.0771542060232309,1.5739975559930253
1855,0.2532116577029228,0.0451541848108841,7.705196451907735,15,0.2549366382416337,2.536407571285963,0.097550337575376,1,0.3110580497421324,0.0771542060232309,1.5739975559930253
1856,0.2532116577029228,0.0451541848108841,7.705196451907735,15,0.2549366382416337,2.536407571285963,0.097550337575376,1,0.1064418085385114,0.0499090298460847,1.5739975559930253
1857,0.2532116577029228,0.0451541848108841,7.705196451907735,15,0.2549366382416337,2.536407571285963,0.097550337575376,1,0.1064418085385114,0.0771542060232309,7.50898075466125
1858,0.0885739954188466,0.2178307700757693,6.463814965902511,11,0.1605896346271038,5.859143543988466,0.2753679824061692,2,0.3110580497421324,0.0499090298460847,7.50898075466125
1859,0.5776937881484627,0.0977308759260299,11.894450745245337,9,0.1323016772046685,5.102638164535165,0.3145856879651547,3,0.4246845649555325,0.2343689875906459,4.412707053169623
1860,0.3413555882871151,0.0977308759260299,11.894450745245337,9,0.1323016772046685,5.102638164535165,0.3145856879651547,3,0.4246845649555325,0.2343689875906459,4.412707053169623
1861,0.5776937881484627,0.0333063994006177,11.894450745245337,9,0.1323016772046685,5.102638164535165,0.3145856879651547,3,0.4246845649555325,0.2343689875906459,4.412707053169623
1862,0.5776937881484627,0.0977308759260299,23.118228712666923,9,0.1323016772046685,5.102638164535165,0.3145856879651547,3,0.4246845649555325,0.2343689875906459,4.412707053169623
1863,0.5776937881484627,0.0977308759260299,11.894450745245337,6,0.1323016772046685,5.102638164535165,0.3145856879651547,3,0.4246845649555325,0.2343689875906459,4.412707053169623
1864,0.5776937881484627,0.0977308759260299,11.894450745245337,9,0.2028964827302843,5.102638164535165,0.3145856879651547,3,0.4246845649555325,0.2343689875906459,4.412707053169623
1865,0.5776937881484627,0.0977308759260299,11.894450745245337,9,0.1323016772046685,2.6934532672166824,0.3145856879651547,3,0.4246845649555325,0.2343689875906459,4.412707053169623
1866,0.5776937881484627,0.0977308759260299,11.894450745245337,9,0.1323016772046685,5.102638164535165,0.0515185917261988,3,0.4246845649555325,0.2343689875906459,4.412707053169623
1867,0.5776937881484627,0.0977308759260299,11.894450745245337,9,0.1323016772046685,5.102638164535165,0.3145856879651547,1,0.4246845649555325,0.2343689875906459,4.412707053169623
1868,0.5776937881484627,0.0977308759260299,11.894450745245337,9,0.1323016772046685,5.102638164535165,0.3145856879651547,3,0.1220140816643834,0.2343689875906459,4.412707053169623
1869,0.5776937881484627,0.0977308759260299,11.894450745245337,9,0.1323016772046685,5.102638164535165,0.3145856879651547,3,0.4246845649555325,0.1126494585163798,4.412707053169623
1870,0.5776937881484627,0.0977308759260299,11.894450745245337,9,0.1323016772046685,5.102638164535165,0.3145856879651547,3,0.4246845649555325,0.2343689875906459,2.075162092509866
1871,0.3413555882871151,0.0333063994006177,23.118228712666923,6,0.2028964827302843,2.6934532672166824,0.0515185917261988,1,0.1220140816643834,0.1126494585163798,2.075162092509866
1872,0.5878371935337782,0.0404776298061549,5.863434303083341,13,0.1772839540615677,4.34420077316463,0.2498671441804618,1,0.4888473397120833,0.0889727821590033,4.756420855131831
1873,0.5385472739115357,0.0404776298061549,5.863434303083341,13,0.1772839540615677,4.34420077316463,0.2498671441804618,1,0.4888473397120833,0.0889727821590033,4.756420855131831
1874,0.5878371935337782,0.1457676991018845,5.863434303083341,13,0.1772839540615677,4.34420077316463,0.2498671441804618,1,0.4888473397120833,0.0889727821590033,4.756420855131831
1875,0.5878371935337782,0.0404776298061549,19.016901270984963,13,0.1772839540615677,4.34420077316463,0.2498671441804618,1,0.4888473397120833,0.0889727821590033,4.756420855131831
1876,0.5878371935337782,0.0404776298061549,5.863434303083341,12,0.1772839540615677,4.34420077316463,0.2498671441804618,1,0.4888473397120833,0.0889727821590033,4.756420855131831
1877,0.5878371935337782,0.0404776298061549,5.863434303083341,13,0.0745254319161176,4.34420077316463,0.2498671441804618,1,0.4888473397120833,0.0889727821590033,4.756420855131831
1878,0.5878371935337782,0.0404776298061549,5.863434303083341,13,0.1772839540615677,3.200217125937342,0.2498671441804618,1,0.4888473397120833,0.0889727821590033,4.756420855131831
1879,0.5878371935337782,0.0404776298061549,5.863434303083341,13,0.1772839540615677,4.34420077316463,0.1768392691854387,1,0.4888473397120833,0.0889727821590033,4.756420855131831
1880,0.5878371935337782,0.0404776298061549,5.863434303083341,13,0.1772839540615677,4.34420077316463,0.2498671441804618,2,0.4888473397120833,0.0889727821590033,4.756420855131831
1881,0.5878371935337782,0.0404776298061549,5.863434303083341,13,0.1772839540615677,4.34420077316463,0.2498671441804618,1,0.3679305405821651,0.0889727821590033,4.756420855131831
1882,0.5878371935337782,0.0404776298061549,5.863434303083341,13,0.1772839540615677,4.34420077316463,0.2498671441804618,1,0.4888473397120833,0.2752156746804651,4.756420855131831
1883,0.5878371935337782,0.0404776298061549,5.863434303083341,13,0.1772839540615677,4.34420077316463,0.2498671441804618,1,0.4888473397120833,0.0889727821590033,2.1978334360670475
1884,0.5385472739115357,0.1457676991018845,19.016901270984963,12,0.0745254319161176,3.200217125937342,0.1768392691854387,2,0.3679305405821651,0.2752156746804651,2.1978334360670475
1885,0.2267358345910906,0.1090238659068566,21.567444768384743,7,0.0576092106755822,7.777982160449028,0.2050974605139345,3,0.0721601028461009,0.2725586438080039,1.6667194586553844
1886,0.1913840979337692,0.1090238659068566,21.567444768384743,7,0.0576092106755822,7.777982160449028,0.2050974605139345,3,0.0721601028461009,0.2725586438080039,1.6667194586553844
1887,0.2267358345910906,0.0884449520487026,21.567444768384743,7,0.0576092106755822,7.777982160449028,0.2050974605139345,3,0.0721601028461009,0.2725586438080039,1.6667194586553844
1888,0.2267358345910906,0.1090238659068566,7.861184733136603,7,0.0576092106755822,7.777982160449028,0.2050974605139345,3,0.0721601028461009,0.2725586438080039,1.6667194586553844
1889,0.2267358345910906,0.1090238659068566,21.567444768384743,5,0.0576092106755822,7.777982160449028,0.2050974605139345,3,0.0721601028461009,0.2725586438080039,1.6667194586553844
1890,0.2267358345910906,0.1090238659068566,21.567444768384743,7,0.2889668880496174,7.777982160449028,0.2050974605139345,3,0.0721601028461009,0.2725586438080039,1.6667194586553844
1891,0.2267358345910906,0.1090238659068566,21.567444768384743,7,0.0576092106755822,5.2354660499840975,0.2050974605139345,3,0.0721601028461009,0.2725586438080039,1.6667194586553844
1892,0.2267358345910906,0.1090238659068566,21.567444768384743,7,0.0576092106755822,7.777982160449028,0.3905015734024346,3,0.0721601028461009,0.2725586438080039,1.6667194586553844
1893,0.2267358345910906,0.1090238659068566,21.567444768384743,7,0.0576092106755822,7.777982160449028,0.2050974605139345,1,0.0721601028461009,0.2725586438080039,1.6667194586553844
1894,0.2267358345910906,0.1090238659068566,21.567444768384743,7,0.0576092106755822,7.777982160449028,0.2050974605139345,3,0.0652257124427706,0.2725586438080039,1.6667194586553844
1895,0.2267358345910906,0.1090238659068566,21.567444768384743,7,0.0576092106755822,7.777982160449028,0.2050974605139345,3,0.0721601028461009,0.06981265211291,1.6667194586553844
1896,0.2267358345910906,0.1090238659068566,21.567444768384743,7,0.0576092106755822,7.777982160449028,0.2050974605139345,3,0.0721601028461009,0.2725586438080039,4.800746981947975
1897,0.1913840979337692,0.0884449520487026,7.861184733136603,5,0.2889668880496174,5.2354660499840975,0.3905015734024346,1,0.0652257124427706,0.06981265211291,4.800746981947975
1898,0.0424220038577914,0.0841197509800123,8.43845670631346,13,0.1550762357190251,5.360046634450555,0.3429351065307855,2,0.1865646711550653,0.1384171070903057,2.625669067060949
1899,0.1165500707924366,0.0841197509800123,8.43845670631346,13,0.1550762357190251,5.360046634450555,0.3429351065307855,2,0.1865646711550653,0.1384171070903057,2.625669067060949
1900,0.0424220038577914,0.2430764287766327,8.43845670631346,13,0.1550762357190251,5.360046634450555,0.3429351065307855,2,0.1865646711550653,0.1384171070903057,2.625669067060949
1901,0.0424220038577914,0.0841197509800123,12.3777043786769,13,0.1550762357190251,5.360046634450555,0.3429351065307855,2,0.1865646711550653,0.1384171070903057,2.625669067060949
1902,0.0424220038577914,0.0841197509800123,8.43845670631346,7,0.1550762357190251,5.360046634450555,0.3429351065307855,2,0.1865646711550653,0.1384171070903057,2.625669067060949
1903,0.0424220038577914,0.0841197509800123,8.43845670631346,13,0.1549989445600658,5.360046634450555,0.3429351065307855,2,0.1865646711550653,0.1384171070903057,2.625669067060949
1904,0.0424220038577914,0.0841197509800123,8.43845670631346,13,0.1550762357190251,6.607170751318336,0.3429351065307855,2,0.1865646711550653,0.1384171070903057,2.625669067060949
1905,0.0424220038577914,0.0841197509800123,8.43845670631346,13,0.1550762357190251,5.360046634450555,0.1036345211789012,2,0.1865646711550653,0.1384171070903057,2.625669067060949
1906,0.0424220038577914,0.0841197509800123,8.43845670631346,13,0.1550762357190251,5.360046634450555,0.3429351065307855,2,0.1865646711550653,0.1384171070903057,2.625669067060949
1907,0.0424220038577914,0.0841197509800123,8.43845670631346,13,0.1550762357190251,5.360046634450555,0.3429351065307855,2,0.3907622467726469,0.1384171070903057,2.625669067060949
1908,0.0424220038577914,0.0841197509800123,8.43845670631346,13,0.1550762357190251,5.360046634450555,0.3429351065307855,2,0.1865646711550653,0.1570806788786853,2.625669067060949
1909,0.0424220038577914,0.0841197509800123,8.43845670631346,13,0.1550762357190251,5.360046634450555,0.3429351065307855,2,0.1865646711550653,0.1384171070903057,3.419846405461838
1910,0.1165500707924366,0.2430764287766327,12.3777043786769,7,0.1549989445600658,6.607170751318336,0.1036345211789012,2,0.3907622467726469,0.1570806788786853,3.419846405461838
1911,0.319734014198184,0.2182018749589128,13.398419045721525,7,0.282441279804334,2.700080167502165,0.1224810989573598,2,0.3743997102137655,0.0428097735606824,7.484941326605845
1912,0.3136770593002438,0.2182018749589128,13.398419045721525,7,0.282441279804334,2.700080167502165,0.1224810989573598,2,0.3743997102137655,0.0428097735606824,7.484941326605845
1913,0.319734014198184,0.0530771852639096,13.398419045721525,7,0.282441279804334,2.700080167502165,0.1224810989573598,2,0.3743997102137655,0.0428097735606824,7.484941326605845
1914,0.319734014198184,0.2182018749589128,4.980596300041262,7,0.282441279804334,2.700080167502165,0.1224810989573598,2,0.3743997102137655,0.0428097735606824,7.484941326605845
1915,0.319734014198184,0.2182018749589128,13.398419045721525,16,0.282441279804334,2.700080167502165,0.1224810989573598,2,0.3743997102137655,0.0428097735606824,7.484941326605845
1916,0.319734014198184,0.2182018749589128,13.398419045721525,7,0.1810209389775991,2.700080167502165,0.1224810989573598,2,0.3743997102137655,0.0428097735606824,7.484941326605845
1917,0.319734014198184,0.2182018749589128,13.398419045721525,7,0.282441279804334,4.945520306006074,0.1224810989573598,2,0.3743997102137655,0.0428097735606824,7.484941326605845
1918,0.319734014198184,0.2182018749589128,13.398419045721525,7,0.282441279804334,2.700080167502165,0.2290253813844174,2,0.3743997102137655,0.0428097735606824,7.484941326605845
1919,0.319734014198184,0.2182018749589128,13.398419045721525,7,0.282441279804334,2.700080167502165,0.1224810989573598,3,0.3743997102137655,0.0428097735606824,7.484941326605845
1920,0.319734014198184,0.2182018749589128,13.398419045721525,7,0.282441279804334,2.700080167502165,0.1224810989573598,2,0.2709317184053361,0.0428097735606824,7.484941326605845
1921,0.319734014198184,0.2182018749589128,13.398419045721525,7,0.282441279804334,2.700080167502165,0.1224810989573598,2,0.3743997102137655,0.0357900728526587,7.484941326605845
1922,0.319734014198184,0.2182018749589128,13.398419045721525,7,0.282441279804334,2.700080167502165,0.1224810989573598,2,0.3743997102137655,0.0428097735606824,1.559444964080377
1923,0.3136770593002438,0.0530771852639096,4.980596300041262,16,0.1810209389775991,4.945520306006074,0.2290253813844174,3,0.2709317184053361,0.0357900728526587,1.559444964080377
1924,0.4335558185353875,0.0543026392601407,16.363008761842366,10,0.2479841424617916,3.707097291946411,0.3978292745072395,2,0.2336617426946759,0.2046302410685203,1.702010889265924
1925,0.3785522416234016,0.0543026392601407,16.363008761842366,10,0.2479841424617916,3.707097291946411,0.3978292745072395,2,0.2336617426946759,0.2046302410685203,1.702010889265924
1926,0.4335558185353875,0.1698578733788268,16.363008761842366,10,0.2479841424617916,3.707097291946411,0.3978292745072395,2,0.2336617426946759,0.2046302410685203,1.702010889265924
1927,0.4335558185353875,0.0543026392601407,7.45649958882509,10,0.2479841424617916,3.707097291946411,0.3978292745072395,2,0.2336617426946759,0.2046302410685203,1.702010889265924
1928,0.4335558185353875,0.0543026392601407,16.363008761842366,14,0.2479841424617916,3.707097291946411,0.3978292745072395,2,0.2336617426946759,0.2046302410685203,1.702010889265924
1929,0.4335558185353875,0.0543026392601407,16.363008761842366,10,0.206523763667792,3.707097291946411,0.3978292745072395,2,0.2336617426946759,0.2046302410685203,1.702010889265924
1930,0.4335558185353875,0.0543026392601407,16.363008761842366,10,0.2479841424617916,3.7311954759061337,0.3978292745072395,2,0.2336617426946759,0.2046302410685203,1.702010889265924
1931,0.4335558185353875,0.0543026392601407,16.363008761842366,10,0.2479841424617916,3.707097291946411,0.2853952433913946,2,0.2336617426946759,0.2046302410685203,1.702010889265924
1932,0.4335558185353875,0.0543026392601407,16.363008761842366,10,0.2479841424617916,3.707097291946411,0.3978292745072395,2,0.2336617426946759,0.2046302410685203,1.702010889265924
1933,0.4335558185353875,0.0543026392601407,16.363008761842366,10,0.2479841424617916,3.707097291946411,0.3978292745072395,2,0.2927690882235765,0.2046302410685203,1.702010889265924
1934,0.4335558185353875,0.0543026392601407,16.363008761842366,10,0.2479841424617916,3.707097291946411,0.3978292745072395,2,0.2336617426946759,0.2064216173413258,1.702010889265924
1935,0.4335558185353875,0.0543026392601407,16.363008761842366,10,0.2479841424617916,3.707097291946411,0.3978292745072395,2,0.2336617426946759,0.2046302410685203,1.6844754624921947
1936,0.3785522416234016,0.1698578733788268,7.45649958882509,14,0.206523763667792,3.7311954759061337,0.2853952433913946,2,0.2927690882235765,0.2064216173413258,1.6844754624921947
1937,0.0809439674019813,0.2592346067382923,4.453640789126912,16,0.1272717897780239,7.117075202986598,0.0898653133306652,2,0.3264650501776486,0.0667985499183162,4.771578933755731
1938,0.0513837436214089,0.2592346067382923,4.453640789126912,16,0.1272717897780239,7.117075202986598,0.0898653133306652,2,0.3264650501776486,0.0667985499183162,4.771578933755731
1939,0.0809439674019813,0.0369672659215446,4.453640789126912,16,0.1272717897780239,7.117075202986598,0.0898653133306652,2,0.3264650501776486,0.0667985499183162,4.771578933755731
1940,0.0809439674019813,0.2592346067382923,20.11896829394728,16,0.1272717897780239,7.117075202986598,0.0898653133306652,2,0.3264650501776486,0.0667985499183162,4.771578933755731
1941,0.0809439674019813,0.2592346067382923,4.453640789126912,10,0.1272717897780239,7.117075202986598,0.0898653133306652,2,0.3264650501776486,0.0667985499183162,4.771578933755731
1942,0.0809439674019813,0.2592346067382923,4.453640789126912,16,0.1260853064712137,7.117075202986598,0.0898653133306652,2,0.3264650501776486,0.0667985499183162,4.771578933755731
1943,0.0809439674019813,0.2592346067382923,4.453640789126912,16,0.1272717897780239,7.64580462127924,0.0898653133306652,2,0.3264650501776486,0.0667985499183162,4.771578933755731
1944,0.0809439674019813,0.2592346067382923,4.453640789126912,16,0.1272717897780239,7.117075202986598,0.0635419060941785,2,0.3264650501776486,0.0667985499183162,4.771578933755731
1945,0.0809439674019813,0.2592346067382923,4.453640789126912,16,0.1272717897780239,7.117075202986598,0.0898653133306652,3,0.3264650501776486,0.0667985499183162,4.771578933755731
1946,0.0809439674019813,0.2592346067382923,4.453640789126912,16,0.1272717897780239,7.117075202986598,0.0898653133306652,2,0.1456863506697118,0.0667985499183162,4.771578933755731
1947,0.0809439674019813,0.2592346067382923,4.453640789126912,16,0.1272717897780239,7.117075202986598,0.0898653133306652,2,0.3264650501776486,0.0930774485673239,4.771578933755731
1948,0.0809439674019813,0.2592346067382923,4.453640789126912,16,0.1272717897780239,7.117075202986598,0.0898653133306652,2,0.3264650501776486,0.0667985499183162,6.263820904710104
1949,0.0513837436214089,0.0369672659215446,20.11896829394728,10,0.1260853064712137,7.64580462127924,0.0635419060941785,3,0.1456863506697118,0.0930774485673239,6.263820904710104
1950,0.1879140302538871,0.0352973323148839,11.372269488324246,4,0.0846220976207405,5.833339150995016,0.3044416070915758,1,0.43746556667611,0.0321416586239655,3.0262379505439485
1951,0.276545581407845,0.0352973323148839,11.372269488324246,4,0.0846220976207405,5.833339150995016,0.3044416070915758,1,0.43746556667611,0.0321416586239655,3.0262379505439485
1952,0.1879140302538871,0.1015752677077239,11.372269488324246,4,0.0846220976207405,5.833339150995016,0.3044416070915758,1,0.43746556667611,0.0321416586239655,3.0262379505439485
1953,0.1879140302538871,0.0352973323148839,5.260074897897712,4,0.0846220976207405,5.833339150995016,0.3044416070915758,1,0.43746556667611,0.0321416586239655,3.0262379505439485
1954,0.1879140302538871,0.0352973323148839,11.372269488324246,6,0.0846220976207405,5.833339150995016,0.3044416070915758,1,0.43746556667611,0.0321416586239655,3.0262379505439485
1955,0.1879140302538871,0.0352973323148839,11.372269488324246,4,0.2559255538042634,5.833339150995016,0.3044416070915758,1,0.43746556667611,0.0321416586239655,3.0262379505439485
1956,0.1879140302538871,0.0352973323148839,11.372269488324246,4,0.0846220976207405,6.464317355304956,0.3044416070915758,1,0.43746556667611,0.0321416586239655,3.0262379505439485
1957,0.1879140302538871,0.0352973323148839,11.372269488324246,4,0.0846220976207405,5.833339150995016,0.3450563554186374,1,0.43746556667611,0.0321416586239655,3.0262379505439485
1958,0.1879140302538871,0.0352973323148839,11.372269488324246,4,0.0846220976207405,5.833339150995016,0.3044416070915758,2,0.43746556667611,0.0321416586239655,3.0262379505439485
1959,0.1879140302538871,0.0352973323148839,11.372269488324246,4,0.0846220976207405,5.833339150995016,0.3044416070915758,1,0.4984424793627113,0.0321416586239655,3.0262379505439485
1960,0.1879140302538871,0.0352973323148839,11.372269488324246,4,0.0846220976207405,5.833339150995016,0.3044416070915758,1,0.43746556667611,0.1178192452066822,3.0262379505439485
1961,0.1879140302538871,0.0352973323148839,11.372269488324246,4,0.0846220976207405,5.833339150995016,0.3044416070915758,1,0.43746556667611,0.0321416586239655,4.443996400055896
1962,0.276545581407845,0.1015752677077239,5.260074897897712,6,0.2559255538042634,6.464317355304956,0.3450563554186374,2,0.4984424793627113,0.1178192452066822,4.443996400055896
1963,0.4743152299895882,0.1630125708066956,7.167461701815836,10,0.2130247426219284,3.149569207802415,0.1721605095081031,3,0.1226215982344001,0.103923826502647,1.0784227944548992
1964,0.4536770068109035,0.1630125708066956,7.167461701815836,10,0.2130247426219284,3.149569207802415,0.1721605095081031,3,0.1226215982344001,0.103923826502647,1.0784227944548992
1965,0.4743152299895882,0.0618435043388063,7.167461701815836,10,0.2130247426219284,3.149569207802415,0.1721605095081031,3,0.1226215982344001,0.103923826502647,1.0784227944548992
1966,0.4743152299895882,0.1630125708066956,11.678933563672103,10,0.2130247426219284,3.149569207802415,0.1721605095081031,3,0.1226215982344001,0.103923826502647,1.0784227944548992
1967,0.4743152299895882,0.1630125708066956,7.167461701815836,11,0.2130247426219284,3.149569207802415,0.1721605095081031,3,0.1226215982344001,0.103923826502647,1.0784227944548992
1968,0.4743152299895882,0.1630125708066956,7.167461701815836,10,0.1119531939737498,3.149569207802415,0.1721605095081031,3,0.1226215982344001,0.103923826502647,1.0784227944548992
1969,0.4743152299895882,0.1630125708066956,7.167461701815836,10,0.2130247426219284,2.170308291912079,0.1721605095081031,3,0.1226215982344001,0.103923826502647,1.0784227944548992
1970,0.4743152299895882,0.1630125708066956,7.167461701815836,10,0.2130247426219284,3.149569207802415,0.2060055817477405,3,0.1226215982344001,0.103923826502647,1.0784227944548992
1971,0.4743152299895882,0.1630125708066956,7.167461701815836,10,0.2130247426219284,3.149569207802415,0.1721605095081031,1,0.1226215982344001,0.103923826502647,1.0784227944548992
1972,0.4743152299895882,0.1630125708066956,7.167461701815836,10,0.2130247426219284,3.149569207802415,0.1721605095081031,3,0.168499174946919,0.103923826502647,1.0784227944548992
1973,0.4743152299895882,0.1630125708066956,7.167461701815836,10,0.2130247426219284,3.149569207802415,0.1721605095081031,3,0.1226215982344001,0.0477157234125682,1.0784227944548992
1974,0.4743152299895882,0.1630125708066956,7.167461701815836,10,0.2130247426219284,3.149569207802415,0.1721605095081031,3,0.1226215982344001,0.103923826502647,1.2000635458757578
1975,0.4536770068109035,0.0618435043388063,11.678933563672103,11,0.1119531939737498,2.170308291912079,0.2060055817477405,1,0.168499174946919,0.0477157234125682,1.2000635458757578
1976,0.5110500689595937,0.0727838103251246,10.833425774090127,15,0.0693865005858242,2.1961841210722923,0.3607555544003844,2,0.2525172424968332,0.0512554573223155,1.220679648458611
1977,0.5842696163803339,0.0727838103251246,10.833425774090127,15,0.0693865005858242,2.1961841210722923,0.3607555544003844,2,0.2525172424968332,0.0512554573223155,1.220679648458611
1978,0.5110500689595937,0.0310078210470715,10.833425774090127,15,0.0693865005858242,2.1961841210722923,0.3607555544003844,2,0.2525172424968332,0.0512554573223155,1.220679648458611
1979,0.5110500689595937,0.0727838103251246,5.626088473552535,15,0.0693865005858242,2.1961841210722923,0.3607555544003844,2,0.2525172424968332,0.0512554573223155,1.220679648458611
1980,0.5110500689595937,0.0727838103251246,10.833425774090127,8,0.0693865005858242,2.1961841210722923,0.3607555544003844,2,0.2525172424968332,0.0512554573223155,1.220679648458611
1981,0.5110500689595937,0.0727838103251246,10.833425774090127,15,0.2283168285619467,2.1961841210722923,0.3607555544003844,2,0.2525172424968332,0.0512554573223155,1.220679648458611
1982,0.5110500689595937,0.0727838103251246,10.833425774090127,15,0.0693865005858242,6.899253852665424,0.3607555544003844,2,0.2525172424968332,0.0512554573223155,1.220679648458611
1983,0.5110500689595937,0.0727838103251246,10.833425774090127,15,0.0693865005858242,2.1961841210722923,0.2589773857966065,2,0.2525172424968332,0.0512554573223155,1.220679648458611
1984,0.5110500689595937,0.0727838103251246,10.833425774090127,15,0.0693865005858242,2.1961841210722923,0.3607555544003844,2,0.2525172424968332,0.0512554573223155,1.220679648458611
1985,0.5110500689595937,0.0727838103251246,10.833425774090127,15,0.0693865005858242,2.1961841210722923,0.3607555544003844,2,0.4260698961559683,0.0512554573223155,1.220679648458611
1986,0.5110500689595937,0.0727838103251246,10.833425774090127,15,0.0693865005858242,2.1961841210722923,0.3607555544003844,2,0.2525172424968332,0.1913485796415142,1.220679648458611
1987,0.5110500689595937,0.0727838103251246,10.833425774090127,15,0.0693865005858242,2.1961841210722923,0.3607555544003844,2,0.2525172424968332,0.0512554573223155,7.341345208487099
1988,0.5842696163803339,0.0310078210470715,5.626088473552535,8,0.2283168285619467,6.899253852665424,0.2589773857966065,2,0.4260698961559683,0.1913485796415142,7.341345208487099
1989,0.1511597720906138,0.1891090563669088,6.633530536029329,9,0.1967514468822628,5.629590904340148,0.0500571765005588,2,0.2856102882884443,0.1542160014272431,3.4817615007725595
1990,0.1808196863159537,0.1891090563669088,6.633530536029329,9,0.1967514468822628,5.629590904340148,0.0500571765005588,2,0.2856102882884443,0.1542160014272431,3.4817615007725595
1991,0.1511597720906138,0.2025902046029826,6.633530536029329,9,0.1967514468822628,5.629590904340148,0.0500571765005588,2,0.2856102882884443,0.1542160014272431,3.4817615007725595
1992,0.1511597720906138,0.1891090563669088,10.84803966675914,9,0.1967514468822628,5.629590904340148,0.0500571765005588,2,0.2856102882884443,0.1542160014272431,3.4817615007725595
1993,0.1511597720906138,0.1891090563669088,6.633530536029329,15,0.1967514468822628,5.629590904340148,0.0500571765005588,2,0.2856102882884443,0.1542160014272431,3.4817615007725595
1994,0.1511597720906138,0.1891090563669088,6.633530536029329,9,0.1390736919827759,5.629590904340148,0.0500571765005588,2,0.2856102882884443,0.1542160014272431,3.4817615007725595
1995,0.1511597720906138,0.1891090563669088,6.633530536029329,9,0.1967514468822628,4.442496117204428,0.0500571765005588,2,0.2856102882884443,0.1542160014272431,3.4817615007725595
1996,0.1511597720906138,0.1891090563669088,6.633530536029329,9,0.1967514468822628,5.629590904340148,0.1334917179774493,2,0.2856102882884443,0.1542160014272431,3.4817615007725595
1997,0.1511597720906138,0.1891090563669088,6.633530536029329,9,0.1967514468822628,5.629590904340148,0.0500571765005588,3,0.2856102882884443,0.1542160014272431,3.4817615007725595
1998,0.1511597720906138,0.1891090563669088,6.633530536029329,9,0.1967514468822628,5.629590904340148,0.0500571765005588,2,0.2354886987712234,0.1542160014272431,3.4817615007725595
1999,0.1511597720906138,0.1891090563669088,6.633530536029329,9,0.1967514468822628,5.629590904340148,0.0500571765005588,2,0.2856102882884443,0.0747902017718494,3.4817615007725595
2000,0.1511597720906138,0.1891090563669088,6.633530536029329,9,0.1967514468822628,5.629590904340148,0.0500571765005588,2,0.2856102882884443,0.1542160014272431,1.990519203277156
2001,0.1808196863159537,0.2025902046029826,10.84803966675914,15,0.1390736919827759,4.442496117204428,0.1334917179774493,3,0.2354886987712234,0.0747902017718494,1.990519203277156
2002,0.119189423136413,0.0467810852669527,17.434776254451812,11,0.2942233157344162,7.320918221026659,0.2786258639302105,1,0.4000440281350165,0.2446356866667477,5.490124120970673
2003,0.1059452382847666,0.0467810852669527,17.434776254451812,11,0.2942233157344162,7.320918221026659,0.2786258639302105,1,0.4000440281350165,0.2446356866667477,5.490124120970673
2004,0.119189423136413,0.0557828323106408,17.434776254451812,11,0.2942233157344162,7.320918221026659,0.2786258639302105,1,0.4000440281350165,0.2446356866667477,5.490124120970673
2005,0.119189423136413,0.0467810852669527,6.973108851851246,11,0.2942233157344162,7.320918221026659,0.2786258639302105,1,0.4000440281350165,0.2446356866667477,5.490124120970673
2006,0.119189423136413,0.0467810852669527,17.434776254451812,12,0.2942233157344162,7.320918221026659,0.2786258639302105,1,0.4000440281350165,0.2446356866667477,5.490124120970673
2007,0.119189423136413,0.0467810852669527,17.434776254451812,11,0.2414111641235649,7.320918221026659,0.2786258639302105,1,0.4000440281350165,0.2446356866667477,5.490124120970673
2008,0.119189423136413,0.0467810852669527,17.434776254451812,11,0.2942233157344162,2.9067324697971344,0.2786258639302105,1,0.4000440281350165,0.2446356866667477,5.490124120970673
2009,0.119189423136413,0.0467810852669527,17.434776254451812,11,0.2942233157344162,7.320918221026659,0.3605589932296425,1,0.4000440281350165,0.2446356866667477,5.490124120970673
2010,0.119189423136413,0.0467810852669527,17.434776254451812,11,0.2942233157344162,7.320918221026659,0.2786258639302105,2,0.4000440281350165,0.2446356866667477,5.490124120970673
2011,0.119189423136413,0.0467810852669527,17.434776254451812,11,0.2942233157344162,7.320918221026659,0.2786258639302105,1,0.3329511969350278,0.2446356866667477,5.490124120970673
2012,0.119189423136413,0.0467810852669527,17.434776254451812,11,0.2942233157344162,7.320918221026659,0.2786258639302105,1,0.4000440281350165,0.0952712760473662,5.490124120970673
2013,0.119189423136413,0.0467810852669527,17.434776254451812,11,0.2942233157344162,7.320918221026659,0.2786258639302105,1,0.4000440281350165,0.2446356866667477,1.0246049567102784
2014,0.1059452382847666,0.0557828323106408,6.973108851851246,12,0.2414111641235649,2.9067324697971344,0.3605589932296425,2,0.3329511969350278,0.0952712760473662,1.0246049567102784
2015,0.3952909436076879,0.1257938814315153,4.610298904409448,5,0.1745484596583992,4.660571428015828,0.1436104330699891,3,0.1380988029763102,0.0743120965180225,1.9268781783934128
2016,0.3594319548457861,0.1257938814315153,4.610298904409448,5,0.1745484596583992,4.660571428015828,0.1436104330699891,3,0.1380988029763102,0.0743120965180225,1.9268781783934128
2017,0.3952909436076879,0.112562782358492,4.610298904409448,5,0.1745484596583992,4.660571428015828,0.1436104330699891,3,0.1380988029763102,0.0743120965180225,1.9268781783934128
2018,0.3952909436076879,0.1257938814315153,21.655922699118797,5,0.1745484596583992,4.660571428015828,0.1436104330699891,3,0.1380988029763102,0.0743120965180225,1.9268781783934128
2019,0.3952909436076879,0.1257938814315153,4.610298904409448,4,0.1745484596583992,4.660571428015828,0.1436104330699891,3,0.1380988029763102,0.0743120965180225,1.9268781783934128
2020,0.3952909436076879,0.1257938814315153,4.610298904409448,5,0.0907095595728606,4.660571428015828,0.1436104330699891,3,0.1380988029763102,0.0743120965180225,1.9268781783934128
2021,0.3952909436076879,0.1257938814315153,4.610298904409448,5,0.1745484596583992,5.739891771227121,0.1436104330699891,3,0.1380988029763102,0.0743120965180225,1.9268781783934128
2022,0.3952909436076879,0.1257938814315153,4.610298904409448,5,0.1745484596583992,4.660571428015828,0.1469728254713118,3,0.1380988029763102,0.0743120965180225,1.9268781783934128
2023,0.3952909436076879,0.1257938814315153,4.610298904409448,5,0.1745484596583992,4.660571428015828,0.1436104330699891,1,0.1380988029763102,0.0743120965180225,1.9268781783934128
2024,0.3952909436076879,0.1257938814315153,4.610298904409448,5,0.1745484596583992,4.660571428015828,0.1436104330699891,3,0.1001206997781992,0.0743120965180225,1.9268781783934128
2025,0.3952909436076879,0.1257938814315153,4.610298904409448,5,0.1745484596583992,4.660571428015828,0.1436104330699891,3,0.1380988029763102,0.0445497683683172,1.9268781783934128
2026,0.3952909436076879,0.1257938814315153,4.610298904409448,5,0.1745484596583992,4.660571428015828,0.1436104330699891,3,0.1380988029763102,0.0743120965180225,3.763944573170896
2027,0.3594319548457861,0.112562782358492,21.655922699118797,4,0.0907095595728606,5.739891771227121,0.1469728254713118,1,0.1001206997781992,0.0445497683683172,3.763944573170896
2028,0.3567712688818574,0.0306100774949481,8.86617283779944,6,0.1390538317617028,2.856587728485465,0.2456061757169664,1,0.448871481558308,0.1157817254372539,6.478844325602405
2029,0.4430930709466338,0.0306100774949481,8.86617283779944,6,0.1390538317617028,2.856587728485465,0.2456061757169664,1,0.448871481558308,0.1157817254372539,6.478844325602405
2030,0.3567712688818574,0.0797385788500861,8.86617283779944,6,0.1390538317617028,2.856587728485465,0.2456061757169664,1,0.448871481558308,0.1157817254372539,6.478844325602405
2031,0.3567712688818574,0.0306100774949481,14.395380690190033,6,0.1390538317617028,2.856587728485465,0.2456061757169664,1,0.448871481558308,0.1157817254372539,6.478844325602405
2032,0.3567712688818574,0.0306100774949481,8.86617283779944,7,0.1390538317617028,2.856587728485465,0.2456061757169664,1,0.448871481558308,0.1157817254372539,6.478844325602405
2033,0.3567712688818574,0.0306100774949481,8.86617283779944,6,0.0653898869175464,2.856587728485465,0.2456061757169664,1,0.448871481558308,0.1157817254372539,6.478844325602405
2034,0.3567712688818574,0.0306100774949481,8.86617283779944,6,0.1390538317617028,6.0283423233777285,0.2456061757169664,1,0.448871481558308,0.1157817254372539,6.478844325602405
2035,0.3567712688818574,0.0306100774949481,8.86617283779944,6,0.1390538317617028,2.856587728485465,0.1924479075241834,1,0.448871481558308,0.1157817254372539,6.478844325602405
2036,0.3567712688818574,0.0306100774949481,8.86617283779944,6,0.1390538317617028,2.856587728485465,0.2456061757169664,2,0.448871481558308,0.1157817254372539,6.478844325602405
2037,0.3567712688818574,0.0306100774949481,8.86617283779944,6,0.1390538317617028,2.856587728485465,0.2456061757169664,1,0.4634642354212701,0.1157817254372539,6.478844325602405
2038,0.3567712688818574,0.0306100774949481,8.86617283779944,6,0.1390538317617028,2.856587728485465,0.2456061757169664,1,0.448871481558308,0.2552290813257968,6.478844325602405
2039,0.3567712688818574,0.0306100774949481,8.86617283779944,6,0.1390538317617028,2.856587728485465,0.2456061757169664,1,0.448871481558308,0.1157817254372539,5.672438762430774
2040,0.4430930709466338,0.0797385788500861,14.395380690190033,7,0.0653898869175464,6.0283423233777285,0.1924479075241834,2,0.4634642354212701,0.2552290813257968,5.672438762430774
2041,0.0053653299808502,0.1409638663210051,14.464589602849957,12,0.2674563640728593,6.266923077404499,0.1981020753271878,3,0.0918945114128291,0.0384813840984203,2.309815612732433
2042,0.0219916183501482,0.1409638663210051,14.464589602849957,12,0.2674563640728593,6.266923077404499,0.1981020753271878,3,0.0918945114128291,0.0384813840984203,2.309815612732433
2043,0.0053653299808502,0.161798543069654,14.464589602849957,12,0.2674563640728593,6.266923077404499,0.1981020753271878,3,0.0918945114128291,0.0384813840984203,2.309815612732433
2044,0.0053653299808502,0.1409638663210051,4.254378632635978,12,0.2674563640728593,6.266923077404499,0.1981020753271878,3,0.0918945114128291,0.0384813840984203,2.309815612732433
2045,0.0053653299808502,0.1409638663210051,14.464589602849957,10,0.2674563640728593,6.266923077404499,0.1981020753271878,3,0.0918945114128291,0.0384813840984203,2.309815612732433
2046,0.0053653299808502,0.1409638663210051,14.464589602849957,12,0.2711182164028287,6.266923077404499,0.1981020753271878,3,0.0918945114128291,0.0384813840984203,2.309815612732433
2047,0.0053653299808502,0.1409638663210051,14.464589602849957,12,0.2674563640728593,2.4422244112938643,0.1981020753271878,3,0.0918945114128291,0.0384813840984203,2.309815612732433
2048,0.0053653299808502,0.1409638663210051,14.464589602849957,12,0.2674563640728593,6.266923077404499,0.3316174953244626,3,0.0918945114128291,0.0384813840984203,2.309815612732433
2049,0.0053653299808502,0.1409638663210051,14.464589602849957,12,0.2674563640728593,6.266923077404499,0.1981020753271878,1,0.0918945114128291,0.0384813840984203,2.309815612732433
2050,0.0053653299808502,0.1409638663210051,14.464589602849957,12,0.2674563640728593,6.266923077404499,0.1981020753271878,3,0.2033935453742743,0.0384813840984203,2.309815612732433
2051,0.0053653299808502,0.1409638663210051,14.464589602849957,12,0.2674563640728593,6.266923077404499,0.1981020753271878,3,0.0918945114128291,0.0560721815824685,2.309815612732433
2052,0.0053653299808502,0.1409638663210051,14.464589602849957,12,0.2674563640728593,6.266923077404499,0.1981020753271878,3,0.0918945114128291,0.0384813840984203,2.5761587923437888
2053,0.0219916183501482,0.161798543069654,4.254378632635978,10,0.2711182164028287,2.4422244112938643,0.3316174953244626,1,0.2033935453742743,0.0560721815824685,2.5761587923437888
2054,0.2646794468164444,0.0626190384619592,5.50795881452778,8,0.2248020385857671,6.871017383411527,0.3280569481197745,2,0.2029207796324044,0.0557936936234603,1.4665362720572588
2055,0.2471219044178724,0.0626190384619592,5.50795881452778,8,0.2248020385857671,6.871017383411527,0.3280569481197745,2,0.2029207796324044,0.0557936936234603,1.4665362720572588
2056,0.2646794468164444,0.0445485740091647,5.50795881452778,8,0.2248020385857671,6.871017383411527,0.3280569481197745,2,0.2029207796324044,0.0557936936234603,1.4665362720572588
2057,0.2646794468164444,0.0626190384619592,16.347357732920223,8,0.2248020385857671,6.871017383411527,0.3280569481197745,2,0.2029207796324044,0.0557936936234603,1.4665362720572588
2058,0.2646794468164444,0.0626190384619592,5.50795881452778,14,0.2248020385857671,6.871017383411527,0.3280569481197745,2,0.2029207796324044,0.0557936936234603,1.4665362720572588
2059,0.2646794468164444,0.0626190384619592,5.50795881452778,8,0.1724202485755085,6.871017383411527,0.3280569481197745,2,0.2029207796324044,0.0557936936234603,1.4665362720572588
2060,0.2646794468164444,0.0626190384619592,5.50795881452778,8,0.2248020385857671,4.162770623341203,0.3280569481197745,2,0.2029207796324044,0.0557936936234603,1.4665362720572588
2061,0.2646794468164444,0.0626190384619592,5.50795881452778,8,0.2248020385857671,6.871017383411527,0.0770662695169449,2,0.2029207796324044,0.0557936936234603,1.4665362720572588
2062,0.2646794468164444,0.0626190384619592,5.50795881452778,8,0.2248020385857671,6.871017383411527,0.3280569481197745,2,0.2029207796324044,0.0557936936234603,1.4665362720572588
2063,0.2646794468164444,0.0626190384619592,5.50795881452778,8,0.2248020385857671,6.871017383411527,0.3280569481197745,2,0.3280773545149714,0.0557936936234603,1.4665362720572588
2064,0.2646794468164444,0.0626190384619592,5.50795881452778,8,0.2248020385857671,6.871017383411527,0.3280569481197745,2,0.2029207796324044,0.1270713969785251,1.4665362720572588
2065,0.2646794468164444,0.0626190384619592,5.50795881452778,8,0.2248020385857671,6.871017383411527,0.3280569481197745,2,0.2029207796324044,0.0557936936234603,1.320685144714523
2066,0.2471219044178724,0.0445485740091647,16.347357732920223,14,0.1724202485755085,4.162770623341203,0.0770662695169449,2,0.3280773545149714,0.1270713969785251,1.320685144714523
2067,0.5498741621151566,0.2997881841178936,20.816931263269577,14,0.1040895881131291,4.187599156051874,0.1048686072696,2,0.337857080437243,0.1836730351670293,4.117440491523921
2068,0.5182598305866122,0.2997881841178936,20.816931263269577,14,0.1040895881131291,4.187599156051874,0.1048686072696,2,0.337857080437243,0.1836730351670293,4.117440491523921
2069,0.5498741621151566,0.2894064248029724,20.816931263269577,14,0.1040895881131291,4.187599156051874,0.1048686072696,2,0.337857080437243,0.1836730351670293,4.117440491523921
2070,0.5498741621151566,0.2997881841178936,9.204856397706669,14,0.1040895881131291,4.187599156051874,0.1048686072696,2,0.337857080437243,0.1836730351670293,4.117440491523921
2071,0.5498741621151566,0.2997881841178936,20.816931263269577,9,0.1040895881131291,4.187599156051874,0.1048686072696,2,0.337857080437243,0.1836730351670293,4.117440491523921
2072,0.5498741621151566,0.2997881841178936,20.816931263269577,14,0.1915604103822261,4.187599156051874,0.1048686072696,2,0.337857080437243,0.1836730351670293,4.117440491523921
2073,0.5498741621151566,0.2997881841178936,20.816931263269577,14,0.1040895881131291,7.378288408741355,0.1048686072696,2,0.337857080437243,0.1836730351670293,4.117440491523921
2074,0.5498741621151566,0.2997881841178936,20.816931263269577,14,0.1040895881131291,4.187599156051874,0.2988675707485527,2,0.337857080437243,0.1836730351670293,4.117440491523921
2075,0.5498741621151566,0.2997881841178936,20.816931263269577,14,0.1040895881131291,4.187599156051874,0.1048686072696,3,0.337857080437243,0.1836730351670293,4.117440491523921
2076,0.5498741621151566,0.2997881841178936,20.816931263269577,14,0.1040895881131291,4.187599156051874,0.1048686072696,2,0.110242231329903,0.1836730351670293,4.117440491523921
2077,0.5498741621151566,0.2997881841178936,20.816931263269577,14,0.1040895881131291,4.187599156051874,0.1048686072696,2,0.337857080437243,0.0334015963877489,4.117440491523921
2078,0.5498741621151566,0.2997881841178936,20.816931263269577,14,0.1040895881131291,4.187599156051874,0.1048686072696,2,0.337857080437243,0.1836730351670293,2.9201265146298336
2079,0.5182598305866122,0.2894064248029724,9.204856397706669,9,0.1915604103822261,7.378288408741355,0.2988675707485527,3,0.110242231329903,0.0334015963877489,2.9201265146298336
2080,0.560848849453032,0.0331187435182001,12.774293425877724,10,0.2394571969751268,4.7923065312206745,0.3359361963812262,2,0.0684253313113004,0.0699853322496722,6.090039183271462
2081,0.1515158269554376,0.0331187435182001,12.774293425877724,10,0.2394571969751268,4.7923065312206745,0.3359361963812262,2,0.0684253313113004,0.0699853322496722,6.090039183271462
2082,0.560848849453032,0.0420375962702546,12.774293425877724,10,0.2394571969751268,4.7923065312206745,0.3359361963812262,2,0.0684253313113004,0.0699853322496722,6.090039183271462
2083,0.560848849453032,0.0331187435182001,13.995120161484063,10,0.2394571969751268,4.7923065312206745,0.3359361963812262,2,0.0684253313113004,0.0699853322496722,6.090039183271462
2084,0.560848849453032,0.0331187435182001,12.774293425877724,6,0.2394571969751268,4.7923065312206745,0.3359361963812262,2,0.0684253313113004,0.0699853322496722,6.090039183271462
2085,0.560848849453032,0.0331187435182001,12.774293425877724,10,0.0613084218464791,4.7923065312206745,0.3359361963812262,2,0.0684253313113004,0.0699853322496722,6.090039183271462
2086,0.560848849453032,0.0331187435182001,12.774293425877724,10,0.2394571969751268,7.789111629128456,0.3359361963812262,2,0.0684253313113004,0.0699853322496722,6.090039183271462
2087,0.560848849453032,0.0331187435182001,12.774293425877724,10,0.2394571969751268,4.7923065312206745,0.365809137513861,2,0.0684253313113004,0.0699853322496722,6.090039183271462
2088,0.560848849453032,0.0331187435182001,12.774293425877724,10,0.2394571969751268,4.7923065312206745,0.3359361963812262,1,0.0684253313113004,0.0699853322496722,6.090039183271462
2089,0.560848849453032,0.0331187435182001,12.774293425877724,10,0.2394571969751268,4.7923065312206745,0.3359361963812262,2,0.0612127447035163,0.0699853322496722,6.090039183271462
2090,0.560848849453032,0.0331187435182001,12.774293425877724,10,0.2394571969751268,4.7923065312206745,0.3359361963812262,2,0.0684253313113004,0.0522407035035205,6.090039183271462
2091,0.560848849453032,0.0331187435182001,12.774293425877724,10,0.2394571969751268,4.7923065312206745,0.3359361963812262,2,0.0684253313113004,0.0699853322496722,1.4241322606094786
2092,0.1515158269554376,0.0420375962702546,13.995120161484063,6,0.0613084218464791,7.789111629128456,0.365809137513861,1,0.0612127447035163,0.0522407035035205,1.4241322606094786
2093,0.2747428983449936,0.1320553715106716,8.052753164952087,4,0.1199352868832647,7.3819717187434435,0.1189001575578004,2,0.498735930211842,0.201310274299694,2.17133131574844
2094,0.5737252196297049,0.1320553715106716,8.052753164952087,4,0.1199352868832647,7.3819717187434435,0.1189001575578004,2,0.498735930211842,0.201310274299694,2.17133131574844
2095,0.2747428983449936,0.2656178587036542,8.052753164952087,4,0.1199352868832647,7.3819717187434435,0.1189001575578004,2,0.498735930211842,0.201310274299694,2.17133131574844
2096,0.2747428983449936,0.1320553715106716,4.374266990278495,4,0.1199352868832647,7.3819717187434435,0.1189001575578004,2,0.498735930211842,0.201310274299694,2.17133131574844
2097,0.2747428983449936,0.1320553715106716,8.052753164952087,11,0.1199352868832647,7.3819717187434435,0.1189001575578004,2,0.498735930211842,0.201310274299694,2.17133131574844
2098,0.2747428983449936,0.1320553715106716,8.052753164952087,4,0.2748340079095214,7.3819717187434435,0.1189001575578004,2,0.498735930211842,0.201310274299694,2.17133131574844
2099,0.2747428983449936,0.1320553715106716,8.052753164952087,4,0.1199352868832647,3.833887804299593,0.1189001575578004,2,0.498735930211842,0.201310274299694,2.17133131574844
2100,0.2747428983449936,0.1320553715106716,8.052753164952087,4,0.1199352868832647,7.3819717187434435,0.1418926551938057,2,0.498735930211842,0.201310274299694,2.17133131574844
2101,0.2747428983449936,0.1320553715106716,8.052753164952087,4,0.1199352868832647,7.3819717187434435,0.1189001575578004,2,0.498735930211842,0.201310274299694,2.17133131574844
2102,0.2747428983449936,0.1320553715106716,8.052753164952087,4,0.1199352868832647,7.3819717187434435,0.1189001575578004,2,0.3770931216422468,0.201310274299694,2.17133131574844
2103,0.2747428983449936,0.1320553715106716,8.052753164952087,4,0.1199352868832647,7.3819717187434435,0.1189001575578004,2,0.498735930211842,0.1157749508474375,2.17133131574844
2104,0.2747428983449936,0.1320553715106716,8.052753164952087,4,0.1199352868832647,7.3819717187434435,0.1189001575578004,2,0.498735930211842,0.201310274299694,3.0760847923720407
2105,0.5737252196297049,0.2656178587036542,4.374266990278495,11,0.2748340079095214,3.833887804299593,0.1418926551938057,2,0.3770931216422468,0.1157749508474375,3.0760847923720407
2106,0.0178460597991943,0.0668432618178494,22.999412046379543,16,0.0927806677762419,5.667525939643383,0.254174233134836,3,0.384726365795359,0.1065767032842557,1.2078727981257953
2107,0.3488551346585154,0.0668432618178494,22.999412046379543,16,0.0927806677762419,5.667525939643383,0.254174233134836,3,0.384726365795359,0.1065767032842557,1.2078727981257953
2108,0.0178460597991943,0.0729853648068049,22.999412046379543,16,0.0927806677762419,5.667525939643383,0.254174233134836,3,0.384726365795359,0.1065767032842557,1.2078727981257953
2109,0.0178460597991943,0.0668432618178494,16.81544139744144,16,0.0927806677762419,5.667525939643383,0.254174233134836,3,0.384726365795359,0.1065767032842557,1.2078727981257953
2110,0.0178460597991943,0.0668432618178494,22.999412046379543,13,0.0927806677762419,5.667525939643383,0.254174233134836,3,0.384726365795359,0.1065767032842557,1.2078727981257953
2111,0.0178460597991943,0.0668432618178494,22.999412046379543,16,0.1682157003786414,5.667525939643383,0.254174233134836,3,0.384726365795359,0.1065767032842557,1.2078727981257953
2112,0.0178460597991943,0.0668432618178494,22.999412046379543,16,0.0927806677762419,2.015339396893978,0.254174233134836,3,0.384726365795359,0.1065767032842557,1.2078727981257953
2113,0.0178460597991943,0.0668432618178494,22.999412046379543,16,0.0927806677762419,5.667525939643383,0.2646544828079641,3,0.384726365795359,0.1065767032842557,1.2078727981257953
2114,0.0178460597991943,0.0668432618178494,22.999412046379543,16,0.0927806677762419,5.667525939643383,0.254174233134836,3,0.384726365795359,0.1065767032842557,1.2078727981257953
2115,0.0178460597991943,0.0668432618178494,22.999412046379543,16,0.0927806677762419,5.667525939643383,0.254174233134836,3,0.2528496105223894,0.1065767032842557,1.2078727981257953
2116,0.0178460597991943,0.0668432618178494,22.999412046379543,16,0.0927806677762419,5.667525939643383,0.254174233134836,3,0.384726365795359,0.0850287167212861,1.2078727981257953
2117,0.0178460597991943,0.0668432618178494,22.999412046379543,16,0.0927806677762419,5.667525939643383,0.254174233134836,3,0.384726365795359,0.1065767032842557,5.975582285091579
2118,0.3488551346585154,0.0729853648068049,16.81544139744144,13,0.1682157003786414,2.015339396893978,0.2646544828079641,3,0.2528496105223894,0.0850287167212861,5.975582285091579
2119,0.3701626623049378,0.277079628717414,6.258462035857161,10,0.2202375249005854,2.350943272933364,0.2114553307183087,1,0.1823888304643333,0.0303989839385309,3.391429750873042
2120,0.0766828145831823,0.277079628717414,6.258462035857161,10,0.2202375249005854,2.350943272933364,0.2114553307183087,1,0.1823888304643333,0.0303989839385309,3.391429750873042
2121,0.3701626623049378,0.1530573363459434,6.258462035857161,10,0.2202375249005854,2.350943272933364,0.2114553307183087,1,0.1823888304643333,0.0303989839385309,3.391429750873042
2122,0.3701626623049378,0.277079628717414,8.952800247584934,10,0.2202375249005854,2.350943272933364,0.2114553307183087,1,0.1823888304643333,0.0303989839385309,3.391429750873042
2123,0.3701626623049378,0.277079628717414,6.258462035857161,10,0.2202375249005854,2.350943272933364,0.2114553307183087,1,0.1823888304643333,0.0303989839385309,3.391429750873042
2124,0.3701626623049378,0.277079628717414,6.258462035857161,10,0.1951531178317964,2.350943272933364,0.2114553307183087,1,0.1823888304643333,0.0303989839385309,3.391429750873042
2125,0.3701626623049378,0.277079628717414,6.258462035857161,10,0.2202375249005854,6.350032519549131,0.2114553307183087,1,0.1823888304643333,0.0303989839385309,3.391429750873042
2126,0.3701626623049378,0.277079628717414,6.258462035857161,10,0.2202375249005854,2.350943272933364,0.1276428007055074,1,0.1823888304643333,0.0303989839385309,3.391429750873042
2127,0.3701626623049378,0.277079628717414,6.258462035857161,10,0.2202375249005854,2.350943272933364,0.2114553307183087,2,0.1823888304643333,0.0303989839385309,3.391429750873042
2128,0.3701626623049378,0.277079628717414,6.258462035857161,10,0.2202375249005854,2.350943272933364,0.2114553307183087,1,0.4139944239519536,0.0303989839385309,3.391429750873042
2129,0.3701626623049378,0.277079628717414,6.258462035857161,10,0.2202375249005854,2.350943272933364,0.2114553307183087,1,0.1823888304643333,0.2100406687078914,3.391429750873042
2130,0.3701626623049378,0.277079628717414,6.258462035857161,10,0.2202375249005854,2.350943272933364,0.2114553307183087,1,0.1823888304643333,0.0303989839385309,2.7778569716682315
2131,0.0766828145831823,0.1530573363459434,8.952800247584934,10,0.1951531178317964,6.350032519549131,0.1276428007055074,2,0.4139944239519536,0.2100406687078914,2.7778569716682315
2132,0.4066315557807684,0.0780439981946677,7.510663285297126,7,0.1856656877323985,4.154926972463727,0.3090692968573421,3,0.3236079175490886,0.2681658861240655,1.306716491955746
2133,0.0114426350221037,0.0780439981946677,7.510663285297126,7,0.1856656877323985,4.154926972463727,0.3090692968573421,3,0.3236079175490886,0.2681658861240655,1.306716491955746
2134,0.4066315557807684,0.0586349705423485,7.510663285297126,7,0.1856656877323985,4.154926972463727,0.3090692968573421,3,0.3236079175490886,0.2681658861240655,1.306716491955746
2135,0.4066315557807684,0.0780439981946677,5.784484419342115,7,0.1856656877323985,4.154926972463727,0.3090692968573421,3,0.3236079175490886,0.2681658861240655,1.306716491955746
2136,0.4066315557807684,0.0780439981946677,7.510663285297126,7,0.1856656877323985,4.154926972463727,0.3090692968573421,3,0.3236079175490886,0.2681658861240655,1.306716491955746
2137,0.4066315557807684,0.0780439981946677,7.510663285297126,7,0.2246162958443164,4.154926972463727,0.3090692968573421,3,0.3236079175490886,0.2681658861240655,1.306716491955746
2138,0.4066315557807684,0.0780439981946677,7.510663285297126,7,0.1856656877323985,5.325961479917169,0.3090692968573421,3,0.3236079175490886,0.2681658861240655,1.306716491955746
2139,0.4066315557807684,0.0780439981946677,7.510663285297126,7,0.1856656877323985,4.154926972463727,0.080202052835375,3,0.3236079175490886,0.2681658861240655,1.306716491955746
2140,0.4066315557807684,0.0780439981946677,7.510663285297126,7,0.1856656877323985,4.154926972463727,0.3090692968573421,3,0.3236079175490886,0.2681658861240655,1.306716491955746
2141,0.4066315557807684,0.0780439981946677,7.510663285297126,7,0.1856656877323985,4.154926972463727,0.3090692968573421,3,0.1495827864855528,0.2681658861240655,1.306716491955746
2142,0.4066315557807684,0.0780439981946677,7.510663285297126,7,0.1856656877323985,4.154926972463727,0.3090692968573421,3,0.3236079175490886,0.0391768957452642,1.306716491955746
2143,0.4066315557807684,0.0780439981946677,7.510663285297126,7,0.1856656877323985,4.154926972463727,0.3090692968573421,3,0.3236079175490886,0.2681658861240655,1.0959223541893652
2144,0.0114426350221037,0.0586349705423485,5.784484419342115,7,0.2246162958443164,5.325961479917169,0.080202052835375,3,0.1495827864855528,0.0391768957452642,1.0959223541893652
2145,0.1290334342047572,0.1755723548425506,11.928052434791343,13,0.065106184175238,6.721521083265543,0.1788389805238694,1,0.2444271272048354,0.093227622791423,3.7269177494726926
2146,0.4138029534369707,0.1755723548425506,11.928052434791343,13,0.065106184175238,6.721521083265543,0.1788389805238694,1,0.2444271272048354,0.093227622791423,3.7269177494726926
2147,0.1290334342047572,0.1236474115216198,11.928052434791343,13,0.065106184175238,6.721521083265543,0.1788389805238694,1,0.2444271272048354,0.093227622791423,3.7269177494726926
2148,0.1290334342047572,0.1755723548425506,10.54606840244968,13,0.065106184175238,6.721521083265543,0.1788389805238694,1,0.2444271272048354,0.093227622791423,3.7269177494726926
2149,0.1290334342047572,0.1755723548425506,11.928052434791343,15,0.065106184175238,6.721521083265543,0.1788389805238694,1,0.2444271272048354,0.093227622791423,3.7269177494726926
2150,0.1290334342047572,0.1755723548425506,11.928052434791343,13,0.1431398982647806,6.721521083265543,0.1788389805238694,1,0.2444271272048354,0.093227622791423,3.7269177494726926
2151,0.1290334342047572,0.1755723548425506,11.928052434791343,13,0.065106184175238,3.238356148824096,0.1788389805238694,1,0.2444271272048354,0.093227622791423,3.7269177494726926
2152,0.1290334342047572,0.1755723548425506,11.928052434791343,13,0.065106184175238,6.721521083265543,0.2959034434054047,1,0.2444271272048354,0.093227622791423,3.7269177494726926
2153,0.1290334342047572,0.1755723548425506,11.928052434791343,13,0.065106184175238,6.721521083265543,0.1788389805238694,2,0.2444271272048354,0.093227622791423,3.7269177494726926
2154,0.1290334342047572,0.1755723548425506,11.928052434791343,13,0.065106184175238,6.721521083265543,0.1788389805238694,1,0.2834753907285631,0.093227622791423,3.7269177494726926
2155,0.1290334342047572,0.1755723548425506,11.928052434791343,13,0.065106184175238,6.721521083265543,0.1788389805238694,1,0.2444271272048354,0.1543782115208092,3.7269177494726926
2156,0.1290334342047572,0.1755723548425506,11.928052434791343,13,0.065106184175238,6.721521083265543,0.1788389805238694,1,0.2444271272048354,0.093227622791423,3.997307388846094
2157,0.4138029534369707,0.1236474115216198,10.54606840244968,15,0.1431398982647806,3.238356148824096,0.2959034434054047,2,0.2834753907285631,0.1543782115208092,3.997307388846094
2158,0.163274004869163,0.0503879799777469,4.172472486903804,7,0.1468182301148772,6.140545239672065,0.3905100947245956,2,0.1338284676428884,0.0404960024552682,6.67853232394896
2159,0.4889287333935499,0.0503879799777469,4.172472486903804,7,0.1468182301148772,6.140545239672065,0.3905100947245956,2,0.1338284676428884,0.0404960024552682,6.67853232394896
2160,0.163274004869163,0.0339818825480132,4.172472486903804,7,0.1468182301148772,6.140545239672065,0.3905100947245956,2,0.1338284676428884,0.0404960024552682,6.67853232394896
2161,0.163274004869163,0.0503879799777469,6.78199269807244,7,0.1468182301148772,6.140545239672065,0.3905100947245956,2,0.1338284676428884,0.0404960024552682,6.67853232394896
2162,0.163274004869163,0.0503879799777469,4.172472486903804,12,0.1468182301148772,6.140545239672065,0.3905100947245956,2,0.1338284676428884,0.0404960024552682,6.67853232394896
2163,0.163274004869163,0.0503879799777469,4.172472486903804,7,0.2378337154630571,6.140545239672065,0.3905100947245956,2,0.1338284676428884,0.0404960024552682,6.67853232394896
2164,0.163274004869163,0.0503879799777469,4.172472486903804,7,0.1468182301148772,4.866640271618962,0.3905100947245956,2,0.1338284676428884,0.0404960024552682,6.67853232394896
2165,0.163274004869163,0.0503879799777469,4.172472486903804,7,0.1468182301148772,6.140545239672065,0.2002837694715709,2,0.1338284676428884,0.0404960024552682,6.67853232394896
2166,0.163274004869163,0.0503879799777469,4.172472486903804,7,0.1468182301148772,6.140545239672065,0.3905100947245956,1,0.1338284676428884,0.0404960024552682,6.67853232394896
2167,0.163274004869163,0.0503879799777469,4.172472486903804,7,0.1468182301148772,6.140545239672065,0.3905100947245956,2,0.1864514739718288,0.0404960024552682,6.67853232394896
2168,0.163274004869163,0.0503879799777469,4.172472486903804,7,0.1468182301148772,6.140545239672065,0.3905100947245956,2,0.1338284676428884,0.0637672993667723,6.67853232394896
2169,0.163274004869163,0.0503879799777469,4.172472486903804,7,0.1468182301148772,6.140545239672065,0.3905100947245956,2,0.1338284676428884,0.0404960024552682,7.7967525874783075
2170,0.4889287333935499,0.0339818825480132,6.78199269807244,12,0.2378337154630571,4.866640271618962,0.2002837694715709,1,0.1864514739718288,0.0637672993667723,7.7967525874783075
2171,0.5246614750474691,0.1173154625142893,15.3444479760145,13,0.2753126741852611,2.8008914962410927,0.0859641022980213,2,0.4341708115302026,0.141976138826166,2.3438246097422435
2172,0.2366046024486422,0.1173154625142893,15.3444479760145,13,0.2753126741852611,2.8008914962410927,0.0859641022980213,2,0.4341708115302026,0.141976138826166,2.3438246097422435
2173,0.5246614750474691,0.2134990296126926,15.3444479760145,13,0.2753126741852611,2.8008914962410927,0.0859641022980213,2,0.4341708115302026,0.141976138826166,2.3438246097422435
2174,0.5246614750474691,0.1173154625142893,22.27528111568208,13,0.2753126741852611,2.8008914962410927,0.0859641022980213,2,0.4341708115302026,0.141976138826166,2.3438246097422435
2175,0.5246614750474691,0.1173154625142893,15.3444479760145,5,0.2753126741852611,2.8008914962410927,0.0859641022980213,2,0.4341708115302026,0.141976138826166,2.3438246097422435
2176,0.5246614750474691,0.1173154625142893,15.3444479760145,13,0.0948988489806652,2.8008914962410927,0.0859641022980213,2,0.4341708115302026,0.141976138826166,2.3438246097422435
2177,0.5246614750474691,0.1173154625142893,15.3444479760145,13,0.2753126741852611,6.580670727416873,0.0859641022980213,2,0.4341708115302026,0.141976138826166,2.3438246097422435
2178,0.5246614750474691,0.1173154625142893,15.3444479760145,13,0.2753126741852611,2.8008914962410927,0.3236114898696542,2,0.4341708115302026,0.141976138826166,2.3438246097422435
2179,0.5246614750474691,0.1173154625142893,15.3444479760145,13,0.2753126741852611,2.8008914962410927,0.0859641022980213,2,0.4341708115302026,0.141976138826166,2.3438246097422435
2180,0.5246614750474691,0.1173154625142893,15.3444479760145,13,0.2753126741852611,2.8008914962410927,0.0859641022980213,2,0.4750933746341615,0.141976138826166,2.3438246097422435
2181,0.5246614750474691,0.1173154625142893,15.3444479760145,13,0.2753126741852611,2.8008914962410927,0.0859641022980213,2,0.4341708115302026,0.2800678965136262,2.3438246097422435
2182,0.5246614750474691,0.1173154625142893,15.3444479760145,13,0.2753126741852611,2.8008914962410927,0.0859641022980213,2,0.4341708115302026,0.141976138826166,2.129001290789605
2183,0.2366046024486422,0.2134990296126926,22.27528111568208,5,0.0948988489806652,6.580670727416873,0.3236114898696542,2,0.4750933746341615,0.2800678965136262,2.129001290789605
2184,0.4864066103473305,0.057965736505047,4.903442663684232,14,0.1315950462128967,2.6439218912273645,0.2692610830999911,3,0.2766003827564418,0.0391117137815135,2.674386040038005
2185,0.2160276258364319,0.057965736505047,4.903442663684232,14,0.1315950462128967,2.6439218912273645,0.2692610830999911,3,0.2766003827564418,0.0391117137815135,2.674386040038005
2186,0.4864066103473305,0.1037365168233622,4.903442663684232,14,0.1315950462128967,2.6439218912273645,0.2692610830999911,3,0.2766003827564418,0.0391117137815135,2.674386040038005
2187,0.4864066103473305,0.057965736505047,7.666625149199314,14,0.1315950462128967,2.6439218912273645,0.2692610830999911,3,0.2766003827564418,0.0391117137815135,2.674386040038005
2188,0.4864066103473305,0.057965736505047,4.903442663684232,14,0.1315950462128967,2.6439218912273645,0.2692610830999911,3,0.2766003827564418,0.0391117137815135,2.674386040038005
2189,0.4864066103473305,0.057965736505047,4.903442663684232,14,0.210224697785452,2.6439218912273645,0.2692610830999911,3,0.2766003827564418,0.0391117137815135,2.674386040038005
2190,0.4864066103473305,0.057965736505047,4.903442663684232,14,0.1315950462128967,2.49785858951509,0.2692610830999911,3,0.2766003827564418,0.0391117137815135,2.674386040038005
2191,0.4864066103473305,0.057965736505047,4.903442663684232,14,0.1315950462128967,2.6439218912273645,0.0976909051649272,3,0.2766003827564418,0.0391117137815135,2.674386040038005
2192,0.4864066103473305,0.057965736505047,4.903442663684232,14,0.1315950462128967,2.6439218912273645,0.2692610830999911,3,0.2766003827564418,0.0391117137815135,2.674386040038005
2193,0.4864066103473305,0.057965736505047,4.903442663684232,14,0.1315950462128967,2.6439218912273645,0.2692610830999911,3,0.2315774286631495,0.0391117137815135,2.674386040038005
2194,0.4864066103473305,0.057965736505047,4.903442663684232,14,0.1315950462128967,2.6439218912273645,0.2692610830999911,3,0.2766003827564418,0.03159464080238,2.674386040038005
2195,0.4864066103473305,0.057965736505047,4.903442663684232,14,0.1315950462128967,2.6439218912273645,0.2692610830999911,3,0.2766003827564418,0.0391117137815135,4.683869751259068
2196,0.2160276258364319,0.1037365168233622,7.666625149199314,14,0.210224697785452,2.49785858951509,0.0976909051649272,3,0.2315774286631495,0.03159464080238,4.683869751259068
2197,0.2015117391943931,0.2395976101615146,18.52841552516101,8,0.2590517608448863,5.233944874256849,0.1417651834897697,1,0.2571307124104351,0.1104974637849365,7.497173815110924
2198,0.5443770021200179,0.2395976101615146,18.52841552516101,8,0.2590517608448863,5.233944874256849,0.1417651834897697,1,0.2571307124104351,0.1104974637849365,7.497173815110924
2199,0.2015117391943931,0.0699389815870825,18.52841552516101,8,0.2590517608448863,5.233944874256849,0.1417651834897697,1,0.2571307124104351,0.1104974637849365,7.497173815110924
2200,0.2015117391943931,0.2395976101615146,19.559561940782867,8,0.2590517608448863,5.233944874256849,0.1417651834897697,1,0.2571307124104351,0.1104974637849365,7.497173815110924
2201,0.2015117391943931,0.2395976101615146,18.52841552516101,9,0.2590517608448863,5.233944874256849,0.1417651834897697,1,0.2571307124104351,0.1104974637849365,7.497173815110924
2202,0.2015117391943931,0.2395976101615146,18.52841552516101,8,0.122019531391561,5.233944874256849,0.1417651834897697,1,0.2571307124104351,0.1104974637849365,7.497173815110924
2203,0.2015117391943931,0.2395976101615146,18.52841552516101,8,0.2590517608448863,6.031573692336679,0.1417651834897697,1,0.2571307124104351,0.1104974637849365,7.497173815110924
2204,0.2015117391943931,0.2395976101615146,18.52841552516101,8,0.2590517608448863,5.233944874256849,0.2347973544616252,1,0.2571307124104351,0.1104974637849365,7.497173815110924
2205,0.2015117391943931,0.2395976101615146,18.52841552516101,8,0.2590517608448863,5.233944874256849,0.1417651834897697,2,0.2571307124104351,0.1104974637849365,7.497173815110924
2206,0.2015117391943931,0.2395976101615146,18.52841552516101,8,0.2590517608448863,5.233944874256849,0.1417651834897697,1,0.4353504793252796,0.1104974637849365,7.497173815110924
2207,0.2015117391943931,0.2395976101615146,18.52841552516101,8,0.2590517608448863,5.233944874256849,0.1417651834897697,1,0.2571307124104351,0.1438729571533955,7.497173815110924
2208,0.2015117391943931,0.2395976101615146,18.52841552516101,8,0.2590517608448863,5.233944874256849,0.1417651834897697,1,0.2571307124104351,0.1104974637849365,1.2946779775724695
2209,0.5443770021200179,0.0699389815870825,19.559561940782867,9,0.122019531391561,6.031573692336679,0.2347973544616252,2,0.4353504793252796,0.1438729571533955,1.2946779775724695
2210,0.0922708824276924,0.0381902825157149,6.307866014484304,12,0.2318924786057323,7.628032399341464,0.3619597744662315,2,0.1431537577882409,0.1941674324628769,4.183723046791654
2211,0.3195386119186878,0.0381902825157149,6.307866014484304,12,0.2318924786057323,7.628032399341464,0.3619597744662315,2,0.1431537577882409,0.1941674324628769,4.183723046791654
2212,0.0922708824276924,0.1925620215177832,6.307866014484304,12,0.2318924786057323,7.628032399341464,0.3619597744662315,2,0.1431537577882409,0.1941674324628769,4.183723046791654
2213,0.0922708824276924,0.0381902825157149,5.1160400338009655,12,0.2318924786057323,7.628032399341464,0.3619597744662315,2,0.1431537577882409,0.1941674324628769,4.183723046791654
2214,0.0922708824276924,0.0381902825157149,6.307866014484304,7,0.2318924786057323,7.628032399341464,0.3619597744662315,2,0.1431537577882409,0.1941674324628769,4.183723046791654
2215,0.0922708824276924,0.0381902825157149,6.307866014484304,12,0.2595035230740904,7.628032399341464,0.3619597744662315,2,0.1431537577882409,0.1941674324628769,4.183723046791654
2216,0.0922708824276924,0.0381902825157149,6.307866014484304,12,0.2318924786057323,7.3110617231577635,0.3619597744662315,2,0.1431537577882409,0.1941674324628769,4.183723046791654
2217,0.0922708824276924,0.0381902825157149,6.307866014484304,12,0.2318924786057323,7.628032399341464,0.171835303818807,2,0.1431537577882409,0.1941674324628769,4.183723046791654
2218,0.0922708824276924,0.0381902825157149,6.307866014484304,12,0.2318924786057323,7.628032399341464,0.3619597744662315,1,0.1431537577882409,0.1941674324628769,4.183723046791654
2219,0.0922708824276924,0.0381902825157149,6.307866014484304,12,0.2318924786057323,7.628032399341464,0.3619597744662315,2,0.0821540526114404,0.1941674324628769,4.183723046791654
2220,0.0922708824276924,0.0381902825157149,6.307866014484304,12,0.2318924786057323,7.628032399341464,0.3619597744662315,2,0.1431537577882409,0.0592863440625484,4.183723046791654
2221,0.0922708824276924,0.0381902825157149,6.307866014484304,12,0.2318924786057323,7.628032399341464,0.3619597744662315,2,0.1431537577882409,0.1941674324628769,1.8173391664081693
2222,0.3195386119186878,0.1925620215177832,5.1160400338009655,7,0.2595035230740904,7.3110617231577635,0.171835303818807,1,0.0821540526114404,0.0592863440625484,1.8173391664081693
2223,0.4433769771829247,0.1527112978109346,10.293263726080628,6,0.1123704409226775,4.311801806092262,0.0601481153164059,2,0.3905965000856667,0.0543950937023172,1.4908081446114458
2224,0.1411527620628476,0.1527112978109346,10.293263726080628,6,0.1123704409226775,4.311801806092262,0.0601481153164059,2,0.3905965000856667,0.0543950937023172,1.4908081446114458
2225,0.4433769771829247,0.0376498691162222,10.293263726080628,6,0.1123704409226775,4.311801806092262,0.0601481153164059,2,0.3905965000856667,0.0543950937023172,1.4908081446114458
2226,0.4433769771829247,0.1527112978109346,12.013340521889198,6,0.1123704409226775,4.311801806092262,0.0601481153164059,2,0.3905965000856667,0.0543950937023172,1.4908081446114458
2227,0.4433769771829247,0.1527112978109346,10.293263726080628,11,0.1123704409226775,4.311801806092262,0.0601481153164059,2,0.3905965000856667,0.0543950937023172,1.4908081446114458
2228,0.4433769771829247,0.1527112978109346,10.293263726080628,6,0.1077644549775868,4.311801806092262,0.0601481153164059,2,0.3905965000856667,0.0543950937023172,1.4908081446114458
2229,0.4433769771829247,0.1527112978109346,10.293263726080628,6,0.1123704409226775,4.147877367213368,0.0601481153164059,2,0.3905965000856667,0.0543950937023172,1.4908081446114458
2230,0.4433769771829247,0.1527112978109346,10.293263726080628,6,0.1123704409226775,4.311801806092262,0.395675690099597,2,0.3905965000856667,0.0543950937023172,1.4908081446114458
2231,0.4433769771829247,0.1527112978109346,10.293263726080628,6,0.1123704409226775,4.311801806092262,0.0601481153164059,2,0.3905965000856667,0.0543950937023172,1.4908081446114458
2232,0.4433769771829247,0.1527112978109346,10.293263726080628,6,0.1123704409226775,4.311801806092262,0.0601481153164059,2,0.3562876667827367,0.0543950937023172,1.4908081446114458
2233,0.4433769771829247,0.1527112978109346,10.293263726080628,6,0.1123704409226775,4.311801806092262,0.0601481153164059,2,0.3905965000856667,0.2253876589108624,1.4908081446114458
2234,0.4433769771829247,0.1527112978109346,10.293263726080628,6,0.1123704409226775,4.311801806092262,0.0601481153164059,2,0.3905965000856667,0.0543950937023172,6.601713349801451
2235,0.1411527620628476,0.0376498691162222,12.013340521889198,11,0.1077644549775868,4.147877367213368,0.395675690099597,2,0.3562876667827367,0.2253876589108624,6.601713349801451
2236,0.3321918915957212,0.0435986035270454,19.58848959485243,5,0.0767611392773687,3.304784681648016,0.328940898552537,2,0.080250012781471,0.1471938460067699,3.0090305439646463
2237,0.0572729900479316,0.0435986035270454,19.58848959485243,5,0.0767611392773687,3.304784681648016,0.328940898552537,2,0.080250012781471,0.1471938460067699,3.0090305439646463
2238,0.3321918915957212,0.2394210773761903,19.58848959485243,5,0.0767611392773687,3.304784681648016,0.328940898552537,2,0.080250012781471,0.1471938460067699,3.0090305439646463
2239,0.3321918915957212,0.0435986035270454,18.487540041436777,5,0.0767611392773687,3.304784681648016,0.328940898552537,2,0.080250012781471,0.1471938460067699,3.0090305439646463
2240,0.3321918915957212,0.0435986035270454,19.58848959485243,13,0.0767611392773687,3.304784681648016,0.328940898552537,2,0.080250012781471,0.1471938460067699,3.0090305439646463
2241,0.3321918915957212,0.0435986035270454,19.58848959485243,5,0.0786064657848328,3.304784681648016,0.328940898552537,2,0.080250012781471,0.1471938460067699,3.0090305439646463
2242,0.3321918915957212,0.0435986035270454,19.58848959485243,5,0.0767611392773687,4.621077079325914,0.328940898552537,2,0.080250012781471,0.1471938460067699,3.0090305439646463
2243,0.3321918915957212,0.0435986035270454,19.58848959485243,5,0.0767611392773687,3.304784681648016,0.337169263837859,2,0.080250012781471,0.1471938460067699,3.0090305439646463
2244,0.3321918915957212,0.0435986035270454,19.58848959485243,5,0.0767611392773687,3.304784681648016,0.328940898552537,1,0.080250012781471,0.1471938460067699,3.0090305439646463
2245,0.3321918915957212,0.0435986035270454,19.58848959485243,5,0.0767611392773687,3.304784681648016,0.328940898552537,2,0.2073933987878263,0.1471938460067699,3.0090305439646463
2246,0.3321918915957212,0.0435986035270454,19.58848959485243,5,0.0767611392773687,3.304784681648016,0.328940898552537,2,0.080250012781471,0.0421363846451884,3.0090305439646463
2247,0.3321918915957212,0.0435986035270454,19.58848959485243,5,0.0767611392773687,3.304784681648016,0.328940898552537,2,0.080250012781471,0.1471938460067699,3.63383667958521
2248,0.0572729900479316,0.2394210773761903,18.487540041436777,13,0.0786064657848328,4.621077079325914,0.337169263837859,1,0.2073933987878263,0.0421363846451884,3.63383667958521
2249,0.0557997001335024,0.1016758772455958,5.178601831549524,11,0.2052554557565599,5.871003830805421,0.1146392764523625,2,0.4508494866546243,0.0521007765878387,1.0544783133556577
2250,0.4031270960345864,0.1016758772455958,5.178601831549524,11,0.2052554557565599,5.871003830805421,0.1146392764523625,2,0.4508494866546243,0.0521007765878387,1.0544783133556577
2251,0.0557997001335024,0.0466573340751865,5.178601831549524,11,0.2052554557565599,5.871003830805421,0.1146392764523625,2,0.4508494866546243,0.0521007765878387,1.0544783133556577
2252,0.0557997001335024,0.1016758772455958,8.082505718362212,11,0.2052554557565599,5.871003830805421,0.1146392764523625,2,0.4508494866546243,0.0521007765878387,1.0544783133556577
2253,0.0557997001335024,0.1016758772455958,5.178601831549524,4,0.2052554557565599,5.871003830805421,0.1146392764523625,2,0.4508494866546243,0.0521007765878387,1.0544783133556577
2254,0.0557997001335024,0.1016758772455958,5.178601831549524,11,0.2852506951428949,5.871003830805421,0.1146392764523625,2,0.4508494866546243,0.0521007765878387,1.0544783133556577
2255,0.0557997001335024,0.1016758772455958,5.178601831549524,11,0.2052554557565599,7.037173554301262,0.1146392764523625,2,0.4508494866546243,0.0521007765878387,1.0544783133556577
2256,0.0557997001335024,0.1016758772455958,5.178601831549524,11,0.2052554557565599,5.871003830805421,0.2137226862832904,2,0.4508494866546243,0.0521007765878387,1.0544783133556577
2257,0.0557997001335024,0.1016758772455958,5.178601831549524,11,0.2052554557565599,5.871003830805421,0.1146392764523625,2,0.4508494866546243,0.0521007765878387,1.0544783133556577
2258,0.0557997001335024,0.1016758772455958,5.178601831549524,11,0.2052554557565599,5.871003830805421,0.1146392764523625,2,0.4542868200689554,0.0521007765878387,1.0544783133556577
2259,0.0557997001335024,0.1016758772455958,5.178601831549524,11,0.2052554557565599,5.871003830805421,0.1146392764523625,2,0.4508494866546243,0.107880493848271,1.0544783133556577
2260,0.0557997001335024,0.1016758772455958,5.178601831549524,11,0.2052554557565599,5.871003830805421,0.1146392764523625,2,0.4508494866546243,0.0521007765878387,1.6687830152678984
2261,0.4031270960345864,0.0466573340751865,8.082505718362212,4,0.2852506951428949,7.037173554301262,0.2137226862832904,2,0.4542868200689554,0.107880493848271,1.6687830152678984
2262,0.2376968247815966,0.0901988843828252,15.22385210367248,9,0.2869724349118769,7.178587883710861,0.236561995698139,3,0.3402731506153941,0.0724622963367491,1.8951460550201
2263,0.4782934399321675,0.0901988843828252,15.22385210367248,9,0.2869724349118769,7.178587883710861,0.236561995698139,3,0.3402731506153941,0.0724622963367491,1.8951460550201
2264,0.2376968247815966,0.1284722793753606,15.22385210367248,9,0.2869724349118769,7.178587883710861,0.236561995698139,3,0.3402731506153941,0.0724622963367491,1.8951460550201
2265,0.2376968247815966,0.0901988843828252,12.731709184845572,9,0.2869724349118769,7.178587883710861,0.236561995698139,3,0.3402731506153941,0.0724622963367491,1.8951460550201
2266,0.2376968247815966,0.0901988843828252,15.22385210367248,8,0.2869724349118769,7.178587883710861,0.236561995698139,3,0.3402731506153941,0.0724622963367491,1.8951460550201
2267,0.2376968247815966,0.0901988843828252,15.22385210367248,9,0.1592029423452913,7.178587883710861,0.236561995698139,3,0.3402731506153941,0.0724622963367491,1.8951460550201
2268,0.2376968247815966,0.0901988843828252,15.22385210367248,9,0.2869724349118769,5.572949808090925,0.236561995698139,3,0.3402731506153941,0.0724622963367491,1.8951460550201
2269,0.2376968247815966,0.0901988843828252,15.22385210367248,9,0.2869724349118769,7.178587883710861,0.2823791367001831,3,0.3402731506153941,0.0724622963367491,1.8951460550201
2270,0.2376968247815966,0.0901988843828252,15.22385210367248,9,0.2869724349118769,7.178587883710861,0.236561995698139,3,0.3402731506153941,0.0724622963367491,1.8951460550201
2271,0.2376968247815966,0.0901988843828252,15.22385210367248,9,0.2869724349118769,7.178587883710861,0.236561995698139,3,0.1283117043320089,0.0724622963367491,1.8951460550201
2272,0.2376968247815966,0.0901988843828252,15.22385210367248,9,0.2869724349118769,7.178587883710861,0.236561995698139,3,0.3402731506153941,0.0790641279467999,1.8951460550201
2273,0.2376968247815966,0.0901988843828252,15.22385210367248,9,0.2869724349118769,7.178587883710861,0.236561995698139,3,0.3402731506153941,0.0724622963367491,2.352005726583365
2274,0.4782934399321675,0.1284722793753606,12.731709184845572,8,0.1592029423452913,5.572949808090925,0.2823791367001831,3,0.1283117043320089,0.0790641279467999,2.352005726583365
2275,0.5978777926415205,0.2025818399820677,9.323795464660796,15,0.1664127888623625,3.83855345658958,0.1965774265583604,1,0.1908352118451148,0.2586596936195269,5.402802126754727
2276,0.2824025474488735,0.2025818399820677,9.323795464660796,15,0.1664127888623625,3.83855345658958,0.1965774265583604,1,0.1908352118451148,0.2586596936195269,5.402802126754727
2277,0.5978777926415205,0.0869147213879555,9.323795464660796,15,0.1664127888623625,3.83855345658958,0.1965774265583604,1,0.1908352118451148,0.2586596936195269,5.402802126754727
2278,0.5978777926415205,0.2025818399820677,4.844088719803554,15,0.1664127888623625,3.83855345658958,0.1965774265583604,1,0.1908352118451148,0.2586596936195269,5.402802126754727
2279,0.5978777926415205,0.2025818399820677,9.323795464660796,15,0.1664127888623625,3.83855345658958,0.1965774265583604,1,0.1908352118451148,0.2586596936195269,5.402802126754727
2280,0.5978777926415205,0.2025818399820677,9.323795464660796,15,0.1774277109187096,3.83855345658958,0.1965774265583604,1,0.1908352118451148,0.2586596936195269,5.402802126754727
2281,0.5978777926415205,0.2025818399820677,9.323795464660796,15,0.1664127888623625,2.7804281637072563,0.1965774265583604,1,0.1908352118451148,0.2586596936195269,5.402802126754727
2282,0.5978777926415205,0.2025818399820677,9.323795464660796,15,0.1664127888623625,3.83855345658958,0.0667298252228647,1,0.1908352118451148,0.2586596936195269,5.402802126754727
2283,0.5978777926415205,0.2025818399820677,9.323795464660796,15,0.1664127888623625,3.83855345658958,0.1965774265583604,2,0.1908352118451148,0.2586596936195269,5.402802126754727
2284,0.5978777926415205,0.2025818399820677,9.323795464660796,15,0.1664127888623625,3.83855345658958,0.1965774265583604,1,0.3048308291938156,0.2586596936195269,5.402802126754727
2285,0.5978777926415205,0.2025818399820677,9.323795464660796,15,0.1664127888623625,3.83855345658958,0.1965774265583604,1,0.1908352118451148,0.1690102222960358,5.402802126754727
2286,0.5978777926415205,0.2025818399820677,9.323795464660796,15,0.1664127888623625,3.83855345658958,0.1965774265583604,1,0.1908352118451148,0.2586596936195269,5.1009825831741775
2287,0.2824025474488735,0.0869147213879555,4.844088719803554,15,0.1774277109187096,2.7804281637072563,0.0667298252228647,2,0.3048308291938156,0.1690102222960358,5.1009825831741775
2288,0.5711138466373086,0.0869857601853437,17.88440546638241,6,0.2073666261974722,6.079962307587266,0.1272631963714957,3,0.269055336760357,0.0850281831967429,5.017470674783725
2289,0.0284131312742829,0.0869857601853437,17.88440546638241,6,0.2073666261974722,6.079962307587266,0.1272631963714957,3,0.269055336760357,0.0850281831967429,5.017470674783725
2290,0.5711138466373086,0.1985536365412344,17.88440546638241,6,0.2073666261974722,6.079962307587266,0.1272631963714957,3,0.269055336760357,0.0850281831967429,5.017470674783725
2291,0.5711138466373086,0.0869857601853437,6.227981376783453,6,0.2073666261974722,6.079962307587266,0.1272631963714957,3,0.269055336760357,0.0850281831967429,5.017470674783725
2292,0.5711138466373086,0.0869857601853437,17.88440546638241,9,0.2073666261974722,6.079962307587266,0.1272631963714957,3,0.269055336760357,0.0850281831967429,5.017470674783725
2293,0.5711138466373086,0.0869857601853437,17.88440546638241,6,0.0577580851502716,6.079962307587266,0.1272631963714957,3,0.269055336760357,0.0850281831967429,5.017470674783725
2294,0.5711138466373086,0.0869857601853437,17.88440546638241,6,0.2073666261974722,2.3734961356967688,0.1272631963714957,3,0.269055336760357,0.0850281831967429,5.017470674783725
2295,0.5711138466373086,0.0869857601853437,17.88440546638241,6,0.2073666261974722,6.079962307587266,0.1619749228004366,3,0.269055336760357,0.0850281831967429,5.017470674783725
2296,0.5711138466373086,0.0869857601853437,17.88440546638241,6,0.2073666261974722,6.079962307587266,0.1272631963714957,3,0.269055336760357,0.0850281831967429,5.017470674783725
2297,0.5711138466373086,0.0869857601853437,17.88440546638241,6,0.2073666261974722,6.079962307587266,0.1272631963714957,3,0.0725382754579186,0.0850281831967429,5.017470674783725
2298,0.5711138466373086,0.0869857601853437,17.88440546638241,6,0.2073666261974722,6.079962307587266,0.1272631963714957,3,0.269055336760357,0.1326432969094955,5.017470674783725
2299,0.5711138466373086,0.0869857601853437,17.88440546638241,6,0.2073666261974722,6.079962307587266,0.1272631963714957,3,0.269055336760357,0.0850281831967429,7.113699995217045
2300,0.0284131312742829,0.1985536365412344,6.227981376783453,9,0.0577580851502716,2.3734961356967688,0.1619749228004366,3,0.0725382754579186,0.1326432969094955,7.113699995217045
2301,0.2481283172965049,0.2100619990554523,4.597811978848323,13,0.0858609468676149,3.419984396547079,0.350450848788023,1,0.2919375279918313,0.2956002620391331,1.7879001813221391
2302,0.4322845011949539,0.2100619990554523,4.597811978848323,13,0.0858609468676149,3.419984396547079,0.350450848788023,1,0.2919375279918313,0.2956002620391331,1.7879001813221391
2303,0.2481283172965049,0.0316373897271776,4.597811978848323,13,0.0858609468676149,3.419984396547079,0.350450848788023,1,0.2919375279918313,0.2956002620391331,1.7879001813221391
2304,0.2481283172965049,0.2100619990554523,9.898459255362692,13,0.0858609468676149,3.419984396547079,0.350450848788023,1,0.2919375279918313,0.2956002620391331,1.7879001813221391
2305,0.2481283172965049,0.2100619990554523,4.597811978848323,14,0.0858609468676149,3.419984396547079,0.350450848788023,1,0.2919375279918313,0.2956002620391331,1.7879001813221391
2306,0.2481283172965049,0.2100619990554523,4.597811978848323,13,0.2788787632714957,3.419984396547079,0.350450848788023,1,0.2919375279918313,0.2956002620391331,1.7879001813221391
2307,0.2481283172965049,0.2100619990554523,4.597811978848323,13,0.0858609468676149,6.284843379631639,0.350450848788023,1,0.2919375279918313,0.2956002620391331,1.7879001813221391
2308,0.2481283172965049,0.2100619990554523,4.597811978848323,13,0.0858609468676149,3.419984396547079,0.3838379737921059,1,0.2919375279918313,0.2956002620391331,1.7879001813221391
2309,0.2481283172965049,0.2100619990554523,4.597811978848323,13,0.0858609468676149,3.419984396547079,0.350450848788023,2,0.2919375279918313,0.2956002620391331,1.7879001813221391
2310,0.2481283172965049,0.2100619990554523,4.597811978848323,13,0.0858609468676149,3.419984396547079,0.350450848788023,1,0.360520136449486,0.2956002620391331,1.7879001813221391
2311,0.2481283172965049,0.2100619990554523,4.597811978848323,13,0.0858609468676149,3.419984396547079,0.350450848788023,1,0.2919375279918313,0.0342718676696097,1.7879001813221391
2312,0.2481283172965049,0.2100619990554523,4.597811978848323,13,0.0858609468676149,3.419984396547079,0.350450848788023,1,0.2919375279918313,0.2956002620391331,1.9206124660496815
2313,0.4322845011949539,0.0316373897271776,9.898459255362692,14,0.2788787632714957,6.284843379631639,0.3838379737921059,2,0.360520136449486,0.0342718676696097,1.9206124660496815
2314,0.0644004419445991,0.042116733089105,10.505376206506108,7,0.1212092632893473,3.624176381155849,0.2208216683473438,2,0.4025054486002773,0.12771795313769,1.1363294484452549
2315,0.5071529991924763,0.042116733089105,10.505376206506108,7,0.1212092632893473,3.624176381155849,0.2208216683473438,2,0.4025054486002773,0.12771795313769,1.1363294484452549
2316,0.0644004419445991,0.11487926376949,10.505376206506108,7,0.1212092632893473,3.624176381155849,0.2208216683473438,2,0.4025054486002773,0.12771795313769,1.1363294484452549
2317,0.0644004419445991,0.042116733089105,6.286655675939016,7,0.1212092632893473,3.624176381155849,0.2208216683473438,2,0.4025054486002773,0.12771795313769,1.1363294484452549
2318,0.0644004419445991,0.042116733089105,10.505376206506108,10,0.1212092632893473,3.624176381155849,0.2208216683473438,2,0.4025054486002773,0.12771795313769,1.1363294484452549
2319,0.0644004419445991,0.042116733089105,10.505376206506108,7,0.1646558865439146,3.624176381155849,0.2208216683473438,2,0.4025054486002773,0.12771795313769,1.1363294484452549
2320,0.0644004419445991,0.042116733089105,10.505376206506108,7,0.1212092632893473,7.819146005436778,0.2208216683473438,2,0.4025054486002773,0.12771795313769,1.1363294484452549
2321,0.0644004419445991,0.042116733089105,10.505376206506108,7,0.1212092632893473,3.624176381155849,0.1075612841174006,2,0.4025054486002773,0.12771795313769,1.1363294484452549
2322,0.0644004419445991,0.042116733089105,10.505376206506108,7,0.1212092632893473,3.624176381155849,0.2208216683473438,1,0.4025054486002773,0.12771795313769,1.1363294484452549
2323,0.0644004419445991,0.042116733089105,10.505376206506108,7,0.1212092632893473,3.624176381155849,0.2208216683473438,2,0.2641560196410865,0.12771795313769,1.1363294484452549
2324,0.0644004419445991,0.042116733089105,10.505376206506108,7,0.1212092632893473,3.624176381155849,0.2208216683473438,2,0.4025054486002773,0.2488722834467174,1.1363294484452549
2325,0.0644004419445991,0.042116733089105,10.505376206506108,7,0.1212092632893473,3.624176381155849,0.2208216683473438,2,0.4025054486002773,0.12771795313769,1.0507877256379738
2326,0.5071529991924763,0.11487926376949,6.286655675939016,10,0.1646558865439146,7.819146005436778,0.1075612841174006,1,0.2641560196410865,0.2488722834467174,1.0507877256379738
2327,0.3024247476831078,0.1052513186312257,6.9980875899448165,14,0.2506496214307844,7.05794632434845,0.2683264571707696,2,0.1584752271883189,0.0447771028915158,3.185491714633991
2328,0.253245441801846,0.1052513186312257,6.9980875899448165,14,0.2506496214307844,7.05794632434845,0.2683264571707696,2,0.1584752271883189,0.0447771028915158,3.185491714633991
2329,0.3024247476831078,0.0546594108921245,6.9980875899448165,14,0.2506496214307844,7.05794632434845,0.2683264571707696,2,0.1584752271883189,0.0447771028915158,3.185491714633991
2330,0.3024247476831078,0.1052513186312257,23.779415285115302,14,0.2506496214307844,7.05794632434845,0.2683264571707696,2,0.1584752271883189,0.0447771028915158,3.185491714633991
2331,0.3024247476831078,0.1052513186312257,6.9980875899448165,7,0.2506496214307844,7.05794632434845,0.2683264571707696,2,0.1584752271883189,0.0447771028915158,3.185491714633991
2332,0.3024247476831078,0.1052513186312257,6.9980875899448165,14,0.1991960254497826,7.05794632434845,0.2683264571707696,2,0.1584752271883189,0.0447771028915158,3.185491714633991
2333,0.3024247476831078,0.1052513186312257,6.9980875899448165,14,0.2506496214307844,3.5343262124806643,0.2683264571707696,2,0.1584752271883189,0.0447771028915158,3.185491714633991
2334,0.3024247476831078,0.1052513186312257,6.9980875899448165,14,0.2506496214307844,7.05794632434845,0.2466263975482434,2,0.1584752271883189,0.0447771028915158,3.185491714633991
2335,0.3024247476831078,0.1052513186312257,6.9980875899448165,14,0.2506496214307844,7.05794632434845,0.2683264571707696,2,0.1584752271883189,0.0447771028915158,3.185491714633991
2336,0.3024247476831078,0.1052513186312257,6.9980875899448165,14,0.2506496214307844,7.05794632434845,0.2683264571707696,2,0.39738858086057,0.0447771028915158,3.185491714633991
2337,0.3024247476831078,0.1052513186312257,6.9980875899448165,14,0.2506496214307844,7.05794632434845,0.2683264571707696,2,0.1584752271883189,0.0536880687997415,3.185491714633991
2338,0.3024247476831078,0.1052513186312257,6.9980875899448165,14,0.2506496214307844,7.05794632434845,0.2683264571707696,2,0.1584752271883189,0.0447771028915158,3.9076968166264896
2339,0.253245441801846,0.0546594108921245,23.779415285115302,7,0.1991960254497826,3.5343262124806643,0.2466263975482434,2,0.39738858086057,0.0536880687997415,3.9076968166264896
2340,0.4162396620959043,0.0368717909583325,5.370970625839699,15,0.2783261558040976,5.065089356154203,0.1660132846795022,2,0.4670570623595267,0.2219049523667639,1.5770272331584083
2341,0.1695853605866432,0.0368717909583325,5.370970625839699,15,0.2783261558040976,5.065089356154203,0.1660132846795022,2,0.4670570623595267,0.2219049523667639,1.5770272331584083
2342,0.4162396620959043,0.1643859627212158,5.370970625839699,15,0.2783261558040976,5.065089356154203,0.1660132846795022,2,0.4670570623595267,0.2219049523667639,1.5770272331584083
2343,0.4162396620959043,0.0368717909583325,14.604128429911212,15,0.2783261558040976,5.065089356154203,0.1660132846795022,2,0.4670570623595267,0.2219049523667639,1.5770272331584083
2344,0.4162396620959043,0.0368717909583325,5.370970625839699,5,0.2783261558040976,5.065089356154203,0.1660132846795022,2,0.4670570623595267,0.2219049523667639,1.5770272331584083
2345,0.4162396620959043,0.0368717909583325,5.370970625839699,15,0.2362003551796078,5.065089356154203,0.1660132846795022,2,0.4670570623595267,0.2219049523667639,1.5770272331584083
2346,0.4162396620959043,0.0368717909583325,5.370970625839699,15,0.2783261558040976,4.742853347212076,0.1660132846795022,2,0.4670570623595267,0.2219049523667639,1.5770272331584083
2347,0.4162396620959043,0.0368717909583325,5.370970625839699,15,0.2783261558040976,5.065089356154203,0.2701815899461508,2,0.4670570623595267,0.2219049523667639,1.5770272331584083
2348,0.4162396620959043,0.0368717909583325,5.370970625839699,15,0.2783261558040976,5.065089356154203,0.1660132846795022,1,0.4670570623595267,0.2219049523667639,1.5770272331584083
2349,0.4162396620959043,0.0368717909583325,5.370970625839699,15,0.2783261558040976,5.065089356154203,0.1660132846795022,2,0.1380309007596224,0.2219049523667639,1.5770272331584083
2350,0.4162396620959043,0.0368717909583325,5.370970625839699,15,0.2783261558040976,5.065089356154203,0.1660132846795022,2,0.4670570623595267,0.0994741252143935,1.5770272331584083
2351,0.4162396620959043,0.0368717909583325,5.370970625839699,15,0.2783261558040976,5.065089356154203,0.1660132846795022,2,0.4670570623595267,0.2219049523667639,5.474265643616655
2352,0.1695853605866432,0.1643859627212158,14.604128429911212,5,0.2362003551796078,4.742853347212076,0.2701815899461508,1,0.1380309007596224,0.0994741252143935,5.474265643616655
2353,0.1029292596504092,0.1581742220169568,20.867831939273376,9,0.1557828681077808,2.3813079688698053,0.3010280271060765,2,0.0930585859343409,0.0638300334656437,4.4958847083613565
2354,0.591107658483088,0.1581742220169568,20.867831939273376,9,0.1557828681077808,2.3813079688698053,0.3010280271060765,2,0.0930585859343409,0.0638300334656437,4.4958847083613565
2355,0.1029292596504092,0.0784842342250878,20.867831939273376,9,0.1557828681077808,2.3813079688698053,0.3010280271060765,2,0.0930585859343409,0.0638300334656437,4.4958847083613565
2356,0.1029292596504092,0.1581742220169568,4.20654865583424,9,0.1557828681077808,2.3813079688698053,0.3010280271060765,2,0.0930585859343409,0.0638300334656437,4.4958847083613565
2357,0.1029292596504092,0.1581742220169568,20.867831939273376,13,0.1557828681077808,2.3813079688698053,0.3010280271060765,2,0.0930585859343409,0.0638300334656437,4.4958847083613565
2358,0.1029292596504092,0.1581742220169568,20.867831939273376,9,0.131076679052785,2.3813079688698053,0.3010280271060765,2,0.0930585859343409,0.0638300334656437,4.4958847083613565
2359,0.1029292596504092,0.1581742220169568,20.867831939273376,9,0.1557828681077808,6.78649041056633,0.3010280271060765,2,0.0930585859343409,0.0638300334656437,4.4958847083613565
2360,0.1029292596504092,0.1581742220169568,20.867831939273376,9,0.1557828681077808,2.3813079688698053,0.0565336724277585,2,0.0930585859343409,0.0638300334656437,4.4958847083613565
2361,0.1029292596504092,0.1581742220169568,20.867831939273376,9,0.1557828681077808,2.3813079688698053,0.3010280271060765,2,0.0930585859343409,0.0638300334656437,4.4958847083613565
2362,0.1029292596504092,0.1581742220169568,20.867831939273376,9,0.1557828681077808,2.3813079688698053,0.3010280271060765,2,0.3002752002794295,0.0638300334656437,4.4958847083613565
2363,0.1029292596504092,0.1581742220169568,20.867831939273376,9,0.1557828681077808,2.3813079688698053,0.3010280271060765,2,0.0930585859343409,0.0457004645249651,4.4958847083613565
2364,0.1029292596504092,0.1581742220169568,20.867831939273376,9,0.1557828681077808,2.3813079688698053,0.3010280271060765,2,0.0930585859343409,0.0638300334656437,2.495800390675436
2365,0.591107658483088,0.0784842342250878,4.20654865583424,13,0.131076679052785,6.78649041056633,0.0565336724277585,2,0.3002752002794295,0.0457004645249651,2.495800390675436
2366,0.2093134028837084,0.0558080807273438,9.14156685200136,11,0.0500075055286288,4.475467249751091,0.0727745177689939,3,0.2070305449422448,0.0336126807510741,7.096260819382668
2367,0.3659811766818165,0.0558080807273438,9.14156685200136,11,0.0500075055286288,4.475467249751091,0.0727745177689939,3,0.2070305449422448,0.0336126807510741,7.096260819382668
2368,0.2093134028837084,0.2849208767497415,9.14156685200136,11,0.0500075055286288,4.475467249751091,0.0727745177689939,3,0.2070305449422448,0.0336126807510741,7.096260819382668
2369,0.2093134028837084,0.0558080807273438,16.08956273940881,11,0.0500075055286288,4.475467249751091,0.0727745177689939,3,0.2070305449422448,0.0336126807510741,7.096260819382668
2370,0.2093134028837084,0.0558080807273438,9.14156685200136,15,0.0500075055286288,4.475467249751091,0.0727745177689939,3,0.2070305449422448,0.0336126807510741,7.096260819382668
2371,0.2093134028837084,0.0558080807273438,9.14156685200136,11,0.2494119931478053,4.475467249751091,0.0727745177689939,3,0.2070305449422448,0.0336126807510741,7.096260819382668
2372,0.2093134028837084,0.0558080807273438,9.14156685200136,11,0.0500075055286288,5.0615465603768826,0.0727745177689939,3,0.2070305449422448,0.0336126807510741,7.096260819382668
2373,0.2093134028837084,0.0558080807273438,9.14156685200136,11,0.0500075055286288,4.475467249751091,0.3493327592033893,3,0.2070305449422448,0.0336126807510741,7.096260819382668
2374,0.2093134028837084,0.0558080807273438,9.14156685200136,11,0.0500075055286288,4.475467249751091,0.0727745177689939,3,0.2070305449422448,0.0336126807510741,7.096260819382668
2375,0.2093134028837084,0.0558080807273438,9.14156685200136,11,0.0500075055286288,4.475467249751091,0.0727745177689939,3,0.1749319599941373,0.0336126807510741,7.096260819382668
2376,0.2093134028837084,0.0558080807273438,9.14156685200136,11,0.0500075055286288,4.475467249751091,0.0727745177689939,3,0.2070305449422448,0.1866467268493266,7.096260819382668
2377,0.2093134028837084,0.0558080807273438,9.14156685200136,11,0.0500075055286288,4.475467249751091,0.0727745177689939,3,0.2070305449422448,0.0336126807510741,1.3710376286346109
2378,0.3659811766818165,0.2849208767497415,16.08956273940881,15,0.2494119931478053,5.0615465603768826,0.3493327592033893,3,0.1749319599941373,0.1866467268493266,1.3710376286346109
2379,0.4575850289314985,0.2488657649931032,13.713370177853058,5,0.1804854655172675,7.885433716699481,0.3834735841024667,1,0.3530694811604917,0.0958736147300686,2.4867914218226947
2380,0.0944218061864376,0.2488657649931032,13.713370177853058,5,0.1804854655172675,7.885433716699481,0.3834735841024667,1,0.3530694811604917,0.0958736147300686,2.4867914218226947
2381,0.4575850289314985,0.0452494863480433,13.713370177853058,5,0.1804854655172675,7.885433716699481,0.3834735841024667,1,0.3530694811604917,0.0958736147300686,2.4867914218226947
2382,0.4575850289314985,0.2488657649931032,9.324021877231294,5,0.1804854655172675,7.885433716699481,0.3834735841024667,1,0.3530694811604917,0.0958736147300686,2.4867914218226947
2383,0.4575850289314985,0.2488657649931032,13.713370177853058,8,0.1804854655172675,7.885433716699481,0.3834735841024667,1,0.3530694811604917,0.0958736147300686,2.4867914218226947
2384,0.4575850289314985,0.2488657649931032,13.713370177853058,5,0.0828222187235951,7.885433716699481,0.3834735841024667,1,0.3530694811604917,0.0958736147300686,2.4867914218226947
2385,0.4575850289314985,0.2488657649931032,13.713370177853058,5,0.1804854655172675,3.39729792624712,0.3834735841024667,1,0.3530694811604917,0.0958736147300686,2.4867914218226947
2386,0.4575850289314985,0.2488657649931032,13.713370177853058,5,0.1804854655172675,7.885433716699481,0.2239515657536686,1,0.3530694811604917,0.0958736147300686,2.4867914218226947
2387,0.4575850289314985,0.2488657649931032,13.713370177853058,5,0.1804854655172675,7.885433716699481,0.3834735841024667,2,0.3530694811604917,0.0958736147300686,2.4867914218226947
2388,0.4575850289314985,0.2488657649931032,13.713370177853058,5,0.1804854655172675,7.885433716699481,0.3834735841024667,1,0.4919118263758719,0.0958736147300686,2.4867914218226947
2389,0.4575850289314985,0.2488657649931032,13.713370177853058,5,0.1804854655172675,7.885433716699481,0.3834735841024667,1,0.3530694811604917,0.0715882147922824,2.4867914218226947
2390,0.4575850289314985,0.2488657649931032,13.713370177853058,5,0.1804854655172675,7.885433716699481,0.3834735841024667,1,0.3530694811604917,0.0958736147300686,2.994937518363007
2391,0.0944218061864376,0.0452494863480433,9.324021877231294,8,0.0828222187235951,3.39729792624712,0.2239515657536686,2,0.4919118263758719,0.0715882147922824,2.994937518363007
2392,0.4955557996407151,0.0485942665707497,8.579624072328832,9,0.0975158707704395,6.5540302731096745,0.1511335446964949,2,0.4825063738040626,0.0464096541495757,2.21454994918774
2393,0.0388281974941492,0.0485942665707497,8.579624072328832,9,0.0975158707704395,6.5540302731096745,0.1511335446964949,2,0.4825063738040626,0.0464096541495757,2.21454994918774
2394,0.4955557996407151,0.0935459924514176,8.579624072328832,9,0.0975158707704395,6.5540302731096745,0.1511335446964949,2,0.4825063738040626,0.0464096541495757,2.21454994918774
2395,0.4955557996407151,0.0485942665707497,17.302984976615292,9,0.0975158707704395,6.5540302731096745,0.1511335446964949,2,0.4825063738040626,0.0464096541495757,2.21454994918774
2396,0.4955557996407151,0.0485942665707497,8.579624072328832,11,0.0975158707704395,6.5540302731096745,0.1511335446964949,2,0.4825063738040626,0.0464096541495757,2.21454994918774
2397,0.4955557996407151,0.0485942665707497,8.579624072328832,9,0.2145055173430591,6.5540302731096745,0.1511335446964949,2,0.4825063738040626,0.0464096541495757,2.21454994918774
2398,0.4955557996407151,0.0485942665707497,8.579624072328832,9,0.0975158707704395,7.573997259140015,0.1511335446964949,2,0.4825063738040626,0.0464096541495757,2.21454994918774
2399,0.4955557996407151,0.0485942665707497,8.579624072328832,9,0.0975158707704395,6.5540302731096745,0.2550504559651017,2,0.4825063738040626,0.0464096541495757,2.21454994918774
2400,0.4955557996407151,0.0485942665707497,8.579624072328832,9,0.0975158707704395,6.5540302731096745,0.1511335446964949,1,0.4825063738040626,0.0464096541495757,2.21454994918774
2401,0.4955557996407151,0.0485942665707497,8.579624072328832,9,0.0975158707704395,6.5540302731096745,0.1511335446964949,2,0.2433492773212492,0.0464096541495757,2.21454994918774
2402,0.4955557996407151,0.0485942665707497,8.579624072328832,9,0.0975158707704395,6.5540302731096745,0.1511335446964949,2,0.4825063738040626,0.1233291358156885,2.21454994918774
2403,0.4955557996407151,0.0485942665707497,8.579624072328832,9,0.0975158707704395,6.5540302731096745,0.1511335446964949,2,0.4825063738040626,0.0464096541495757,2.254569124297196
2404,0.0388281974941492,0.0935459924514176,17.302984976615292,11,0.2145055173430591,7.573997259140015,0.2550504559651017,1,0.2433492773212492,0.1233291358156885,2.254569124297196
2405,0.1713597625494003,0.1216481359692119,13.247369580758244,15,0.2269563695415854,3.89369492419064,0.2834139538463205,2,0.0556082957889884,0.1642713411315226,6.217954826562496
2406,0.3867057820782065,0.1216481359692119,13.247369580758244,15,0.2269563695415854,3.89369492419064,0.2834139538463205,2,0.0556082957889884,0.1642713411315226,6.217954826562496
2407,0.1713597625494003,0.1378225765049952,13.247369580758244,15,0.2269563695415854,3.89369492419064,0.2834139538463205,2,0.0556082957889884,0.1642713411315226,6.217954826562496
2408,0.1713597625494003,0.1216481359692119,8.72696857121045,15,0.2269563695415854,3.89369492419064,0.2834139538463205,2,0.0556082957889884,0.1642713411315226,6.217954826562496
2409,0.1713597625494003,0.1216481359692119,13.247369580758244,6,0.2269563695415854,3.89369492419064,0.2834139538463205,2,0.0556082957889884,0.1642713411315226,6.217954826562496
2410,0.1713597625494003,0.1216481359692119,13.247369580758244,15,0.1182170372456312,3.89369492419064,0.2834139538463205,2,0.0556082957889884,0.1642713411315226,6.217954826562496
2411,0.1713597625494003,0.1216481359692119,13.247369580758244,15,0.2269563695415854,3.9904088713228703,0.2834139538463205,2,0.0556082957889884,0.1642713411315226,6.217954826562496
2412,0.1713597625494003,0.1216481359692119,13.247369580758244,15,0.2269563695415854,3.89369492419064,0.1158905349206179,2,0.0556082957889884,0.1642713411315226,6.217954826562496
2413,0.1713597625494003,0.1216481359692119,13.247369580758244,15,0.2269563695415854,3.89369492419064,0.2834139538463205,2,0.0556082957889884,0.1642713411315226,6.217954826562496
2414,0.1713597625494003,0.1216481359692119,13.247369580758244,15,0.2269563695415854,3.89369492419064,0.2834139538463205,2,0.4183311762288212,0.1642713411315226,6.217954826562496
2415,0.1713597625494003,0.1216481359692119,13.247369580758244,15,0.2269563695415854,3.89369492419064,0.2834139538463205,2,0.0556082957889884,0.0490442933114567,6.217954826562496
2416,0.1713597625494003,0.1216481359692119,13.247369580758244,15,0.2269563695415854,3.89369492419064,0.2834139538463205,2,0.0556082957889884,0.1642713411315226,4.985362006852023
2417,0.3867057820782065,0.1378225765049952,8.72696857121045,6,0.1182170372456312,3.9904088713228703,0.1158905349206179,2,0.4183311762288212,0.0490442933114567,4.985362006852023
2418,0.1399753332138061,0.0753919653428786,5.638125738736468,5,0.2623094105627387,2.9629862383008003,0.068511800840497,3,0.1662019597366452,0.2298235277363468,3.939458836888351
2419,0.4615428714081644,0.0753919653428786,5.638125738736468,5,0.2623094105627387,2.9629862383008003,0.068511800840497,3,0.1662019597366452,0.2298235277363468,3.939458836888351
2420,0.1399753332138061,0.0501670749729733,5.638125738736468,5,0.2623094105627387,2.9629862383008003,0.068511800840497,3,0.1662019597366452,0.2298235277363468,3.939458836888351
2421,0.1399753332138061,0.0753919653428786,13.576562183290354,5,0.2623094105627387,2.9629862383008003,0.068511800840497,3,0.1662019597366452,0.2298235277363468,3.939458836888351
2422,0.1399753332138061,0.0753919653428786,5.638125738736468,9,0.2623094105627387,2.9629862383008003,0.068511800840497,3,0.1662019597366452,0.2298235277363468,3.939458836888351
2423,0.1399753332138061,0.0753919653428786,5.638125738736468,5,0.2637976344674825,2.9629862383008003,0.068511800840497,3,0.1662019597366452,0.2298235277363468,3.939458836888351
2424,0.1399753332138061,0.0753919653428786,5.638125738736468,5,0.2623094105627387,2.6201722994446754,0.068511800840497,3,0.1662019597366452,0.2298235277363468,3.939458836888351
2425,0.1399753332138061,0.0753919653428786,5.638125738736468,5,0.2623094105627387,2.9629862383008003,0.3754231727216393,3,0.1662019597366452,0.2298235277363468,3.939458836888351
2426,0.1399753332138061,0.0753919653428786,5.638125738736468,5,0.2623094105627387,2.9629862383008003,0.068511800840497,3,0.1662019597366452,0.2298235277363468,3.939458836888351
2427,0.1399753332138061,0.0753919653428786,5.638125738736468,5,0.2623094105627387,2.9629862383008003,0.068511800840497,3,0.0938930433709174,0.2298235277363468,3.939458836888351
2428,0.1399753332138061,0.0753919653428786,5.638125738736468,5,0.2623094105627387,2.9629862383008003,0.068511800840497,3,0.1662019597366452,0.2007255706124293,3.939458836888351
2429,0.1399753332138061,0.0753919653428786,5.638125738736468,5,0.2623094105627387,2.9629862383008003,0.068511800840497,3,0.1662019597366452,0.2298235277363468,3.314642856745291
2430,0.4615428714081644,0.0501670749729733,13.576562183290354,9,0.2637976344674825,2.6201722994446754,0.3754231727216393,3,0.0938930433709174,0.2007255706124293,3.314642856745291
2431,0.3792107189074158,0.1817509123389884,22.547435017893527,11,0.1408038569614291,6.396404465660453,0.3764764504507184,1,0.3719520159531385,0.082037058470816,1.4045716385822478
2432,0.2637020733207464,0.1817509123389884,22.547435017893527,11,0.1408038569614291,6.396404465660453,0.3764764504507184,1,0.3719520159531385,0.082037058470816,1.4045716385822478
2433,0.3792107189074158,0.2571702586062271,22.547435017893527,11,0.1408038569614291,6.396404465660453,0.3764764504507184,1,0.3719520159531385,0.082037058470816,1.4045716385822478
2434,0.3792107189074158,0.1817509123389884,4.495206955788742,11,0.1408038569614291,6.396404465660453,0.3764764504507184,1,0.3719520159531385,0.082037058470816,1.4045716385822478
2435,0.3792107189074158,0.1817509123389884,22.547435017893527,13,0.1408038569614291,6.396404465660453,0.3764764504507184,1,0.3719520159531385,0.082037058470816,1.4045716385822478
2436,0.3792107189074158,0.1817509123389884,22.547435017893527,11,0.1039676232729107,6.396404465660453,0.3764764504507184,1,0.3719520159531385,0.082037058470816,1.4045716385822478
2437,0.3792107189074158,0.1817509123389884,22.547435017893527,11,0.1408038569614291,5.827233280986548,0.3764764504507184,1,0.3719520159531385,0.082037058470816,1.4045716385822478
2438,0.3792107189074158,0.1817509123389884,22.547435017893527,11,0.1408038569614291,6.396404465660453,0.1536362581886351,1,0.3719520159531385,0.082037058470816,1.4045716385822478
2439,0.3792107189074158,0.1817509123389884,22.547435017893527,11,0.1408038569614291,6.396404465660453,0.3764764504507184,2,0.3719520159531385,0.082037058470816,1.4045716385822478
2440,0.3792107189074158,0.1817509123389884,22.547435017893527,11,0.1408038569614291,6.396404465660453,0.3764764504507184,1,0.3392492420505732,0.082037058470816,1.4045716385822478
2441,0.3792107189074158,0.1817509123389884,22.547435017893527,11,0.1408038569614291,6.396404465660453,0.3764764504507184,1,0.3719520159531385,0.0889683975465676,1.4045716385822478
2442,0.3792107189074158,0.1817509123389884,22.547435017893527,11,0.1408038569614291,6.396404465660453,0.3764764504507184,1,0.3719520159531385,0.082037058470816,1.5050594826959405
2443,0.2637020733207464,0.2571702586062271,4.495206955788742,13,0.1039676232729107,5.827233280986548,0.1536362581886351,2,0.3392492420505732,0.0889683975465676,1.5050594826959405
2444,0.3406796123832464,0.0645350334038396,11.183356099467058,12,0.1674426586367189,7.592478008940816,0.1014463749248534,3,0.2324839553795755,0.1233174939948251,3.650045427793317
2445,0.1988281404599547,0.0645350334038396,11.183356099467058,12,0.1674426586367189,7.592478008940816,0.1014463749248534,3,0.2324839553795755,0.1233174939948251,3.650045427793317
2446,0.3406796123832464,0.0350982068420598,11.183356099467058,12,0.1674426586367189,7.592478008940816,0.1014463749248534,3,0.2324839553795755,0.1233174939948251,3.650045427793317
2447,0.3406796123832464,0.0645350334038396,7.35495622740043,12,0.1674426586367189,7.592478008940816,0.1014463749248534,3,0.2324839553795755,0.1233174939948251,3.650045427793317
2448,0.3406796123832464,0.0645350334038396,11.183356099467058,16,0.1674426586367189,7.592478008940816,0.1014463749248534,3,0.2324839553795755,0.1233174939948251,3.650045427793317
2449,0.3406796123832464,0.0645350334038396,11.183356099467058,12,0.066780145233497,7.592478008940816,0.1014463749248534,3,0.2324839553795755,0.1233174939948251,3.650045427793317
2450,0.3406796123832464,0.0645350334038396,11.183356099467058,12,0.1674426586367189,5.5443944577127695,0.1014463749248534,3,0.2324839553795755,0.1233174939948251,3.650045427793317
2451,0.3406796123832464,0.0645350334038396,11.183356099467058,12,0.1674426586367189,7.592478008940816,0.1881716706324369,3,0.2324839553795755,0.1233174939948251,3.650045427793317
2452,0.3406796123832464,0.0645350334038396,11.183356099467058,12,0.1674426586367189,7.592478008940816,0.1014463749248534,3,0.2324839553795755,0.1233174939948251,3.650045427793317
2453,0.3406796123832464,0.0645350334038396,11.183356099467058,12,0.1674426586367189,7.592478008940816,0.1014463749248534,3,0.1962878276128322,0.1233174939948251,3.650045427793317
2454,0.3406796123832464,0.0645350334038396,11.183356099467058,12,0.1674426586367189,7.592478008940816,0.1014463749248534,3,0.2324839553795755,0.1644743177979132,3.650045427793317
2455,0.3406796123832464,0.0645350334038396,11.183356099467058,12,0.1674426586367189,7.592478008940816,0.1014463749248534,3,0.2324839553795755,0.1233174939948251,1.7491417701019232
2456,0.1988281404599547,0.0350982068420598,7.35495622740043,16,0.066780145233497,5.5443944577127695,0.1881716706324369,3,0.1962878276128322,0.1644743177979132,1.7491417701019232
2457,0.026162707619369,0.2869843987959737,7.250400711694769,6,0.2979207443539053,4.90907122567296,0.3218996940646321,1,0.3082657431717962,0.0348394449430689,1.2809813441585969
2458,0.5267104525119066,0.2869843987959737,7.250400711694769,6,0.2979207443539053,4.90907122567296,0.3218996940646321,1,0.3082657431717962,0.0348394449430689,1.2809813441585969
2459,0.026162707619369,0.1789015190254021,7.250400711694769,6,0.2979207443539053,4.90907122567296,0.3218996940646321,1,0.3082657431717962,0.0348394449430689,1.2809813441585969
2460,0.026162707619369,0.2869843987959737,20.459889002038864,6,0.2979207443539053,4.90907122567296,0.3218996940646321,1,0.3082657431717962,0.0348394449430689,1.2809813441585969
2461,0.026162707619369,0.2869843987959737,7.250400711694769,7,0.2979207443539053,4.90907122567296,0.3218996940646321,1,0.3082657431717962,0.0348394449430689,1.2809813441585969
2462,0.026162707619369,0.2869843987959737,7.250400711694769,6,0.2965834314934909,4.90907122567296,0.3218996940646321,1,0.3082657431717962,0.0348394449430689,1.2809813441585969
2463,0.026162707619369,0.2869843987959737,7.250400711694769,6,0.2979207443539053,3.0785161163657904,0.3218996940646321,1,0.3082657431717962,0.0348394449430689,1.2809813441585969
2464,0.026162707619369,0.2869843987959737,7.250400711694769,6,0.2979207443539053,4.90907122567296,0.31367167821154,1,0.3082657431717962,0.0348394449430689,1.2809813441585969
2465,0.026162707619369,0.2869843987959737,7.250400711694769,6,0.2979207443539053,4.90907122567296,0.3218996940646321,2,0.3082657431717962,0.0348394449430689,1.2809813441585969
2466,0.026162707619369,0.2869843987959737,7.250400711694769,6,0.2979207443539053,4.90907122567296,0.3218996940646321,1,0.4706403150688857,0.0348394449430689,1.2809813441585969
2467,0.026162707619369,0.2869843987959737,7.250400711694769,6,0.2979207443539053,4.90907122567296,0.3218996940646321,1,0.3082657431717962,0.0367746391773861,1.2809813441585969
2468,0.026162707619369,0.2869843987959737,7.250400711694769,6,0.2979207443539053,4.90907122567296,0.3218996940646321,1,0.3082657431717962,0.0348394449430689,6.425925276083472
2469,0.5267104525119066,0.1789015190254021,20.459889002038864,7,0.2965834314934909,3.0785161163657904,0.31367167821154,2,0.4706403150688857,0.0367746391773861,6.425925276083472
2470,0.2848908690735697,0.0318851521869555,17.021612184025756,14,0.1921403908170759,2.1351786013692617,0.1837470368482172,2,0.422266892157495,0.0615825219714045,2.0159590536881664
2471,0.3015431206673383,0.0318851521869555,17.021612184025756,14,0.1921403908170759,2.1351786013692617,0.1837470368482172,2,0.422266892157495,0.0615825219714045,2.0159590536881664
2472,0.2848908690735697,0.0651162715380408,17.021612184025756,14,0.1921403908170759,2.1351786013692617,0.1837470368482172,2,0.422266892157495,0.0615825219714045,2.0159590536881664
2473,0.2848908690735697,0.0318851521869555,5.324674360655698,14,0.1921403908170759,2.1351786013692617,0.1837470368482172,2,0.422266892157495,0.0615825219714045,2.0159590536881664
2474,0.2848908690735697,0.0318851521869555,17.021612184025756,5,0.1921403908170759,2.1351786013692617,0.1837470368482172,2,0.422266892157495,0.0615825219714045,2.0159590536881664
2475,0.2848908690735697,0.0318851521869555,17.021612184025756,14,0.1473785887472331,2.1351786013692617,0.1837470368482172,2,0.422266892157495,0.0615825219714045,2.0159590536881664
2476,0.2848908690735697,0.0318851521869555,17.021612184025756,14,0.1921403908170759,4.264393912628293,0.1837470368482172,2,0.422266892157495,0.0615825219714045,2.0159590536881664
2477,0.2848908690735697,0.0318851521869555,17.021612184025756,14,0.1921403908170759,2.1351786013692617,0.092280089855194,2,0.422266892157495,0.0615825219714045,2.0159590536881664
2478,0.2848908690735697,0.0318851521869555,17.021612184025756,14,0.1921403908170759,2.1351786013692617,0.1837470368482172,1,0.422266892157495,0.0615825219714045,2.0159590536881664
2479,0.2848908690735697,0.0318851521869555,17.021612184025756,14,0.1921403908170759,2.1351786013692617,0.1837470368482172,2,0.1172247753478586,0.0615825219714045,2.0159590536881664
2480,0.2848908690735697,0.0318851521869555,17.021612184025756,14,0.1921403908170759,2.1351786013692617,0.1837470368482172,2,0.422266892157495,0.2676847951794241,2.0159590536881664
2481,0.2848908690735697,0.0318851521869555,17.021612184025756,14,0.1921403908170759,2.1351786013692617,0.1837470368482172,2,0.422266892157495,0.0615825219714045,4.289829100260736
2482,0.3015431206673383,0.0651162715380408,5.324674360655698,5,0.1473785887472331,4.264393912628293,0.092280089855194,1,0.1172247753478586,0.2676847951794241,4.289829100260736
2483,0.5343684252351523,0.1371625429339619,4.258920004014694,8,0.0695972437504679,5.545525394380093,0.2285174089483916,2,0.1185255457181483,0.1725209673895024,5.749783094416629
2484,0.1236972821876406,0.1371625429339619,4.258920004014694,8,0.0695972437504679,5.545525394380093,0.2285174089483916,2,0.1185255457181483,0.1725209673895024,5.749783094416629
2485,0.5343684252351523,0.0964709577612431,4.258920004014694,8,0.0695972437504679,5.545525394380093,0.2285174089483916,2,0.1185255457181483,0.1725209673895024,5.749783094416629
2486,0.5343684252351523,0.1371625429339619,11.502299100329973,8,0.0695972437504679,5.545525394380093,0.2285174089483916,2,0.1185255457181483,0.1725209673895024,5.749783094416629
2487,0.5343684252351523,0.1371625429339619,4.258920004014694,12,0.0695972437504679,5.545525394380093,0.2285174089483916,2,0.1185255457181483,0.1725209673895024,5.749783094416629
2488,0.5343684252351523,0.1371625429339619,4.258920004014694,8,0.1887700436171144,5.545525394380093,0.2285174089483916,2,0.1185255457181483,0.1725209673895024,5.749783094416629
2489,0.5343684252351523,0.1371625429339619,4.258920004014694,8,0.0695972437504679,7.1008837800472975,0.2285174089483916,2,0.1185255457181483,0.1725209673895024,5.749783094416629
2490,0.5343684252351523,0.1371625429339619,4.258920004014694,8,0.0695972437504679,5.545525394380093,0.305875971307978,2,0.1185255457181483,0.1725209673895024,5.749783094416629
2491,0.5343684252351523,0.1371625429339619,4.258920004014694,8,0.0695972437504679,5.545525394380093,0.2285174089483916,2,0.1185255457181483,0.1725209673895024,5.749783094416629
2492,0.5343684252351523,0.1371625429339619,4.258920004014694,8,0.0695972437504679,5.545525394380093,0.2285174089483916,2,0.3212166959419846,0.1725209673895024,5.749783094416629
2493,0.5343684252351523,0.1371625429339619,4.258920004014694,8,0.0695972437504679,5.545525394380093,0.2285174089483916,2,0.1185255457181483,0.0667124918529726,5.749783094416629
2494,0.5343684252351523,0.1371625429339619,4.258920004014694,8,0.0695972437504679,5.545525394380093,0.2285174089483916,2,0.1185255457181483,0.1725209673895024,1.162924990224571
2495,0.1236972821876406,0.0964709577612431,11.502299100329973,12,0.1887700436171144,7.1008837800472975,0.305875971307978,2,0.3212166959419846,0.0667124918529726,1.162924990224571
2496,0.5251946434378624,0.0506492784494629,15.836330883914451,15,0.1165896269492805,7.988931015133858,0.3023077698424458,2,0.1796292627695948,0.0540846460680745,1.826786257885588
2497,0.361553886719048,0.0506492784494629,15.836330883914451,15,0.1165896269492805,7.988931015133858,0.3023077698424458,2,0.1796292627695948,0.0540846460680745,1.826786257885588
2498,0.5251946434378624,0.0505679988400312,15.836330883914451,15,0.1165896269492805,7.988931015133858,0.3023077698424458,2,0.1796292627695948,0.0540846460680745,1.826786257885588
2499,0.5251946434378624,0.0506492784494629,20.848298372612284,15,0.1165896269492805,7.988931015133858,0.3023077698424458,2,0.1796292627695948,0.0540846460680745,1.826786257885588
2500,0.5251946434378624,0.0506492784494629,15.836330883914451,4,0.1165896269492805,7.988931015133858,0.3023077698424458,2,0.1796292627695948,0.0540846460680745,1.826786257885588
2501,0.5251946434378624,0.0506492784494629,15.836330883914451,15,0.294552431628108,7.988931015133858,0.3023077698424458,2,0.1796292627695948,0.0540846460680745,1.826786257885588
2502,0.5251946434378624,0.0506492784494629,15.836330883914451,15,0.1165896269492805,2.239383600652218,0.3023077698424458,2,0.1796292627695948,0.0540846460680745,1.826786257885588
2503,0.5251946434378624,0.0506492784494629,15.836330883914451,15,0.1165896269492805,7.988931015133858,0.2377438716590404,2,0.1796292627695948,0.0540846460680745,1.826786257885588
2504,0.5251946434378624,0.0506492784494629,15.836330883914451,15,0.1165896269492805,7.988931015133858,0.3023077698424458,1,0.1796292627695948,0.0540846460680745,1.826786257885588
2505,0.5251946434378624,0.0506492784494629,15.836330883914451,15,0.1165896269492805,7.988931015133858,0.3023077698424458,2,0.2173038367182016,0.0540846460680745,1.826786257885588
2506,0.5251946434378624,0.0506492784494629,15.836330883914451,15,0.1165896269492805,7.988931015133858,0.3023077698424458,2,0.1796292627695948,0.2843600520154464,1.826786257885588
2507,0.5251946434378624,0.0506492784494629,15.836330883914451,15,0.1165896269492805,7.988931015133858,0.3023077698424458,2,0.1796292627695948,0.0540846460680745,2.7138647537535485
2508,0.361553886719048,0.0505679988400312,20.848298372612284,4,0.294552431628108,2.239383600652218,0.2377438716590404,1,0.2173038367182016,0.2843600520154464,2.7138647537535485
2509,0.2868863800540566,0.1135733463499682,4.071283273415385,9,0.2391331498045474,4.555150164291263,0.1754961524158716,2,0.3813625425100326,0.1880247793006992,5.2105674709232055
2510,0.1082229517400264,0.1135733463499682,4.071283273415385,9,0.2391331498045474,4.555150164291263,0.1754961524158716,2,0.3813625425100326,0.1880247793006992,5.2105674709232055
2511,0.2868863800540566,0.255095278815705,4.071283273415385,9,0.2391331498045474,4.555150164291263,0.1754961524158716,2,0.3813625425100326,0.1880247793006992,5.2105674709232055
2512,0.2868863800540566,0.1135733463499682,7.29400822284815,9,0.2391331498045474,4.555150164291263,0.1754961524158716,2,0.3813625425100326,0.1880247793006992,5.2105674709232055
2513,0.2868863800540566,0.1135733463499682,4.071283273415385,13,0.2391331498045474,4.555150164291263,0.1754961524158716,2,0.3813625425100326,0.1880247793006992,5.2105674709232055
2514,0.2868863800540566,0.1135733463499682,4.071283273415385,9,0.0732143162284046,4.555150164291263,0.1754961524158716,2,0.3813625425100326,0.1880247793006992,5.2105674709232055
2515,0.2868863800540566,0.1135733463499682,4.071283273415385,9,0.2391331498045474,6.196118425577879,0.1754961524158716,2,0.3813625425100326,0.1880247793006992,5.2105674709232055
2516,0.2868863800540566,0.1135733463499682,4.071283273415385,9,0.2391331498045474,4.555150164291263,0.1109751434531063,2,0.3813625425100326,0.1880247793006992,5.2105674709232055
2517,0.2868863800540566,0.1135733463499682,4.071283273415385,9,0.2391331498045474,4.555150164291263,0.1754961524158716,2,0.3813625425100326,0.1880247793006992,5.2105674709232055
2518,0.2868863800540566,0.1135733463499682,4.071283273415385,9,0.2391331498045474,4.555150164291263,0.1754961524158716,2,0.4496412365697324,0.1880247793006992,5.2105674709232055
2519,0.2868863800540566,0.1135733463499682,4.071283273415385,9,0.2391331498045474,4.555150164291263,0.1754961524158716,2,0.3813625425100326,0.06244833769251,5.2105674709232055
2520,0.2868863800540566,0.1135733463499682,4.071283273415385,9,0.2391331498045474,4.555150164291263,0.1754961524158716,2,0.3813625425100326,0.1880247793006992,5.934481881642298
2521,0.1082229517400264,0.255095278815705,7.29400822284815,13,0.0732143162284046,6.196118425577879,0.1109751434531063,2,0.4496412365697324,0.06244833769251,5.934481881642298
2522,0.0205410310998559,0.0777242139421453,11.637524868729184,11,0.2199207047931849,2.48920051380992,0.3958617148455232,1,0.4958924781065434,0.1129114307546786,2.898631779043414
2523,0.1833850756287574,0.0777242139421453,11.637524868729184,11,0.2199207047931849,2.48920051380992,0.3958617148455232,1,0.4958924781065434,0.1129114307546786,2.898631779043414
2524,0.0205410310998559,0.0926251716154843,11.637524868729184,11,0.2199207047931849,2.48920051380992,0.3958617148455232,1,0.4958924781065434,0.1129114307546786,2.898631779043414
2525,0.0205410310998559,0.0777242139421453,11.287927423945169,11,0.2199207047931849,2.48920051380992,0.3958617148455232,1,0.4958924781065434,0.1129114307546786,2.898631779043414
2526,0.0205410310998559,0.0777242139421453,11.637524868729184,15,0.2199207047931849,2.48920051380992,0.3958617148455232,1,0.4958924781065434,0.1129114307546786,2.898631779043414
2527,0.0205410310998559,0.0777242139421453,11.637524868729184,11,0.183735982934013,2.48920051380992,0.3958617148455232,1,0.4958924781065434,0.1129114307546786,2.898631779043414
2528,0.0205410310998559,0.0777242139421453,11.637524868729184,11,0.2199207047931849,7.943025723099709,0.3958617148455232,1,0.4958924781065434,0.1129114307546786,2.898631779043414
2529,0.0205410310998559,0.0777242139421453,11.637524868729184,11,0.2199207047931849,2.48920051380992,0.3817937642801553,1,0.4958924781065434,0.1129114307546786,2.898631779043414
2530,0.0205410310998559,0.0777242139421453,11.637524868729184,11,0.2199207047931849,2.48920051380992,0.3958617148455232,3,0.4958924781065434,0.1129114307546786,2.898631779043414
2531,0.0205410310998559,0.0777242139421453,11.637524868729184,11,0.2199207047931849,2.48920051380992,0.3958617148455232,1,0.1241270282771438,0.1129114307546786,2.898631779043414
2532,0.0205410310998559,0.0777242139421453,11.637524868729184,11,0.2199207047931849,2.48920051380992,0.3958617148455232,1,0.4958924781065434,0.1520693436285841,2.898631779043414
2533,0.0205410310998559,0.0777242139421453,11.637524868729184,11,0.2199207047931849,2.48920051380992,0.3958617148455232,1,0.4958924781065434,0.1129114307546786,3.1557126455779683
2534,0.1833850756287574,0.0926251716154843,11.287927423945169,15,0.183735982934013,7.943025723099709,0.3817937642801553,3,0.1241270282771438,0.1520693436285841,3.1557126455779683
2535,0.3438105180859566,0.1811699485722322,7.752260311485539,5,0.0894429799634963,5.149166086688638,0.0933657735120505,3,0.0650874868966639,0.0395859528000606,1.0173376508498762
2536,0.5866795102134347,0.1811699485722322,7.752260311485539,5,0.0894429799634963,5.149166086688638,0.0933657735120505,3,0.0650874868966639,0.0395859528000606,1.0173376508498762
2537,0.3438105180859566,0.1392123419850156,7.752260311485539,5,0.0894429799634963,5.149166086688638,0.0933657735120505,3,0.0650874868966639,0.0395859528000606,1.0173376508498762
2538,0.3438105180859566,0.1811699485722322,5.3690572874955045,5,0.0894429799634963,5.149166086688638,0.0933657735120505,3,0.0650874868966639,0.0395859528000606,1.0173376508498762
2539,0.3438105180859566,0.1811699485722322,7.752260311485539,8,0.0894429799634963,5.149166086688638,0.0933657735120505,3,0.0650874868966639,0.0395859528000606,1.0173376508498762
2540,0.3438105180859566,0.1811699485722322,7.752260311485539,5,0.1489860352128744,5.149166086688638,0.0933657735120505,3,0.0650874868966639,0.0395859528000606,1.0173376508498762
2541,0.3438105180859566,0.1811699485722322,7.752260311485539,5,0.0894429799634963,3.609843600541353,0.0933657735120505,3,0.0650874868966639,0.0395859528000606,1.0173376508498762
2542,0.3438105180859566,0.1811699485722322,7.752260311485539,5,0.0894429799634963,5.149166086688638,0.1694879657588899,3,0.0650874868966639,0.0395859528000606,1.0173376508498762
2543,0.3438105180859566,0.1811699485722322,7.752260311485539,5,0.0894429799634963,5.149166086688638,0.0933657735120505,2,0.0650874868966639,0.0395859528000606,1.0173376508498762
2544,0.3438105180859566,0.1811699485722322,7.752260311485539,5,0.0894429799634963,5.149166086688638,0.0933657735120505,3,0.3143249916378409,0.0395859528000606,1.0173376508498762
2545,0.3438105180859566,0.1811699485722322,7.752260311485539,5,0.0894429799634963,5.149166086688638,0.0933657735120505,3,0.0650874868966639,0.0399987349720255,1.0173376508498762
2546,0.3438105180859566,0.1811699485722322,7.752260311485539,5,0.0894429799634963,5.149166086688638,0.0933657735120505,3,0.0650874868966639,0.0395859528000606,1.4373177040109255
2547,0.5866795102134347,0.1392123419850156,5.3690572874955045,8,0.1489860352128744,3.609843600541353,0.1694879657588899,2,0.3143249916378409,0.0399987349720255,1.4373177040109255
2548,0.379997874610126,0.0677432469048261,6.065418757908177,6,0.0625539496075362,6.95318409614265,0.3409666511230171,1,0.4303658193442971,0.251004252051702,4.338590249727358
2549,0.5203773625195026,0.0677432469048261,6.065418757908177,6,0.0625539496075362,6.95318409614265,0.3409666511230171,1,0.4303658193442971,0.251004252051702,4.338590249727358
2550,0.379997874610126,0.0644752657376942,6.065418757908177,6,0.0625539496075362,6.95318409614265,0.3409666511230171,1,0.4303658193442971,0.251004252051702,4.338590249727358
2551,0.379997874610126,0.0677432469048261,8.617050149258187,6,0.0625539496075362,6.95318409614265,0.3409666511230171,1,0.4303658193442971,0.251004252051702,4.338590249727358
2552,0.379997874610126,0.0677432469048261,6.065418757908177,9,0.0625539496075362,6.95318409614265,0.3409666511230171,1,0.4303658193442971,0.251004252051702,4.338590249727358
2553,0.379997874610126,0.0677432469048261,6.065418757908177,6,0.1156166370026767,6.95318409614265,0.3409666511230171,1,0.4303658193442971,0.251004252051702,4.338590249727358
2554,0.379997874610126,0.0677432469048261,6.065418757908177,6,0.0625539496075362,4.645359816029668,0.3409666511230171,1,0.4303658193442971,0.251004252051702,4.338590249727358
2555,0.379997874610126,0.0677432469048261,6.065418757908177,6,0.0625539496075362,6.95318409614265,0.2164170353207737,1,0.4303658193442971,0.251004252051702,4.338590249727358
2556,0.379997874610126,0.0677432469048261,6.065418757908177,6,0.0625539496075362,6.95318409614265,0.3409666511230171,3,0.4303658193442971,0.251004252051702,4.338590249727358
2557,0.379997874610126,0.0677432469048261,6.065418757908177,6,0.0625539496075362,6.95318409614265,0.3409666511230171,1,0.2221236066427082,0.251004252051702,4.338590249727358
2558,0.379997874610126,0.0677432469048261,6.065418757908177,6,0.0625539496075362,6.95318409614265,0.3409666511230171,1,0.4303658193442971,0.2132315183082932,4.338590249727358
2559,0.379997874610126,0.0677432469048261,6.065418757908177,6,0.0625539496075362,6.95318409614265,0.3409666511230171,1,0.4303658193442971,0.251004252051702,2.079958510092932
2560,0.5203773625195026,0.0644752657376942,8.617050149258187,9,0.1156166370026767,4.645359816029668,0.2164170353207737,3,0.2221236066427082,0.2132315183082932,2.079958510092932
2561,0.132009906694293,0.271021443497032,23.565974146660327,12,0.1840598706156015,3.5432070791721344,0.1259821237064898,3,0.12974882312119,0.0722004618295128,1.546779390179685
2562,0.2493949340656399,0.271021443497032,23.565974146660327,12,0.1840598706156015,3.5432070791721344,0.1259821237064898,3,0.12974882312119,0.0722004618295128,1.546779390179685
2563,0.132009906694293,0.0974436878956322,23.565974146660327,12,0.1840598706156015,3.5432070791721344,0.1259821237064898,3,0.12974882312119,0.0722004618295128,1.546779390179685
2564,0.132009906694293,0.271021443497032,17.585371169671816,12,0.1840598706156015,3.5432070791721344,0.1259821237064898,3,0.12974882312119,0.0722004618295128,1.546779390179685
2565,0.132009906694293,0.271021443497032,23.565974146660327,14,0.1840598706156015,3.5432070791721344,0.1259821237064898,3,0.12974882312119,0.0722004618295128,1.546779390179685
2566,0.132009906694293,0.271021443497032,23.565974146660327,12,0.2205305052455514,3.5432070791721344,0.1259821237064898,3,0.12974882312119,0.0722004618295128,1.546779390179685
2567,0.132009906694293,0.271021443497032,23.565974146660327,12,0.1840598706156015,6.73145486228168,0.1259821237064898,3,0.12974882312119,0.0722004618295128,1.546779390179685
2568,0.132009906694293,0.271021443497032,23.565974146660327,12,0.1840598706156015,3.5432070791721344,0.3513982892967761,3,0.12974882312119,0.0722004618295128,1.546779390179685
2569,0.132009906694293,0.271021443497032,23.565974146660327,12,0.1840598706156015,3.5432070791721344,0.1259821237064898,2,0.12974882312119,0.0722004618295128,1.546779390179685
2570,0.132009906694293,0.271021443497032,23.565974146660327,12,0.1840598706156015,3.5432070791721344,0.1259821237064898,3,0.4395737791899591,0.0722004618295128,1.546779390179685
2571,0.132009906694293,0.271021443497032,23.565974146660327,12,0.1840598706156015,3.5432070791721344,0.1259821237064898,3,0.12974882312119,0.083280950157948,1.546779390179685
2572,0.132009906694293,0.271021443497032,23.565974146660327,12,0.1840598706156015,3.5432070791721344,0.1259821237064898,3,0.12974882312119,0.0722004618295128,7.743133926165878
2573,0.2493949340656399,0.0974436878956322,17.585371169671816,14,0.2205305052455514,6.73145486228168,0.3513982892967761,2,0.4395737791899591,0.083280950157948,7.743133926165878
2574,0.1756990235298872,0.0326436377698612,8.252010891400646,8,0.2737141437362879,3.3137580398470163,0.2477338714990765,2,0.2406515471171588,0.0528435606493738,2.771691954146984
2575,0.0245617652311921,0.0326436377698612,8.252010891400646,8,0.2737141437362879,3.3137580398470163,0.2477338714990765,2,0.2406515471171588,0.0528435606493738,2.771691954146984
2576,0.1756990235298872,0.0353787219463986,8.252010891400646,8,0.2737141437362879,3.3137580398470163,0.2477338714990765,2,0.2406515471171588,0.0528435606493738,2.771691954146984
2577,0.1756990235298872,0.0326436377698612,4.552639358919145,8,0.2737141437362879,3.3137580398470163,0.2477338714990765,2,0.2406515471171588,0.0528435606493738,2.771691954146984
2578,0.1756990235298872,0.0326436377698612,8.252010891400646,11,0.2737141437362879,3.3137580398470163,0.2477338714990765,2,0.2406515471171588,0.0528435606493738,2.771691954146984
2579,0.1756990235298872,0.0326436377698612,8.252010891400646,8,0.0984958884771913,3.3137580398470163,0.2477338714990765,2,0.2406515471171588,0.0528435606493738,2.771691954146984
2580,0.1756990235298872,0.0326436377698612,8.252010891400646,8,0.2737141437362879,5.1751773450523615,0.2477338714990765,2,0.2406515471171588,0.0528435606493738,2.771691954146984
2581,0.1756990235298872,0.0326436377698612,8.252010891400646,8,0.2737141437362879,3.3137580398470163,0.053098409064114,2,0.2406515471171588,0.0528435606493738,2.771691954146984
2582,0.1756990235298872,0.0326436377698612,8.252010891400646,8,0.2737141437362879,3.3137580398470163,0.2477338714990765,1,0.2406515471171588,0.0528435606493738,2.771691954146984
2583,0.1756990235298872,0.0326436377698612,8.252010891400646,8,0.2737141437362879,3.3137580398470163,0.2477338714990765,2,0.0867884781211614,0.0528435606493738,2.771691954146984
2584,0.1756990235298872,0.0326436377698612,8.252010891400646,8,0.2737141437362879,3.3137580398470163,0.2477338714990765,2,0.2406515471171588,0.1140264105185059,2.771691954146984
2585,0.1756990235298872,0.0326436377698612,8.252010891400646,8,0.2737141437362879,3.3137580398470163,0.2477338714990765,2,0.2406515471171588,0.0528435606493738,4.10079440046939
2586,0.0245617652311921,0.0353787219463986,4.552639358919145,11,0.0984958884771913,5.1751773450523615,0.053098409064114,1,0.0867884781211614,0.1140264105185059,4.10079440046939
2587,0.4887257678434252,0.1351480136125403,12.37893587613557,14,0.1442740272730588,5.997527446597815,0.2084322076756507,2,0.3194478218443691,0.1507262428889168,7.781789098733288
2588,0.4455074340105057,0.1351480136125403,12.37893587613557,14,0.1442740272730588,5.997527446597815,0.2084322076756507,2,0.3194478218443691,0.1507262428889168,7.781789098733288
2589,0.4887257678434252,0.1774581545442329,12.37893587613557,14,0.1442740272730588,5.997527446597815,0.2084322076756507,2,0.3194478218443691,0.1507262428889168,7.781789098733288
2590,0.4887257678434252,0.1351480136125403,13.358642246897205,14,0.1442740272730588,5.997527446597815,0.2084322076756507,2,0.3194478218443691,0.1507262428889168,7.781789098733288
2591,0.4887257678434252,0.1351480136125403,12.37893587613557,7,0.1442740272730588,5.997527446597815,0.2084322076756507,2,0.3194478218443691,0.1507262428889168,7.781789098733288
2592,0.4887257678434252,0.1351480136125403,12.37893587613557,14,0.2648682246915996,5.997527446597815,0.2084322076756507,2,0.3194478218443691,0.1507262428889168,7.781789098733288
2593,0.4887257678434252,0.1351480136125403,12.37893587613557,14,0.1442740272730588,3.45963660441339,0.2084322076756507,2,0.3194478218443691,0.1507262428889168,7.781789098733288
2594,0.4887257678434252,0.1351480136125403,12.37893587613557,14,0.1442740272730588,5.997527446597815,0.2790853529702872,2,0.3194478218443691,0.1507262428889168,7.781789098733288
2595,0.4887257678434252,0.1351480136125403,12.37893587613557,14,0.1442740272730588,5.997527446597815,0.2084322076756507,2,0.3194478218443691,0.1507262428889168,7.781789098733288
2596,0.4887257678434252,0.1351480136125403,12.37893587613557,14,0.1442740272730588,5.997527446597815,0.2084322076756507,2,0.3463643542490899,0.1507262428889168,7.781789098733288
2597,0.4887257678434252,0.1351480136125403,12.37893587613557,14,0.1442740272730588,5.997527446597815,0.2084322076756507,2,0.3194478218443691,0.0533445590928993,7.781789098733288
2598,0.4887257678434252,0.1351480136125403,12.37893587613557,14,0.1442740272730588,5.997527446597815,0.2084322076756507,2,0.3194478218443691,0.1507262428889168,1.1060723213212358
2599,0.4455074340105057,0.1774581545442329,13.358642246897205,7,0.2648682246915996,3.45963660441339,0.2790853529702872,2,0.3463643542490899,0.0533445590928993,1.1060723213212358
2600,0.4519634574651718,0.0898785349257415,9.554520379115788,12,0.2587274435907602,5.4655621107667685,0.3260887000244111,1,0.393081181589514,0.0307762282768991,6.876705720449903
2601,0.3159413617104292,0.0898785349257415,9.554520379115788,12,0.2587274435907602,5.4655621107667685,0.3260887000244111,1,0.393081181589514,0.0307762282768991,6.876705720449903
2602,0.4519634574651718,0.1160254727852751,9.554520379115788,12,0.2587274435907602,5.4655621107667685,0.3260887000244111,1,0.393081181589514,0.0307762282768991,6.876705720449903
2603,0.4519634574651718,0.0898785349257415,4.168123967099901,12,0.2587274435907602,5.4655621107667685,0.3260887000244111,1,0.393081181589514,0.0307762282768991,6.876705720449903
2604,0.4519634574651718,0.0898785349257415,9.554520379115788,15,0.2587274435907602,5.4655621107667685,0.3260887000244111,1,0.393081181589514,0.0307762282768991,6.876705720449903
2605,0.4519634574651718,0.0898785349257415,9.554520379115788,12,0.1339173465501517,5.4655621107667685,0.3260887000244111,1,0.393081181589514,0.0307762282768991,6.876705720449903
2606,0.4519634574651718,0.0898785349257415,9.554520379115788,12,0.2587274435907602,7.438580734655261,0.3260887000244111,1,0.393081181589514,0.0307762282768991,6.876705720449903
2607,0.4519634574651718,0.0898785349257415,9.554520379115788,12,0.2587274435907602,5.4655621107667685,0.1556913163978606,1,0.393081181589514,0.0307762282768991,6.876705720449903
2608,0.4519634574651718,0.0898785349257415,9.554520379115788,12,0.2587274435907602,5.4655621107667685,0.3260887000244111,3,0.393081181589514,0.0307762282768991,6.876705720449903
2609,0.4519634574651718,0.0898785349257415,9.554520379115788,12,0.2587274435907602,5.4655621107667685,0.3260887000244111,1,0.1589962697587907,0.0307762282768991,6.876705720449903
2610,0.4519634574651718,0.0898785349257415,9.554520379115788,12,0.2587274435907602,5.4655621107667685,0.3260887000244111,1,0.393081181589514,0.1723738476038025,6.876705720449903
2611,0.4519634574651718,0.0898785349257415,9.554520379115788,12,0.2587274435907602,5.4655621107667685,0.3260887000244111,1,0.393081181589514,0.0307762282768991,6.994502161210981
2612,0.3159413617104292,0.1160254727852751,4.168123967099901,15,0.1339173465501517,7.438580734655261,0.1556913163978606,3,0.1589962697587907,0.1723738476038025,6.994502161210981
2613,0.2124441320076584,0.2089202217860671,14.752656617254871,6,0.1282495930325239,2.0321562215685844,0.1083697558846324,3,0.145034198788926,0.1089356309511818,2.409698147937823
2614,0.1186774743720889,0.2089202217860671,14.752656617254871,6,0.1282495930325239,2.0321562215685844,0.1083697558846324,3,0.145034198788926,0.1089356309511818,2.409698147937823
2615,0.2124441320076584,0.054111850637713,14.752656617254871,6,0.1282495930325239,2.0321562215685844,0.1083697558846324,3,0.145034198788926,0.1089356309511818,2.409698147937823
2616,0.2124441320076584,0.2089202217860671,14.894516030505295,6,0.1282495930325239,2.0321562215685844,0.1083697558846324,3,0.145034198788926,0.1089356309511818,2.409698147937823
2617,0.2124441320076584,0.2089202217860671,14.752656617254871,7,0.1282495930325239,2.0321562215685844,0.1083697558846324,3,0.145034198788926,0.1089356309511818,2.409698147937823
2618,0.2124441320076584,0.2089202217860671,14.752656617254871,6,0.229934982676059,2.0321562215685844,0.1083697558846324,3,0.145034198788926,0.1089356309511818,2.409698147937823
2619,0.2124441320076584,0.2089202217860671,14.752656617254871,6,0.1282495930325239,3.903354676440358,0.1083697558846324,3,0.145034198788926,0.1089356309511818,2.409698147937823
2620,0.2124441320076584,0.2089202217860671,14.752656617254871,6,0.1282495930325239,2.0321562215685844,0.3678996148519218,3,0.145034198788926,0.1089356309511818,2.409698147937823
2621,0.2124441320076584,0.2089202217860671,14.752656617254871,6,0.1282495930325239,2.0321562215685844,0.1083697558846324,2,0.145034198788926,0.1089356309511818,2.409698147937823
2622,0.2124441320076584,0.2089202217860671,14.752656617254871,6,0.1282495930325239,2.0321562215685844,0.1083697558846324,3,0.2793198954313993,0.1089356309511818,2.409698147937823
2623,0.2124441320076584,0.2089202217860671,14.752656617254871,6,0.1282495930325239,2.0321562215685844,0.1083697558846324,3,0.145034198788926,0.0777777492552445,2.409698147937823
2624,0.2124441320076584,0.2089202217860671,14.752656617254871,6,0.1282495930325239,2.0321562215685844,0.1083697558846324,3,0.145034198788926,0.1089356309511818,1.8942590949635925
2625,0.1186774743720889,0.054111850637713,14.894516030505295,7,0.229934982676059,3.903354676440358,0.3678996148519218,2,0.2793198954313993,0.0777777492552445,1.8942590949635925
2626,0.0937553012743592,0.0437992153277633,5.018875660006885,14,0.10903254263103,4.824714126065373,0.2434730269014835,2,0.259589871019125,0.1948868652437779,1.3446680042677126
2627,0.1938069021329283,0.0437992153277633,5.018875660006885,14,0.10903254263103,4.824714126065373,0.2434730269014835,2,0.259589871019125,0.1948868652437779,1.3446680042677126
2628,0.0937553012743592,0.1969862683285952,5.018875660006885,14,0.10903254263103,4.824714126065373,0.2434730269014835,2,0.259589871019125,0.1948868652437779,1.3446680042677126
2629,0.0937553012743592,0.0437992153277633,9.410169196517282,14,0.10903254263103,4.824714126065373,0.2434730269014835,2,0.259589871019125,0.1948868652437779,1.3446680042677126
2630,0.0937553012743592,0.0437992153277633,5.018875660006885,5,0.10903254263103,4.824714126065373,0.2434730269014835,2,0.259589871019125,0.1948868652437779,1.3446680042677126
2631,0.0937553012743592,0.0437992153277633,5.018875660006885,14,0.0885419693775475,4.824714126065373,0.2434730269014835,2,0.259589871019125,0.1948868652437779,1.3446680042677126
2632,0.0937553012743592,0.0437992153277633,5.018875660006885,14,0.10903254263103,2.7423812802881,0.2434730269014835,2,0.259589871019125,0.1948868652437779,1.3446680042677126
2633,0.0937553012743592,0.0437992153277633,5.018875660006885,14,0.10903254263103,4.824714126065373,0.1247839082032442,2,0.259589871019125,0.1948868652437779,1.3446680042677126
2634,0.0937553012743592,0.0437992153277633,5.018875660006885,14,0.10903254263103,4.824714126065373,0.2434730269014835,1,0.259589871019125,0.1948868652437779,1.3446680042677126
2635,0.0937553012743592,0.0437992153277633,5.018875660006885,14,0.10903254263103,4.824714126065373,0.2434730269014835,2,0.1818865696433931,0.1948868652437779,1.3446680042677126
2636,0.0937553012743592,0.0437992153277633,5.018875660006885,14,0.10903254263103,4.824714126065373,0.2434730269014835,2,0.259589871019125,0.1057902560192562,1.3446680042677126
2637,0.0937553012743592,0.0437992153277633,5.018875660006885,14,0.10903254263103,4.824714126065373,0.2434730269014835,2,0.259589871019125,0.1948868652437779,1.2241048020343723
2638,0.1938069021329283,0.1969862683285952,9.410169196517282,5,0.0885419693775475,2.7423812802881,0.1247839082032442,1,0.1818865696433931,0.1057902560192562,1.2241048020343723
2639,0.4182352781295776,0.0984861264795899,20.070993270310947,8,0.2315759248565882,7.485060382634401,0.2014370298013091,2,0.2785651641432196,0.0695663506032927,3.833217452357309
2640,0.5411078352481127,0.0984861264795899,20.070993270310947,8,0.2315759248565882,7.485060382634401,0.2014370298013091,2,0.2785651641432196,0.0695663506032927,3.833217452357309
2641,0.4182352781295776,0.0318935802444481,20.070993270310947,8,0.2315759248565882,7.485060382634401,0.2014370298013091,2,0.2785651641432196,0.0695663506032927,3.833217452357309
2642,0.4182352781295776,0.0984861264795899,15.7759890612195,8,0.2315759248565882,7.485060382634401,0.2014370298013091,2,0.2785651641432196,0.0695663506032927,3.833217452357309
2643,0.4182352781295776,0.0984861264795899,20.070993270310947,12,0.2315759248565882,7.485060382634401,0.2014370298013091,2,0.2785651641432196,0.0695663506032927,3.833217452357309
2644,0.4182352781295776,0.0984861264795899,20.070993270310947,8,0.24809350813739,7.485060382634401,0.2014370298013091,2,0.2785651641432196,0.0695663506032927,3.833217452357309
2645,0.4182352781295776,0.0984861264795899,20.070993270310947,8,0.2315759248565882,5.904054680839181,0.2014370298013091,2,0.2785651641432196,0.0695663506032927,3.833217452357309
2646,0.4182352781295776,0.0984861264795899,20.070993270310947,8,0.2315759248565882,7.485060382634401,0.2516260830219835,2,0.2785651641432196,0.0695663506032927,3.833217452357309
2647,0.4182352781295776,0.0984861264795899,20.070993270310947,8,0.2315759248565882,7.485060382634401,0.2014370298013091,2,0.2785651641432196,0.0695663506032927,3.833217452357309
2648,0.4182352781295776,0.0984861264795899,20.070993270310947,8,0.2315759248565882,7.485060382634401,0.2014370298013091,2,0.4849746318068355,0.0695663506032927,3.833217452357309
2649,0.4182352781295776,0.0984861264795899,20.070993270310947,8,0.2315759248565882,7.485060382634401,0.2014370298013091,2,0.2785651641432196,0.042827253465558,3.833217452357309
2650,0.4182352781295776,0.0984861264795899,20.070993270310947,8,0.2315759248565882,7.485060382634401,0.2014370298013091,2,0.2785651641432196,0.0695663506032927,4.501797562065806
2651,0.5411078352481127,0.0318935802444481,15.7759890612195,12,0.24809350813739,5.904054680839181,0.2516260830219835,2,0.4849746318068355,0.042827253465558,4.501797562065806
2652,0.3067641137167811,0.0376641101593543,10.042537133222568,9,0.2036494318861514,6.478008903563023,0.276491902815178,2,0.1957935404963791,0.1454241894819991,1.1749931655309405
2653,0.4559462813660502,0.0376641101593543,10.042537133222568,9,0.2036494318861514,6.478008903563023,0.276491902815178,2,0.1957935404963791,0.1454241894819991,1.1749931655309405
2654,0.3067641137167811,0.2826718771992208,10.042537133222568,9,0.2036494318861514,6.478008903563023,0.276491902815178,2,0.1957935404963791,0.1454241894819991,1.1749931655309405
2655,0.3067641137167811,0.0376641101593543,10.051144834723203,9,0.2036494318861514,6.478008903563023,0.276491902815178,2,0.1957935404963791,0.1454241894819991,1.1749931655309405
2656,0.3067641137167811,0.0376641101593543,10.042537133222568,11,0.2036494318861514,6.478008903563023,0.276491902815178,2,0.1957935404963791,0.1454241894819991,1.1749931655309405
2657,0.3067641137167811,0.0376641101593543,10.042537133222568,9,0.2811577771324664,6.478008903563023,0.276491902815178,2,0.1957935404963791,0.1454241894819991,1.1749931655309405
2658,0.3067641137167811,0.0376641101593543,10.042537133222568,9,0.2036494318861514,5.442667048424482,0.276491902815178,2,0.1957935404963791,0.1454241894819991,1.1749931655309405
2659,0.3067641137167811,0.0376641101593543,10.042537133222568,9,0.2036494318861514,6.478008903563023,0.3092790236696601,2,0.1957935404963791,0.1454241894819991,1.1749931655309405
2660,0.3067641137167811,0.0376641101593543,10.042537133222568,9,0.2036494318861514,6.478008903563023,0.276491902815178,1,0.1957935404963791,0.1454241894819991,1.1749931655309405
2661,0.3067641137167811,0.0376641101593543,10.042537133222568,9,0.2036494318861514,6.478008903563023,0.276491902815178,2,0.0513701113406568,0.1454241894819991,1.1749931655309405
2662,0.3067641137167811,0.0376641101593543,10.042537133222568,9,0.2036494318861514,6.478008903563023,0.276491902815178,2,0.1957935404963791,0.2298430343813177,1.1749931655309405
2663,0.3067641137167811,0.0376641101593543,10.042537133222568,9,0.2036494318861514,6.478008903563023,0.276491902815178,2,0.1957935404963791,0.1454241894819991,5.404486383839936
2664,0.4559462813660502,0.2826718771992208,10.051144834723203,11,0.2811577771324664,5.442667048424482,0.3092790236696601,1,0.0513701113406568,0.2298430343813177,5.404486383839936
2665,0.0575702335685491,0.1562019291904961,6.510783455802845,16,0.0742091747932136,3.067674091085792,0.1469458686653524,2,0.3449568151962012,0.0410848873796715,3.2940872022980705
2666,0.2786770965903997,0.1562019291904961,6.510783455802845,16,0.0742091747932136,3.067674091085792,0.1469458686653524,2,0.3449568151962012,0.0410848873796715,3.2940872022980705
2667,0.0575702335685491,0.0456159303309337,6.510783455802845,16,0.0742091747932136,3.067674091085792,0.1469458686653524,2,0.3449568151962012,0.0410848873796715,3.2940872022980705
2668,0.0575702335685491,0.1562019291904961,6.154791000665481,16,0.0742091747932136,3.067674091085792,0.1469458686653524,2,0.3449568151962012,0.0410848873796715,3.2940872022980705
2669,0.0575702335685491,0.1562019291904961,6.510783455802845,6,0.0742091747932136,3.067674091085792,0.1469458686653524,2,0.3449568151962012,0.0410848873796715,3.2940872022980705
2670,0.0575702335685491,0.1562019291904961,6.510783455802845,16,0.0510760175064206,3.067674091085792,0.1469458686653524,2,0.3449568151962012,0.0410848873796715,3.2940872022980705
2671,0.0575702335685491,0.1562019291904961,6.510783455802845,16,0.0742091747932136,3.028080813586712,0.1469458686653524,2,0.3449568151962012,0.0410848873796715,3.2940872022980705
2672,0.0575702335685491,0.1562019291904961,6.510783455802845,16,0.0742091747932136,3.067674091085792,0.0834082040470093,2,0.3449568151962012,0.0410848873796715,3.2940872022980705
2673,0.0575702335685491,0.1562019291904961,6.510783455802845,16,0.0742091747932136,3.067674091085792,0.1469458686653524,2,0.3449568151962012,0.0410848873796715,3.2940872022980705
2674,0.0575702335685491,0.1562019291904961,6.510783455802845,16,0.0742091747932136,3.067674091085792,0.1469458686653524,2,0.3816983663942664,0.0410848873796715,3.2940872022980705
2675,0.0575702335685491,0.1562019291904961,6.510783455802845,16,0.0742091747932136,3.067674091085792,0.1469458686653524,2,0.3449568151962012,0.0583294396877484,3.2940872022980705
2676,0.0575702335685491,0.1562019291904961,6.510783455802845,16,0.0742091747932136,3.067674091085792,0.1469458686653524,2,0.3449568151962012,0.0410848873796715,2.451558137584588
2677,0.2786770965903997,0.0456159303309337,6.154791000665481,6,0.0510760175064206,3.028080813586712,0.0834082040470093,2,0.3816983663942664,0.0583294396877484,2.451558137584588
2678,0.2489152964204549,0.0587143292522677,19.122331543028512,4,0.1638683196622878,3.976764921098948,0.3587877874262631,1,0.4558887224644422,0.0928646492578488,5.920450642303332
2679,0.0538023624569177,0.0587143292522677,19.122331543028512,4,0.1638683196622878,3.976764921098948,0.3587877874262631,1,0.4558887224644422,0.0928646492578488,5.920450642303332
2680,0.2489152964204549,0.1660260398780547,19.122331543028512,4,0.1638683196622878,3.976764921098948,0.3587877874262631,1,0.4558887224644422,0.0928646492578488,5.920450642303332
2681,0.2489152964204549,0.0587143292522677,23.41802284518178,4,0.1638683196622878,3.976764921098948,0.3587877874262631,1,0.4558887224644422,0.0928646492578488,5.920450642303332
2682,0.2489152964204549,0.0587143292522677,19.122331543028512,10,0.1638683196622878,3.976764921098948,0.3587877874262631,1,0.4558887224644422,0.0928646492578488,5.920450642303332
2683,0.2489152964204549,0.0587143292522677,19.122331543028512,4,0.204470351524651,3.976764921098948,0.3587877874262631,1,0.4558887224644422,0.0928646492578488,5.920450642303332
2684,0.2489152964204549,0.0587143292522677,19.122331543028512,4,0.1638683196622878,4.373424429446459,0.3587877874262631,1,0.4558887224644422,0.0928646492578488,5.920450642303332
2685,0.2489152964204549,0.0587143292522677,19.122331543028512,4,0.1638683196622878,3.976764921098948,0.321173998946324,1,0.4558887224644422,0.0928646492578488,5.920450642303332
2686,0.2489152964204549,0.0587143292522677,19.122331543028512,4,0.1638683196622878,3.976764921098948,0.3587877874262631,3,0.4558887224644422,0.0928646492578488,5.920450642303332
2687,0.2489152964204549,0.0587143292522677,19.122331543028512,4,0.1638683196622878,3.976764921098948,0.3587877874262631,1,0.2569922312162817,0.0928646492578488,5.920450642303332
2688,0.2489152964204549,0.0587143292522677,19.122331543028512,4,0.1638683196622878,3.976764921098948,0.3587877874262631,1,0.4558887224644422,0.1410642728865542,5.920450642303332
2689,0.2489152964204549,0.0587143292522677,19.122331543028512,4,0.1638683196622878,3.976764921098948,0.3587877874262631,1,0.4558887224644422,0.0928646492578488,1.5778219747740874
2690,0.0538023624569177,0.1660260398780547,23.41802284518178,10,0.204470351524651,4.373424429446459,0.321173998946324,3,0.2569922312162817,0.1410642728865542,1.5778219747740874
2691,0.5631485251709819,0.2344951938762624,4.784534351607886,11,0.2853741149418056,6.660182254388928,0.0535575128160417,3,0.0849047212395817,0.2601559595890626,2.1097972581041087
2692,0.3811077615246176,0.2344951938762624,4.784534351607886,11,0.2853741149418056,6.660182254388928,0.0535575128160417,3,0.0849047212395817,0.2601559595890626,2.1097972581041087
2693,0.5631485251709819,0.0776979592955077,4.784534351607886,11,0.2853741149418056,6.660182254388928,0.0535575128160417,3,0.0849047212395817,0.2601559595890626,2.1097972581041087
2694,0.5631485251709819,0.2344951938762624,6.361285733650703,11,0.2853741149418056,6.660182254388928,0.0535575128160417,3,0.0849047212395817,0.2601559595890626,2.1097972581041087
2695,0.5631485251709819,0.2344951938762624,4.784534351607886,13,0.2853741149418056,6.660182254388928,0.0535575128160417,3,0.0849047212395817,0.2601559595890626,2.1097972581041087
2696,0.5631485251709819,0.2344951938762624,4.784534351607886,11,0.1628080536145716,6.660182254388928,0.0535575128160417,3,0.0849047212395817,0.2601559595890626,2.1097972581041087
2697,0.5631485251709819,0.2344951938762624,4.784534351607886,11,0.2853741149418056,7.167456313967705,0.0535575128160417,3,0.0849047212395817,0.2601559595890626,2.1097972581041087
2698,0.5631485251709819,0.2344951938762624,4.784534351607886,11,0.2853741149418056,6.660182254388928,0.1861380164511502,3,0.0849047212395817,0.2601559595890626,2.1097972581041087
2699,0.5631485251709819,0.2344951938762624,4.784534351607886,11,0.2853741149418056,6.660182254388928,0.0535575128160417,2,0.0849047212395817,0.2601559595890626,2.1097972581041087
2700,0.5631485251709819,0.2344951938762624,4.784534351607886,11,0.2853741149418056,6.660182254388928,0.0535575128160417,3,0.4045697826892137,0.2601559595890626,2.1097972581041087
2701,0.5631485251709819,0.2344951938762624,4.784534351607886,11,0.2853741149418056,6.660182254388928,0.0535575128160417,3,0.0849047212395817,0.0321174601799466,2.1097972581041087
2702,0.5631485251709819,0.2344951938762624,4.784534351607886,11,0.2853741149418056,6.660182254388928,0.0535575128160417,3,0.0849047212395817,0.2601559595890626,3.49259202668701
2703,0.3811077615246176,0.0776979592955077,6.361285733650703,13,0.1628080536145716,7.167456313967705,0.1861380164511502,2,0.4045697826892137,0.0321174601799466,3.49259202668701
2704,0.5928425878286362,0.0566233597581659,14.151347028988654,8,0.0881687427870929,2.9067752566188574,0.1609821049962193,1,0.1613738464657217,0.07958684396085,1.9598149944651528
2705,0.5038488250225782,0.0566233597581659,14.151347028988654,8,0.0881687427870929,2.9067752566188574,0.1609821049962193,1,0.1613738464657217,0.07958684396085,1.9598149944651528
2706,0.5928425878286362,0.1906137881317593,14.151347028988654,8,0.0881687427870929,2.9067752566188574,0.1609821049962193,1,0.1613738464657217,0.07958684396085,1.9598149944651528
2707,0.5928425878286362,0.0566233597581659,8.18577950067834,8,0.0881687427870929,2.9067752566188574,0.1609821049962193,1,0.1613738464657217,0.07958684396085,1.9598149944651528
2708,0.5928425878286362,0.0566233597581659,14.151347028988654,7,0.0881687427870929,2.9067752566188574,0.1609821049962193,1,0.1613738464657217,0.07958684396085,1.9598149944651528
2709,0.5928425878286362,0.0566233597581659,14.151347028988654,8,0.2902882715687155,2.9067752566188574,0.1609821049962193,1,0.1613738464657217,0.07958684396085,1.9598149944651528
2710,0.5928425878286362,0.0566233597581659,14.151347028988654,8,0.0881687427870929,7.691804377362132,0.1609821049962193,1,0.1613738464657217,0.07958684396085,1.9598149944651528
2711,0.5928425878286362,0.0566233597581659,14.151347028988654,8,0.0881687427870929,2.9067752566188574,0.135155635047704,1,0.1613738464657217,0.07958684396085,1.9598149944651528
2712,0.5928425878286362,0.0566233597581659,14.151347028988654,8,0.0881687427870929,2.9067752566188574,0.1609821049962193,3,0.1613738464657217,0.07958684396085,1.9598149944651528
2713,0.5928425878286362,0.0566233597581659,14.151347028988654,8,0.0881687427870929,2.9067752566188574,0.1609821049962193,1,0.2005111291538924,0.07958684396085,1.9598149944651528
2714,0.5928425878286362,0.0566233597581659,14.151347028988654,8,0.0881687427870929,2.9067752566188574,0.1609821049962193,1,0.1613738464657217,0.0730186538809145,1.9598149944651528
2715,0.5928425878286362,0.0566233597581659,14.151347028988654,8,0.0881687427870929,2.9067752566188574,0.1609821049962193,1,0.1613738464657217,0.07958684396085,3.694816103289885
2716,0.5038488250225782,0.1906137881317593,8.18577950067834,7,0.2902882715687155,7.691804377362132,0.135155635047704,3,0.2005111291538924,0.0730186538809145,3.694816103289885
2717,0.2402423316612839,0.2431498527581937,8.920829254887932,14,0.2087284815032035,6.223368473351002,0.293946796329692,3,0.4057885818183422,0.2289282273767309,5.586810224420543
2718,0.231062944047153,0.2431498527581937,8.920829254887932,14,0.2087284815032035,6.223368473351002,0.293946796329692,3,0.4057885818183422,0.2289282273767309,5.586810224420543
2719,0.2402423316612839,0.0380400438553466,8.920829254887932,14,0.2087284815032035,6.223368473351002,0.293946796329692,3,0.4057885818183422,0.2289282273767309,5.586810224420543
2720,0.2402423316612839,0.2431498527581937,18.190773654578347,14,0.2087284815032035,6.223368473351002,0.293946796329692,3,0.4057885818183422,0.2289282273767309,5.586810224420543
2721,0.2402423316612839,0.2431498527581937,8.920829254887932,16,0.2087284815032035,6.223368473351002,0.293946796329692,3,0.4057885818183422,0.2289282273767309,5.586810224420543
2722,0.2402423316612839,0.2431498527581937,8.920829254887932,14,0.0769801237154752,6.223368473351002,0.293946796329692,3,0.4057885818183422,0.2289282273767309,5.586810224420543
2723,0.2402423316612839,0.2431498527581937,8.920829254887932,14,0.2087284815032035,3.779037730768323,0.293946796329692,3,0.4057885818183422,0.2289282273767309,5.586810224420543
2724,0.2402423316612839,0.2431498527581937,8.920829254887932,14,0.2087284815032035,6.223368473351002,0.2626106488052755,3,0.4057885818183422,0.2289282273767309,5.586810224420543
2725,0.2402423316612839,0.2431498527581937,8.920829254887932,14,0.2087284815032035,6.223368473351002,0.293946796329692,2,0.4057885818183422,0.2289282273767309,5.586810224420543
2726,0.2402423316612839,0.2431498527581937,8.920829254887932,14,0.2087284815032035,6.223368473351002,0.293946796329692,3,0.4611864913720637,0.2289282273767309,5.586810224420543
2727,0.2402423316612839,0.2431498527581937,8.920829254887932,14,0.2087284815032035,6.223368473351002,0.293946796329692,3,0.4057885818183422,0.1836214751694034,5.586810224420543
2728,0.2402423316612839,0.2431498527581937,8.920829254887932,14,0.2087284815032035,6.223368473351002,0.293946796329692,3,0.4057885818183422,0.2289282273767309,1.0099124093781853
2729,0.231062944047153,0.0380400438553466,18.190773654578347,16,0.0769801237154752,3.779037730768323,0.2626106488052755,2,0.4611864913720637,0.1836214751694034,1.0099124093781853
2730,0.0472123945131897,0.0363838878908137,20.366137648626893,6,0.2520038324408233,6.82593928463757,0.0792156147770583,2,0.2948616701643914,0.1666605087245115,3.550669691012496
2731,0.0058995461091399,0.0363838878908137,20.366137648626893,6,0.2520038324408233,6.82593928463757,0.0792156147770583,2,0.2948616701643914,0.1666605087245115,3.550669691012496
2732,0.0472123945131897,0.1045357095243995,20.366137648626893,6,0.2520038324408233,6.82593928463757,0.0792156147770583,2,0.2948616701643914,0.1666605087245115,3.550669691012496
2733,0.0472123945131897,0.0363838878908137,4.783073107000972,6,0.2520038324408233,6.82593928463757,0.0792156147770583,2,0.2948616701643914,0.1666605087245115,3.550669691012496
2734,0.0472123945131897,0.0363838878908137,20.366137648626893,12,0.2520038324408233,6.82593928463757,0.0792156147770583,2,0.2948616701643914,0.1666605087245115,3.550669691012496
2735,0.0472123945131897,0.0363838878908137,20.366137648626893,6,0.179485233919695,6.82593928463757,0.0792156147770583,2,0.2948616701643914,0.1666605087245115,3.550669691012496
2736,0.0472123945131897,0.0363838878908137,20.366137648626893,6,0.2520038324408233,2.12878461740911,0.0792156147770583,2,0.2948616701643914,0.1666605087245115,3.550669691012496
2737,0.0472123945131897,0.0363838878908137,20.366137648626893,6,0.2520038324408233,6.82593928463757,0.1453068900387734,2,0.2948616701643914,0.1666605087245115,3.550669691012496
2738,0.0472123945131897,0.0363838878908137,20.366137648626893,6,0.2520038324408233,6.82593928463757,0.0792156147770583,1,0.2948616701643914,0.1666605087245115,3.550669691012496
2739,0.0472123945131897,0.0363838878908137,20.366137648626893,6,0.2520038324408233,6.82593928463757,0.0792156147770583,2,0.1073014611378312,0.1666605087245115,3.550669691012496
2740,0.0472123945131897,0.0363838878908137,20.366137648626893,6,0.2520038324408233,6.82593928463757,0.0792156147770583,2,0.2948616701643914,0.0448114991615179,3.550669691012496
2741,0.0472123945131897,0.0363838878908137,20.366137648626893,6,0.2520038324408233,6.82593928463757,0.0792156147770583,2,0.2948616701643914,0.1666605087245115,2.0349519244975305
2742,0.0058995461091399,0.1045357095243995,4.783073107000972,12,0.179485233919695,2.12878461740911,0.1453068900387734,1,0.1073014611378312,0.0448114991615179,2.0349519244975305
2743,0.3336019992828369,0.1616959339210616,5.541911702761861,12,0.1235096235293895,4.236286077648401,0.3864959822036326,2,0.2722541295923292,0.0475366605559913,1.2442103105507307
2744,0.4287221867591143,0.1616959339210616,5.541911702761861,12,0.1235096235293895,4.236286077648401,0.3864959822036326,2,0.2722541295923292,0.0475366605559913,1.2442103105507307
2745,0.3336019992828369,0.0693944856452399,5.541911702761861,12,0.1235096235293895,4.236286077648401,0.3864959822036326,2,0.2722541295923292,0.0475366605559913,1.2442103105507307
2746,0.3336019992828369,0.1616959339210616,12.93950005785523,12,0.1235096235293895,4.236286077648401,0.3864959822036326,2,0.2722541295923292,0.0475366605559913,1.2442103105507307
2747,0.3336019992828369,0.1616959339210616,5.541911702761861,5,0.1235096235293895,4.236286077648401,0.3864959822036326,2,0.2722541295923292,0.0475366605559913,1.2442103105507307
2748,0.3336019992828369,0.1616959339210616,5.541911702761861,12,0.1527576243504881,4.236286077648401,0.3864959822036326,2,0.2722541295923292,0.0475366605559913,1.2442103105507307
2749,0.3336019992828369,0.1616959339210616,5.541911702761861,12,0.1235096235293895,6.4121850077062845,0.3864959822036326,2,0.2722541295923292,0.0475366605559913,1.2442103105507307
2750,0.3336019992828369,0.1616959339210616,5.541911702761861,12,0.1235096235293895,4.236286077648401,0.3569264030084014,2,0.2722541295923292,0.0475366605559913,1.2442103105507307
2751,0.3336019992828369,0.1616959339210616,5.541911702761861,12,0.1235096235293895,4.236286077648401,0.3864959822036326,2,0.2722541295923292,0.0475366605559913,1.2442103105507307
2752,0.3336019992828369,0.1616959339210616,5.541911702761861,12,0.1235096235293895,4.236286077648401,0.3864959822036326,2,0.3258511231280863,0.0475366605559913,1.2442103105507307
2753,0.3336019992828369,0.1616959339210616,5.541911702761861,12,0.1235096235293895,4.236286077648401,0.3864959822036326,2,0.2722541295923292,0.1010987698281141,1.2442103105507307
2754,0.3336019992828369,0.1616959339210616,5.541911702761861,12,0.1235096235293895,4.236286077648401,0.3864959822036326,2,0.2722541295923292,0.0475366605559913,7.414564456190162
2755,0.4287221867591143,0.0693944856452399,12.93950005785523,5,0.1527576243504881,6.4121850077062845,0.3569264030084014,2,0.3258511231280863,0.1010987698281141,7.414564456190162
2756,0.4471308348700404,0.042287752339033,6.779994259002971,11,0.1593724898528307,2.2433947548270226,0.1340239984448999,2,0.3567903517279774,0.1714877584123358,4.053894376109916
2757,0.3439268795773387,0.042287752339033,6.779994259002971,11,0.1593724898528307,2.2433947548270226,0.1340239984448999,2,0.3567903517279774,0.1714877584123358,4.053894376109916
2758,0.4471308348700404,0.1294621045889655,6.779994259002971,11,0.1593724898528307,2.2433947548270226,0.1340239984448999,2,0.3567903517279774,0.1714877584123358,4.053894376109916
2759,0.4471308348700404,0.042287752339033,19.19501242572451,11,0.1593724898528307,2.2433947548270226,0.1340239984448999,2,0.3567903517279774,0.1714877584123358,4.053894376109916
2760,0.4471308348700404,0.042287752339033,6.779994259002971,6,0.1593724898528307,2.2433947548270226,0.1340239984448999,2,0.3567903517279774,0.1714877584123358,4.053894376109916
2761,0.4471308348700404,0.042287752339033,6.779994259002971,11,0.1274720148183405,2.2433947548270226,0.1340239984448999,2,0.3567903517279774,0.1714877584123358,4.053894376109916
2762,0.4471308348700404,0.042287752339033,6.779994259002971,11,0.1593724898528307,5.192029591649771,0.1340239984448999,2,0.3567903517279774,0.1714877584123358,4.053894376109916
2763,0.4471308348700404,0.042287752339033,6.779994259002971,11,0.1593724898528307,2.2433947548270226,0.3325157118495553,2,0.3567903517279774,0.1714877584123358,4.053894376109916
2764,0.4471308348700404,0.042287752339033,6.779994259002971,11,0.1593724898528307,2.2433947548270226,0.1340239984448999,1,0.3567903517279774,0.1714877584123358,4.053894376109916
2765,0.4471308348700404,0.042287752339033,6.779994259002971,11,0.1593724898528307,2.2433947548270226,0.1340239984448999,2,0.2387036921456456,0.1714877584123358,4.053894376109916
2766,0.4471308348700404,0.042287752339033,6.779994259002971,11,0.1593724898528307,2.2433947548270226,0.1340239984448999,2,0.3567903517279774,0.0547526559315995,4.053894376109916
2767,0.4471308348700404,0.042287752339033,6.779994259002971,11,0.1593724898528307,2.2433947548270226,0.1340239984448999,2,0.3567903517279774,0.1714877584123358,2.8317730079675214
2768,0.3439268795773387,0.1294621045889655,19.19501242572451,6,0.1274720148183405,5.192029591649771,0.3325157118495553,1,0.2387036921456456,0.0547526559315995,2.8317730079675214
2769,0.0860273268073797,0.1020081965484819,10.76763981695916,5,0.2788946416229009,5.5830594059079885,0.3537944122683257,2,0.2112458061426878,0.0596176775236905,1.4446373708379163
2770,0.0909895028918981,0.1020081965484819,10.76763981695916,5,0.2788946416229009,5.5830594059079885,0.3537944122683257,2,0.2112458061426878,0.0596176775236905,1.4446373708379163
2771,0.0860273268073797,0.0862381145236716,10.76763981695916,5,0.2788946416229009,5.5830594059079885,0.3537944122683257,2,0.2112458061426878,0.0596176775236905,1.4446373708379163
2772,0.0860273268073797,0.1020081965484819,7.7305339662144945,5,0.2788946416229009,5.5830594059079885,0.3537944122683257,2,0.2112458061426878,0.0596176775236905,1.4446373708379163
2773,0.0860273268073797,0.1020081965484819,10.76763981695916,11,0.2788946416229009,5.5830594059079885,0.3537944122683257,2,0.2112458061426878,0.0596176775236905,1.4446373708379163
2774,0.0860273268073797,0.1020081965484819,10.76763981695916,5,0.209158221213147,5.5830594059079885,0.3537944122683257,2,0.2112458061426878,0.0596176775236905,1.4446373708379163
2775,0.0860273268073797,0.1020081965484819,10.76763981695916,5,0.2788946416229009,3.149811215698719,0.3537944122683257,2,0.2112458061426878,0.0596176775236905,1.4446373708379163
2776,0.0860273268073797,0.1020081965484819,10.76763981695916,5,0.2788946416229009,5.5830594059079885,0.196848214045167,2,0.2112458061426878,0.0596176775236905,1.4446373708379163
2777,0.0860273268073797,0.1020081965484819,10.76763981695916,5,0.2788946416229009,5.5830594059079885,0.3537944122683257,2,0.2112458061426878,0.0596176775236905,1.4446373708379163
2778,0.0860273268073797,0.1020081965484819,10.76763981695916,5,0.2788946416229009,5.5830594059079885,0.3537944122683257,2,0.4282416158355772,0.0596176775236905,1.4446373708379163
2779,0.0860273268073797,0.1020081965484819,10.76763981695916,5,0.2788946416229009,5.5830594059079885,0.3537944122683257,2,0.2112458061426878,0.2448749995824886,1.4446373708379163
2780,0.0860273268073797,0.1020081965484819,10.76763981695916,5,0.2788946416229009,5.5830594059079885,0.3537944122683257,2,0.2112458061426878,0.0596176775236905,1.3177008014838447
2781,0.0909895028918981,0.0862381145236716,7.7305339662144945,11,0.209158221213147,3.149811215698719,0.196848214045167,2,0.4282416158355772,0.2448749995824886,1.3177008014838447
2782,0.2017134960740804,0.0865323708247215,4.712087814448836,15,0.1810461282264441,7.278817016631365,0.215470783598721,1,0.096698549343273,0.0356104895896662,2.2802694532074805
2783,0.1658216569572687,0.0865323708247215,4.712087814448836,15,0.1810461282264441,7.278817016631365,0.215470783598721,1,0.096698549343273,0.0356104895896662,2.2802694532074805
2784,0.2017134960740804,0.2369986286479532,4.712087814448836,15,0.1810461282264441,7.278817016631365,0.215470783598721,1,0.096698549343273,0.0356104895896662,2.2802694532074805
2785,0.2017134960740804,0.0865323708247215,12.241414169407744,15,0.1810461282264441,7.278817016631365,0.215470783598721,1,0.096698549343273,0.0356104895896662,2.2802694532074805
2786,0.2017134960740804,0.0865323708247215,4.712087814448836,13,0.1810461282264441,7.278817016631365,0.215470783598721,1,0.096698549343273,0.0356104895896662,2.2802694532074805
2787,0.2017134960740804,0.0865323708247215,4.712087814448836,15,0.1103531140368431,7.278817016631365,0.215470783598721,1,0.096698549343273,0.0356104895896662,2.2802694532074805
2788,0.2017134960740804,0.0865323708247215,4.712087814448836,15,0.1810461282264441,4.990340057760477,0.215470783598721,1,0.096698549343273,0.0356104895896662,2.2802694532074805
2789,0.2017134960740804,0.0865323708247215,4.712087814448836,15,0.1810461282264441,7.278817016631365,0.297968681436032,1,0.096698549343273,0.0356104895896662,2.2802694532074805
2790,0.2017134960740804,0.0865323708247215,4.712087814448836,15,0.1810461282264441,7.278817016631365,0.215470783598721,3,0.096698549343273,0.0356104895896662,2.2802694532074805
2791,0.2017134960740804,0.0865323708247215,4.712087814448836,15,0.1810461282264441,7.278817016631365,0.215470783598721,1,0.1033872074913233,0.0356104895896662,2.2802694532074805
2792,0.2017134960740804,0.0865323708247215,4.712087814448836,15,0.1810461282264441,7.278817016631365,0.215470783598721,1,0.096698549343273,0.0336007861535786,2.2802694532074805
2793,0.2017134960740804,0.0865323708247215,4.712087814448836,15,0.1810461282264441,7.278817016631365,0.215470783598721,1,0.096698549343273,0.0356104895896662,2.6443798423854195
2794,0.1658216569572687,0.2369986286479532,12.241414169407744,13,0.1103531140368431,4.990340057760477,0.297968681436032,3,0.1033872074913233,0.0336007861535786,2.6443798423854195
2795,0.4790276555344462,0.2170020717220681,17.328908235949427,9,0.0535895127803087,4.712235243991017,0.2609240610152483,3,0.471301279682666,0.1248481096423716,6.392742914090413
2796,0.5687955340370535,0.2170020717220681,17.328908235949427,9,0.0535895127803087,4.712235243991017,0.2609240610152483,3,0.471301279682666,0.1248481096423716,6.392742914090413
2797,0.4790276555344462,0.0471408278648767,17.328908235949427,9,0.0535895127803087,4.712235243991017,0.2609240610152483,3,0.471301279682666,0.1248481096423716,6.392742914090413
2798,0.4790276555344462,0.2170020717220681,5.073639742825376,9,0.0535895127803087,4.712235243991017,0.2609240610152483,3,0.471301279682666,0.1248481096423716,6.392742914090413
2799,0.4790276555344462,0.2170020717220681,17.328908235949427,9,0.0535895127803087,4.712235243991017,0.2609240610152483,3,0.471301279682666,0.1248481096423716,6.392742914090413
2800,0.4790276555344462,0.2170020717220681,17.328908235949427,9,0.2535054177977144,4.712235243991017,0.2609240610152483,3,0.471301279682666,0.1248481096423716,6.392742914090413
2801,0.4790276555344462,0.2170020717220681,17.328908235949427,9,0.0535895127803087,6.656007379293442,0.2609240610152483,3,0.471301279682666,0.1248481096423716,6.392742914090413
2802,0.4790276555344462,0.2170020717220681,17.328908235949427,9,0.0535895127803087,4.712235243991017,0.072667981358245,3,0.471301279682666,0.1248481096423716,6.392742914090413
2803,0.4790276555344462,0.2170020717220681,17.328908235949427,9,0.0535895127803087,4.712235243991017,0.2609240610152483,2,0.471301279682666,0.1248481096423716,6.392742914090413
2804,0.4790276555344462,0.2170020717220681,17.328908235949427,9,0.0535895127803087,4.712235243991017,0.2609240610152483,3,0.3350645643193274,0.1248481096423716,6.392742914090413
2805,0.4790276555344462,0.2170020717220681,17.328908235949427,9,0.0535895127803087,4.712235243991017,0.2609240610152483,3,0.471301279682666,0.1348274443515767,6.392742914090413
2806,0.4790276555344462,0.2170020717220681,17.328908235949427,9,0.0535895127803087,4.712235243991017,0.2609240610152483,3,0.471301279682666,0.1248481096423716,5.705786711734989
2807,0.5687955340370535,0.0471408278648767,5.073639742825376,9,0.2535054177977144,6.656007379293442,0.072667981358245,2,0.3350645643193274,0.1348274443515767,5.705786711734989
2808,0.5160740599036217,0.0314813637901224,4.364765367981232,4,0.2283180739730596,3.755827486515045,0.0942149032838642,2,0.3695480094291269,0.0458515749739299,7.354476013549941
2809,0.4745344849303364,0.0314813637901224,4.364765367981232,4,0.2283180739730596,3.755827486515045,0.0942149032838642,2,0.3695480094291269,0.0458515749739299,7.354476013549941
2810,0.5160740599036217,0.0724298971022142,4.364765367981232,4,0.2283180739730596,3.755827486515045,0.0942149032838642,2,0.3695480094291269,0.0458515749739299,7.354476013549941
2811,0.5160740599036217,0.0314813637901224,10.385803501446828,4,0.2283180739730596,3.755827486515045,0.0942149032838642,2,0.3695480094291269,0.0458515749739299,7.354476013549941
2812,0.5160740599036217,0.0314813637901224,4.364765367981232,13,0.2283180739730596,3.755827486515045,0.0942149032838642,2,0.3695480094291269,0.0458515749739299,7.354476013549941
2813,0.5160740599036217,0.0314813637901224,4.364765367981232,4,0.1374471494462341,3.755827486515045,0.0942149032838642,2,0.3695480094291269,0.0458515749739299,7.354476013549941
2814,0.5160740599036217,0.0314813637901224,4.364765367981232,4,0.2283180739730596,2.395950712263584,0.0942149032838642,2,0.3695480094291269,0.0458515749739299,7.354476013549941
2815,0.5160740599036217,0.0314813637901224,4.364765367981232,4,0.2283180739730596,3.755827486515045,0.3922509416472167,2,0.3695480094291269,0.0458515749739299,7.354476013549941
2816,0.5160740599036217,0.0314813637901224,4.364765367981232,4,0.2283180739730596,3.755827486515045,0.0942149032838642,1,0.3695480094291269,0.0458515749739299,7.354476013549941
2817,0.5160740599036217,0.0314813637901224,4.364765367981232,4,0.2283180739730596,3.755827486515045,0.0942149032838642,2,0.1426361438352614,0.0458515749739299,7.354476013549941
2818,0.5160740599036217,0.0314813637901224,4.364765367981232,4,0.2283180739730596,3.755827486515045,0.0942149032838642,2,0.3695480094291269,0.0677401643037519,7.354476013549941
2819,0.5160740599036217,0.0314813637901224,4.364765367981232,4,0.2283180739730596,3.755827486515045,0.0942149032838642,2,0.3695480094291269,0.0458515749739299,1.5440733867663206
2820,0.4745344849303364,0.0724298971022142,10.385803501446828,13,0.1374471494462341,2.395950712263584,0.3922509416472167,1,0.1426361438352614,0.0677401643037519,1.5440733867663206
2821,0.1646842936053872,0.140139505219791,16.49294208197364,10,0.0998239926528185,7.072046099230647,0.3167196503840387,2,0.1641824822407215,0.1295390714892472,2.5812103661556103
2822,0.2955353580415248,0.140139505219791,16.49294208197364,10,0.0998239926528185,7.072046099230647,0.3167196503840387,2,0.1641824822407215,0.1295390714892472,2.5812103661556103
2823,0.1646842936053872,0.154252710131328,16.49294208197364,10,0.0998239926528185,7.072046099230647,0.3167196503840387,2,0.1641824822407215,0.1295390714892472,2.5812103661556103
2824,0.1646842936053872,0.140139505219791,5.853146857754062,10,0.0998239926528185,7.072046099230647,0.3167196503840387,2,0.1641824822407215,0.1295390714892472,2.5812103661556103
2825,0.1646842936053872,0.140139505219791,16.49294208197364,5,0.0998239926528185,7.072046099230647,0.3167196503840387,2,0.1641824822407215,0.1295390714892472,2.5812103661556103
2826,0.1646842936053872,0.140139505219791,16.49294208197364,10,0.2259231588803231,7.072046099230647,0.3167196503840387,2,0.1641824822407215,0.1295390714892472,2.5812103661556103
2827,0.1646842936053872,0.140139505219791,16.49294208197364,10,0.0998239926528185,5.980958547443152,0.3167196503840387,2,0.1641824822407215,0.1295390714892472,2.5812103661556103
2828,0.1646842936053872,0.140139505219791,16.49294208197364,10,0.0998239926528185,7.072046099230647,0.18072888571769,2,0.1641824822407215,0.1295390714892472,2.5812103661556103
2829,0.1646842936053872,0.140139505219791,16.49294208197364,10,0.0998239926528185,7.072046099230647,0.3167196503840387,2,0.1641824822407215,0.1295390714892472,2.5812103661556103
2830,0.1646842936053872,0.140139505219791,16.49294208197364,10,0.0998239926528185,7.072046099230647,0.3167196503840387,2,0.2904325685929507,0.1295390714892472,2.5812103661556103
2831,0.1646842936053872,0.140139505219791,16.49294208197364,10,0.0998239926528185,7.072046099230647,0.3167196503840387,2,0.1641824822407215,0.2621643952542335,2.5812103661556103
2832,0.1646842936053872,0.140139505219791,16.49294208197364,10,0.0998239926528185,7.072046099230647,0.3167196503840387,2,0.1641824822407215,0.1295390714892472,3.3452359656589583
2833,0.2955353580415248,0.154252710131328,5.853146857754062,5,0.2259231588803231,5.980958547443152,0.18072888571769,2,0.2904325685929507,0.2621643952542335,3.3452359656589583
2834,0.1239984104409813,0.0654422900319384,7.024432020085904,10,0.1431038875132799,5.789741989225149,0.186919665383175,1,0.0532881736755371,0.2945314963623247,1.635411489564798
2835,0.0704043701291084,0.0654422900319384,7.024432020085904,10,0.1431038875132799,5.789741989225149,0.186919665383175,1,0.0532881736755371,0.2945314963623247,1.635411489564798
2836,0.1239984104409813,0.0424687756789122,7.024432020085904,10,0.1431038875132799,5.789741989225149,0.186919665383175,1,0.0532881736755371,0.2945314963623247,1.635411489564798
2837,0.1239984104409813,0.0654422900319384,22.61886698582708,10,0.1431038875132799,5.789741989225149,0.186919665383175,1,0.0532881736755371,0.2945314963623247,1.635411489564798
2838,0.1239984104409813,0.0654422900319384,7.024432020085904,8,0.1431038875132799,5.789741989225149,0.186919665383175,1,0.0532881736755371,0.2945314963623247,1.635411489564798
2839,0.1239984104409813,0.0654422900319384,7.024432020085904,10,0.092062175925821,5.789741989225149,0.186919665383175,1,0.0532881736755371,0.2945314963623247,1.635411489564798
2840,0.1239984104409813,0.0654422900319384,7.024432020085904,10,0.1431038875132799,7.420271992683411,0.186919665383175,1,0.0532881736755371,0.2945314963623247,1.635411489564798
2841,0.1239984104409813,0.0654422900319384,7.024432020085904,10,0.1431038875132799,5.789741989225149,0.2272740052081645,1,0.0532881736755371,0.2945314963623247,1.635411489564798
2842,0.1239984104409813,0.0654422900319384,7.024432020085904,10,0.1431038875132799,5.789741989225149,0.186919665383175,3,0.0532881736755371,0.2945314963623247,1.635411489564798
2843,0.1239984104409813,0.0654422900319384,7.024432020085904,10,0.1431038875132799,5.789741989225149,0.186919665383175,1,0.165507320407778,0.2945314963623247,1.635411489564798
2844,0.1239984104409813,0.0654422900319384,7.024432020085904,10,0.1431038875132799,5.789741989225149,0.186919665383175,1,0.0532881736755371,0.0362218195428568,1.635411489564798
2845,0.1239984104409813,0.0654422900319384,7.024432020085904,10,0.1431038875132799,5.789741989225149,0.186919665383175,1,0.0532881736755371,0.2945314963623247,4.8706764831853695
2846,0.0704043701291084,0.0424687756789122,22.61886698582708,8,0.092062175925821,7.420271992683411,0.2272740052081645,3,0.165507320407778,0.0362218195428568,4.8706764831853695
2847,0.4091769531369209,0.2805560112443307,11.462565017181957,16,0.2636637687217444,3.199708456173539,0.2351073595229536,3,0.4804609174374491,0.0825118212049684,4.664693010508739
2848,0.3993672827258706,0.2805560112443307,11.462565017181957,16,0.2636637687217444,3.199708456173539,0.2351073595229536,3,0.4804609174374491,0.0825118212049684,4.664693010508739
2849,0.4091769531369209,0.2628842388174304,11.462565017181957,16,0.2636637687217444,3.199708456173539,0.2351073595229536,3,0.4804609174374491,0.0825118212049684,4.664693010508739
2850,0.4091769531369209,0.2805560112443307,6.702295952215795,16,0.2636637687217444,3.199708456173539,0.2351073595229536,3,0.4804609174374491,0.0825118212049684,4.664693010508739
2851,0.4091769531369209,0.2805560112443307,11.462565017181957,15,0.2636637687217444,3.199708456173539,0.2351073595229536,3,0.4804609174374491,0.0825118212049684,4.664693010508739
2852,0.4091769531369209,0.2805560112443307,11.462565017181957,16,0.2440797173883765,3.199708456173539,0.2351073595229536,3,0.4804609174374491,0.0825118212049684,4.664693010508739
2853,0.4091769531369209,0.2805560112443307,11.462565017181957,16,0.2636637687217444,4.214630458503962,0.2351073595229536,3,0.4804609174374491,0.0825118212049684,4.664693010508739
2854,0.4091769531369209,0.2805560112443307,11.462565017181957,16,0.2636637687217444,3.199708456173539,0.0997455878648907,3,0.4804609174374491,0.0825118212049684,4.664693010508739
2855,0.4091769531369209,0.2805560112443307,11.462565017181957,16,0.2636637687217444,3.199708456173539,0.2351073595229536,2,0.4804609174374491,0.0825118212049684,4.664693010508739
2856,0.4091769531369209,0.2805560112443307,11.462565017181957,16,0.2636637687217444,3.199708456173539,0.2351073595229536,3,0.4960544453933835,0.0825118212049684,4.664693010508739
2857,0.4091769531369209,0.2805560112443307,11.462565017181957,16,0.2636637687217444,3.199708456173539,0.2351073595229536,3,0.4804609174374491,0.1679141043564188,4.664693010508739
2858,0.4091769531369209,0.2805560112443307,11.462565017181957,16,0.2636637687217444,3.199708456173539,0.2351073595229536,3,0.4804609174374491,0.0825118212049684,2.238993520195057
2859,0.3993672827258706,0.2628842388174304,6.702295952215795,15,0.2440797173883765,4.214630458503962,0.0997455878648907,2,0.4960544453933835,0.1679141043564188,2.238993520195057
2860,0.3703643096610903,0.0750401207643609,22.005397832992728,13,0.2984889042098075,4.395816309377551,0.1539850912988186,1,0.1134316121228039,0.0970363186520957,1.09463302055007
2861,0.3332848258316517,0.0750401207643609,22.005397832992728,13,0.2984889042098075,4.395816309377551,0.1539850912988186,1,0.1134316121228039,0.0970363186520957,1.09463302055007
2862,0.3703643096610903,0.0343304168737018,22.005397832992728,13,0.2984889042098075,4.395816309377551,0.1539850912988186,1,0.1134316121228039,0.0970363186520957,1.09463302055007
2863,0.3703643096610903,0.0750401207643609,4.414679271987939,13,0.2984889042098075,4.395816309377551,0.1539850912988186,1,0.1134316121228039,0.0970363186520957,1.09463302055007
2864,0.3703643096610903,0.0750401207643609,22.005397832992728,14,0.2984889042098075,4.395816309377551,0.1539850912988186,1,0.1134316121228039,0.0970363186520957,1.09463302055007
2865,0.3703643096610903,0.0750401207643609,22.005397832992728,13,0.2695484156254679,4.395816309377551,0.1539850912988186,1,0.1134316121228039,0.0970363186520957,1.09463302055007
2866,0.3703643096610903,0.0750401207643609,22.005397832992728,13,0.2984889042098075,4.485474096611142,0.1539850912988186,1,0.1134316121228039,0.0970363186520957,1.09463302055007
2867,0.3703643096610903,0.0750401207643609,22.005397832992728,13,0.2984889042098075,4.395816309377551,0.0646964631043374,1,0.1134316121228039,0.0970363186520957,1.09463302055007
2868,0.3703643096610903,0.0750401207643609,22.005397832992728,13,0.2984889042098075,4.395816309377551,0.1539850912988186,3,0.1134316121228039,0.0970363186520957,1.09463302055007
2869,0.3703643096610903,0.0750401207643609,22.005397832992728,13,0.2984889042098075,4.395816309377551,0.1539850912988186,1,0.0683827818371355,0.0970363186520957,1.09463302055007
2870,0.3703643096610903,0.0750401207643609,22.005397832992728,13,0.2984889042098075,4.395816309377551,0.1539850912988186,1,0.1134316121228039,0.0903254282567753,1.09463302055007
2871,0.3703643096610903,0.0750401207643609,22.005397832992728,13,0.2984889042098075,4.395816309377551,0.1539850912988186,1,0.1134316121228039,0.0970363186520957,1.1930666190684929
2872,0.3332848258316517,0.0343304168737018,4.414679271987939,14,0.2695484156254679,4.485474096611142,0.0646964631043374,3,0.0683827818371355,0.0903254282567753,1.1930666190684929
2873,0.0104672860354185,0.1876475745200466,5.817559658256304,7,0.171032431256026,7.735838398337364,0.28968411590904,3,0.4176673374604434,0.034346919929636,3.073283585974804
2874,0.136780403740704,0.1876475745200466,5.817559658256304,7,0.171032431256026,7.735838398337364,0.28968411590904,3,0.4176673374604434,0.034346919929636,3.073283585974804
2875,0.0104672860354185,0.2113016700926944,5.817559658256304,7,0.171032431256026,7.735838398337364,0.28968411590904,3,0.4176673374604434,0.034346919929636,3.073283585974804
2876,0.0104672860354185,0.1876475745200466,13.722374413182946,7,0.171032431256026,7.735838398337364,0.28968411590904,3,0.4176673374604434,0.034346919929636,3.073283585974804
2877,0.0104672860354185,0.1876475745200466,5.817559658256304,9,0.171032431256026,7.735838398337364,0.28968411590904,3,0.4176673374604434,0.034346919929636,3.073283585974804
2878,0.0104672860354185,0.1876475745200466,5.817559658256304,7,0.063182658702135,7.735838398337364,0.28968411590904,3,0.4176673374604434,0.034346919929636,3.073283585974804
2879,0.0104672860354185,0.1876475745200466,5.817559658256304,7,0.171032431256026,6.949933705851436,0.28968411590904,3,0.4176673374604434,0.034346919929636,3.073283585974804
2880,0.0104672860354185,0.1876475745200466,5.817559658256304,7,0.171032431256026,7.735838398337364,0.2898809984792024,3,0.4176673374604434,0.034346919929636,3.073283585974804
2881,0.0104672860354185,0.1876475745200466,5.817559658256304,7,0.171032431256026,7.735838398337364,0.28968411590904,2,0.4176673374604434,0.034346919929636,3.073283585974804
2882,0.0104672860354185,0.1876475745200466,5.817559658256304,7,0.171032431256026,7.735838398337364,0.28968411590904,3,0.3699336180463433,0.034346919929636,3.073283585974804
2883,0.0104672860354185,0.1876475745200466,5.817559658256304,7,0.171032431256026,7.735838398337364,0.28968411590904,3,0.4176673374604434,0.1966154260752831,3.073283585974804
2884,0.0104672860354185,0.1876475745200466,5.817559658256304,7,0.171032431256026,7.735838398337364,0.28968411590904,3,0.4176673374604434,0.034346919929636,4.329409958757699
2885,0.136780403740704,0.2113016700926944,13.722374413182946,9,0.063182658702135,6.949933705851436,0.2898809984792024,2,0.3699336180463433,0.1966154260752831,4.329409958757699
2886,0.2784969370812177,0.0487632253973357,13.67048650783636,13,0.073179103853181,5.313564131036401,0.0616014111321419,2,0.3031423974782228,0.0618108513745089,4.8364713334328
2887,0.2116544092074036,0.0487632253973357,13.67048650783636,13,0.073179103853181,5.313564131036401,0.0616014111321419,2,0.3031423974782228,0.0618108513745089,4.8364713334328
2888,0.2784969370812177,0.0581887489357874,13.67048650783636,13,0.073179103853181,5.313564131036401,0.0616014111321419,2,0.3031423974782228,0.0618108513745089,4.8364713334328
2889,0.2784969370812177,0.0487632253973357,8.871030431498193,13,0.073179103853181,5.313564131036401,0.0616014111321419,2,0.3031423974782228,0.0618108513745089,4.8364713334328
2890,0.2784969370812177,0.0487632253973357,13.67048650783636,7,0.073179103853181,5.313564131036401,0.0616014111321419,2,0.3031423974782228,0.0618108513745089,4.8364713334328
2891,0.2784969370812177,0.0487632253973357,13.67048650783636,13,0.1928553275763988,5.313564131036401,0.0616014111321419,2,0.3031423974782228,0.0618108513745089,4.8364713334328
2892,0.2784969370812177,0.0487632253973357,13.67048650783636,13,0.073179103853181,5.695344531908631,0.0616014111321419,2,0.3031423974782228,0.0618108513745089,4.8364713334328
2893,0.2784969370812177,0.0487632253973357,13.67048650783636,13,0.073179103853181,5.313564131036401,0.2048503415193409,2,0.3031423974782228,0.0618108513745089,4.8364713334328
2894,0.2784969370812177,0.0487632253973357,13.67048650783636,13,0.073179103853181,5.313564131036401,0.0616014111321419,1,0.3031423974782228,0.0618108513745089,4.8364713334328
2895,0.2784969370812177,0.0487632253973357,13.67048650783636,13,0.073179103853181,5.313564131036401,0.0616014111321419,2,0.2740372751373798,0.0618108513745089,4.8364713334328
2896,0.2784969370812177,0.0487632253973357,13.67048650783636,13,0.073179103853181,5.313564131036401,0.0616014111321419,2,0.3031423974782228,0.04830066068218,4.8364713334328
2897,0.2784969370812177,0.0487632253973357,13.67048650783636,13,0.073179103853181,5.313564131036401,0.0616014111321419,2,0.3031423974782228,0.0618108513745089,6.278094109351049
2898,0.2116544092074036,0.0581887489357874,8.871030431498193,7,0.1928553275763988,5.695344531908631,0.2048503415193409,1,0.2740372751373798,0.04830066068218,6.278094109351049
2899,0.5546051843091845,0.1179638602466174,8.372441278146356,7,0.1927013832144439,2.747334074229002,0.3716161952819675,2,0.2279648518655449,0.22063799578319,1.724277232801413
2900,0.5581217855215073,0.1179638602466174,8.372441278146356,7,0.1927013832144439,2.747334074229002,0.3716161952819675,2,0.2279648518655449,0.22063799578319,1.724277232801413
2901,0.5546051843091845,0.124613167250556,8.372441278146356,7,0.1927013832144439,2.747334074229002,0.3716161952819675,2,0.2279648518655449,0.22063799578319,1.724277232801413
2902,0.5546051843091845,0.1179638602466174,17.149780294963445,7,0.1927013832144439,2.747334074229002,0.3716161952819675,2,0.2279648518655449,0.22063799578319,1.724277232801413
2903,0.5546051843091845,0.1179638602466174,8.372441278146356,10,0.1927013832144439,2.747334074229002,0.3716161952819675,2,0.2279648518655449,0.22063799578319,1.724277232801413
2904,0.5546051843091845,0.1179638602466174,8.372441278146356,7,0.1749014029745012,2.747334074229002,0.3716161952819675,2,0.2279648518655449,0.22063799578319,1.724277232801413
2905,0.5546051843091845,0.1179638602466174,8.372441278146356,7,0.1927013832144439,2.857435932382941,0.3716161952819675,2,0.2279648518655449,0.22063799578319,1.724277232801413
2906,0.5546051843091845,0.1179638602466174,8.372441278146356,7,0.1927013832144439,2.747334074229002,0.3405726082623005,2,0.2279648518655449,0.22063799578319,1.724277232801413
2907,0.5546051843091845,0.1179638602466174,8.372441278146356,7,0.1927013832144439,2.747334074229002,0.3716161952819675,2,0.2279648518655449,0.22063799578319,1.724277232801413
2908,0.5546051843091845,0.1179638602466174,8.372441278146356,7,0.1927013832144439,2.747334074229002,0.3716161952819675,2,0.392823678208515,0.22063799578319,1.724277232801413
2909,0.5546051843091845,0.1179638602466174,8.372441278146356,7,0.1927013832144439,2.747334074229002,0.3716161952819675,2,0.2279648518655449,0.1259250014263967,1.724277232801413
2910,0.5546051843091845,0.1179638602466174,8.372441278146356,7,0.1927013832144439,2.747334074229002,0.3716161952819675,2,0.2279648518655449,0.22063799578319,1.737056209422329
2911,0.5581217855215073,0.124613167250556,17.149780294963445,10,0.1749014029745012,2.857435932382941,0.3405726082623005,2,0.392823678208515,0.1259250014263967,1.737056209422329
2912,0.5471821350976824,0.0800907825173739,5.283760666367332,9,0.1508381273131817,3.2560941837728024,0.0749136942904442,2,0.4095231186598539,0.0586504430970891,1.5164353545729932
2913,0.270955571718514,0.0800907825173739,5.283760666367332,9,0.1508381273131817,3.2560941837728024,0.0749136942904442,2,0.4095231186598539,0.0586504430970891,1.5164353545729932
2914,0.5471821350976824,0.0572331933770637,5.283760666367332,9,0.1508381273131817,3.2560941837728024,0.0749136942904442,2,0.4095231186598539,0.0586504430970891,1.5164353545729932
2915,0.5471821350976824,0.0800907825173739,4.293682621037059,9,0.1508381273131817,3.2560941837728024,0.0749136942904442,2,0.4095231186598539,0.0586504430970891,1.5164353545729932
2916,0.5471821350976824,0.0800907825173739,5.283760666367332,13,0.1508381273131817,3.2560941837728024,0.0749136942904442,2,0.4095231186598539,0.0586504430970891,1.5164353545729932
2917,0.5471821350976824,0.0800907825173739,5.283760666367332,9,0.2731731158681214,3.2560941837728024,0.0749136942904442,2,0.4095231186598539,0.0586504430970891,1.5164353545729932
2918,0.5471821350976824,0.0800907825173739,5.283760666367332,9,0.1508381273131817,3.287296399474144,0.0749136942904442,2,0.4095231186598539,0.0586504430970891,1.5164353545729932
2919,0.5471821350976824,0.0800907825173739,5.283760666367332,9,0.1508381273131817,3.2560941837728024,0.2310826502740383,2,0.4095231186598539,0.0586504430970891,1.5164353545729932
2920,0.5471821350976824,0.0800907825173739,5.283760666367332,9,0.1508381273131817,3.2560941837728024,0.0749136942904442,2,0.4095231186598539,0.0586504430970891,1.5164353545729932
2921,0.5471821350976824,0.0800907825173739,5.283760666367332,9,0.1508381273131817,3.2560941837728024,0.0749136942904442,2,0.4562933332752436,0.0586504430970891,1.5164353545729932
2922,0.5471821350976824,0.0800907825173739,5.283760666367332,9,0.1508381273131817,3.2560941837728024,0.0749136942904442,2,0.4095231186598539,0.1373614479238686,1.5164353545729932
2923,0.5471821350976824,0.0800907825173739,5.283760666367332,9,0.1508381273131817,3.2560941837728024,0.0749136942904442,2,0.4095231186598539,0.0586504430970891,6.776642738246619
2924,0.270955571718514,0.0572331933770637,4.293682621037059,13,0.2731731158681214,3.287296399474144,0.2310826502740383,2,0.4562933332752436,0.1373614479238686,6.776642738246619
2925,0.2695681314915418,0.1734574205408302,19.435235515475178,15,0.2715502373874187,5.916071200743318,0.3801432804670185,2,0.1514850078616291,0.1796689369693523,4.257806852020665
2926,0.4686408720910548,0.1734574205408302,19.435235515475178,15,0.2715502373874187,5.916071200743318,0.3801432804670185,2,0.1514850078616291,0.1796689369693523,4.257806852020665
2927,0.2695681314915418,0.1096948072257303,19.435235515475178,15,0.2715502373874187,5.916071200743318,0.3801432804670185,2,0.1514850078616291,0.1796689369693523,4.257806852020665
2928,0.2695681314915418,0.1734574205408302,14.114836672829927,15,0.2715502373874187,5.916071200743318,0.3801432804670185,2,0.1514850078616291,0.1796689369693523,4.257806852020665
2929,0.2695681314915418,0.1734574205408302,19.435235515475178,9,0.2715502373874187,5.916071200743318,0.3801432804670185,2,0.1514850078616291,0.1796689369693523,4.257806852020665
2930,0.2695681314915418,0.1734574205408302,19.435235515475178,15,0.0589490979444235,5.916071200743318,0.3801432804670185,2,0.1514850078616291,0.1796689369693523,4.257806852020665
2931,0.2695681314915418,0.1734574205408302,19.435235515475178,15,0.2715502373874187,5.37086196616292,0.3801432804670185,2,0.1514850078616291,0.1796689369693523,4.257806852020665
2932,0.2695681314915418,0.1734574205408302,19.435235515475178,15,0.2715502373874187,5.916071200743318,0.0961084188427776,2,0.1514850078616291,0.1796689369693523,4.257806852020665
2933,0.2695681314915418,0.1734574205408302,19.435235515475178,15,0.2715502373874187,5.916071200743318,0.3801432804670185,3,0.1514850078616291,0.1796689369693523,4.257806852020665
2934,0.2695681314915418,0.1734574205408302,19.435235515475178,15,0.2715502373874187,5.916071200743318,0.3801432804670185,2,0.21055390057154,0.1796689369693523,4.257806852020665
2935,0.2695681314915418,0.1734574205408302,19.435235515475178,15,0.2715502373874187,5.916071200743318,0.3801432804670185,2,0.1514850078616291,0.030726194081279,4.257806852020665
2936,0.2695681314915418,0.1734574205408302,19.435235515475178,15,0.2715502373874187,5.916071200743318,0.3801432804670185,2,0.1514850078616291,0.1796689369693523,1.8279355338664545
2937,0.4686408720910548,0.1096948072257303,14.114836672829927,9,0.0589490979444235,5.37086196616292,0.0961084188427776,3,0.21055390057154,0.030726194081279,1.8279355338664545
2938,0.0038087021559476,0.0527523733631866,9.5131217153344,5,0.1892125997226685,7.222134619951248,0.167975502461195,3,0.2619276684708893,0.1180790564026051,7.644823327641045
2939,0.3935146763920784,0.0527523733631866,9.5131217153344,5,0.1892125997226685,7.222134619951248,0.167975502461195,3,0.2619276684708893,0.1180790564026051,7.644823327641045
2940,0.0038087021559476,0.0301467512471179,9.5131217153344,5,0.1892125997226685,7.222134619951248,0.167975502461195,3,0.2619276684708893,0.1180790564026051,7.644823327641045
2941,0.0038087021559476,0.0527523733631866,9.120782008057128,5,0.1892125997226685,7.222134619951248,0.167975502461195,3,0.2619276684708893,0.1180790564026051,7.644823327641045
2942,0.0038087021559476,0.0527523733631866,9.5131217153344,6,0.1892125997226685,7.222134619951248,0.167975502461195,3,0.2619276684708893,0.1180790564026051,7.644823327641045
2943,0.0038087021559476,0.0527523733631866,9.5131217153344,5,0.1966010853182524,7.222134619951248,0.167975502461195,3,0.2619276684708893,0.1180790564026051,7.644823327641045
2944,0.0038087021559476,0.0527523733631866,9.5131217153344,5,0.1892125997226685,6.530367188155651,0.167975502461195,3,0.2619276684708893,0.1180790564026051,7.644823327641045
2945,0.0038087021559476,0.0527523733631866,9.5131217153344,5,0.1892125997226685,7.222134619951248,0.3993924022186548,3,0.2619276684708893,0.1180790564026051,7.644823327641045
2946,0.0038087021559476,0.0527523733631866,9.5131217153344,5,0.1892125997226685,7.222134619951248,0.167975502461195,2,0.2619276684708893,0.1180790564026051,7.644823327641045
2947,0.0038087021559476,0.0527523733631866,9.5131217153344,5,0.1892125997226685,7.222134619951248,0.167975502461195,3,0.3068888248875737,0.1180790564026051,7.644823327641045
2948,0.0038087021559476,0.0527523733631866,9.5131217153344,5,0.1892125997226685,7.222134619951248,0.167975502461195,3,0.2619276684708893,0.240395625717337,7.644823327641045
2949,0.0038087021559476,0.0527523733631866,9.5131217153344,5,0.1892125997226685,7.222134619951248,0.167975502461195,3,0.2619276684708893,0.1180790564026051,1.255525327472938
2950,0.3935146763920784,0.0301467512471179,9.120782008057128,6,0.1966010853182524,6.530367188155651,0.3993924022186548,2,0.3068888248875737,0.240395625717337,1.255525327472938
2951,0.3652120543643832,0.1105247322805026,15.104749585340803,11,0.0608097121119499,3.78836521320045,0.2975222250446677,1,0.2990376919042319,0.0365195130777099,2.7256792892444763
2952,0.0457928756251931,0.1105247322805026,15.104749585340803,11,0.0608097121119499,3.78836521320045,0.2975222250446677,1,0.2990376919042319,0.0365195130777099,2.7256792892444763
2953,0.3652120543643832,0.2084060817890259,15.104749585340803,11,0.0608097121119499,3.78836521320045,0.2975222250446677,1,0.2990376919042319,0.0365195130777099,2.7256792892444763
2954,0.3652120543643832,0.1105247322805026,16.67239424460535,11,0.0608097121119499,3.78836521320045,0.2975222250446677,1,0.2990376919042319,0.0365195130777099,2.7256792892444763
2955,0.3652120543643832,0.1105247322805026,15.104749585340803,11,0.0608097121119499,3.78836521320045,0.2975222250446677,1,0.2990376919042319,0.0365195130777099,2.7256792892444763
2956,0.3652120543643832,0.1105247322805026,15.104749585340803,11,0.1707888987846672,3.78836521320045,0.2975222250446677,1,0.2990376919042319,0.0365195130777099,2.7256792892444763
2957,0.3652120543643832,0.1105247322805026,15.104749585340803,11,0.0608097121119499,4.823283296078444,0.2975222250446677,1,0.2990376919042319,0.0365195130777099,2.7256792892444763
2958,0.3652120543643832,0.1105247322805026,15.104749585340803,11,0.0608097121119499,3.78836521320045,0.1734171069227159,1,0.2990376919042319,0.0365195130777099,2.7256792892444763
2959,0.3652120543643832,0.1105247322805026,15.104749585340803,11,0.0608097121119499,3.78836521320045,0.2975222250446677,1,0.2990376919042319,0.0365195130777099,2.7256792892444763
2960,0.3652120543643832,0.1105247322805026,15.104749585340803,11,0.0608097121119499,3.78836521320045,0.2975222250446677,1,0.1314138286747038,0.0365195130777099,2.7256792892444763
2961,0.3652120543643832,0.1105247322805026,15.104749585340803,11,0.0608097121119499,3.78836521320045,0.2975222250446677,1,0.2990376919042319,0.059867684800096,2.7256792892444763
2962,0.3652120543643832,0.1105247322805026,15.104749585340803,11,0.0608097121119499,3.78836521320045,0.2975222250446677,1,0.2990376919042319,0.0365195130777099,4.673063695214737
2963,0.0457928756251931,0.2084060817890259,16.67239424460535,11,0.1707888987846672,4.823283296078444,0.1734171069227159,1,0.1314138286747038,0.059867684800096,4.673063695214737
2964,0.4013879790902138,0.0339039540137488,18.158665281275574,12,0.0965431115590036,2.592257359996438,0.222784784482792,3,0.2141027443110942,0.2398759266825203,5.320261999909892
2965,0.1309554643929004,0.0339039540137488,18.158665281275574,12,0.0965431115590036,2.592257359996438,0.222784784482792,3,0.2141027443110942,0.2398759266825203,5.320261999909892
2966,0.4013879790902138,0.0433114628026677,18.158665281275574,12,0.0965431115590036,2.592257359996438,0.222784784482792,3,0.2141027443110942,0.2398759266825203,5.320261999909892
2967,0.4013879790902138,0.0339039540137488,10.683184103010102,12,0.0965431115590036,2.592257359996438,0.222784784482792,3,0.2141027443110942,0.2398759266825203,5.320261999909892
2968,0.4013879790902138,0.0339039540137488,18.158665281275574,12,0.0965431115590036,2.592257359996438,0.222784784482792,3,0.2141027443110942,0.2398759266825203,5.320261999909892
2969,0.4013879790902138,0.0339039540137488,18.158665281275574,12,0.1416654514148831,2.592257359996438,0.222784784482792,3,0.2141027443110942,0.2398759266825203,5.320261999909892
2970,0.4013879790902138,0.0339039540137488,18.158665281275574,12,0.0965431115590036,3.7816514763981104,0.222784784482792,3,0.2141027443110942,0.2398759266825203,5.320261999909892
2971,0.4013879790902138,0.0339039540137488,18.158665281275574,12,0.0965431115590036,2.592257359996438,0.2094065068755299,3,0.2141027443110942,0.2398759266825203,5.320261999909892
2972,0.4013879790902138,0.0339039540137488,18.158665281275574,12,0.0965431115590036,2.592257359996438,0.222784784482792,2,0.2141027443110942,0.2398759266825203,5.320261999909892
2973,0.4013879790902138,0.0339039540137488,18.158665281275574,12,0.0965431115590036,2.592257359996438,0.222784784482792,3,0.4330173904076219,0.2398759266825203,5.320261999909892
2974,0.4013879790902138,0.0339039540137488,18.158665281275574,12,0.0965431115590036,2.592257359996438,0.222784784482792,3,0.2141027443110942,0.1029852967930225,5.320261999909892
2975,0.4013879790902138,0.0339039540137488,18.158665281275574,12,0.0965431115590036,2.592257359996438,0.222784784482792,3,0.2141027443110942,0.2398759266825203,5.214928533026369
2976,0.1309554643929004,0.0433114628026677,10.683184103010102,12,0.1416654514148831,3.7816514763981104,0.2094065068755299,2,0.4330173904076219,0.1029852967930225,5.214928533026369
2977,0.1152890453115105,0.1307129290426422,4.942378314236626,6,0.2162176207173615,5.276038210839033,0.2648200931493193,1,0.3460247861687094,0.0783041847240053,1.8671427740806328
2978,0.3086455212906003,0.1307129290426422,4.942378314236626,6,0.2162176207173615,5.276038210839033,0.2648200931493193,1,0.3460247861687094,0.0783041847240053,1.8671427740806328
2979,0.1152890453115105,0.2977144130702807,4.942378314236626,6,0.2162176207173615,5.276038210839033,0.2648200931493193,1,0.3460247861687094,0.0783041847240053,1.8671427740806328
2980,0.1152890453115105,0.1307129290426422,5.692871647403396,6,0.2162176207173615,5.276038210839033,0.2648200931493193,1,0.3460247861687094,0.0783041847240053,1.8671427740806328
2981,0.1152890453115105,0.1307129290426422,4.942378314236626,5,0.2162176207173615,5.276038210839033,0.2648200931493193,1,0.3460247861687094,0.0783041847240053,1.8671427740806328
2982,0.1152890453115105,0.1307129290426422,4.942378314236626,6,0.2223137174267321,5.276038210839033,0.2648200931493193,1,0.3460247861687094,0.0783041847240053,1.8671427740806328
2983,0.1152890453115105,0.1307129290426422,4.942378314236626,6,0.2162176207173615,7.74750686250627,0.2648200931493193,1,0.3460247861687094,0.0783041847240053,1.8671427740806328
2984,0.1152890453115105,0.1307129290426422,4.942378314236626,6,0.2162176207173615,5.276038210839033,0.3361869306303561,1,0.3460247861687094,0.0783041847240053,1.8671427740806328
2985,0.1152890453115105,0.1307129290426422,4.942378314236626,6,0.2162176207173615,5.276038210839033,0.2648200931493193,1,0.3460247861687094,0.0783041847240053,1.8671427740806328
2986,0.1152890453115105,0.1307129290426422,4.942378314236626,6,0.2162176207173615,5.276038210839033,0.2648200931493193,1,0.2285306558944285,0.0783041847240053,1.8671427740806328
2987,0.1152890453115105,0.1307129290426422,4.942378314236626,6,0.2162176207173615,5.276038210839033,0.2648200931493193,1,0.3460247861687094,0.0409817791618914,1.8671427740806328
2988,0.1152890453115105,0.1307129290426422,4.942378314236626,6,0.2162176207173615,5.276038210839033,0.2648200931493193,1,0.3460247861687094,0.0783041847240053,2.3753496067548894
2989,0.3086455212906003,0.2977144130702807,5.692871647403396,5,0.2223137174267321,7.74750686250627,0.3361869306303561,1,0.2285306558944285,0.0409817791618914,2.3753496067548894
2990,0.1583922067657113,0.0701618421946514,10.087859922553124,14,0.243753661122173,7.674553168937564,0.1294018109329044,2,0.4600946449674666,0.0487589273302562,1.0408247131639914
2991,0.5335148775950074,0.0701618421946514,10.087859922553124,14,0.243753661122173,7.674553168937564,0.1294018109329044,2,0.4600946449674666,0.0487589273302562,1.0408247131639914
2992,0.1583922067657113,0.0818118346216659,10.087859922553124,14,0.243753661122173,7.674553168937564,0.1294018109329044,2,0.4600946449674666,0.0487589273302562,1.0408247131639914
2993,0.1583922067657113,0.0701618421946514,21.989949382056317,14,0.243753661122173,7.674553168937564,0.1294018109329044,2,0.4600946449674666,0.0487589273302562,1.0408247131639914
2994,0.1583922067657113,0.0701618421946514,10.087859922553124,8,0.243753661122173,7.674553168937564,0.1294018109329044,2,0.4600946449674666,0.0487589273302562,1.0408247131639914
2995,0.1583922067657113,0.0701618421946514,10.087859922553124,14,0.0961594213265925,7.674553168937564,0.1294018109329044,2,0.4600946449674666,0.0487589273302562,1.0408247131639914
2996,0.1583922067657113,0.0701618421946514,10.087859922553124,14,0.243753661122173,6.397772761061788,0.1294018109329044,2,0.4600946449674666,0.0487589273302562,1.0408247131639914
2997,0.1583922067657113,0.0701618421946514,10.087859922553124,14,0.243753661122173,7.674553168937564,0.0710466878488659,2,0.4600946449674666,0.0487589273302562,1.0408247131639914
2998,0.1583922067657113,0.0701618421946514,10.087859922553124,14,0.243753661122173,7.674553168937564,0.1294018109329044,2,0.4600946449674666,0.0487589273302562,1.0408247131639914
2999,0.1583922067657113,0.0701618421946514,10.087859922553124,14,0.243753661122173,7.674553168937564,0.1294018109329044,2,0.3538962021004408,0.0487589273302562,1.0408247131639914
3000,0.1583922067657113,0.0701618421946514,10.087859922553124,14,0.243753661122173,7.674553168937564,0.1294018109329044,2,0.4600946449674666,0.1802293278498887,1.0408247131639914
3001,0.1583922067657113,0.0701618421946514,10.087859922553124,14,0.243753661122173,7.674553168937564,0.1294018109329044,2,0.4600946449674666,0.0487589273302562,1.6381603861322578
3002,0.5335148775950074,0.0818118346216659,21.989949382056317,8,0.0961594213265925,6.397772761061788,0.0710466878488659,2,0.3538962021004408,0.1802293278498887,1.6381603861322578
3003,0.5107017919421196,0.2605092976573047,6.357951752195869,8,0.1163883828092366,4.2645875960588455,0.3471214435063303,2,0.0999935525935143,0.1576529297332204,2.9685701989726527
3004,0.2057880610227584,0.2605092976573047,6.357951752195869,8,0.1163883828092366,4.2645875960588455,0.3471214435063303,2,0.0999935525935143,0.1576529297332204,2.9685701989726527
3005,0.5107017919421196,0.1576761872091158,6.357951752195869,8,0.1163883828092366,4.2645875960588455,0.3471214435063303,2,0.0999935525935143,0.1576529297332204,2.9685701989726527
3006,0.5107017919421196,0.2605092976573047,6.8911680962953445,8,0.1163883828092366,4.2645875960588455,0.3471214435063303,2,0.0999935525935143,0.1576529297332204,2.9685701989726527
3007,0.5107017919421196,0.2605092976573047,6.357951752195869,16,0.1163883828092366,4.2645875960588455,0.3471214435063303,2,0.0999935525935143,0.1576529297332204,2.9685701989726527
3008,0.5107017919421196,0.2605092976573047,6.357951752195869,8,0.2403492184355855,4.2645875960588455,0.3471214435063303,2,0.0999935525935143,0.1576529297332204,2.9685701989726527
3009,0.5107017919421196,0.2605092976573047,6.357951752195869,8,0.1163883828092366,2.061260027810931,0.3471214435063303,2,0.0999935525935143,0.1576529297332204,2.9685701989726527
3010,0.5107017919421196,0.2605092976573047,6.357951752195869,8,0.1163883828092366,4.2645875960588455,0.2833594619762152,2,0.0999935525935143,0.1576529297332204,2.9685701989726527
3011,0.5107017919421196,0.2605092976573047,6.357951752195869,8,0.1163883828092366,4.2645875960588455,0.3471214435063303,3,0.0999935525935143,0.1576529297332204,2.9685701989726527
3012,0.5107017919421196,0.2605092976573047,6.357951752195869,8,0.1163883828092366,4.2645875960588455,0.3471214435063303,2,0.0791587640065699,0.1576529297332204,2.9685701989726527
3013,0.5107017919421196,0.2605092976573047,6.357951752195869,8,0.1163883828092366,4.2645875960588455,0.3471214435063303,2,0.0999935525935143,0.0798520184415127,2.9685701989726527
3014,0.5107017919421196,0.2605092976573047,6.357951752195869,8,0.1163883828092366,4.2645875960588455,0.3471214435063303,2,0.0999935525935143,0.1576529297332204,3.581558542243956
3015,0.2057880610227584,0.1576761872091158,6.8911680962953445,16,0.2403492184355855,2.061260027810931,0.2833594619762152,3,0.0791587640065699,0.0798520184415127,3.581558542243956
3016,0.4727584926411509,0.0457470782986027,12.191413063602871,7,0.2910227612126618,4.104781286790967,0.1857099430635571,3,0.1731921933125704,0.0327793403360681,3.3328450943074994
3017,0.2603574257344007,0.0457470782986027,12.191413063602871,7,0.2910227612126618,4.104781286790967,0.1857099430635571,3,0.1731921933125704,0.0327793403360681,3.3328450943074994
3018,0.4727584926411509,0.2500282727111676,12.191413063602871,7,0.2910227612126618,4.104781286790967,0.1857099430635571,3,0.1731921933125704,0.0327793403360681,3.3328450943074994
3019,0.4727584926411509,0.0457470782986027,19.743989446146102,7,0.2910227612126618,4.104781286790967,0.1857099430635571,3,0.1731921933125704,0.0327793403360681,3.3328450943074994
3020,0.4727584926411509,0.0457470782986027,12.191413063602871,6,0.2910227612126618,4.104781286790967,0.1857099430635571,3,0.1731921933125704,0.0327793403360681,3.3328450943074994
3021,0.4727584926411509,0.0457470782986027,12.191413063602871,7,0.1232531605754047,4.104781286790967,0.1857099430635571,3,0.1731921933125704,0.0327793403360681,3.3328450943074994
3022,0.4727584926411509,0.0457470782986027,12.191413063602871,7,0.2910227612126618,6.987957930192351,0.1857099430635571,3,0.1731921933125704,0.0327793403360681,3.3328450943074994
3023,0.4727584926411509,0.0457470782986027,12.191413063602871,7,0.2910227612126618,4.104781286790967,0.1380925115663558,3,0.1731921933125704,0.0327793403360681,3.3328450943074994
3024,0.4727584926411509,0.0457470782986027,12.191413063602871,7,0.2910227612126618,4.104781286790967,0.1857099430635571,2,0.1731921933125704,0.0327793403360681,3.3328450943074994
3025,0.4727584926411509,0.0457470782986027,12.191413063602871,7,0.2910227612126618,4.104781286790967,0.1857099430635571,3,0.2856436763424426,0.0327793403360681,3.3328450943074994
3026,0.4727584926411509,0.0457470782986027,12.191413063602871,7,0.2910227612126618,4.104781286790967,0.1857099430635571,3,0.1731921933125704,0.1108479559156057,3.3328450943074994
3027,0.4727584926411509,0.0457470782986027,12.191413063602871,7,0.2910227612126618,4.104781286790967,0.1857099430635571,3,0.1731921933125704,0.0327793403360681,2.7842313393927984
3028,0.2603574257344007,0.2500282727111676,19.743989446146102,6,0.1232531605754047,6.987957930192351,0.1380925115663558,2,0.2856436763424426,0.1108479559156057,2.7842313393927984
3029,0.1963549967855215,0.0955751490639023,7.465053501448478,13,0.1626199862919747,6.765116099268198,0.2250109184533357,1,0.3649343584664166,0.0986257581085862,1.1876091292568085
3030,0.514402742497623,0.0955751490639023,7.465053501448478,13,0.1626199862919747,6.765116099268198,0.2250109184533357,1,0.3649343584664166,0.0986257581085862,1.1876091292568085
3031,0.1963549967855215,0.0515941846862033,7.465053501448478,13,0.1626199862919747,6.765116099268198,0.2250109184533357,1,0.3649343584664166,0.0986257581085862,1.1876091292568085
3032,0.1963549967855215,0.0955751490639023,7.518658008291775,13,0.1626199862919747,6.765116099268198,0.2250109184533357,1,0.3649343584664166,0.0986257581085862,1.1876091292568085
3033,0.1963549967855215,0.0955751490639023,7.465053501448478,10,0.1626199862919747,6.765116099268198,0.2250109184533357,1,0.3649343584664166,0.0986257581085862,1.1876091292568085
3034,0.1963549967855215,0.0955751490639023,7.465053501448478,13,0.2127671401947736,6.765116099268198,0.2250109184533357,1,0.3649343584664166,0.0986257581085862,1.1876091292568085
3035,0.1963549967855215,0.0955751490639023,7.465053501448478,13,0.1626199862919747,4.576633641496301,0.2250109184533357,1,0.3649343584664166,0.0986257581085862,1.1876091292568085
3036,0.1963549967855215,0.0955751490639023,7.465053501448478,13,0.1626199862919747,6.765116099268198,0.3639703067950904,1,0.3649343584664166,0.0986257581085862,1.1876091292568085
3037,0.1963549967855215,0.0955751490639023,7.465053501448478,13,0.1626199862919747,6.765116099268198,0.2250109184533357,1,0.3649343584664166,0.0986257581085862,1.1876091292568085
3038,0.1963549967855215,0.0955751490639023,7.465053501448478,13,0.1626199862919747,6.765116099268198,0.2250109184533357,1,0.1527943491470068,0.0986257581085862,1.1876091292568085
3039,0.1963549967855215,0.0955751490639023,7.465053501448478,13,0.1626199862919747,6.765116099268198,0.2250109184533357,1,0.3649343584664166,0.0508879429885455,1.1876091292568085
3040,0.1963549967855215,0.0955751490639023,7.465053501448478,13,0.1626199862919747,6.765116099268198,0.2250109184533357,1,0.3649343584664166,0.0986257581085862,6.161816881693986
3041,0.514402742497623,0.0515941846862033,7.518658008291775,10,0.2127671401947736,4.576633641496301,0.3639703067950904,1,0.1527943491470068,0.0508879429885455,6.161816881693986
3042,0.0782521214336156,0.092356864435043,15.683235346653486,7,0.0802773856092244,6.185569336637855,0.1035848630126565,2,0.4754061973188072,0.2151072454574391,2.130207103955611
3043,0.4392345523461699,0.092356864435043,15.683235346653486,7,0.0802773856092244,6.185569336637855,0.1035848630126565,2,0.4754061973188072,0.2151072454574391,2.130207103955611
3044,0.0782521214336156,0.1420787005434072,15.683235346653486,7,0.0802773856092244,6.185569336637855,0.1035848630126565,2,0.4754061973188072,0.2151072454574391,2.130207103955611
3045,0.0782521214336156,0.092356864435043,11.900655307183142,7,0.0802773856092244,6.185569336637855,0.1035848630126565,2,0.4754061973188072,0.2151072454574391,2.130207103955611
3046,0.0782521214336156,0.092356864435043,15.683235346653486,14,0.0802773856092244,6.185569336637855,0.1035848630126565,2,0.4754061973188072,0.2151072454574391,2.130207103955611
3047,0.0782521214336156,0.092356864435043,15.683235346653486,7,0.1062554355710744,6.185569336637855,0.1035848630126565,2,0.4754061973188072,0.2151072454574391,2.130207103955611
3048,0.0782521214336156,0.092356864435043,15.683235346653486,7,0.0802773856092244,2.8311873208731413,0.1035848630126565,2,0.4754061973188072,0.2151072454574391,2.130207103955611
3049,0.0782521214336156,0.092356864435043,15.683235346653486,7,0.0802773856092244,6.185569336637855,0.1314449626952409,2,0.4754061973188072,0.2151072454574391,2.130207103955611
3050,0.0782521214336156,0.092356864435043,15.683235346653486,7,0.0802773856092244,6.185569336637855,0.1035848630126565,2,0.4754061973188072,0.2151072454574391,2.130207103955611
3051,0.0782521214336156,0.092356864435043,15.683235346653486,7,0.0802773856092244,6.185569336637855,0.1035848630126565,2,0.4772101760841906,0.2151072454574391,2.130207103955611
3052,0.0782521214336156,0.092356864435043,15.683235346653486,7,0.0802773856092244,6.185569336637855,0.1035848630126565,2,0.4754061973188072,0.223385644619896,2.130207103955611
3053,0.0782521214336156,0.092356864435043,15.683235346653486,7,0.0802773856092244,6.185569336637855,0.1035848630126565,2,0.4754061973188072,0.2151072454574391,3.058197101350858
3054,0.4392345523461699,0.1420787005434072,11.900655307183142,14,0.1062554355710744,2.8311873208731413,0.1314449626952409,2,0.4772101760841906,0.223385644619896,3.058197101350858
3055,0.4384443936869502,0.2005929252235838,4.147137314919421,13,0.2009895934723317,2.7521520033478737,0.318570078862831,2,0.0627359498292207,0.065342476670518,5.97164551958172
3056,0.0352262813597917,0.2005929252235838,4.147137314919421,13,0.2009895934723317,2.7521520033478737,0.318570078862831,2,0.0627359498292207,0.065342476670518,5.97164551958172
3057,0.4384443936869502,0.090754069890747,4.147137314919421,13,0.2009895934723317,2.7521520033478737,0.318570078862831,2,0.0627359498292207,0.065342476670518,5.97164551958172
3058,0.4384443936869502,0.2005929252235838,5.216482279521988,13,0.2009895934723317,2.7521520033478737,0.318570078862831,2,0.0627359498292207,0.065342476670518,5.97164551958172
3059,0.4384443936869502,0.2005929252235838,4.147137314919421,9,0.2009895934723317,2.7521520033478737,0.318570078862831,2,0.0627359498292207,0.065342476670518,5.97164551958172
3060,0.4384443936869502,0.2005929252235838,4.147137314919421,13,0.2572355134878307,2.7521520033478737,0.318570078862831,2,0.0627359498292207,0.065342476670518,5.97164551958172
3061,0.4384443936869502,0.2005929252235838,4.147137314919421,13,0.2009895934723317,5.616029979661107,0.318570078862831,2,0.0627359498292207,0.065342476670518,5.97164551958172
3062,0.4384443936869502,0.2005929252235838,4.147137314919421,13,0.2009895934723317,2.7521520033478737,0.2664926407393068,2,0.0627359498292207,0.065342476670518,5.97164551958172
3063,0.4384443936869502,0.2005929252235838,4.147137314919421,13,0.2009895934723317,2.7521520033478737,0.318570078862831,3,0.0627359498292207,0.065342476670518,5.97164551958172
3064,0.4384443936869502,0.2005929252235838,4.147137314919421,13,0.2009895934723317,2.7521520033478737,0.318570078862831,2,0.1897214123979211,0.065342476670518,5.97164551958172
3065,0.4384443936869502,0.2005929252235838,4.147137314919421,13,0.2009895934723317,2.7521520033478737,0.318570078862831,2,0.0627359498292207,0.0857194813190914,5.97164551958172
3066,0.4384443936869502,0.2005929252235838,4.147137314919421,13,0.2009895934723317,2.7521520033478737,0.318570078862831,2,0.0627359498292207,0.065342476670518,1.387345116176907
3067,0.0352262813597917,0.090754069890747,5.216482279521988,9,0.2572355134878307,5.616029979661107,0.2664926407393068,3,0.1897214123979211,0.0857194813190914,1.387345116176907
3068,0.3269663393497466,0.0607070290435473,7.878365545216827,16,0.2356852881610393,4.745043326169252,0.0706511038355529,2,0.4293116013985127,0.1316754297608356,2.3792826095911748
3069,0.1015296785160899,0.0607070290435473,7.878365545216827,16,0.2356852881610393,4.745043326169252,0.0706511038355529,2,0.4293116013985127,0.1316754297608356,2.3792826095911748
3070,0.3269663393497466,0.0990047147598874,7.878365545216827,16,0.2356852881610393,4.745043326169252,0.0706511038355529,2,0.4293116013985127,0.1316754297608356,2.3792826095911748
3071,0.3269663393497466,0.0607070290435473,7.961629323042286,16,0.2356852881610393,4.745043326169252,0.0706511038355529,2,0.4293116013985127,0.1316754297608356,2.3792826095911748
3072,0.3269663393497466,0.0607070290435473,7.878365545216827,8,0.2356852881610393,4.745043326169252,0.0706511038355529,2,0.4293116013985127,0.1316754297608356,2.3792826095911748
3073,0.3269663393497466,0.0607070290435473,7.878365545216827,16,0.2866640937980264,4.745043326169252,0.0706511038355529,2,0.4293116013985127,0.1316754297608356,2.3792826095911748
3074,0.3269663393497466,0.0607070290435473,7.878365545216827,16,0.2356852881610393,6.083352971822023,0.0706511038355529,2,0.4293116013985127,0.1316754297608356,2.3792826095911748
3075,0.3269663393497466,0.0607070290435473,7.878365545216827,16,0.2356852881610393,4.745043326169252,0.2913309117779136,2,0.4293116013985127,0.1316754297608356,2.3792826095911748
3076,0.3269663393497466,0.0607070290435473,7.878365545216827,16,0.2356852881610393,4.745043326169252,0.0706511038355529,2,0.4293116013985127,0.1316754297608356,2.3792826095911748
3077,0.3269663393497466,0.0607070290435473,7.878365545216827,16,0.2356852881610393,4.745043326169252,0.0706511038355529,2,0.3748119452036917,0.1316754297608356,2.3792826095911748
3078,0.3269663393497466,0.0607070290435473,7.878365545216827,16,0.2356852881610393,4.745043326169252,0.0706511038355529,2,0.4293116013985127,0.1477850182330837,2.3792826095911748
3079,0.3269663393497466,0.0607070290435473,7.878365545216827,16,0.2356852881610393,4.745043326169252,0.0706511038355529,2,0.4293116013985127,0.1316754297608356,2.160047650635336
3080,0.1015296785160899,0.0990047147598874,7.961629323042286,8,0.2866640937980264,6.083352971822023,0.2913309117779136,2,0.3748119452036917,0.1477850182330837,2.160047650635336
3081,0.0420739078894257,0.2257762583474069,12.85304442042944,10,0.1083201076369732,7.428449215367436,0.3731463567353785,2,0.1114533589221537,0.0437637563934237,6.783002483091131
3082,0.3732259478420019,0.2257762583474069,12.85304442042944,10,0.1083201076369732,7.428449215367436,0.3731463567353785,2,0.1114533589221537,0.0437637563934237,6.783002483091131
3083,0.0420739078894257,0.0634581494906424,12.85304442042944,10,0.1083201076369732,7.428449215367436,0.3731463567353785,2,0.1114533589221537,0.0437637563934237,6.783002483091131
3084,0.0420739078894257,0.2257762583474069,18.71164044937699,10,0.1083201076369732,7.428449215367436,0.3731463567353785,2,0.1114533589221537,0.0437637563934237,6.783002483091131
3085,0.0420739078894257,0.2257762583474069,12.85304442042944,15,0.1083201076369732,7.428449215367436,0.3731463567353785,2,0.1114533589221537,0.0437637563934237,6.783002483091131
3086,0.0420739078894257,0.2257762583474069,12.85304442042944,10,0.0812142367474734,7.428449215367436,0.3731463567353785,2,0.1114533589221537,0.0437637563934237,6.783002483091131
3087,0.0420739078894257,0.2257762583474069,12.85304442042944,10,0.1083201076369732,2.539738729596138,0.3731463567353785,2,0.1114533589221537,0.0437637563934237,6.783002483091131
3088,0.0420739078894257,0.2257762583474069,12.85304442042944,10,0.1083201076369732,7.428449215367436,0.0791342619340866,2,0.1114533589221537,0.0437637563934237,6.783002483091131
3089,0.0420739078894257,0.2257762583474069,12.85304442042944,10,0.1083201076369732,7.428449215367436,0.3731463567353785,3,0.1114533589221537,0.0437637563934237,6.783002483091131
3090,0.0420739078894257,0.2257762583474069,12.85304442042944,10,0.1083201076369732,7.428449215367436,0.3731463567353785,2,0.0583268927410245,0.0437637563934237,6.783002483091131
3091,0.0420739078894257,0.2257762583474069,12.85304442042944,10,0.1083201076369732,7.428449215367436,0.3731463567353785,2,0.1114533589221537,0.0381697907193971,6.783002483091131
3092,0.0420739078894257,0.2257762583474069,12.85304442042944,10,0.1083201076369732,7.428449215367436,0.3731463567353785,2,0.1114533589221537,0.0437637563934237,7.9423899785336065
3093,0.3732259478420019,0.0634581494906424,18.71164044937699,15,0.0812142367474734,2.539738729596138,0.0791342619340866,3,0.0583268927410245,0.0381697907193971,7.9423899785336065
3094,0.232833051122725,0.0391836043274737,6.122932595080426,10,0.135860900580883,5.709667555987835,0.153095972398296,3,0.2255489761475473,0.0872418771986142,3.7772440071564817
3095,0.5980627510696649,0.0391836043274737,6.122932595080426,10,0.135860900580883,5.709667555987835,0.153095972398296,3,0.2255489761475473,0.0872418771986142,3.7772440071564817
3096,0.232833051122725,0.1747156194595996,6.122932595080426,10,0.135860900580883,5.709667555987835,0.153095972398296,3,0.2255489761475473,0.0872418771986142,3.7772440071564817
3097,0.232833051122725,0.0391836043274737,4.917859939623048,10,0.135860900580883,5.709667555987835,0.153095972398296,3,0.2255489761475473,0.0872418771986142,3.7772440071564817
3098,0.232833051122725,0.0391836043274737,6.122932595080426,13,0.135860900580883,5.709667555987835,0.153095972398296,3,0.2255489761475473,0.0872418771986142,3.7772440071564817
3099,0.232833051122725,0.0391836043274737,6.122932595080426,10,0.1757398794405162,5.709667555987835,0.153095972398296,3,0.2255489761475473,0.0872418771986142,3.7772440071564817
3100,0.232833051122725,0.0391836043274737,6.122932595080426,10,0.135860900580883,4.100413929671049,0.153095972398296,3,0.2255489761475473,0.0872418771986142,3.7772440071564817
3101,0.232833051122725,0.0391836043274737,6.122932595080426,10,0.135860900580883,5.709667555987835,0.3281846942845732,3,0.2255489761475473,0.0872418771986142,3.7772440071564817
3102,0.232833051122725,0.0391836043274737,6.122932595080426,10,0.135860900580883,5.709667555987835,0.153095972398296,2,0.2255489761475473,0.0872418771986142,3.7772440071564817
3103,0.232833051122725,0.0391836043274737,6.122932595080426,10,0.135860900580883,5.709667555987835,0.153095972398296,3,0.4117716249544173,0.0872418771986142,3.7772440071564817
3104,0.232833051122725,0.0391836043274737,6.122932595080426,10,0.135860900580883,5.709667555987835,0.153095972398296,3,0.2255489761475473,0.2978359145174249,3.7772440071564817
3105,0.232833051122725,0.0391836043274737,6.122932595080426,10,0.135860900580883,5.709667555987835,0.153095972398296,3,0.2255489761475473,0.0872418771986142,3.9579670135095215
3106,0.5980627510696649,0.1747156194595996,4.917859939623048,13,0.1757398794405162,4.100413929671049,0.3281846942845732,2,0.4117716249544173,0.2978359145174249,3.9579670135095215
3107,0.5839367061853409,0.1508187345616722,23.14118281237686,4,0.2555355224292725,2.299321299418807,0.2799082782585174,1,0.315228146314621,0.28720000414752,1.3236854805777596
3108,0.1764026960358023,0.1508187345616722,23.14118281237686,4,0.2555355224292725,2.299321299418807,0.2799082782585174,1,0.315228146314621,0.28720000414752,1.3236854805777596
3109,0.5839367061853409,0.0359343628210486,23.14118281237686,4,0.2555355224292725,2.299321299418807,0.2799082782585174,1,0.315228146314621,0.28720000414752,1.3236854805777596
3110,0.5839367061853409,0.1508187345616722,12.5797209911605,4,0.2555355224292725,2.299321299418807,0.2799082782585174,1,0.315228146314621,0.28720000414752,1.3236854805777596
3111,0.5839367061853409,0.1508187345616722,23.14118281237686,4,0.2555355224292725,2.299321299418807,0.2799082782585174,1,0.315228146314621,0.28720000414752,1.3236854805777596
3112,0.5839367061853409,0.1508187345616722,23.14118281237686,4,0.1568705616053193,2.299321299418807,0.2799082782585174,1,0.315228146314621,0.28720000414752,1.3236854805777596
3113,0.5839367061853409,0.1508187345616722,23.14118281237686,4,0.2555355224292725,7.264685474336147,0.2799082782585174,1,0.315228146314621,0.28720000414752,1.3236854805777596
3114,0.5839367061853409,0.1508187345616722,23.14118281237686,4,0.2555355224292725,2.299321299418807,0.2013495420105755,1,0.315228146314621,0.28720000414752,1.3236854805777596
3115,0.5839367061853409,0.1508187345616722,23.14118281237686,4,0.2555355224292725,2.299321299418807,0.2799082782585174,1,0.315228146314621,0.28720000414752,1.3236854805777596
3116,0.5839367061853409,0.1508187345616722,23.14118281237686,4,0.2555355224292725,2.299321299418807,0.2799082782585174,1,0.2499122760724276,0.28720000414752,1.3236854805777596
3117,0.5839367061853409,0.1508187345616722,23.14118281237686,4,0.2555355224292725,2.299321299418807,0.2799082782585174,1,0.315228146314621,0.0642932507409732,1.3236854805777596
3118,0.5839367061853409,0.1508187345616722,23.14118281237686,4,0.2555355224292725,2.299321299418807,0.2799082782585174,1,0.315228146314621,0.28720000414752,1.0719613003602877
3119,0.1764026960358023,0.0359343628210486,12.5797209911605,4,0.1568705616053193,7.264685474336147,0.2013495420105755,1,0.2499122760724276,0.0642932507409732,1.0719613003602877
3120,0.5755518285557627,0.0351256636695155,7.3980187697471855,14,0.0543019491713494,7.545953663066029,0.3940164600498974,3,0.3776261884719133,0.076079746952821,1.42643311043678
3121,0.1479628007858991,0.0351256636695155,7.3980187697471855,14,0.0543019491713494,7.545953663066029,0.3940164600498974,3,0.3776261884719133,0.076079746952821,1.42643311043678
3122,0.5755518285557627,0.146499512638159,7.3980187697471855,14,0.0543019491713494,7.545953663066029,0.3940164600498974,3,0.3776261884719133,0.076079746952821,1.42643311043678
3123,0.5755518285557627,0.0351256636695155,10.33894472009938,14,0.0543019491713494,7.545953663066029,0.3940164600498974,3,0.3776261884719133,0.076079746952821,1.42643311043678
3124,0.5755518285557627,0.0351256636695155,7.3980187697471855,10,0.0543019491713494,7.545953663066029,0.3940164600498974,3,0.3776261884719133,0.076079746952821,1.42643311043678
3125,0.5755518285557627,0.0351256636695155,7.3980187697471855,14,0.2774272046051919,7.545953663066029,0.3940164600498974,3,0.3776261884719133,0.076079746952821,1.42643311043678
3126,0.5755518285557627,0.0351256636695155,7.3980187697471855,14,0.0543019491713494,6.8284619357436895,0.3940164600498974,3,0.3776261884719133,0.076079746952821,1.42643311043678
3127,0.5755518285557627,0.0351256636695155,7.3980187697471855,14,0.0543019491713494,7.545953663066029,0.1202914972789585,3,0.3776261884719133,0.076079746952821,1.42643311043678
3128,0.5755518285557627,0.0351256636695155,7.3980187697471855,14,0.0543019491713494,7.545953663066029,0.3940164600498974,2,0.3776261884719133,0.076079746952821,1.42643311043678
3129,0.5755518285557627,0.0351256636695155,7.3980187697471855,14,0.0543019491713494,7.545953663066029,0.3940164600498974,3,0.4675931181758642,0.076079746952821,1.42643311043678
3130,0.5755518285557627,0.0351256636695155,7.3980187697471855,14,0.0543019491713494,7.545953663066029,0.3940164600498974,3,0.3776261884719133,0.0469554807130216,1.42643311043678
3131,0.5755518285557627,0.0351256636695155,7.3980187697471855,14,0.0543019491713494,7.545953663066029,0.3940164600498974,3,0.3776261884719133,0.076079746952821,1.496264595203084
3132,0.1479628007858991,0.146499512638159,10.33894472009938,10,0.2774272046051919,6.8284619357436895,0.1202914972789585,2,0.4675931181758642,0.0469554807130216,1.496264595203084
3133,0.2622389908879995,0.1682458555714076,11.095279125927885,8,0.1769367635250091,4.956289011985064,0.0840009874664247,1,0.1895164853427559,0.24835121741704,3.9987561508382377
3134,0.3265044344589114,0.1682458555714076,11.095279125927885,8,0.1769367635250091,4.956289011985064,0.0840009874664247,1,0.1895164853427559,0.24835121741704,3.9987561508382377
3135,0.2622389908879995,0.0762611380476106,11.095279125927885,8,0.1769367635250091,4.956289011985064,0.0840009874664247,1,0.1895164853427559,0.24835121741704,3.9987561508382377
3136,0.2622389908879995,0.1682458555714076,5.986254967619277,8,0.1769367635250091,4.956289011985064,0.0840009874664247,1,0.1895164853427559,0.24835121741704,3.9987561508382377
3137,0.2622389908879995,0.1682458555714076,11.095279125927885,7,0.1769367635250091,4.956289011985064,0.0840009874664247,1,0.1895164853427559,0.24835121741704,3.9987561508382377
3138,0.2622389908879995,0.1682458555714076,11.095279125927885,8,0.0551732191350311,4.956289011985064,0.0840009874664247,1,0.1895164853427559,0.24835121741704,3.9987561508382377
3139,0.2622389908879995,0.1682458555714076,11.095279125927885,8,0.1769367635250091,4.794724011793733,0.0840009874664247,1,0.1895164853427559,0.24835121741704,3.9987561508382377
3140,0.2622389908879995,0.1682458555714076,11.095279125927885,8,0.1769367635250091,4.956289011985064,0.2559466736856848,1,0.1895164853427559,0.24835121741704,3.9987561508382377
3141,0.2622389908879995,0.1682458555714076,11.095279125927885,8,0.1769367635250091,4.956289011985064,0.0840009874664247,1,0.1895164853427559,0.24835121741704,3.9987561508382377
3142,0.2622389908879995,0.1682458555714076,11.095279125927885,8,0.1769367635250091,4.956289011985064,0.0840009874664247,1,0.19395517623052,0.24835121741704,3.9987561508382377
3143,0.2622389908879995,0.1682458555714076,11.095279125927885,8,0.1769367635250091,4.956289011985064,0.0840009874664247,1,0.1895164853427559,0.120139765988603,3.9987561508382377
3144,0.2622389908879995,0.1682458555714076,11.095279125927885,8,0.1769367635250091,4.956289011985064,0.0840009874664247,1,0.1895164853427559,0.24835121741704,3.229133886847809
3145,0.3265044344589114,0.0762611380476106,5.986254967619277,7,0.0551732191350311,4.794724011793733,0.2559466736856848,1,0.19395517623052,0.120139765988603,3.229133886847809
3146,0.0686231341212987,0.0545113093785278,4.345632716552072,12,0.2820865641813725,2.186846708878875,0.3123987034428865,2,0.0754155640490353,0.1537350246285031,6.29923426975089
3147,0.5516293561086059,0.0545113093785278,4.345632716552072,12,0.2820865641813725,2.186846708878875,0.3123987034428865,2,0.0754155640490353,0.1537350246285031,6.29923426975089
3148,0.0686231341212987,0.2768847908816352,4.345632716552072,12,0.2820865641813725,2.186846708878875,0.3123987034428865,2,0.0754155640490353,0.1537350246285031,6.29923426975089
3149,0.0686231341212987,0.0545113093785278,22.766890867067605,12,0.2820865641813725,2.186846708878875,0.3123987034428865,2,0.0754155640490353,0.1537350246285031,6.29923426975089
3150,0.0686231341212987,0.0545113093785278,4.345632716552072,9,0.2820865641813725,2.186846708878875,0.3123987034428865,2,0.0754155640490353,0.1537350246285031,6.29923426975089
3151,0.0686231341212987,0.0545113093785278,4.345632716552072,12,0.2008609557058662,2.186846708878875,0.3123987034428865,2,0.0754155640490353,0.1537350246285031,6.29923426975089
3152,0.0686231341212987,0.0545113093785278,4.345632716552072,12,0.2820865641813725,3.351013420149684,0.3123987034428865,2,0.0754155640490353,0.1537350246285031,6.29923426975089
3153,0.0686231341212987,0.0545113093785278,4.345632716552072,12,0.2820865641813725,2.186846708878875,0.1492332774680108,2,0.0754155640490353,0.1537350246285031,6.29923426975089
3154,0.0686231341212987,0.0545113093785278,4.345632716552072,12,0.2820865641813725,2.186846708878875,0.3123987034428865,2,0.0754155640490353,0.1537350246285031,6.29923426975089
3155,0.0686231341212987,0.0545113093785278,4.345632716552072,12,0.2820865641813725,2.186846708878875,0.3123987034428865,2,0.318220986565575,0.1537350246285031,6.29923426975089
3156,0.0686231341212987,0.0545113093785278,4.345632716552072,12,0.2820865641813725,2.186846708878875,0.3123987034428865,2,0.0754155640490353,0.0946243502683402,6.29923426975089
3157,0.0686231341212987,0.0545113093785278,4.345632716552072,12,0.2820865641813725,2.186846708878875,0.3123987034428865,2,0.0754155640490353,0.1537350246285031,4.996648980688339
3158,0.5516293561086059,0.2768847908816352,22.766890867067605,9,0.2008609557058662,3.351013420149684,0.1492332774680108,2,0.318220986565575,0.0946243502683402,4.996648980688339
3159,0.3168971953913569,0.2514418772940625,16.88754302130005,6,0.1517611809074878,5.503428481519222,0.1767003672663122,2,0.4917182735633105,0.0497072402691111,2.244639578458582
3160,0.2231244821101427,0.2514418772940625,16.88754302130005,6,0.1517611809074878,5.503428481519222,0.1767003672663122,2,0.4917182735633105,0.0497072402691111,2.244639578458582
3161,0.3168971953913569,0.0403224016153351,16.88754302130005,6,0.1517611809074878,5.503428481519222,0.1767003672663122,2,0.4917182735633105,0.0497072402691111,2.244639578458582
3162,0.3168971953913569,0.2514418772940625,6.540546368184876,6,0.1517611809074878,5.503428481519222,0.1767003672663122,2,0.4917182735633105,0.0497072402691111,2.244639578458582
3163,0.3168971953913569,0.2514418772940625,16.88754302130005,14,0.1517611809074878,5.503428481519222,0.1767003672663122,2,0.4917182735633105,0.0497072402691111,2.244639578458582
3164,0.3168971953913569,0.2514418772940625,16.88754302130005,6,0.1670264310203492,5.503428481519222,0.1767003672663122,2,0.4917182735633105,0.0497072402691111,2.244639578458582
3165,0.3168971953913569,0.2514418772940625,16.88754302130005,6,0.1517611809074878,5.014174865558744,0.1767003672663122,2,0.4917182735633105,0.0497072402691111,2.244639578458582
3166,0.3168971953913569,0.2514418772940625,16.88754302130005,6,0.1517611809074878,5.503428481519222,0.3745276277884841,2,0.4917182735633105,0.0497072402691111,2.244639578458582
3167,0.3168971953913569,0.2514418772940625,16.88754302130005,6,0.1517611809074878,5.503428481519222,0.1767003672663122,3,0.4917182735633105,0.0497072402691111,2.244639578458582
3168,0.3168971953913569,0.2514418772940625,16.88754302130005,6,0.1517611809074878,5.503428481519222,0.1767003672663122,2,0.114833744848147,0.0497072402691111,2.244639578458582
3169,0.3168971953913569,0.2514418772940625,16.88754302130005,6,0.1517611809074878,5.503428481519222,0.1767003672663122,2,0.4917182735633105,0.2023491558531518,2.244639578458582
3170,0.3168971953913569,0.2514418772940625,16.88754302130005,6,0.1517611809074878,5.503428481519222,0.1767003672663122,2,0.4917182735633105,0.0497072402691111,2.3249112354268027
3171,0.2231244821101427,0.0403224016153351,6.540546368184876,14,0.1670264310203492,5.014174865558744,0.3745276277884841,3,0.114833744848147,0.2023491558531518,2.3249112354268027
3172,0.4304191410541534,0.0830701533248589,12.983744925171772,5,0.1247579573653638,6.510479960590601,0.2575045354664326,2,0.12689348757267,0.1860168904149081,5.652310436523263
3173,0.289208116941154,0.0830701533248589,12.983744925171772,5,0.1247579573653638,6.510479960590601,0.2575045354664326,2,0.12689348757267,0.1860168904149081,5.652310436523263
3174,0.4304191410541534,0.2235563603585253,12.983744925171772,5,0.1247579573653638,6.510479960590601,0.2575045354664326,2,0.12689348757267,0.1860168904149081,5.652310436523263
3175,0.4304191410541534,0.0830701533248589,4.053885490765882,5,0.1247579573653638,6.510479960590601,0.2575045354664326,2,0.12689348757267,0.1860168904149081,5.652310436523263
3176,0.4304191410541534,0.0830701533248589,12.983744925171772,15,0.1247579573653638,6.510479960590601,0.2575045354664326,2,0.12689348757267,0.1860168904149081,5.652310436523263
3177,0.4304191410541534,0.0830701533248589,12.983744925171772,5,0.1298048861324787,6.510479960590601,0.2575045354664326,2,0.12689348757267,0.1860168904149081,5.652310436523263
3178,0.4304191410541534,0.0830701533248589,12.983744925171772,5,0.1247579573653638,6.240308199077845,0.2575045354664326,2,0.12689348757267,0.1860168904149081,5.652310436523263
3179,0.4304191410541534,0.0830701533248589,12.983744925171772,5,0.1247579573653638,6.510479960590601,0.3173015994485468,2,0.12689348757267,0.1860168904149081,5.652310436523263
3180,0.4304191410541534,0.0830701533248589,12.983744925171772,5,0.1247579573653638,6.510479960590601,0.2575045354664326,2,0.12689348757267,0.1860168904149081,5.652310436523263
3181,0.4304191410541534,0.0830701533248589,12.983744925171772,5,0.1247579573653638,6.510479960590601,0.2575045354664326,2,0.4214912572409958,0.1860168904149081,5.652310436523263
3182,0.4304191410541534,0.0830701533248589,12.983744925171772,5,0.1247579573653638,6.510479960590601,0.2575045354664326,2,0.12689348757267,0.0352053039441687,5.652310436523263
3183,0.4304191410541534,0.0830701533248589,12.983744925171772,5,0.1247579573653638,6.510479960590601,0.2575045354664326,2,0.12689348757267,0.1860168904149081,1.151439991431713
3184,0.289208116941154,0.2235563603585253,4.053885490765882,15,0.1298048861324787,6.240308199077845,0.3173015994485468,2,0.4214912572409958,0.0352053039441687,1.151439991431713
3185,0.1074449205771088,0.223013124134006,8.64725844474789,11,0.2463551857043057,3.9438867438584566,0.2093161528930068,2,0.4411332155112177,0.0569842916080421,1.9807838630921863
3186,0.4852545049041509,0.223013124134006,8.64725844474789,11,0.2463551857043057,3.9438867438584566,0.2093161528930068,2,0.4411332155112177,0.0569842916080421,1.9807838630921863
3187,0.1074449205771088,0.0324488287720565,8.64725844474789,11,0.2463551857043057,3.9438867438584566,0.2093161528930068,2,0.4411332155112177,0.0569842916080421,1.9807838630921863
3188,0.1074449205771088,0.223013124134006,15.320499338114091,11,0.2463551857043057,3.9438867438584566,0.2093161528930068,2,0.4411332155112177,0.0569842916080421,1.9807838630921863
3189,0.1074449205771088,0.223013124134006,8.64725844474789,8,0.2463551857043057,3.9438867438584566,0.2093161528930068,2,0.4411332155112177,0.0569842916080421,1.9807838630921863
3190,0.1074449205771088,0.223013124134006,8.64725844474789,11,0.2336808139923959,3.9438867438584566,0.2093161528930068,2,0.4411332155112177,0.0569842916080421,1.9807838630921863
3191,0.1074449205771088,0.223013124134006,8.64725844474789,11,0.2463551857043057,2.324188768863678,0.2093161528930068,2,0.4411332155112177,0.0569842916080421,1.9807838630921863
3192,0.1074449205771088,0.223013124134006,8.64725844474789,11,0.2463551857043057,3.9438867438584566,0.1898402724415064,2,0.4411332155112177,0.0569842916080421,1.9807838630921863
3193,0.1074449205771088,0.223013124134006,8.64725844474789,11,0.2463551857043057,3.9438867438584566,0.2093161528930068,3,0.4411332155112177,0.0569842916080421,1.9807838630921863
3194,0.1074449205771088,0.223013124134006,8.64725844474789,11,0.2463551857043057,3.9438867438584566,0.2093161528930068,2,0.2453562247101217,0.0569842916080421,1.9807838630921863
3195,0.1074449205771088,0.223013124134006,8.64725844474789,11,0.2463551857043057,3.9438867438584566,0.2093161528930068,2,0.4411332155112177,0.1602406276978825,1.9807838630921863
3196,0.1074449205771088,0.223013124134006,8.64725844474789,11,0.2463551857043057,3.9438867438584566,0.2093161528930068,2,0.4411332155112177,0.0569842916080421,4.196158209683494
3197,0.4852545049041509,0.0324488287720565,15.320499338114091,8,0.2336808139923959,2.324188768863678,0.1898402724415064,3,0.2453562247101217,0.1602406276978825,4.196158209683494
3198,0.223717045225203,0.0410313611942093,22.09873175518666,9,0.2113883203826844,3.0116803124547005,0.3394419971387833,3,0.3306526259519159,0.0372298013075698,1.2562930786657798
3199,0.4103841338306665,0.0410313611942093,22.09873175518666,9,0.2113883203826844,3.0116803124547005,0.3394419971387833,3,0.3306526259519159,0.0372298013075698,1.2562930786657798
3200,0.223717045225203,0.1178196593129193,22.09873175518666,9,0.2113883203826844,3.0116803124547005,0.3394419971387833,3,0.3306526259519159,0.0372298013075698,1.2562930786657798
3201,0.223717045225203,0.0410313611942093,9.675102029261312,9,0.2113883203826844,3.0116803124547005,0.3394419971387833,3,0.3306526259519159,0.0372298013075698,1.2562930786657798
3202,0.223717045225203,0.0410313611942093,22.09873175518666,4,0.2113883203826844,3.0116803124547005,0.3394419971387833,3,0.3306526259519159,0.0372298013075698,1.2562930786657798
3203,0.223717045225203,0.0410313611942093,22.09873175518666,9,0.0843083331827074,3.0116803124547005,0.3394419971387833,3,0.3306526259519159,0.0372298013075698,1.2562930786657798
3204,0.223717045225203,0.0410313611942093,22.09873175518666,9,0.2113883203826844,3.5773149989545345,0.3394419971387833,3,0.3306526259519159,0.0372298013075698,1.2562930786657798
3205,0.223717045225203,0.0410313611942093,22.09873175518666,9,0.2113883203826844,3.0116803124547005,0.3022453772835433,3,0.3306526259519159,0.0372298013075698,1.2562930786657798
3206,0.223717045225203,0.0410313611942093,22.09873175518666,9,0.2113883203826844,3.0116803124547005,0.3394419971387833,2,0.3306526259519159,0.0372298013075698,1.2562930786657798
3207,0.223717045225203,0.0410313611942093,22.09873175518666,9,0.2113883203826844,3.0116803124547005,0.3394419971387833,3,0.3423509422689676,0.0372298013075698,1.2562930786657798
3208,0.223717045225203,0.0410313611942093,22.09873175518666,9,0.2113883203826844,3.0116803124547005,0.3394419971387833,3,0.3306526259519159,0.070942358959624,1.2562930786657798
3209,0.223717045225203,0.0410313611942093,22.09873175518666,9,0.2113883203826844,3.0116803124547005,0.3394419971387833,3,0.3306526259519159,0.0372298013075698,6.519419411226048
3210,0.4103841338306665,0.1178196593129193,9.675102029261312,4,0.0843083331827074,3.5773149989545345,0.3022453772835433,2,0.3423509422689676,0.070942358959624,6.519419411226048
3211,0.4617300420999526,0.1065578789617435,5.682575814534724,15,0.0821005315054208,6.35133351944387,0.116937938472256,1,0.2373549412470311,0.1151446849219003,3.581519914995229
3212,0.0643742462620139,0.1065578789617435,5.682575814534724,15,0.0821005315054208,6.35133351944387,0.116937938472256,1,0.2373549412470311,0.1151446849219003,3.581519914995229
3213,0.4617300420999526,0.0615433503360122,5.682575814534724,15,0.0821005315054208,6.35133351944387,0.116937938472256,1,0.2373549412470311,0.1151446849219003,3.581519914995229
3214,0.4617300420999526,0.1065578789617435,15.336840201788345,15,0.0821005315054208,6.35133351944387,0.116937938472256,1,0.2373549412470311,0.1151446849219003,3.581519914995229
3215,0.4617300420999526,0.1065578789617435,5.682575814534724,12,0.0821005315054208,6.35133351944387,0.116937938472256,1,0.2373549412470311,0.1151446849219003,3.581519914995229
3216,0.4617300420999526,0.1065578789617435,5.682575814534724,15,0.2517181627452373,6.35133351944387,0.116937938472256,1,0.2373549412470311,0.1151446849219003,3.581519914995229
3217,0.4617300420999526,0.1065578789617435,5.682575814534724,15,0.0821005315054208,7.869813777506351,0.116937938472256,1,0.2373549412470311,0.1151446849219003,3.581519914995229
3218,0.4617300420999526,0.1065578789617435,5.682575814534724,15,0.0821005315054208,6.35133351944387,0.0906135064084082,1,0.2373549412470311,0.1151446849219003,3.581519914995229
3219,0.4617300420999526,0.1065578789617435,5.682575814534724,15,0.0821005315054208,6.35133351944387,0.116937938472256,1,0.2373549412470311,0.1151446849219003,3.581519914995229
3220,0.4617300420999526,0.1065578789617435,5.682575814534724,15,0.0821005315054208,6.35133351944387,0.116937938472256,1,0.0959514766000211,0.1151446849219003,3.581519914995229
3221,0.4617300420999526,0.1065578789617435,5.682575814534724,15,0.0821005315054208,6.35133351944387,0.116937938472256,1,0.2373549412470311,0.2699021088380862,3.581519914995229
3222,0.4617300420999526,0.1065578789617435,5.682575814534724,15,0.0821005315054208,6.35133351944387,0.116937938472256,1,0.2373549412470311,0.1151446849219003,1.781869395611563
3223,0.0643742462620139,0.0615433503360122,15.336840201788345,12,0.2517181627452373,7.869813777506351,0.0906135064084082,1,0.0959514766000211,0.2699021088380862,1.781869395611563
3224,0.4999757571145892,0.0628940176283867,21.329694127447308,10,0.196404466824606,5.022949885576963,0.2398920907173305,2,0.1360260903369635,0.0415283369911782,3.1378637251462447
3225,0.083634010143578,0.0628940176283867,21.329694127447308,10,0.196404466824606,5.022949885576963,0.2398920907173305,2,0.1360260903369635,0.0415283369911782,3.1378637251462447
3226,0.4999757571145892,0.0386393598793093,21.329694127447308,10,0.196404466824606,5.022949885576963,0.2398920907173305,2,0.1360260903369635,0.0415283369911782,3.1378637251462447
3227,0.4999757571145892,0.0628940176283867,8.381091911905806,10,0.196404466824606,5.022949885576963,0.2398920907173305,2,0.1360260903369635,0.0415283369911782,3.1378637251462447
3228,0.4999757571145892,0.0628940176283867,21.329694127447308,10,0.196404466824606,5.022949885576963,0.2398920907173305,2,0.1360260903369635,0.0415283369911782,3.1378637251462447
3229,0.4999757571145892,0.0628940176283867,21.329694127447308,10,0.1197296180296689,5.022949885576963,0.2398920907173305,2,0.1360260903369635,0.0415283369911782,3.1378637251462447
3230,0.4999757571145892,0.0628940176283867,21.329694127447308,10,0.196404466824606,3.037003070116043,0.2398920907173305,2,0.1360260903369635,0.0415283369911782,3.1378637251462447
3231,0.4999757571145892,0.0628940176283867,21.329694127447308,10,0.196404466824606,5.022949885576963,0.388324387324974,2,0.1360260903369635,0.0415283369911782,3.1378637251462447
3232,0.4999757571145892,0.0628940176283867,21.329694127447308,10,0.196404466824606,5.022949885576963,0.2398920907173305,2,0.1360260903369635,0.0415283369911782,3.1378637251462447
3233,0.4999757571145892,0.0628940176283867,21.329694127447308,10,0.196404466824606,5.022949885576963,0.2398920907173305,2,0.2973897858522832,0.0415283369911782,3.1378637251462447
3234,0.4999757571145892,0.0628940176283867,21.329694127447308,10,0.196404466824606,5.022949885576963,0.2398920907173305,2,0.1360260903369635,0.0327219167857105,3.1378637251462447
3235,0.4999757571145892,0.0628940176283867,21.329694127447308,10,0.196404466824606,5.022949885576963,0.2398920907173305,2,0.1360260903369635,0.0415283369911782,3.789414774835605
3236,0.083634010143578,0.0386393598793093,8.381091911905806,10,0.1197296180296689,3.037003070116043,0.388324387324974,2,0.2973897858522832,0.0327219167857105,3.789414774835605
3237,0.1854518394917249,0.29060822357279,5.33807406960008,5,0.066078972723335,2.4329277966171503,0.1944381248671561,2,0.397696663159877,0.1380241947097109,1.1187682029886046
3238,0.3556694291532039,0.29060822357279,5.33807406960008,5,0.066078972723335,2.4329277966171503,0.1944381248671561,2,0.397696663159877,0.1380241947097109,1.1187682029886046
3239,0.1854518394917249,0.1876621154318586,5.33807406960008,5,0.066078972723335,2.4329277966171503,0.1944381248671561,2,0.397696663159877,0.1380241947097109,1.1187682029886046
3240,0.1854518394917249,0.29060822357279,18.08890017177157,5,0.066078972723335,2.4329277966171503,0.1944381248671561,2,0.397696663159877,0.1380241947097109,1.1187682029886046
3241,0.1854518394917249,0.29060822357279,5.33807406960008,14,0.066078972723335,2.4329277966171503,0.1944381248671561,2,0.397696663159877,0.1380241947097109,1.1187682029886046
3242,0.1854518394917249,0.29060822357279,5.33807406960008,5,0.216785224340856,2.4329277966171503,0.1944381248671561,2,0.397696663159877,0.1380241947097109,1.1187682029886046
3243,0.1854518394917249,0.29060822357279,5.33807406960008,5,0.066078972723335,5.492249850183725,0.1944381248671561,2,0.397696663159877,0.1380241947097109,1.1187682029886046
3244,0.1854518394917249,0.29060822357279,5.33807406960008,5,0.066078972723335,2.4329277966171503,0.1631274940446019,2,0.397696663159877,0.1380241947097109,1.1187682029886046
3245,0.1854518394917249,0.29060822357279,5.33807406960008,5,0.066078972723335,2.4329277966171503,0.1944381248671561,3,0.397696663159877,0.1380241947097109,1.1187682029886046
3246,0.1854518394917249,0.29060822357279,5.33807406960008,5,0.066078972723335,2.4329277966171503,0.1944381248671561,2,0.1357493001967668,0.1380241947097109,1.1187682029886046
3247,0.1854518394917249,0.29060822357279,5.33807406960008,5,0.066078972723335,2.4329277966171503,0.1944381248671561,2,0.397696663159877,0.1289927914129292,1.1187682029886046
3248,0.1854518394917249,0.29060822357279,5.33807406960008,5,0.066078972723335,2.4329277966171503,0.1944381248671561,2,0.397696663159877,0.1380241947097109,1.0483999891047044
3249,0.3556694291532039,0.1876621154318586,18.08890017177157,14,0.216785224340856,5.492249850183725,0.1631274940446019,3,0.1357493001967668,0.1289927914129292,1.0483999891047044
3250,0.1441800009459257,0.0304434461739949,14.016894292174973,15,0.1712336749304085,4.522728309035301,0.3324465754441917,3,0.2836180536542088,0.276620506213069,1.764159720104738
3251,0.58083605915308,0.0304434461739949,14.016894292174973,15,0.1712336749304085,4.522728309035301,0.3324465754441917,3,0.2836180536542088,0.276620506213069,1.764159720104738
3252,0.1441800009459257,0.0683012872946931,14.016894292174973,15,0.1712336749304085,4.522728309035301,0.3324465754441917,3,0.2836180536542088,0.276620506213069,1.764159720104738
3253,0.1441800009459257,0.0304434461739949,4.680933841989957,15,0.1712336749304085,4.522728309035301,0.3324465754441917,3,0.2836180536542088,0.276620506213069,1.764159720104738
3254,0.1441800009459257,0.0304434461739949,14.016894292174973,11,0.1712336749304085,4.522728309035301,0.3324465754441917,3,0.2836180536542088,0.276620506213069,1.764159720104738
3255,0.1441800009459257,0.0304434461739949,14.016894292174973,15,0.102729926072061,4.522728309035301,0.3324465754441917,3,0.2836180536542088,0.276620506213069,1.764159720104738
3256,0.1441800009459257,0.0304434461739949,14.016894292174973,15,0.1712336749304085,7.14689577370882,0.3324465754441917,3,0.2836180536542088,0.276620506213069,1.764159720104738
3257,0.1441800009459257,0.0304434461739949,14.016894292174973,15,0.1712336749304085,4.522728309035301,0.2421379760839045,3,0.2836180536542088,0.276620506213069,1.764159720104738
3258,0.1441800009459257,0.0304434461739949,14.016894292174973,15,0.1712336749304085,4.522728309035301,0.3324465754441917,2,0.2836180536542088,0.276620506213069,1.764159720104738
3259,0.1441800009459257,0.0304434461739949,14.016894292174973,15,0.1712336749304085,4.522728309035301,0.3324465754441917,3,0.4889749261084944,0.276620506213069,1.764159720104738
3260,0.1441800009459257,0.0304434461739949,14.016894292174973,15,0.1712336749304085,4.522728309035301,0.3324465754441917,3,0.2836180536542088,0.0572610011524849,1.764159720104738
3261,0.1441800009459257,0.0304434461739949,14.016894292174973,15,0.1712336749304085,4.522728309035301,0.3324465754441917,3,0.2836180536542088,0.276620506213069,1.971443681905576
3262,0.58083605915308,0.0683012872946931,4.680933841989957,11,0.102729926072061,7.14689577370882,0.2421379760839045,2,0.4889749261084944,0.0572610011524849,1.971443681905576
3263,0.393664569966495,0.1455679766335289,9.085573416581012,10,0.2938683933578431,7.8389583658427,0.1126768500544131,1,0.2501404922455549,0.0910635645763323,4.95335613163882
3264,0.1587644258514046,0.1455679766335289,9.085573416581012,10,0.2938683933578431,7.8389583658427,0.1126768500544131,1,0.2501404922455549,0.0910635645763323,4.95335613163882
3265,0.393664569966495,0.1062061195759653,9.085573416581012,10,0.2938683933578431,7.8389583658427,0.1126768500544131,1,0.2501404922455549,0.0910635645763323,4.95335613163882
3266,0.393664569966495,0.1455679766335289,12.987205541701549,10,0.2938683933578431,7.8389583658427,0.1126768500544131,1,0.2501404922455549,0.0910635645763323,4.95335613163882
3267,0.393664569966495,0.1455679766335289,9.085573416581012,6,0.2938683933578431,7.8389583658427,0.1126768500544131,1,0.2501404922455549,0.0910635645763323,4.95335613163882
3268,0.393664569966495,0.1455679766335289,9.085573416581012,10,0.2612440012861043,7.8389583658427,0.1126768500544131,1,0.2501404922455549,0.0910635645763323,4.95335613163882
3269,0.393664569966495,0.1455679766335289,9.085573416581012,10,0.2938683933578431,4.312225516885519,0.1126768500544131,1,0.2501404922455549,0.0910635645763323,4.95335613163882
3270,0.393664569966495,0.1455679766335289,9.085573416581012,10,0.2938683933578431,7.8389583658427,0.1064093960914761,1,0.2501404922455549,0.0910635645763323,4.95335613163882
3271,0.393664569966495,0.1455679766335289,9.085573416581012,10,0.2938683933578431,7.8389583658427,0.1126768500544131,1,0.2501404922455549,0.0910635645763323,4.95335613163882
3272,0.393664569966495,0.1455679766335289,9.085573416581012,10,0.2938683933578431,7.8389583658427,0.1126768500544131,1,0.1727087402250617,0.0910635645763323,4.95335613163882
3273,0.393664569966495,0.1455679766335289,9.085573416581012,10,0.2938683933578431,7.8389583658427,0.1126768500544131,1,0.2501404922455549,0.2513214403347112,4.95335613163882
3274,0.393664569966495,0.1455679766335289,9.085573416581012,10,0.2938683933578431,7.8389583658427,0.1126768500544131,1,0.2501404922455549,0.0910635645763323,7.155412894550175
3275,0.1587644258514046,0.1062061195759653,12.987205541701549,6,0.2612440012861043,4.312225516885519,0.1064093960914761,1,0.1727087402250617,0.2513214403347112,7.155412894550175
3276,0.3548404946923256,0.0474484476104484,4.498499363221867,8,0.2658276736736297,6.034940356388688,0.3654662636574358,3,0.3333107340615243,0.1033810831067271,2.53063996184417
3277,0.2435608394443988,0.0474484476104484,4.498499363221867,8,0.2658276736736297,6.034940356388688,0.3654662636574358,3,0.3333107340615243,0.1033810831067271,2.53063996184417
3278,0.3548404946923256,0.0844994013079939,4.498499363221867,8,0.2658276736736297,6.034940356388688,0.3654662636574358,3,0.3333107340615243,0.1033810831067271,2.53063996184417
3279,0.3548404946923256,0.0474484476104484,21.444562706023767,8,0.2658276736736297,6.034940356388688,0.3654662636574358,3,0.3333107340615243,0.1033810831067271,2.53063996184417
3280,0.3548404946923256,0.0474484476104484,4.498499363221867,5,0.2658276736736297,6.034940356388688,0.3654662636574358,3,0.3333107340615243,0.1033810831067271,2.53063996184417
3281,0.3548404946923256,0.0474484476104484,4.498499363221867,8,0.2982824537437409,6.034940356388688,0.3654662636574358,3,0.3333107340615243,0.1033810831067271,2.53063996184417
3282,0.3548404946923256,0.0474484476104484,4.498499363221867,8,0.2658276736736297,4.035217994824052,0.3654662636574358,3,0.3333107340615243,0.1033810831067271,2.53063996184417
3283,0.3548404946923256,0.0474484476104484,4.498499363221867,8,0.2658276736736297,6.034940356388688,0.0604199341498315,3,0.3333107340615243,0.1033810831067271,2.53063996184417
3284,0.3548404946923256,0.0474484476104484,4.498499363221867,8,0.2658276736736297,6.034940356388688,0.3654662636574358,2,0.3333107340615243,0.1033810831067271,2.53063996184417
3285,0.3548404946923256,0.0474484476104484,4.498499363221867,8,0.2658276736736297,6.034940356388688,0.3654662636574358,3,0.3637321332935244,0.1033810831067271,2.53063996184417
3286,0.3548404946923256,0.0474484476104484,4.498499363221867,8,0.2658276736736297,6.034940356388688,0.3654662636574358,3,0.3333107340615243,0.0436252209810588,2.53063996184417
3287,0.3548404946923256,0.0474484476104484,4.498499363221867,8,0.2658276736736297,6.034940356388688,0.3654662636574358,3,0.3333107340615243,0.1033810831067271,2.939877923752119
3288,0.2435608394443988,0.0844994013079939,21.444562706023767,5,0.2982824537437409,4.035217994824052,0.0604199341498315,2,0.3637321332935244,0.0436252209810588,2.939877923752119
3289,0.0306603441014885,0.1228814483974515,17.993636213814135,14,0.1365397888701409,3.468721743673086,0.0581852077972143,1,0.1977701776660979,0.031105013096765,7.217699963131133
3290,0.4957472132518887,0.1228814483974515,17.993636213814135,14,0.1365397888701409,3.468721743673086,0.0581852077972143,1,0.1977701776660979,0.031105013096765,7.217699963131133
3291,0.0306603441014885,0.1321247669275164,17.993636213814135,14,0.1365397888701409,3.468721743673086,0.0581852077972143,1,0.1977701776660979,0.031105013096765,7.217699963131133
3292,0.0306603441014885,0.1228814483974515,7.094095307600712,14,0.1365397888701409,3.468721743673086,0.0581852077972143,1,0.1977701776660979,0.031105013096765,7.217699963131133
3293,0.0306603441014885,0.1228814483974515,17.993636213814135,12,0.1365397888701409,3.468721743673086,0.0581852077972143,1,0.1977701776660979,0.031105013096765,7.217699963131133
3294,0.0306603441014885,0.1228814483974515,17.993636213814135,14,0.0691165939904749,3.468721743673086,0.0581852077972143,1,0.1977701776660979,0.031105013096765,7.217699963131133
3295,0.0306603441014885,0.1228814483974515,17.993636213814135,14,0.1365397888701409,7.622846147045493,0.0581852077972143,1,0.1977701776660979,0.031105013096765,7.217699963131133
3296,0.0306603441014885,0.1228814483974515,17.993636213814135,14,0.1365397888701409,3.468721743673086,0.2719356403220445,1,0.1977701776660979,0.031105013096765,7.217699963131133
3297,0.0306603441014885,0.1228814483974515,17.993636213814135,14,0.1365397888701409,3.468721743673086,0.0581852077972143,1,0.1977701776660979,0.031105013096765,7.217699963131133
3298,0.0306603441014885,0.1228814483974515,17.993636213814135,14,0.1365397888701409,3.468721743673086,0.0581852077972143,1,0.074706140300259,0.031105013096765,7.217699963131133
3299,0.0306603441014885,0.1228814483974515,17.993636213814135,14,0.1365397888701409,3.468721743673086,0.0581852077972143,1,0.1977701776660979,0.0967517616890626,7.217699963131133
3300,0.0306603441014885,0.1228814483974515,17.993636213814135,14,0.1365397888701409,3.468721743673086,0.0581852077972143,1,0.1977701776660979,0.031105013096765,1.3513522413739385
3301,0.4957472132518887,0.1321247669275164,7.094095307600712,12,0.0691165939904749,7.622846147045493,0.2719356403220445,1,0.074706140300259,0.0967517616890626,1.3513522413739385
3302,0.2992759147658944,0.0718367871976872,6.846924332380093,6,0.1015682287514209,3.6743199210613966,0.2725906969979406,2,0.0873222129885107,0.0682048102403663,4.582488712624687
3303,0.4209096813574433,0.0718367871976872,6.846924332380093,6,0.1015682287514209,3.6743199210613966,0.2725906969979406,2,0.0873222129885107,0.0682048102403663,4.582488712624687
3304,0.2992759147658944,0.0480989579866379,6.846924332380093,6,0.1015682287514209,3.6743199210613966,0.2725906969979406,2,0.0873222129885107,0.0682048102403663,4.582488712624687
3305,0.2992759147658944,0.0718367871976872,10.97371324617228,6,0.1015682287514209,3.6743199210613966,0.2725906969979406,2,0.0873222129885107,0.0682048102403663,4.582488712624687
3306,0.2992759147658944,0.0718367871976872,6.846924332380093,15,0.1015682287514209,3.6743199210613966,0.2725906969979406,2,0.0873222129885107,0.0682048102403663,4.582488712624687
3307,0.2992759147658944,0.0718367871976872,6.846924332380093,6,0.1873449475504457,3.6743199210613966,0.2725906969979406,2,0.0873222129885107,0.0682048102403663,4.582488712624687
3308,0.2992759147658944,0.0718367871976872,6.846924332380093,6,0.1015682287514209,5.78378458507359,0.2725906969979406,2,0.0873222129885107,0.0682048102403663,4.582488712624687
3309,0.2992759147658944,0.0718367871976872,6.846924332380093,6,0.1015682287514209,3.6743199210613966,0.2200646208133548,2,0.0873222129885107,0.0682048102403663,4.582488712624687
3310,0.2992759147658944,0.0718367871976872,6.846924332380093,6,0.1015682287514209,3.6743199210613966,0.2725906969979406,2,0.0873222129885107,0.0682048102403663,4.582488712624687
3311,0.2992759147658944,0.0718367871976872,6.846924332380093,6,0.1015682287514209,3.6743199210613966,0.2725906969979406,2,0.4006589568220079,0.0682048102403663,4.582488712624687
3312,0.2992759147658944,0.0718367871976872,6.846924332380093,6,0.1015682287514209,3.6743199210613966,0.2725906969979406,2,0.0873222129885107,0.0763430130269812,4.582488712624687
3313,0.2992759147658944,0.0718367871976872,6.846924332380093,6,0.1015682287514209,3.6743199210613966,0.2725906969979406,2,0.0873222129885107,0.0682048102403663,2.551468505583168
3314,0.4209096813574433,0.0480989579866379,10.97371324617228,15,0.1873449475504457,5.78378458507359,0.2200646208133548,2,0.4006589568220079,0.0763430130269812,2.551468505583168
3315,0.5384954139590263,0.1933917207873836,10.56954163637799,12,0.2231653462629765,7.014353454113007,0.1396266940981149,2,0.4438047908246517,0.2071832889362642,1.6082201841886692
3316,0.0186862617731094,0.1933917207873836,10.56954163637799,12,0.2231653462629765,7.014353454113007,0.1396266940981149,2,0.4438047908246517,0.2071832889362642,1.6082201841886692
3317,0.5384954139590263,0.2322797912573871,10.56954163637799,12,0.2231653462629765,7.014353454113007,0.1396266940981149,2,0.4438047908246517,0.2071832889362642,1.6082201841886692
3318,0.5384954139590263,0.1933917207873836,5.520215512583027,12,0.2231653462629765,7.014353454113007,0.1396266940981149,2,0.4438047908246517,0.2071832889362642,1.6082201841886692
3319,0.5384954139590263,0.1933917207873836,10.56954163637799,7,0.2231653462629765,7.014353454113007,0.1396266940981149,2,0.4438047908246517,0.2071832889362642,1.6082201841886692
3320,0.5384954139590263,0.1933917207873836,10.56954163637799,12,0.1447672564070671,7.014353454113007,0.1396266940981149,2,0.4438047908246517,0.2071832889362642,1.6082201841886692
3321,0.5384954139590263,0.1933917207873836,10.56954163637799,12,0.2231653462629765,2.569777039811015,0.1396266940981149,2,0.4438047908246517,0.2071832889362642,1.6082201841886692
3322,0.5384954139590263,0.1933917207873836,10.56954163637799,12,0.2231653462629765,7.014353454113007,0.3475807167589664,2,0.4438047908246517,0.2071832889362642,1.6082201841886692
3323,0.5384954139590263,0.1933917207873836,10.56954163637799,12,0.2231653462629765,7.014353454113007,0.1396266940981149,3,0.4438047908246517,0.2071832889362642,1.6082201841886692
3324,0.5384954139590263,0.1933917207873836,10.56954163637799,12,0.2231653462629765,7.014353454113007,0.1396266940981149,2,0.266272396966815,0.2071832889362642,1.6082201841886692
3325,0.5384954139590263,0.1933917207873836,10.56954163637799,12,0.2231653462629765,7.014353454113007,0.1396266940981149,2,0.4438047908246517,0.1885000967393254,1.6082201841886692
3326,0.5384954139590263,0.1933917207873836,10.56954163637799,12,0.2231653462629765,7.014353454113007,0.1396266940981149,2,0.4438047908246517,0.2071832889362642,5.528768876996739
3327,0.0186862617731094,0.2322797912573871,5.520215512583027,7,0.1447672564070671,2.569777039811015,0.3475807167589664,3,0.266272396966815,0.1885000967393254,5.528768876996739
