,etapa,brazo,variante,criterio,k,n,f,lo,hi
0,base,C1,primario v2,O4,200,200,1.0,0.9811546736227335,1.0
1,base,C1,primario v2,O5,199,200,0.995,0.9722262956021069,0.9991168312843989
2,base,C1,primario v2,O8,125,200,0.625,0.5561430369897816,0.6891456314159018
3,base,C1,primario v2,O10,200,200,1.0,0.9811546736227335,1.0
4,base,C1,primario v2,O11,200,200,1.0,0.9811546736227335,1.0
5,base,C1,primario v2,O13,200,200,1.0,0.9811546736227335,1.0
6,base,C1,primario v2,O13p,200,200,1.0,0.9811546736227335,1.0
7,base,C1,primario v2,O17_run,199,200,0.995,0.9722262956021069,0.9991168312843989
8,base,C1,primario v2,O17p,199,200,0.995,0.9722262956021069,0.9991168312843989
9,base,C1,evaluador v1,O4,200,200,1.0,0.9811546736227335,1.0
10,base,C1,evaluador v1,O5,200,200,1.0,0.9811546736227335,1.0
11,base,C1,evaluador v1,O8,125,200,0.625,0.5561430369897816,0.6891456314159018
12,base,C1,evaluador v1,O10,200,200,1.0,0.9811546736227335,1.0
13,base,C1,evaluador v1,O11,196,200,0.98,0.9497129130941735,0.9921955735836505
14,base,C1,evaluador v1,O13,200,200,1.0,0.9811546736227335,1.0
15,base,C1,evaluador v1,O13p,200,200,1.0,0.9811546736227335,1.0
16,base,C1,evaluador v1,O17_run,196,200,0.98,0.9497129130941735,0.9921955735836505
17,base,C1,evaluador v1,O17p,196,200,0.98,0.9497129130941735,0.9921955735836505
18,base,C1,argmax,O4,200,200,1.0,0.9811546736227335,1.0
19,base,C1,argmax,O5,200,200,1.0,0.9811546736227335,1.0
20,base,C1,argmax,O8,125,200,0.625,0.5561430369897816,0.6891456314159018
21,base,C1,argmax,O10,200,200,1.0,0.9811546736227335,1.0
22,base,C1,argmax,O11,200,200,1.0,0.9811546736227335,1.0
23,base,C1,argmax,O13,200,200,1.0,0.9811546736227335,1.0
24,base,C1,argmax,O13p,200,200,1.0,0.9811546736227335,1.0
25,base,C1,argmax,O17_run,200,200,1.0,0.9811546736227335,1.0
26,base,C1,argmax,O17p,200,200,1.0,0.9811546736227335,1.0
27,base,C1,fin meseta,O4,200,200,1.0,0.9811546736227335,1.0
28,base,C1,fin meseta,O5,200,200,1.0,0.9811546736227335,1.0
29,base,C1,fin meseta,O8,18,200,0.09,0.05768744886219316,0.13776571876716542
30,base,C1,fin meseta,O10,200,200,1.0,0.9811546736227335,1.0
31,base,C1,fin meseta,O11,200,200,1.0,0.9811546736227335,1.0
32,base,C1,fin meseta,O13,200,200,1.0,0.9811546736227335,1.0
33,base,C1,fin meseta,O13p,200,200,1.0,0.9811546736227335,1.0
34,base,C1,fin meseta,O17_run,200,200,1.0,0.9811546736227335,1.0
35,base,C1,fin meseta,O17p,200,200,1.0,0.9811546736227335,1.0
36,base,C1,m > m_c,O4,200,200,1.0,0.9811546736227335,1.0
37,base,C1,m > m_c,O5,199,200,0.995,0.9722262956021069,0.9991168312843989
38,base,C1,m > m_c,O8,125,200,0.625,0.5561430369897816,0.6891456314159018
39,base,C1,m > m_c,O10,200,200,1.0,0.9811546736227335,1.0
40,base,C1,m > m_c,O11,200,200,1.0,0.9811546736227335,1.0
41,base,C1,m > m_c,O13,200,200,1.0,0.9811546736227335,1.0
42,base,C1,m > m_c,O13p,200,200,1.0,0.9811546736227335,1.0
43,base,C1,m > m_c,O17_run,199,200,0.995,0.9722262956021069,0.9991168312843989
44,base,C1,m > m_c,O17p,199,200,0.995,0.9722262956021069,0.9991168312843989
45,base,C1,O5 con t_last,O4,200,200,1.0,0.9811546736227335,1.0
46,base,C1,O5 con t_last,O5,97,200,0.485,0.41667385171877513,0.5538915080725428
47,base,C1,O5 con t_last,O8,125,200,0.625,0.5561430369897816,0.6891456314159018
48,base,C1,O5 con t_last,O10,200,200,1.0,0.9811546736227335,1.0
49,base,C1,O5 con t_last,O11,200,200,1.0,0.9811546736227335,1.0
50,base,C1,O5 con t_last,O13,200,200,1.0,0.9811546736227335,1.0
51,base,C1,O5 con t_last,O13p,200,200,1.0,0.9811546736227335,1.0
52,base,C1,O5 con t_last,O17_run,97,200,0.485,0.41667385171877513,0.5538915080725428
53,base,C1,O5 con t_last,O17p,97,200,0.485,0.41667385171877513,0.5538915080725428
54,base,C1,O4 v1,O4,200,200,1.0,0.9811546736227335,1.0
55,base,C1,O4 v1,O5,199,200,0.995,0.9722262956021069,0.9991168312843989
56,base,C1,O4 v1,O8,125,200,0.625,0.5561430369897816,0.6891456314159018
57,base,C1,O4 v1,O10,200,200,1.0,0.9811546736227335,1.0
58,base,C1,O4 v1,O11,200,200,1.0,0.9811546736227335,1.0
59,base,C1,O4 v1,O13,200,200,1.0,0.9811546736227335,1.0
60,base,C1,O4 v1,O13p,200,200,1.0,0.9811546736227335,1.0
61,base,C1,O4 v1,O17_run,199,200,0.995,0.9722262956021069,0.9991168312843989
62,base,C1,O4 v1,O17p,199,200,0.995,0.9722262956021069,0.9991168312843989
63,base,C1p,primario v2,O4,200,200,1.0,0.9811546736227335,1.0
64,base,C1p,primario v2,O5,171,200,0.855,0.7995133246921847,0.8971064935799559
65,base,C1p,primario v2,O8,42,199,0.21105527638190955,0.16010604409566953,0.2729487137008783
66,base,C1p,primario v2,O10,200,200,1.0,0.9811546736227335,1.0
67,base,C1p,primario v2,O11,195,200,0.975,0.942821659593358,0.9892752803482386
68,base,C1p,primario v2,O13,200,200,1.0,0.9811546736227335,1.0
69,base,C1p,primario v2,O13p,200,200,1.0,0.9811546736227335,1.0
70,base,C1p,primario v2,O17_run,167,200,0.835,0.7773421846094045,0.8800314467178268
71,base,C1p,primario v2,O17p,167,200,0.835,0.7773421846094045,0.8800314467178268
72,base,C1p,evaluador v1,O4,200,200,1.0,0.9811546736227335,1.0
73,base,C1p,evaluador v1,O5,198,200,0.99,0.9642782382838231,0.9972533418664555
74,base,C1p,evaluador v1,O8,42,199,0.21105527638190955,0.16010604409566953,0.2729487137008783
75,base,C1p,evaluador v1,O10,200,200,1.0,0.9811546736227335,1.0
76,base,C1p,evaluador v1,O11,187,200,0.935,0.8919809207009312,0.961623645350847
77,base,C1p,evaluador v1,O13,200,200,1.0,0.9811546736227335,1.0
78,base,C1p,evaluador v1,O13p,200,200,1.0,0.9811546736227335,1.0
79,base,C1p,evaluador v1,O17_run,185,200,0.925,0.8799563897637055,0.954025082815618
80,base,C1p,evaluador v1,O17p,185,200,0.925,0.8799563897637055,0.954025082815618
81,base,C1p,argmax,O4,200,200,1.0,0.9811546736227335,1.0
82,base,C1p,argmax,O5,196,200,0.98,0.9497129130941735,0.9921955735836505
83,base,C1p,argmax,O8,42,199,0.21105527638190955,0.16010604409566953,0.2729487137008783
84,base,C1p,argmax,O10,200,200,1.0,0.9811546736227335,1.0
85,base,C1p,argmax,O11,195,200,0.975,0.942821659593358,0.9892752803482386
86,base,C1p,argmax,O13,200,200,1.0,0.9811546736227335,1.0
87,base,C1p,argmax,O13p,200,200,1.0,0.9811546736227335,1.0
88,base,C1p,argmax,O17_run,192,200,0.96,0.923067931799067,0.9795943679338476
89,base,C1p,argmax,O17p,192,200,0.96,0.923067931799067,0.9795943679338476
90,base,C1p,fin meseta,O4,200,200,1.0,0.9811546736227335,1.0
91,base,C1p,fin meseta,O5,196,200,0.98,0.9497129130941735,0.9921955735836505
92,base,C1p,fin meseta,O8,10,199,0.05025125628140704,0.027521394363559718,0.09001601125019734
93,base,C1p,fin meseta,O10,200,200,1.0,0.9811546736227335,1.0
94,base,C1p,fin meseta,O11,195,200,0.975,0.942821659593358,0.9892752803482386
95,base,C1p,fin meseta,O13,200,200,1.0,0.9811546736227335,1.0
96,base,C1p,fin meseta,O13p,200,200,1.0,0.9811546736227335,1.0
97,base,C1p,fin meseta,O17_run,192,200,0.96,0.923067931799067,0.9795943679338476
98,base,C1p,fin meseta,O17p,192,200,0.96,0.923067931799067,0.9795943679338476
99,base,C1p,m > m_c,O4,200,200,1.0,0.9811546736227335,1.0
100,base,C1p,m > m_c,O5,171,200,0.855,0.7995133246921847,0.8971064935799559
101,base,C1p,m > m_c,O8,42,199,0.21105527638190955,0.16010604409566953,0.2729487137008783
102,base,C1p,m > m_c,O10,200,200,1.0,0.9811546736227335,1.0
103,base,C1p,m > m_c,O11,195,200,0.975,0.942821659593358,0.9892752803482386
104,base,C1p,m > m_c,O13,200,200,1.0,0.9811546736227335,1.0
105,base,C1p,m > m_c,O13p,200,200,1.0,0.9811546736227335,1.0
106,base,C1p,m > m_c,O17_run,167,200,0.835,0.7773421846094045,0.8800314467178268
107,base,C1p,m > m_c,O17p,167,200,0.835,0.7773421846094045,0.8800314467178268
108,base,C1p,O5 con t_last,O4,200,200,1.0,0.9811546736227335,1.0
109,base,C1p,O5 con t_last,O5,72,200,0.36,0.2966919730456654,0.42858471833996925
110,base,C1p,O5 con t_last,O8,42,199,0.21105527638190955,0.16010604409566953,0.2729487137008783
111,base,C1p,O5 con t_last,O10,200,200,1.0,0.9811546736227335,1.0
112,base,C1p,O5 con t_last,O11,195,200,0.975,0.942821659593358,0.9892752803482386
113,base,C1p,O5 con t_last,O13,200,200,1.0,0.9811546736227335,1.0
114,base,C1p,O5 con t_last,O13p,200,200,1.0,0.9811546736227335,1.0
115,base,C1p,O5 con t_last,O17_run,72,200,0.36,0.2966919730456654,0.42858471833996925
116,base,C1p,O5 con t_last,O17p,72,200,0.36,0.2966919730456654,0.42858471833996925
117,base,C1p,O4 v1,O4,200,200,1.0,0.9811546736227335,1.0
118,base,C1p,O4 v1,O5,171,200,0.855,0.7995133246921847,0.8971064935799559
119,base,C1p,O4 v1,O8,42,199,0.21105527638190955,0.16010604409566953,0.2729487137008783
120,base,C1p,O4 v1,O10,200,200,1.0,0.9811546736227335,1.0
121,base,C1p,O4 v1,O11,195,200,0.975,0.942821659593358,0.9892752803482386
122,base,C1p,O4 v1,O13,200,200,1.0,0.9811546736227335,1.0
123,base,C1p,O4 v1,O13p,200,200,1.0,0.9811546736227335,1.0
124,base,C1p,O4 v1,O17_run,167,200,0.835,0.7773421846094045,0.8800314467178268
125,base,C1p,O4 v1,O17p,167,200,0.835,0.7773421846094045,0.8800314467178268
126,base,C0 (control),primario v2,O4,200,200,1.0,0.9811546736227335,1.0
127,base,C0 (control),primario v2,O5,200,200,1.0,0.9811546736227335,1.0
128,base,C0 (control),primario v2,O8,164,200,0.82,0.7608852497127511,0.8670537414057983
129,base,C0 (control),primario v2,O10,200,200,1.0,0.9811546736227335,1.0
130,base,C0 (control),primario v2,O11,200,200,1.0,0.9811546736227335,1.0
131,base,C0 (control),primario v2,O13,184,200,0.92,0.874010511732856,0.9501594141102401
132,base,C0 (control),primario v2,O13p,0,200,0.0,1.734723475976807e-18,0.018845326377266575
133,base,C0 (control),primario v2,O17_run,184,200,0.92,0.874010511732856,0.9501594141102401
134,base,C0 (control),primario v2,O17p,0,200,0.0,1.734723475976807e-18,0.018845326377266575
135,base,C0 (control),evaluador v1,O4,200,200,1.0,0.9811546736227335,1.0
136,base,C0 (control),evaluador v1,O5,200,200,1.0,0.9811546736227335,1.0
137,base,C0 (control),evaluador v1,O8,164,200,0.82,0.7608852497127511,0.8670537414057983
138,base,C0 (control),evaluador v1,O10,200,200,1.0,0.9811546736227335,1.0
139,base,C0 (control),evaluador v1,O11,197,200,0.985,0.9568342712073097,0.9948857622067417
140,base,C0 (control),evaluador v1,O13,196,200,0.98,0.9497129130941735,0.9921955735836505
141,base,C0 (control),evaluador v1,O13p,0,200,0.0,1.734723475976807e-18,0.018845326377266575
142,base,C0 (control),evaluador v1,O17_run,193,200,0.965,0.9295293884777092,0.9829444579914328
143,base,C0 (control),evaluador v1,O17p,0,200,0.0,1.734723475976807e-18,0.018845326377266575
144,base,C0 (control),argmax,O4,200,200,1.0,0.9811546736227335,1.0
145,base,C0 (control),argmax,O5,200,200,1.0,0.9811546736227335,1.0
146,base,C0 (control),argmax,O8,164,200,0.82,0.7608852497127511,0.8670537414057983
147,base,C0 (control),argmax,O10,200,200,1.0,0.9811546736227335,1.0
148,base,C0 (control),argmax,O11,200,200,1.0,0.9811546736227335,1.0
149,base,C0 (control),argmax,O13,196,200,0.98,0.9497129130941735,0.9921955735836505
150,base,C0 (control),argmax,O13p,0,200,0.0,1.734723475976807e-18,0.018845326377266575
151,base,C0 (control),argmax,O17_run,196,200,0.98,0.9497129130941735,0.9921955735836505
152,base,C0 (control),argmax,O17p,0,200,0.0,1.734723475976807e-18,0.018845326377266575
153,base,C0 (control),fin meseta,O4,200,200,1.0,0.9811546736227335,1.0
154,base,C0 (control),fin meseta,O5,200,200,1.0,0.9811546736227335,1.0
155,base,C0 (control),fin meseta,O8,26,200,0.13,0.0902820227966932,0.18366351872248407
156,base,C0 (control),fin meseta,O10,200,200,1.0,0.9811546736227335,1.0
157,base,C0 (control),fin meseta,O11,200,200,1.0,0.9811546736227335,1.0
158,base,C0 (control),fin meseta,O13,167,200,0.835,0.7773421846094045,0.8800314467178268
159,base,C0 (control),fin meseta,O13p,0,200,0.0,1.734723475976807e-18,0.018845326377266575
160,base,C0 (control),fin meseta,O17_run,167,200,0.835,0.7773421846094045,0.8800314467178268
161,base,C0 (control),fin meseta,O17p,0,200,0.0,1.734723475976807e-18,0.018845326377266575
162,base,C0 (control),m > m_c,O4,200,200,1.0,0.9811546736227335,1.0
163,base,C0 (control),m > m_c,O5,200,200,1.0,0.9811546736227335,1.0
164,base,C0 (control),m > m_c,O8,164,200,0.82,0.7608852497127511,0.8670537414057983
165,base,C0 (control),m > m_c,O10,200,200,1.0,0.9811546736227335,1.0
166,base,C0 (control),m > m_c,O11,200,200,1.0,0.9811546736227335,1.0
167,base,C0 (control),m > m_c,O13,184,200,0.92,0.874010511732856,0.9501594141102401
168,base,C0 (control),m > m_c,O13p,0,200,0.0,1.734723475976807e-18,0.018845326377266575
169,base,C0 (control),m > m_c,O17_run,184,200,0.92,0.874010511732856,0.9501594141102401
170,base,C0 (control),m > m_c,O17p,0,200,0.0,1.734723475976807e-18,0.018845326377266575
171,base,C0 (control),O5 con t_last,O4,200,200,1.0,0.9811546736227335,1.0
172,base,C0 (control),O5 con t_last,O5,127,200,0.635,0.566317026527406,0.698594735350732
173,base,C0 (control),O5 con t_last,O8,164,200,0.82,0.7608852497127511,0.8670537414057983
174,base,C0 (control),O5 con t_last,O10,200,200,1.0,0.9811546736227335,1.0
175,base,C0 (control),O5 con t_last,O11,200,200,1.0,0.9811546736227335,1.0
176,base,C0 (control),O5 con t_last,O13,184,200,0.92,0.874010511732856,0.9501594141102401
177,base,C0 (control),O5 con t_last,O13p,0,200,0.0,1.734723475976807e-18,0.018845326377266575
178,base,C0 (control),O5 con t_last,O17_run,116,200,0.58,0.5107207393958046,0.6462640083838327
179,base,C0 (control),O5 con t_last,O17p,0,200,0.0,1.734723475976807e-18,0.018845326377266575
180,base,C0 (control),O4 v1,O4,200,200,1.0,0.9811546736227335,1.0
181,base,C0 (control),O4 v1,O5,200,200,1.0,0.9811546736227335,1.0
182,base,C0 (control),O4 v1,O8,164,200,0.82,0.7608852497127511,0.8670537414057983
183,base,C0 (control),O4 v1,O10,200,200,1.0,0.9811546736227335,1.0
184,base,C0 (control),O4 v1,O11,200,200,1.0,0.9811546736227335,1.0
185,base,C0 (control),O4 v1,O13,184,200,0.92,0.874010511732856,0.9501594141102401
186,base,C0 (control),O4 v1,O13p,0,200,0.0,1.734723475976807e-18,0.018845326377266575
187,base,C0 (control),O4 v1,O17_run,184,200,0.92,0.874010511732856,0.9501594141102401
188,base,C0 (control),O4 v1,O17p,0,200,0.0,1.734723475976807e-18,0.018845326377266575
189,base,C1 alpha=0 (control O14),primario v2,O4,0,200,0.0,1.734723475976807e-18,0.018845326377266575
190,base,C1 alpha=0 (control O14),primario v2,O5,200,200,1.0,0.9811546736227335,1.0
191,base,C1 alpha=0 (control O14),primario v2,O8,195,200,0.975,0.942821659593358,0.9892752803482386
192,base,C1 alpha=0 (control O14),primario v2,O10,200,200,1.0,0.9811546736227335,1.0
193,base,C1 alpha=0 (control O14),primario v2,O11,200,200,1.0,0.9811546736227335,1.0
194,base,C1 alpha=0 (control O14),primario v2,O13,200,200,1.0,0.9811546736227335,1.0
195,base,C1 alpha=0 (control O14),primario v2,O13p,0,200,0.0,1.734723475976807e-18,0.018845326377266575
196,base,C1 alpha=0 (control O14),primario v2,O17_run,0,200,0.0,1.734723475976807e-18,0.018845326377266575
197,base,C1 alpha=0 (control O14),primario v2,O17p,0,200,0.0,1.734723475976807e-18,0.018845326377266575
198,base,C1 alpha=0 (control O14),evaluador v1,O4,200,200,1.0,0.9811546736227335,1.0
199,base,C1 alpha=0 (control O14),evaluador v1,O5,200,200,1.0,0.9811546736227335,1.0
200,base,C1 alpha=0 (control O14),evaluador v1,O8,195,200,0.975,0.942821659593358,0.9892752803482386
201,base,C1 alpha=0 (control O14),evaluador v1,O10,200,200,1.0,0.9811546736227335,1.0
202,base,C1 alpha=0 (control O14),evaluador v1,O11,200,200,1.0,0.9811546736227335,1.0
203,base,C1 alpha=0 (control O14),evaluador v1,O13,200,200,1.0,0.9811546736227335,1.0
204,base,C1 alpha=0 (control O14),evaluador v1,O13p,1,200,0.005,0.0008831687156009814,0.02777370439789293
205,base,C1 alpha=0 (control O14),evaluador v1,O17_run,200,200,1.0,0.9811546736227335,1.0
206,base,C1 alpha=0 (control O14),evaluador v1,O17p,1,200,0.005,0.0008831687156009814,0.02777370439789293
207,base,C1 alpha=0 (control O14),argmax,O4,0,200,0.0,1.734723475976807e-18,0.018845326377266575
208,base,C1 alpha=0 (control O14),argmax,O5,200,200,1.0,0.9811546736227335,1.0
209,base,C1 alpha=0 (control O14),argmax,O8,195,200,0.975,0.942821659593358,0.9892752803482386
210,base,C1 alpha=0 (control O14),argmax,O10,200,200,1.0,0.9811546736227335,1.0
211,base,C1 alpha=0 (control O14),argmax,O11,200,200,1.0,0.9811546736227335,1.0
212,base,C1 alpha=0 (control O14),argmax,O13,200,200,1.0,0.9811546736227335,1.0
213,base,C1 alpha=0 (control O14),argmax,O13p,1,200,0.005,0.0008831687156009814,0.02777370439789293
214,base,C1 alpha=0 (control O14),argmax,O17_run,0,200,0.0,1.734723475976807e-18,0.018845326377266575
215,base,C1 alpha=0 (control O14),argmax,O17p,0,200,0.0,1.734723475976807e-18,0.018845326377266575
216,base,C1 alpha=0 (control O14),fin meseta,O4,0,200,0.0,1.734723475976807e-18,0.018845326377266575
217,base,C1 alpha=0 (control O14),fin meseta,O5,200,200,1.0,0.9811546736227335,1.0
218,base,C1 alpha=0 (control O14),fin meseta,O8,4,200,0.02,0.0078044264163494685,0.050287086905826436
219,base,C1 alpha=0 (control O14),fin meseta,O10,200,200,1.0,0.9811546736227335,1.0
220,base,C1 alpha=0 (control O14),fin meseta,O11,200,200,1.0,0.9811546736227335,1.0
221,base,C1 alpha=0 (control O14),fin meseta,O13,200,200,1.0,0.9811546736227335,1.0
222,base,C1 alpha=0 (control O14),fin meseta,O13p,200,200,1.0,0.9811546736227335,1.0
223,base,C1 alpha=0 (control O14),fin meseta,O17_run,0,200,0.0,1.734723475976807e-18,0.018845326377266575
224,base,C1 alpha=0 (control O14),fin meseta,O17p,0,200,0.0,1.734723475976807e-18,0.018845326377266575
225,base,C1 alpha=0 (control O14),m > m_c,O4,0,200,0.0,1.734723475976807e-18,0.018845326377266575
226,base,C1 alpha=0 (control O14),m > m_c,O5,200,200,1.0,0.9811546736227335,1.0
227,base,C1 alpha=0 (control O14),m > m_c,O8,195,200,0.975,0.942821659593358,0.9892752803482386
228,base,C1 alpha=0 (control O14),m > m_c,O10,200,200,1.0,0.9811546736227335,1.0
229,base,C1 alpha=0 (control O14),m > m_c,O11,200,200,1.0,0.9811546736227335,1.0
230,base,C1 alpha=0 (control O14),m > m_c,O13,200,200,1.0,0.9811546736227335,1.0
231,base,C1 alpha=0 (control O14),m > m_c,O13p,0,200,0.0,1.734723475976807e-18,0.018845326377266575
232,base,C1 alpha=0 (control O14),m > m_c,O17_run,0,200,0.0,1.734723475976807e-18,0.018845326377266575
233,base,C1 alpha=0 (control O14),m > m_c,O17p,0,200,0.0,1.734723475976807e-18,0.018845326377266575
234,base,C1 alpha=0 (control O14),O5 con t_last,O4,0,200,0.0,1.734723475976807e-18,0.018845326377266575
235,base,C1 alpha=0 (control O14),O5 con t_last,O5,200,200,1.0,0.9811546736227335,1.0
236,base,C1 alpha=0 (control O14),O5 con t_last,O8,195,200,0.975,0.942821659593358,0.9892752803482386
237,base,C1 alpha=0 (control O14),O5 con t_last,O10,200,200,1.0,0.9811546736227335,1.0
238,base,C1 alpha=0 (control O14),O5 con t_last,O11,200,200,1.0,0.9811546736227335,1.0
239,base,C1 alpha=0 (control O14),O5 con t_last,O13,200,200,1.0,0.9811546736227335,1.0
240,base,C1 alpha=0 (control O14),O5 con t_last,O13p,0,200,0.0,1.734723475976807e-18,0.018845326377266575
241,base,C1 alpha=0 (control O14),O5 con t_last,O17_run,0,200,0.0,1.734723475976807e-18,0.018845326377266575
242,base,C1 alpha=0 (control O14),O5 con t_last,O17p,0,200,0.0,1.734723475976807e-18,0.018845326377266575
243,base,C1 alpha=0 (control O14),O4 v1,O4,200,200,1.0,0.9811546736227335,1.0
244,base,C1 alpha=0 (control O14),O4 v1,O5,200,200,1.0,0.9811546736227335,1.0
245,base,C1 alpha=0 (control O14),O4 v1,O8,195,200,0.975,0.942821659593358,0.9892752803482386
246,base,C1 alpha=0 (control O14),O4 v1,O10,200,200,1.0,0.9811546736227335,1.0
247,base,C1 alpha=0 (control O14),O4 v1,O11,200,200,1.0,0.9811546736227335,1.0
248,base,C1 alpha=0 (control O14),O4 v1,O13,200,200,1.0,0.9811546736227335,1.0
249,base,C1 alpha=0 (control O14),O4 v1,O13p,0,200,0.0,1.734723475976807e-18,0.018845326377266575
250,base,C1 alpha=0 (control O14),O4 v1,O17_run,200,200,1.0,0.9811546736227335,1.0
251,base,C1 alpha=0 (control O14),O4 v1,O17p,0,200,0.0,1.734723475976807e-18,0.018845326377266575
252,c1c2,C1,primario v2,O4,200,200,1.0,0.9811546736227335,1.0
253,c1c2,C1,primario v2,O5,196,200,0.98,0.9497129130941735,0.9921955735836505
254,c1c2,C1,primario v2,O8,129,200,0.645,0.5765211307549043,0.7080137245956883
255,c1c2,C1,primario v2,O10,200,200,1.0,0.9811546736227335,1.0
256,c1c2,C1,primario v2,O11,200,200,1.0,0.9811546736227335,1.0
257,c1c2,C1,primario v2,O13,200,200,1.0,0.9811546736227335,1.0
258,c1c2,C1,primario v2,O13p,200,200,1.0,0.9811546736227335,1.0
259,c1c2,C1,primario v2,O17_run,196,200,0.98,0.9497129130941735,0.9921955735836505
260,c1c2,C1,primario v2,O17p,196,200,0.98,0.9497129130941735,0.9921955735836505
261,c1c2,C1,evaluador v1,O4,200,200,1.0,0.9811546736227335,1.0
262,c1c2,C1,evaluador v1,O5,200,200,1.0,0.9811546736227335,1.0
263,c1c2,C1,evaluador v1,O8,129,200,0.645,0.5765211307549043,0.7080137245956883
264,c1c2,C1,evaluador v1,O10,200,200,1.0,0.9811546736227335,1.0
265,c1c2,C1,evaluador v1,O11,198,200,0.99,0.9642782382838231,0.9972533418664555
266,c1c2,C1,evaluador v1,O13,200,200,1.0,0.9811546736227335,1.0
267,c1c2,C1,evaluador v1,O13p,200,200,1.0,0.9811546736227335,1.0
268,c1c2,C1,evaluador v1,O17_run,198,200,0.99,0.9642782382838231,0.9972533418664555
269,c1c2,C1,evaluador v1,O17p,198,200,0.99,0.9642782382838231,0.9972533418664555
270,c1c2,C1,argmax,O4,200,200,1.0,0.9811546736227335,1.0
271,c1c2,C1,argmax,O5,200,200,1.0,0.9811546736227335,1.0
272,c1c2,C1,argmax,O8,129,200,0.645,0.5765211307549043,0.7080137245956883
273,c1c2,C1,argmax,O10,200,200,1.0,0.9811546736227335,1.0
274,c1c2,C1,argmax,O11,200,200,1.0,0.9811546736227335,1.0
275,c1c2,C1,argmax,O13,200,200,1.0,0.9811546736227335,1.0
276,c1c2,C1,argmax,O13p,200,200,1.0,0.9811546736227335,1.0
277,c1c2,C1,argmax,O17_run,200,200,1.0,0.9811546736227335,1.0
278,c1c2,C1,argmax,O17p,200,200,1.0,0.9811546736227335,1.0
279,c1c2,C1,fin meseta,O4,200,200,1.0,0.9811546736227335,1.0
280,c1c2,C1,fin meseta,O5,200,200,1.0,0.9811546736227335,1.0
281,c1c2,C1,fin meseta,O8,21,200,0.105,0.06970748792681017,0.1551803199112304
282,c1c2,C1,fin meseta,O10,200,200,1.0,0.9811546736227335,1.0
283,c1c2,C1,fin meseta,O11,200,200,1.0,0.9811546736227335,1.0
284,c1c2,C1,fin meseta,O13,200,200,1.0,0.9811546736227335,1.0
285,c1c2,C1,fin meseta,O13p,200,200,1.0,0.9811546736227335,1.0
286,c1c2,C1,fin meseta,O17_run,200,200,1.0,0.9811546736227335,1.0
287,c1c2,C1,fin meseta,O17p,200,200,1.0,0.9811546736227335,1.0
288,c1c2,C1,m > m_c,O4,200,200,1.0,0.9811546736227335,1.0
289,c1c2,C1,m > m_c,O5,196,200,0.98,0.9497129130941735,0.9921955735836505
290,c1c2,C1,m > m_c,O8,129,200,0.645,0.5765211307549043,0.7080137245956883
291,c1c2,C1,m > m_c,O10,200,200,1.0,0.9811546736227335,1.0
292,c1c2,C1,m > m_c,O11,200,200,1.0,0.9811546736227335,1.0
293,c1c2,C1,m > m_c,O13,200,200,1.0,0.9811546736227335,1.0
294,c1c2,C1,m > m_c,O13p,200,200,1.0,0.9811546736227335,1.0
295,c1c2,C1,m > m_c,O17_run,196,200,0.98,0.9497129130941735,0.9921955735836505
296,c1c2,C1,m > m_c,O17p,196,200,0.98,0.9497129130941735,0.9921955735836505
297,c1c2,C1,O5 con t_last,O4,200,200,1.0,0.9811546736227335,1.0
298,c1c2,C1,O5 con t_last,O5,108,200,0.54,0.4708228918895333,0.6076694820002854
299,c1c2,C1,O5 con t_last,O8,129,200,0.645,0.5765211307549043,0.7080137245956883
300,c1c2,C1,O5 con t_last,O10,200,200,1.0,0.9811546736227335,1.0
301,c1c2,C1,O5 con t_last,O11,200,200,1.0,0.9811546736227335,1.0
302,c1c2,C1,O5 con t_last,O13,200,200,1.0,0.9811546736227335,1.0
303,c1c2,C1,O5 con t_last,O13p,200,200,1.0,0.9811546736227335,1.0
304,c1c2,C1,O5 con t_last,O17_run,108,200,0.54,0.4708228918895333,0.6076694820002854
305,c1c2,C1,O5 con t_last,O17p,108,200,0.54,0.4708228918895333,0.6076694820002854
306,c1c2,C1,O4 v1,O4,200,200,1.0,0.9811546736227335,1.0
307,c1c2,C1,O4 v1,O5,196,200,0.98,0.9497129130941735,0.9921955735836505
308,c1c2,C1,O4 v1,O8,129,200,0.645,0.5765211307549043,0.7080137245956883
309,c1c2,C1,O4 v1,O10,200,200,1.0,0.9811546736227335,1.0
310,c1c2,C1,O4 v1,O11,200,200,1.0,0.9811546736227335,1.0
311,c1c2,C1,O4 v1,O13,200,200,1.0,0.9811546736227335,1.0
312,c1c2,C1,O4 v1,O13p,200,200,1.0,0.9811546736227335,1.0
313,c1c2,C1,O4 v1,O17_run,196,200,0.98,0.9497129130941735,0.9921955735836505
314,c1c2,C1,O4 v1,O17p,196,200,0.98,0.9497129130941735,0.9921955735836505
315,c1c2,C2,primario v2,O4,180,200,0.9,0.8505941875672826,0.9343295513309041
316,c1c2,C2,primario v2,O5,163,200,0.815,0.7554293723884824,0.8626980719938395
317,c1c2,C2,primario v2,O8,0,196,0.0,1.734723475976807e-18,0.019222531917868144
318,c1c2,C2,primario v2,O10,200,200,1.0,0.9811546736227335,1.0
319,c1c2,C2,primario v2,O11,196,197,0.9949238578680203,0.9718117011677008,0.9991033735634125
320,c1c2,C2,primario v2,O13,200,200,1.0,0.9811546736227335,1.0
321,c1c2,C2,primario v2,O13p,189,200,0.945,0.9042130012276914,0.9690146582965411
322,c1c2,C2,primario v2,O17_run,145,200,0.725,0.6593166064233035,0.7822029967069265
323,c1c2,C2,primario v2,O17p,141,200,0.705,0.6384128547538122,0.7638605614315084
324,c1c2,C2,evaluador v1,O4,200,200,1.0,0.9811546736227335,1.0
325,c1c2,C2,evaluador v1,O5,179,200,0.895,0.8448196800887696,0.9302925120731899
326,c1c2,C2,evaluador v1,O8,0,196,0.0,1.734723475976807e-18,0.019222531917868144
327,c1c2,C2,evaluador v1,O10,200,200,1.0,0.9811546736227335,1.0
328,c1c2,C2,evaluador v1,O11,199,200,0.995,0.9722262956021069,0.9991168312843989
329,c1c2,C2,evaluador v1,O13,200,200,1.0,0.9811546736227335,1.0
330,c1c2,C2,evaluador v1,O13p,200,200,1.0,0.9811546736227335,1.0
331,c1c2,C2,evaluador v1,O17_run,176,200,0.88,0.8276574790170326,0.9180200729362449
332,c1c2,C2,evaluador v1,O17p,176,200,0.88,0.8276574790170326,0.9180200729362449
333,c1c2,C2,argmax,O4,153,200,0.765,0.7015863111723746,0.8184256658476741
334,c1c2,C2,argmax,O5,192,200,0.96,0.923067931799067,0.9795943679338476
335,c1c2,C2,argmax,O8,0,196,0.0,1.734723475976807e-18,0.019222531917868144
336,c1c2,C2,argmax,O10,200,200,1.0,0.9811546736227335,1.0
337,c1c2,C2,argmax,O11,196,197,0.9949238578680203,0.9718117011677008,0.9991033735634125
338,c1c2,C2,argmax,O13,200,200,1.0,0.9811546736227335,1.0
339,c1c2,C2,argmax,O13p,200,200,1.0,0.9811546736227335,1.0
340,c1c2,C2,argmax,O17_run,146,200,0.73,0.6645656480133157,0.7867655018531416
341,c1c2,C2,argmax,O17p,146,200,0.73,0.6645656480133157,0.7867655018531416
342,c1c2,C2,fin meseta,O4,171,200,0.855,0.7995133246921847,0.8971064935799559
343,c1c2,C2,fin meseta,O5,192,200,0.96,0.923067931799067,0.9795943679338476
344,c1c2,C2,fin meseta,O8,0,196,0.0,1.734723475976807e-18,0.019222531917868144
345,c1c2,C2,fin meseta,O10,200,200,1.0,0.9811546736227335,1.0
346,c1c2,C2,fin meseta,O11,196,197,0.9949238578680203,0.9718117011677008,0.9991033735634125
347,c1c2,C2,fin meseta,O13,200,200,1.0,0.9811546736227335,1.0
348,c1c2,C2,fin meseta,O13p,200,200,1.0,0.9811546736227335,1.0
349,c1c2,C2,fin meseta,O17_run,163,200,0.815,0.7554293723884824,0.8626980719938395
350,c1c2,C2,fin meseta,O17p,163,200,0.815,0.7554293723884824,0.8626980719938395
351,c1c2,C2,m > m_c,O4,180,200,0.9,0.8505941875672826,0.9343295513309041
352,c1c2,C2,m > m_c,O5,163,200,0.815,0.7554293723884824,0.8626980719938395
353,c1c2,C2,m > m_c,O8,0,196,0.0,1.734723475976807e-18,0.019222531917868144
354,c1c2,C2,m > m_c,O10,200,200,1.0,0.9811546736227335,1.0
355,c1c2,C2,m > m_c,O11,196,197,0.9949238578680203,0.9718117011677008,0.9991033735634125
356,c1c2,C2,m > m_c,O13,200,200,1.0,0.9811546736227335,1.0
357,c1c2,C2,m > m_c,O13p,189,200,0.945,0.9042130012276914,0.9690146582965411
358,c1c2,C2,m > m_c,O17_run,145,200,0.725,0.6593166064233035,0.7822029967069265
359,c1c2,C2,m > m_c,O17p,141,200,0.705,0.6384128547538122,0.7638605614315084
360,c1c2,C2,O5 con t_last,O4,180,200,0.9,0.8505941875672826,0.9343295513309041
361,c1c2,C2,O5 con t_last,O5,54,200,0.27,0.21323449814685846,0.33543435198668425
362,c1c2,C2,O5 con t_last,O8,0,196,0.0,1.734723475976807e-18,0.019222531917868144
363,c1c2,C2,O5 con t_last,O10,200,200,1.0,0.9811546736227335,1.0
364,c1c2,C2,O5 con t_last,O11,196,197,0.9949238578680203,0.9718117011677008,0.9991033735634125
365,c1c2,C2,O5 con t_last,O13,200,200,1.0,0.9811546736227335,1.0
366,c1c2,C2,O5 con t_last,O13p,189,200,0.945,0.9042130012276914,0.9690146582965411
367,c1c2,C2,O5 con t_last,O17_run,46,200,0.23,0.17709343259068805,0.2930830436530359
368,c1c2,C2,O5 con t_last,O17p,45,200,0.225,0.17262369715089126,0.2877412323566053
369,c1c2,C2,O4 v1,O4,200,200,1.0,0.9811546736227335,1.0
370,c1c2,C2,O4 v1,O5,163,200,0.815,0.7554293723884824,0.8626980719938395
371,c1c2,C2,O4 v1,O8,0,196,0.0,1.734723475976807e-18,0.019222531917868144
372,c1c2,C2,O4 v1,O10,200,200,1.0,0.9811546736227335,1.0
373,c1c2,C2,O4 v1,O11,196,197,0.9949238578680203,0.9718117011677008,0.9991033735634125
374,c1c2,C2,O4 v1,O13,200,200,1.0,0.9811546736227335,1.0
375,c1c2,C2,O4 v1,O13p,189,200,0.945,0.9042130012276914,0.9690146582965411
376,c1c2,C2,O4 v1,O17_run,163,200,0.815,0.7554293723884824,0.8626980719938395
377,c1c2,C2,O4 v1,O17p,156,200,0.78,0.7176120008170632,0.8318346164116674
378,nulos,C1 gamma=0 (sin hacinamiento),primario v2,O4,0,200,0.0,1.734723475976807e-18,0.018845326377266575
379,nulos,C1 gamma=0 (sin hacinamiento),primario v2,O5,200,200,1.0,0.9811546736227335,1.0
380,nulos,C1 gamma=0 (sin hacinamiento),primario v2,O8,0,0,,,
381,nulos,C1 gamma=0 (sin hacinamiento),primario v2,O10,0,200,0.0,1.734723475976807e-18,0.018845326377266575
382,nulos,C1 gamma=0 (sin hacinamiento),primario v2,O11,0,0,,,
383,nulos,C1 gamma=0 (sin hacinamiento),primario v2,O13,0,200,0.0,1.734723475976807e-18,0.018845326377266575
384,nulos,C1 gamma=0 (sin hacinamiento),primario v2,O13p,0,200,0.0,1.734723475976807e-18,0.018845326377266575
385,nulos,C1 gamma=0 (sin hacinamiento),primario v2,O17_run,0,200,0.0,1.734723475976807e-18,0.018845326377266575
386,nulos,C1 gamma=0 (sin hacinamiento),primario v2,O17p,0,200,0.0,1.734723475976807e-18,0.018845326377266575
387,nulos,C1 gamma=0 (sin hacinamiento),evaluador v1,O4,0,200,0.0,1.734723475976807e-18,0.018845326377266575
388,nulos,C1 gamma=0 (sin hacinamiento),evaluador v1,O5,0,200,0.0,1.734723475976807e-18,0.018845326377266575
389,nulos,C1 gamma=0 (sin hacinamiento),evaluador v1,O8,0,0,,,
390,nulos,C1 gamma=0 (sin hacinamiento),evaluador v1,O10,200,200,1.0,0.9811546736227335,1.0
391,nulos,C1 gamma=0 (sin hacinamiento),evaluador v1,O11,200,200,1.0,0.9811546736227335,1.0
392,nulos,C1 gamma=0 (sin hacinamiento),evaluador v1,O13,0,200,0.0,1.734723475976807e-18,0.018845326377266575
393,nulos,C1 gamma=0 (sin hacinamiento),evaluador v1,O13p,0,200,0.0,1.734723475976807e-18,0.018845326377266575
394,nulos,C1 gamma=0 (sin hacinamiento),evaluador v1,O17_run,0,200,0.0,1.734723475976807e-18,0.018845326377266575
395,nulos,C1 gamma=0 (sin hacinamiento),evaluador v1,O17p,0,200,0.0,1.734723475976807e-18,0.018845326377266575
396,nulos,C1 gamma=0 (sin hacinamiento),argmax,O4,0,200,0.0,1.734723475976807e-18,0.018845326377266575
397,nulos,C1 gamma=0 (sin hacinamiento),argmax,O5,200,200,1.0,0.9811546736227335,1.0
398,nulos,C1 gamma=0 (sin hacinamiento),argmax,O8,0,0,,,
399,nulos,C1 gamma=0 (sin hacinamiento),argmax,O10,0,200,0.0,1.734723475976807e-18,0.018845326377266575
400,nulos,C1 gamma=0 (sin hacinamiento),argmax,O11,0,0,,,
401,nulos,C1 gamma=0 (sin hacinamiento),argmax,O13,0,200,0.0,1.734723475976807e-18,0.018845326377266575
402,nulos,C1 gamma=0 (sin hacinamiento),argmax,O13p,0,200,0.0,1.734723475976807e-18,0.018845326377266575
403,nulos,C1 gamma=0 (sin hacinamiento),argmax,O17_run,0,200,0.0,1.734723475976807e-18,0.018845326377266575
404,nulos,C1 gamma=0 (sin hacinamiento),argmax,O17p,0,200,0.0,1.734723475976807e-18,0.018845326377266575
405,nulos,C1 gamma=0 (sin hacinamiento),fin meseta,O4,0,200,0.0,1.734723475976807e-18,0.018845326377266575
406,nulos,C1 gamma=0 (sin hacinamiento),fin meseta,O5,200,200,1.0,0.9811546736227335,1.0
407,nulos,C1 gamma=0 (sin hacinamiento),fin meseta,O8,0,0,,,
408,nulos,C1 gamma=0 (sin hacinamiento),fin meseta,O10,0,200,0.0,1.734723475976807e-18,0.018845326377266575
409,nulos,C1 gamma=0 (sin hacinamiento),fin meseta,O11,0,0,,,
410,nulos,C1 gamma=0 (sin hacinamiento),fin meseta,O13,0,200,0.0,1.734723475976807e-18,0.018845326377266575
411,nulos,C1 gamma=0 (sin hacinamiento),fin meseta,O13p,0,200,0.0,1.734723475976807e-18,0.018845326377266575
412,nulos,C1 gamma=0 (sin hacinamiento),fin meseta,O17_run,0,200,0.0,1.734723475976807e-18,0.018845326377266575
413,nulos,C1 gamma=0 (sin hacinamiento),fin meseta,O17p,0,200,0.0,1.734723475976807e-18,0.018845326377266575
414,nulos,C1 gamma=0 (sin hacinamiento),m > m_c,O4,0,200,0.0,1.734723475976807e-18,0.018845326377266575
415,nulos,C1 gamma=0 (sin hacinamiento),m > m_c,O5,200,200,1.0,0.9811546736227335,1.0
416,nulos,C1 gamma=0 (sin hacinamiento),m > m_c,O8,0,0,,,
417,nulos,C1 gamma=0 (sin hacinamiento),m > m_c,O10,0,200,0.0,1.734723475976807e-18,0.018845326377266575
418,nulos,C1 gamma=0 (sin hacinamiento),m > m_c,O11,0,0,,,
419,nulos,C1 gamma=0 (sin hacinamiento),m > m_c,O13,0,200,0.0,1.734723475976807e-18,0.018845326377266575
420,nulos,C1 gamma=0 (sin hacinamiento),m > m_c,O13p,0,200,0.0,1.734723475976807e-18,0.018845326377266575
421,nulos,C1 gamma=0 (sin hacinamiento),m > m_c,O17_run,0,200,0.0,1.734723475976807e-18,0.018845326377266575
422,nulos,C1 gamma=0 (sin hacinamiento),m > m_c,O17p,0,200,0.0,1.734723475976807e-18,0.018845326377266575
423,nulos,C1 gamma=0 (sin hacinamiento),O5 con t_last,O4,0,200,0.0,1.734723475976807e-18,0.018845326377266575
424,nulos,C1 gamma=0 (sin hacinamiento),O5 con t_last,O5,0,200,0.0,1.734723475976807e-18,0.018845326377266575
425,nulos,C1 gamma=0 (sin hacinamiento),O5 con t_last,O8,0,0,,,
426,nulos,C1 gamma=0 (sin hacinamiento),O5 con t_last,O10,0,200,0.0,1.734723475976807e-18,0.018845326377266575
427,nulos,C1 gamma=0 (sin hacinamiento),O5 con t_last,O11,0,0,,,
428,nulos,C1 gamma=0 (sin hacinamiento),O5 con t_last,O13,0,200,0.0,1.734723475976807e-18,0.018845326377266575
429,nulos,C1 gamma=0 (sin hacinamiento),O5 con t_last,O13p,0,200,0.0,1.734723475976807e-18,0.018845326377266575
430,nulos,C1 gamma=0 (sin hacinamiento),O5 con t_last,O17_run,0,200,0.0,1.734723475976807e-18,0.018845326377266575
431,nulos,C1 gamma=0 (sin hacinamiento),O5 con t_last,O17p,0,200,0.0,1.734723475976807e-18,0.018845326377266575
432,nulos,C1 gamma=0 (sin hacinamiento),O4 v1,O4,0,200,0.0,1.734723475976807e-18,0.018845326377266575
433,nulos,C1 gamma=0 (sin hacinamiento),O4 v1,O5,200,200,1.0,0.9811546736227335,1.0
434,nulos,C1 gamma=0 (sin hacinamiento),O4 v1,O8,0,0,,,
435,nulos,C1 gamma=0 (sin hacinamiento),O4 v1,O10,0,200,0.0,1.734723475976807e-18,0.018845326377266575
436,nulos,C1 gamma=0 (sin hacinamiento),O4 v1,O11,0,0,,,
437,nulos,C1 gamma=0 (sin hacinamiento),O4 v1,O13,0,200,0.0,1.734723475976807e-18,0.018845326377266575
438,nulos,C1 gamma=0 (sin hacinamiento),O4 v1,O13p,0,200,0.0,1.734723475976807e-18,0.018845326377266575
439,nulos,C1 gamma=0 (sin hacinamiento),O4 v1,O17_run,0,200,0.0,1.734723475976807e-18,0.018845326377266575
440,nulos,C1 gamma=0 (sin hacinamiento),O4 v1,O17p,0,200,0.0,1.734723475976807e-18,0.018845326377266575
441,nulos,"C1 -R2 (w=1, sin aprendizaje social)",primario v2,O4,198,200,0.99,0.9642782382838231,0.9972533418664555
442,nulos,"C1 -R2 (w=1, sin aprendizaje social)",primario v2,O5,194,200,0.97,0.9361057075454807,0.9861796856598887
443,nulos,"C1 -R2 (w=1, sin aprendizaje social)",primario v2,O8,138,200,0.69,0.6228282243374195,0.750010551639219
444,nulos,"C1 -R2 (w=1, sin aprendizaje social)",primario v2,O10,200,200,1.0,0.9811546736227335,1.0
445,nulos,"C1 -R2 (w=1, sin aprendizaje social)",primario v2,O11,0,200,0.0,1.734723475976807e-18,0.018845326377266575
446,nulos,"C1 -R2 (w=1, sin aprendizaje social)",primario v2,O13,200,200,1.0,0.9811546736227335,1.0
447,nulos,"C1 -R2 (w=1, sin aprendizaje social)",primario v2,O13p,200,200,1.0,0.9811546736227335,1.0
448,nulos,"C1 -R2 (w=1, sin aprendizaje social)",primario v2,O17_run,0,200,0.0,1.734723475976807e-18,0.018845326377266575
449,nulos,"C1 -R2 (w=1, sin aprendizaje social)",primario v2,O17p,0,200,0.0,1.734723475976807e-18,0.018845326377266575
450,nulos,"C1 -R2 (w=1, sin aprendizaje social)",evaluador v1,O4,200,200,1.0,0.9811546736227335,1.0
451,nulos,"C1 -R2 (w=1, sin aprendizaje social)",evaluador v1,O5,200,200,1.0,0.9811546736227335,1.0
452,nulos,"C1 -R2 (w=1, sin aprendizaje social)",evaluador v1,O8,138,200,0.69,0.6228282243374195,0.750010551639219
453,nulos,"C1 -R2 (w=1, sin aprendizaje social)",evaluador v1,O10,200,200,1.0,0.9811546736227335,1.0
454,nulos,"C1 -R2 (w=1, sin aprendizaje social)",evaluador v1,O11,30,200,0.15,0.10713593562241995,0.20605579284166659
455,nulos,"C1 -R2 (w=1, sin aprendizaje social)",evaluador v1,O13,200,200,1.0,0.9811546736227335,1.0
456,nulos,"C1 -R2 (w=1, sin aprendizaje social)",evaluador v1,O13p,200,200,1.0,0.9811546736227335,1.0
457,nulos,"C1 -R2 (w=1, sin aprendizaje social)",evaluador v1,O17_run,30,200,0.15,0.10713593562241995,0.20605579284166659
458,nulos,"C1 -R2 (w=1, sin aprendizaje social)",evaluador v1,O17p,30,200,0.15,0.10713593562241995,0.20605579284166659
459,nulos,"C1 -R2 (w=1, sin aprendizaje social)",argmax,O4,176,200,0.88,0.8276574790170326,0.9180200729362449
460,nulos,"C1 -R2 (w=1, sin aprendizaje social)",argmax,O5,198,200,0.99,0.9642782382838231,0.9972533418664555
461,nulos,"C1 -R2 (w=1, sin aprendizaje social)",argmax,O8,138,200,0.69,0.6228282243374195,0.750010551639219
462,nulos,"C1 -R2 (w=1, sin aprendizaje social)",argmax,O10,200,200,1.0,0.9811546736227335,1.0
463,nulos,"C1 -R2 (w=1, sin aprendizaje social)",argmax,O11,0,200,0.0,1.734723475976807e-18,0.018845326377266575
464,nulos,"C1 -R2 (w=1, sin aprendizaje social)",argmax,O13,200,200,1.0,0.9811546736227335,1.0
465,nulos,"C1 -R2 (w=1, sin aprendizaje social)",argmax,O13p,200,200,1.0,0.9811546736227335,1.0
466,nulos,"C1 -R2 (w=1, sin aprendizaje social)",argmax,O17_run,0,200,0.0,1.734723475976807e-18,0.018845326377266575
467,nulos,"C1 -R2 (w=1, sin aprendizaje social)",argmax,O17p,0,200,0.0,1.734723475976807e-18,0.018845326377266575
468,nulos,"C1 -R2 (w=1, sin aprendizaje social)",fin meseta,O4,153,200,0.765,0.7015863111723746,0.8184256658476741
469,nulos,"C1 -R2 (w=1, sin aprendizaje social)",fin meseta,O5,198,200,0.99,0.9642782382838231,0.9972533418664555
470,nulos,"C1 -R2 (w=1, sin aprendizaje social)",fin meseta,O8,15,200,0.075,0.04597491718438201,0.12004361023629456
471,nulos,"C1 -R2 (w=1, sin aprendizaje social)",fin meseta,O10,200,200,1.0,0.9811546736227335,1.0
472,nulos,"C1 -R2 (w=1, sin aprendizaje social)",fin meseta,O11,0,200,0.0,1.734723475976807e-18,0.018845326377266575
473,nulos,"C1 -R2 (w=1, sin aprendizaje social)",fin meseta,O13,200,200,1.0,0.9811546736227335,1.0
474,nulos,"C1 -R2 (w=1, sin aprendizaje social)",fin meseta,O13p,200,200,1.0,0.9811546736227335,1.0
475,nulos,"C1 -R2 (w=1, sin aprendizaje social)",fin meseta,O17_run,0,200,0.0,1.734723475976807e-18,0.018845326377266575
476,nulos,"C1 -R2 (w=1, sin aprendizaje social)",fin meseta,O17p,0,200,0.0,1.734723475976807e-18,0.018845326377266575
477,nulos,"C1 -R2 (w=1, sin aprendizaje social)",m > m_c,O4,198,200,0.99,0.9642782382838231,0.9972533418664555
478,nulos,"C1 -R2 (w=1, sin aprendizaje social)",m > m_c,O5,194,200,0.97,0.9361057075454807,0.9861796856598887
479,nulos,"C1 -R2 (w=1, sin aprendizaje social)",m > m_c,O8,138,200,0.69,0.6228282243374195,0.750010551639219
480,nulos,"C1 -R2 (w=1, sin aprendizaje social)",m > m_c,O10,200,200,1.0,0.9811546736227335,1.0
481,nulos,"C1 -R2 (w=1, sin aprendizaje social)",m > m_c,O11,0,200,0.0,1.734723475976807e-18,0.018845326377266575
482,nulos,"C1 -R2 (w=1, sin aprendizaje social)",m > m_c,O13,200,200,1.0,0.9811546736227335,1.0
483,nulos,"C1 -R2 (w=1, sin aprendizaje social)",m > m_c,O13p,200,200,1.0,0.9811546736227335,1.0
484,nulos,"C1 -R2 (w=1, sin aprendizaje social)",m > m_c,O17_run,0,200,0.0,1.734723475976807e-18,0.018845326377266575
485,nulos,"C1 -R2 (w=1, sin aprendizaje social)",m > m_c,O17p,0,200,0.0,1.734723475976807e-18,0.018845326377266575
486,nulos,"C1 -R2 (w=1, sin aprendizaje social)",O5 con t_last,O4,198,200,0.99,0.9642782382838231,0.9972533418664555
487,nulos,"C1 -R2 (w=1, sin aprendizaje social)",O5 con t_last,O5,144,200,0.72,0.6540769541334929,0.7776311022605097
488,nulos,"C1 -R2 (w=1, sin aprendizaje social)",O5 con t_last,O8,138,200,0.69,0.6228282243374195,0.750010551639219
489,nulos,"C1 -R2 (w=1, sin aprendizaje social)",O5 con t_last,O10,200,200,1.0,0.9811546736227335,1.0
490,nulos,"C1 -R2 (w=1, sin aprendizaje social)",O5 con t_last,O11,0,200,0.0,1.734723475976807e-18,0.018845326377266575
491,nulos,"C1 -R2 (w=1, sin aprendizaje social)",O5 con t_last,O13,200,200,1.0,0.9811546736227335,1.0
492,nulos,"C1 -R2 (w=1, sin aprendizaje social)",O5 con t_last,O13p,200,200,1.0,0.9811546736227335,1.0
493,nulos,"C1 -R2 (w=1, sin aprendizaje social)",O5 con t_last,O17_run,0,200,0.0,1.734723475976807e-18,0.018845326377266575
494,nulos,"C1 -R2 (w=1, sin aprendizaje social)",O5 con t_last,O17p,0,200,0.0,1.734723475976807e-18,0.018845326377266575
495,nulos,"C1 -R2 (w=1, sin aprendizaje social)",O4 v1,O4,200,200,1.0,0.9811546736227335,1.0
496,nulos,"C1 -R2 (w=1, sin aprendizaje social)",O4 v1,O5,194,200,0.97,0.9361057075454807,0.9861796856598887
497,nulos,"C1 -R2 (w=1, sin aprendizaje social)",O4 v1,O8,138,200,0.69,0.6228282243374195,0.750010551639219
498,nulos,"C1 -R2 (w=1, sin aprendizaje social)",O4 v1,O10,200,200,1.0,0.9811546736227335,1.0
499,nulos,"C1 -R2 (w=1, sin aprendizaje social)",O4 v1,O11,0,200,0.0,1.734723475976807e-18,0.018845326377266575
500,nulos,"C1 -R2 (w=1, sin aprendizaje social)",O4 v1,O13,200,200,1.0,0.9811546736227335,1.0
501,nulos,"C1 -R2 (w=1, sin aprendizaje social)",O4 v1,O13p,200,200,1.0,0.9811546736227335,1.0
502,nulos,"C1 -R2 (w=1, sin aprendizaje social)",O4 v1,O17_run,0,200,0.0,1.734723475976807e-18,0.018845326377266575
503,nulos,"C1 -R2 (w=1, sin aprendizaje social)",O4 v1,O17p,0,200,0.0,1.734723475976807e-18,0.018845326377266575
504,nulos,"longevo (notebook a_max=120, CI de C1)",primario v2,O4,33,200,0.165,0.11996855328217307,0.2226578153905955
505,nulos,"longevo (notebook a_max=120, CI de C1)",primario v2,O5,177,200,0.885,0.8333528310151243,0.9221362676743804
506,nulos,"longevo (notebook a_max=120, CI de C1)",primario v2,O8,78,199,0.39195979899497485,0.32679216530013594,0.4612196137020514
507,nulos,"longevo (notebook a_max=120, CI de C1)",primario v2,O10,200,200,1.0,0.9811546736227335,1.0
508,nulos,"longevo (notebook a_max=120, CI de C1)",primario v2,O11,0,199,0.0,0.0,0.018938233056634942
509,nulos,"longevo (notebook a_max=120, CI de C1)",primario v2,O13,0,200,0.0,1.734723475976807e-18,0.018845326377266575
510,nulos,"longevo (notebook a_max=120, CI de C1)",primario v2,O13p,0,200,0.0,1.734723475976807e-18,0.018845326377266575
511,nulos,"longevo (notebook a_max=120, CI de C1)",primario v2,O17_run,0,200,0.0,1.734723475976807e-18,0.018845326377266575
512,nulos,"longevo (notebook a_max=120, CI de C1)",primario v2,O17p,0,200,0.0,1.734723475976807e-18,0.018845326377266575
513,nulos,"longevo (notebook a_max=120, CI de C1)",evaluador v1,O4,33,200,0.165,0.11996855328217307,0.2226578153905955
514,nulos,"longevo (notebook a_max=120, CI de C1)",evaluador v1,O5,193,200,0.965,0.9295293884777092,0.9829444579914328
515,nulos,"longevo (notebook a_max=120, CI de C1)",evaluador v1,O8,78,199,0.39195979899497485,0.32679216530013594,0.4612196137020514
516,nulos,"longevo (notebook a_max=120, CI de C1)",evaluador v1,O10,200,200,1.0,0.9811546736227335,1.0
517,nulos,"longevo (notebook a_max=120, CI de C1)",evaluador v1,O11,17,200,0.085,0.05374575017747561,0.13189587071565567
518,nulos,"longevo (notebook a_max=120, CI de C1)",evaluador v1,O13,0,200,0.0,1.734723475976807e-18,0.018845326377266575
519,nulos,"longevo (notebook a_max=120, CI de C1)",evaluador v1,O13p,0,200,0.0,1.734723475976807e-18,0.018845326377266575
520,nulos,"longevo (notebook a_max=120, CI de C1)",evaluador v1,O17_run,0,200,0.0,1.734723475976807e-18,0.018845326377266575
521,nulos,"longevo (notebook a_max=120, CI de C1)",evaluador v1,O17p,0,200,0.0,1.734723475976807e-18,0.018845326377266575
522,nulos,"longevo (notebook a_max=120, CI de C1)",argmax,O4,33,200,0.165,0.11996855328217307,0.2226578153905955
523,nulos,"longevo (notebook a_max=120, CI de C1)",argmax,O5,196,200,0.98,0.9497129130941735,0.9921955735836505
524,nulos,"longevo (notebook a_max=120, CI de C1)",argmax,O8,78,199,0.39195979899497485,0.32679216530013594,0.4612196137020514
525,nulos,"longevo (notebook a_max=120, CI de C1)",argmax,O10,200,200,1.0,0.9811546736227335,1.0
526,nulos,"longevo (notebook a_max=120, CI de C1)",argmax,O11,0,199,0.0,0.0,0.018938233056634942
527,nulos,"longevo (notebook a_max=120, CI de C1)",argmax,O13,0,200,0.0,1.734723475976807e-18,0.018845326377266575
528,nulos,"longevo (notebook a_max=120, CI de C1)",argmax,O13p,0,200,0.0,1.734723475976807e-18,0.018845326377266575
529,nulos,"longevo (notebook a_max=120, CI de C1)",argmax,O17_run,0,200,0.0,1.734723475976807e-18,0.018845326377266575
530,nulos,"longevo (notebook a_max=120, CI de C1)",argmax,O17p,0,200,0.0,1.734723475976807e-18,0.018845326377266575
531,nulos,"longevo (notebook a_max=120, CI de C1)",fin meseta,O4,33,200,0.165,0.11996855328217307,0.2226578153905955
532,nulos,"longevo (notebook a_max=120, CI de C1)",fin meseta,O5,199,200,0.995,0.9722262956021069,0.9991168312843989
533,nulos,"longevo (notebook a_max=120, CI de C1)",fin meseta,O8,13,199,0.06532663316582915,0.0385712136210686,0.10854594375982507
534,nulos,"longevo (notebook a_max=120, CI de C1)",fin meseta,O10,200,200,1.0,0.9811546736227335,1.0
535,nulos,"longevo (notebook a_max=120, CI de C1)",fin meseta,O11,0,199,0.0,0.0,0.018938233056634942
536,nulos,"longevo (notebook a_max=120, CI de C1)",fin meseta,O13,0,200,0.0,1.734723475976807e-18,0.018845326377266575
537,nulos,"longevo (notebook a_max=120, CI de C1)",fin meseta,O13p,0,200,0.0,1.734723475976807e-18,0.018845326377266575
538,nulos,"longevo (notebook a_max=120, CI de C1)",fin meseta,O17_run,0,200,0.0,1.734723475976807e-18,0.018845326377266575
539,nulos,"longevo (notebook a_max=120, CI de C1)",fin meseta,O17p,0,200,0.0,1.734723475976807e-18,0.018845326377266575
540,nulos,"longevo (notebook a_max=120, CI de C1)",m > m_c,O4,33,200,0.165,0.11996855328217307,0.2226578153905955
541,nulos,"longevo (notebook a_max=120, CI de C1)",m > m_c,O5,177,200,0.885,0.8333528310151243,0.9221362676743804
542,nulos,"longevo (notebook a_max=120, CI de C1)",m > m_c,O8,78,199,0.39195979899497485,0.32679216530013594,0.4612196137020514
543,nulos,"longevo (notebook a_max=120, CI de C1)",m > m_c,O10,200,200,1.0,0.9811546736227335,1.0
544,nulos,"longevo (notebook a_max=120, CI de C1)",m > m_c,O11,0,199,0.0,0.0,0.018938233056634942
545,nulos,"longevo (notebook a_max=120, CI de C1)",m > m_c,O13,0,200,0.0,1.734723475976807e-18,0.018845326377266575
546,nulos,"longevo (notebook a_max=120, CI de C1)",m > m_c,O13p,0,200,0.0,1.734723475976807e-18,0.018845326377266575
547,nulos,"longevo (notebook a_max=120, CI de C1)",m > m_c,O17_run,0,200,0.0,1.734723475976807e-18,0.018845326377266575
548,nulos,"longevo (notebook a_max=120, CI de C1)",m > m_c,O17p,0,200,0.0,1.734723475976807e-18,0.018845326377266575
549,nulos,"longevo (notebook a_max=120, CI de C1)",O5 con t_last,O4,33,200,0.165,0.11996855328217307,0.2226578153905955
550,nulos,"longevo (notebook a_max=120, CI de C1)",O5 con t_last,O5,144,200,0.72,0.6540769541334929,0.7776311022605097
551,nulos,"longevo (notebook a_max=120, CI de C1)",O5 con t_last,O8,78,199,0.39195979899497485,0.32679216530013594,0.4612196137020514
552,nulos,"longevo (notebook a_max=120, CI de C1)",O5 con t_last,O10,200,200,1.0,0.9811546736227335,1.0
553,nulos,"longevo (notebook a_max=120, CI de C1)",O5 con t_last,O11,0,199,0.0,0.0,0.018938233056634942
554,nulos,"longevo (notebook a_max=120, CI de C1)",O5 con t_last,O13,0,200,0.0,1.734723475976807e-18,0.018845326377266575
555,nulos,"longevo (notebook a_max=120, CI de C1)",O5 con t_last,O13p,0,200,0.0,1.734723475976807e-18,0.018845326377266575
556,nulos,"longevo (notebook a_max=120, CI de C1)",O5 con t_last,O17_run,0,200,0.0,1.734723475976807e-18,0.018845326377266575
557,nulos,"longevo (notebook a_max=120, CI de C1)",O5 con t_last,O17p,0,200,0.0,1.734723475976807e-18,0.018845326377266575
558,nulos,"longevo (notebook a_max=120, CI de C1)",O4 v1,O4,33,200,0.165,0.11996855328217307,0.2226578153905955
559,nulos,"longevo (notebook a_max=120, CI de C1)",O4 v1,O5,177,200,0.885,0.8333528310151243,0.9221362676743804
560,nulos,"longevo (notebook a_max=120, CI de C1)",O4 v1,O8,78,199,0.39195979899497485,0.32679216530013594,0.4612196137020514
561,nulos,"longevo (notebook a_max=120, CI de C1)",O4 v1,O10,200,200,1.0,0.9811546736227335,1.0
562,nulos,"longevo (notebook a_max=120, CI de C1)",O4 v1,O11,0,199,0.0,0.0,0.018938233056634942
563,nulos,"longevo (notebook a_max=120, CI de C1)",O4 v1,O13,0,200,0.0,1.734723475976807e-18,0.018845326377266575
564,nulos,"longevo (notebook a_max=120, CI de C1)",O4 v1,O13p,0,200,0.0,1.734723475976807e-18,0.018845326377266575
565,nulos,"longevo (notebook a_max=120, CI de C1)",O4 v1,O17_run,0,200,0.0,1.734723475976807e-18,0.018845326377266575
566,nulos,"longevo (notebook a_max=120, CI de C1)",O4 v1,O17p,0,200,0.0,1.734723475976807e-18,0.018845326377266575
567,nulos,C1 sin reglas (-R1 -R2 -AV -R7),primario v2,O4,200,200,1.0,0.9811546736227335,1.0
568,nulos,C1 sin reglas (-R1 -R2 -AV -R7),primario v2,O5,181,200,0.905,0.8563983883518006,0.9383368972826135
569,nulos,C1 sin reglas (-R1 -R2 -AV -R7),primario v2,O8,128,200,0.64,0.5714152816600309,0.7033080269543346
570,nulos,C1 sin reglas (-R1 -R2 -AV -R7),primario v2,O10,200,200,1.0,0.9811546736227335,1.0
571,nulos,C1 sin reglas (-R1 -R2 -AV -R7),primario v2,O11,0,200,0.0,1.734723475976807e-18,0.018845326377266575
572,nulos,C1 sin reglas (-R1 -R2 -AV -R7),primario v2,O13,0,200,0.0,1.734723475976807e-18,0.018845326377266575
573,nulos,C1 sin reglas (-R1 -R2 -AV -R7),primario v2,O13p,0,200,0.0,1.734723475976807e-18,0.018845326377266575
574,nulos,C1 sin reglas (-R1 -R2 -AV -R7),primario v2,O17_run,0,200,0.0,1.734723475976807e-18,0.018845326377266575
575,nulos,C1 sin reglas (-R1 -R2 -AV -R7),primario v2,O17p,0,200,0.0,1.734723475976807e-18,0.018845326377266575
576,nulos,C1 sin reglas (-R1 -R2 -AV -R7),evaluador v1,O4,200,200,1.0,0.9811546736227335,1.0
577,nulos,C1 sin reglas (-R1 -R2 -AV -R7),evaluador v1,O5,198,200,0.99,0.9642782382838231,0.9972533418664555
578,nulos,C1 sin reglas (-R1 -R2 -AV -R7),evaluador v1,O8,128,200,0.64,0.5714152816600309,0.7033080269543346
579,nulos,C1 sin reglas (-R1 -R2 -AV -R7),evaluador v1,O10,200,200,1.0,0.9811546736227335,1.0
580,nulos,C1 sin reglas (-R1 -R2 -AV -R7),evaluador v1,O11,42,200,0.21,0.15928412069979,0.2716461685990246
581,nulos,C1 sin reglas (-R1 -R2 -AV -R7),evaluador v1,O13,0,200,0.0,1.734723475976807e-18,0.018845326377266575
582,nulos,C1 sin reglas (-R1 -R2 -AV -R7),evaluador v1,O13p,0,200,0.0,1.734723475976807e-18,0.018845326377266575
583,nulos,C1 sin reglas (-R1 -R2 -AV -R7),evaluador v1,O17_run,0,200,0.0,1.734723475976807e-18,0.018845326377266575
584,nulos,C1 sin reglas (-R1 -R2 -AV -R7),evaluador v1,O17p,0,200,0.0,1.734723475976807e-18,0.018845326377266575
585,nulos,C1 sin reglas (-R1 -R2 -AV -R7),argmax,O4,200,200,1.0,0.9811546736227335,1.0
586,nulos,C1 sin reglas (-R1 -R2 -AV -R7),argmax,O5,196,200,0.98,0.9497129130941735,0.9921955735836505
587,nulos,C1 sin reglas (-R1 -R2 -AV -R7),argmax,O8,128,200,0.64,0.5714152816600309,0.7033080269543346
588,nulos,C1 sin reglas (-R1 -R2 -AV -R7),argmax,O10,200,200,1.0,0.9811546736227335,1.0
589,nulos,C1 sin reglas (-R1 -R2 -AV -R7),argmax,O11,0,200,0.0,1.734723475976807e-18,0.018845326377266575
590,nulos,C1 sin reglas (-R1 -R2 -AV -R7),argmax,O13,0,200,0.0,1.734723475976807e-18,0.018845326377266575
591,nulos,C1 sin reglas (-R1 -R2 -AV -R7),argmax,O13p,0,200,0.0,1.734723475976807e-18,0.018845326377266575
592,nulos,C1 sin reglas (-R1 -R2 -AV -R7),argmax,O17_run,0,200,0.0,1.734723475976807e-18,0.018845326377266575
593,nulos,C1 sin reglas (-R1 -R2 -AV -R7),argmax,O17p,0,200,0.0,1.734723475976807e-18,0.018845326377266575
594,nulos,C1 sin reglas (-R1 -R2 -AV -R7),fin meseta,O4,200,200,1.0,0.9811546736227335,1.0
595,nulos,C1 sin reglas (-R1 -R2 -AV -R7),fin meseta,O5,196,200,0.98,0.9497129130941735,0.9921955735836505
596,nulos,C1 sin reglas (-R1 -R2 -AV -R7),fin meseta,O8,8,200,0.04,0.020405632066152306,0.07693206820093293
597,nulos,C1 sin reglas (-R1 -R2 -AV -R7),fin meseta,O10,200,200,1.0,0.9811546736227335,1.0
598,nulos,C1 sin reglas (-R1 -R2 -AV -R7),fin meseta,O11,0,200,0.0,1.734723475976807e-18,0.018845326377266575
599,nulos,C1 sin reglas (-R1 -R2 -AV -R7),fin meseta,O13,0,200,0.0,1.734723475976807e-18,0.018845326377266575
600,nulos,C1 sin reglas (-R1 -R2 -AV -R7),fin meseta,O13p,0,200,0.0,1.734723475976807e-18,0.018845326377266575
601,nulos,C1 sin reglas (-R1 -R2 -AV -R7),fin meseta,O17_run,0,200,0.0,1.734723475976807e-18,0.018845326377266575
602,nulos,C1 sin reglas (-R1 -R2 -AV -R7),fin meseta,O17p,0,200,0.0,1.734723475976807e-18,0.018845326377266575
603,nulos,C1 sin reglas (-R1 -R2 -AV -R7),m > m_c,O4,200,200,1.0,0.9811546736227335,1.0
604,nulos,C1 sin reglas (-R1 -R2 -AV -R7),m > m_c,O5,181,200,0.905,0.8563983883518006,0.9383368972826135
605,nulos,C1 sin reglas (-R1 -R2 -AV -R7),m > m_c,O8,128,200,0.64,0.5714152816600309,0.7033080269543346
606,nulos,C1 sin reglas (-R1 -R2 -AV -R7),m > m_c,O10,200,200,1.0,0.9811546736227335,1.0
607,nulos,C1 sin reglas (-R1 -R2 -AV -R7),m > m_c,O11,0,200,0.0,1.734723475976807e-18,0.018845326377266575
608,nulos,C1 sin reglas (-R1 -R2 -AV -R7),m > m_c,O13,0,200,0.0,1.734723475976807e-18,0.018845326377266575
609,nulos,C1 sin reglas (-R1 -R2 -AV -R7),m > m_c,O13p,0,200,0.0,1.734723475976807e-18,0.018845326377266575
610,nulos,C1 sin reglas (-R1 -R2 -AV -R7),m > m_c,O17_run,0,200,0.0,1.734723475976807e-18,0.018845326377266575
611,nulos,C1 sin reglas (-R1 -R2 -AV -R7),m > m_c,O17p,0,200,0.0,1.734723475976807e-18,0.018845326377266575
612,nulos,C1 sin reglas (-R1 -R2 -AV -R7),O5 con t_last,O4,200,200,1.0,0.9811546736227335,1.0
613,nulos,C1 sin reglas (-R1 -R2 -AV -R7),O5 con t_last,O5,159,200,0.795,0.7337430194757748,0.8451382379616379
614,nulos,C1 sin reglas (-R1 -R2 -AV -R7),O5 con t_last,O8,128,200,0.64,0.5714152816600309,0.7033080269543346
615,nulos,C1 sin reglas (-R1 -R2 -AV -R7),O5 con t_last,O10,200,200,1.0,0.9811546736227335,1.0
616,nulos,C1 sin reglas (-R1 -R2 -AV -R7),O5 con t_last,O11,0,200,0.0,1.734723475976807e-18,0.018845326377266575
617,nulos,C1 sin reglas (-R1 -R2 -AV -R7),O5 con t_last,O13,0,200,0.0,1.734723475976807e-18,0.018845326377266575
618,nulos,C1 sin reglas (-R1 -R2 -AV -R7),O5 con t_last,O13p,0,200,0.0,1.734723475976807e-18,0.018845326377266575
619,nulos,C1 sin reglas (-R1 -R2 -AV -R7),O5 con t_last,O17_run,0,200,0.0,1.734723475976807e-18,0.018845326377266575
620,nulos,C1 sin reglas (-R1 -R2 -AV -R7),O5 con t_last,O17p,0,200,0.0,1.734723475976807e-18,0.018845326377266575
621,nulos,C1 sin reglas (-R1 -R2 -AV -R7),O4 v1,O4,200,200,1.0,0.9811546736227335,1.0
622,nulos,C1 sin reglas (-R1 -R2 -AV -R7),O4 v1,O5,181,200,0.905,0.8563983883518006,0.9383368972826135
623,nulos,C1 sin reglas (-R1 -R2 -AV -R7),O4 v1,O8,128,200,0.64,0.5714152816600309,0.7033080269543346
624,nulos,C1 sin reglas (-R1 -R2 -AV -R7),O4 v1,O10,200,200,1.0,0.9811546736227335,1.0
625,nulos,C1 sin reglas (-R1 -R2 -AV -R7),O4 v1,O11,0,200,0.0,1.734723475976807e-18,0.018845326377266575
626,nulos,C1 sin reglas (-R1 -R2 -AV -R7),O4 v1,O13,0,200,0.0,1.734723475976807e-18,0.018845326377266575
627,nulos,C1 sin reglas (-R1 -R2 -AV -R7),O4 v1,O13p,0,200,0.0,1.734723475976807e-18,0.018845326377266575
628,nulos,C1 sin reglas (-R1 -R2 -AV -R7),O4 v1,O17_run,0,200,0.0,1.734723475976807e-18,0.018845326377266575
629,nulos,C1 sin reglas (-R1 -R2 -AV -R7),O4 v1,O17p,0,200,0.0,1.734723475976807e-18,0.018845326377266575
630,abl1,C1,primario v2,O4,120,120,1.0,0.9689808335812966,1.0
631,abl1,C1,primario v2,O5,119,120,0.9916666666666667,0.9543037087549505,0.998527444266658
632,abl1,C1,primario v2,O8,87,120,0.725,0.6390703417242319,0.7969710333873515
633,abl1,C1,primario v2,O10,120,120,1.0,0.9689808335812966,1.0
634,abl1,C1,primario v2,O11,120,120,1.0,0.9689808335812966,1.0
635,abl1,C1,primario v2,O13,120,120,1.0,0.9689808335812966,1.0
636,abl1,C1,primario v2,O13p,120,120,1.0,0.9689808335812966,1.0
637,abl1,C1,primario v2,O17_run,119,120,0.9916666666666667,0.9543037087549505,0.998527444266658
638,abl1,C1,primario v2,O17p,119,120,0.9916666666666667,0.9543037087549505,0.998527444266658
639,abl1,C1,evaluador v1,O4,120,120,1.0,0.9689808335812966,1.0
640,abl1,C1,evaluador v1,O5,120,120,1.0,0.9689808335812966,1.0
641,abl1,C1,evaluador v1,O8,87,120,0.725,0.6390703417242319,0.7969710333873515
642,abl1,C1,evaluador v1,O10,120,120,1.0,0.9689808335812966,1.0
643,abl1,C1,evaluador v1,O11,116,120,0.9666666666666667,0.917419662440894,0.9869624489016494
644,abl1,C1,evaluador v1,O13,120,120,1.0,0.9689808335812966,1.0
645,abl1,C1,evaluador v1,O13p,120,120,1.0,0.9689808335812966,1.0
646,abl1,C1,evaluador v1,O17_run,116,120,0.9666666666666667,0.917419662440894,0.9869624489016494
647,abl1,C1,evaluador v1,O17p,116,120,0.9666666666666667,0.917419662440894,0.9869624489016494
648,abl1,C1,argmax,O4,120,120,1.0,0.9689808335812966,1.0
649,abl1,C1,argmax,O5,120,120,1.0,0.9689808335812966,1.0
650,abl1,C1,argmax,O8,87,120,0.725,0.6390703417242319,0.7969710333873515
651,abl1,C1,argmax,O10,120,120,1.0,0.9689808335812966,1.0
652,abl1,C1,argmax,O11,120,120,1.0,0.9689808335812966,1.0
653,abl1,C1,argmax,O13,120,120,1.0,0.9689808335812966,1.0
654,abl1,C1,argmax,O13p,120,120,1.0,0.9689808335812966,1.0
655,abl1,C1,argmax,O17_run,120,120,1.0,0.9689808335812966,1.0
656,abl1,C1,argmax,O17p,120,120,1.0,0.9689808335812966,1.0
657,abl1,C1,fin meseta,O4,120,120,1.0,0.9689808335812966,1.0
658,abl1,C1,fin meseta,O5,120,120,1.0,0.9689808335812966,1.0
659,abl1,C1,fin meseta,O8,18,120,0.15,0.09703812292584739,0.22467529356724508
660,abl1,C1,fin meseta,O10,120,120,1.0,0.9689808335812966,1.0
661,abl1,C1,fin meseta,O11,120,120,1.0,0.9689808335812966,1.0
662,abl1,C1,fin meseta,O13,120,120,1.0,0.9689808335812966,1.0
663,abl1,C1,fin meseta,O13p,120,120,1.0,0.9689808335812966,1.0
664,abl1,C1,fin meseta,O17_run,120,120,1.0,0.9689808335812966,1.0
665,abl1,C1,fin meseta,O17p,120,120,1.0,0.9689808335812966,1.0
666,abl1,C1,m > m_c,O4,120,120,1.0,0.9689808335812966,1.0
667,abl1,C1,m > m_c,O5,119,120,0.9916666666666667,0.9543037087549505,0.998527444266658
668,abl1,C1,m > m_c,O8,87,120,0.725,0.6390703417242319,0.7969710333873515
669,abl1,C1,m > m_c,O10,120,120,1.0,0.9689808335812966,1.0
670,abl1,C1,m > m_c,O11,120,120,1.0,0.9689808335812966,1.0
671,abl1,C1,m > m_c,O13,120,120,1.0,0.9689808335812966,1.0
672,abl1,C1,m > m_c,O13p,120,120,1.0,0.9689808335812966,1.0
673,abl1,C1,m > m_c,O17_run,119,120,0.9916666666666667,0.9543037087549505,0.998527444266658
674,abl1,C1,m > m_c,O17p,119,120,0.9916666666666667,0.9543037087549505,0.998527444266658
675,abl1,C1,O5 con t_last,O4,120,120,1.0,0.9689808335812966,1.0
676,abl1,C1,O5 con t_last,O5,61,120,0.5083333333333333,0.4200253978366605,0.5961242827230276
677,abl1,C1,O5 con t_last,O8,87,120,0.725,0.6390703417242319,0.7969710333873515
678,abl1,C1,O5 con t_last,O10,120,120,1.0,0.9689808335812966,1.0
679,abl1,C1,O5 con t_last,O11,120,120,1.0,0.9689808335812966,1.0
680,abl1,C1,O5 con t_last,O13,120,120,1.0,0.9689808335812966,1.0
681,abl1,C1,O5 con t_last,O13p,120,120,1.0,0.9689808335812966,1.0
682,abl1,C1,O5 con t_last,O17_run,61,120,0.5083333333333333,0.4200253978366605,0.5961242827230276
683,abl1,C1,O5 con t_last,O17p,61,120,0.5083333333333333,0.4200253978366605,0.5961242827230276
684,abl1,C1,O4 v1,O4,120,120,1.0,0.9689808335812966,1.0
685,abl1,C1,O4 v1,O5,119,120,0.9916666666666667,0.9543037087549505,0.998527444266658
686,abl1,C1,O4 v1,O8,87,120,0.725,0.6390703417242319,0.7969710333873515
687,abl1,C1,O4 v1,O10,120,120,1.0,0.9689808335812966,1.0
688,abl1,C1,O4 v1,O11,120,120,1.0,0.9689808335812966,1.0
689,abl1,C1,O4 v1,O13,120,120,1.0,0.9689808335812966,1.0
690,abl1,C1,O4 v1,O13p,120,120,1.0,0.9689808335812966,1.0
691,abl1,C1,O4 v1,O17_run,119,120,0.9916666666666667,0.9543037087549505,0.998527444266658
692,abl1,C1,O4 v1,O17p,119,120,0.9916666666666667,0.9543037087549505,0.998527444266658
693,abl1,C1 -R1,primario v2,O4,120,120,1.0,0.9689808335812966,1.0
694,abl1,C1 -R1,primario v2,O5,25,120,0.20833333333333334,0.14528439608109694,0.2894767843298135
695,abl1,C1 -R1,primario v2,O8,0,27,0.0,0.0,0.12455502974186705
696,abl1,C1 -R1,primario v2,O10,120,120,1.0,0.9689808335812966,1.0
697,abl1,C1 -R1,primario v2,O11,30,42,0.7142857142857143,0.5643279073180463,0.8283297537395091
698,abl1,C1 -R1,primario v2,O13,120,120,1.0,0.9689808335812966,1.0
699,abl1,C1 -R1,primario v2,O13p,120,120,1.0,0.9689808335812966,1.0
700,abl1,C1 -R1,primario v2,O17_run,25,120,0.20833333333333334,0.14528439608109694,0.2894767843298135
701,abl1,C1 -R1,primario v2,O17p,25,120,0.20833333333333334,0.14528439608109694,0.2894767843298135
702,abl1,C1 -R1,evaluador v1,O4,120,120,1.0,0.9689808335812966,1.0
703,abl1,C1 -R1,evaluador v1,O5,104,120,0.8666666666666667,0.7943520342531574,0.916233910373127
704,abl1,C1 -R1,evaluador v1,O8,0,27,0.0,0.0,0.12455502974186705
705,abl1,C1 -R1,evaluador v1,O10,120,120,1.0,0.9689808335812966,1.0
706,abl1,C1 -R1,evaluador v1,O11,108,120,0.9,0.833318258891048,0.9418664079739892
707,abl1,C1 -R1,evaluador v1,O13,120,120,1.0,0.9689808335812966,1.0
708,abl1,C1 -R1,evaluador v1,O13p,120,120,1.0,0.9689808335812966,1.0
709,abl1,C1 -R1,evaluador v1,O17_run,27,120,0.225,0.15949154668383533,0.3075689948464516
710,abl1,C1 -R1,evaluador v1,O17p,27,120,0.225,0.15949154668383533,0.3075689948464516
711,abl1,C1 -R1,argmax,O4,118,120,0.9833333333333333,0.941264037027841,0.9954174354340789
712,abl1,C1 -R1,argmax,O5,27,120,0.225,0.15949154668383533,0.3075689948464516
713,abl1,C1 -R1,argmax,O8,0,27,0.0,0.0,0.12455502974186705
714,abl1,C1 -R1,argmax,O10,120,120,1.0,0.9689808335812966,1.0
715,abl1,C1 -R1,argmax,O11,30,42,0.7142857142857143,0.5643279073180463,0.8283297537395091
716,abl1,C1 -R1,argmax,O13,120,120,1.0,0.9689808335812966,1.0
717,abl1,C1 -R1,argmax,O13p,120,120,1.0,0.9689808335812966,1.0
718,abl1,C1 -R1,argmax,O17_run,26,120,0.21666666666666667,0.15236723564151497,0.29854362532908374
719,abl1,C1 -R1,argmax,O17p,26,120,0.21666666666666667,0.15236723564151497,0.29854362532908374
720,abl1,C1 -R1,fin meseta,O4,119,120,0.9916666666666667,0.9543037087549505,0.998527444266658
721,abl1,C1 -R1,fin meseta,O5,27,120,0.225,0.15949154668383533,0.3075689948464516
722,abl1,C1 -R1,fin meseta,O8,0,27,0.0,0.0,0.12455502974186705
723,abl1,C1 -R1,fin meseta,O10,120,120,1.0,0.9689808335812966,1.0
724,abl1,C1 -R1,fin meseta,O11,30,42,0.7142857142857143,0.5643279073180463,0.8283297537395091
725,abl1,C1 -R1,fin meseta,O13,120,120,1.0,0.9689808335812966,1.0
726,abl1,C1 -R1,fin meseta,O13p,120,120,1.0,0.9689808335812966,1.0
727,abl1,C1 -R1,fin meseta,O17_run,26,120,0.21666666666666667,0.15236723564151497,0.29854362532908374
728,abl1,C1 -R1,fin meseta,O17p,26,120,0.21666666666666667,0.15236723564151497,0.29854362532908374
729,abl1,C1 -R1,m > m_c,O4,120,120,1.0,0.9689808335812966,1.0
730,abl1,C1 -R1,m > m_c,O5,25,120,0.20833333333333334,0.14528439608109694,0.2894767843298135
731,abl1,C1 -R1,m > m_c,O8,0,27,0.0,0.0,0.12455502974186705
732,abl1,C1 -R1,m > m_c,O10,120,120,1.0,0.9689808335812966,1.0
733,abl1,C1 -R1,m > m_c,O11,30,42,0.7142857142857143,0.5643279073180463,0.8283297537395091
734,abl1,C1 -R1,m > m_c,O13,120,120,1.0,0.9689808335812966,1.0
735,abl1,C1 -R1,m > m_c,O13p,120,120,1.0,0.9689808335812966,1.0
736,abl1,C1 -R1,m > m_c,O17_run,25,120,0.20833333333333334,0.14528439608109694,0.2894767843298135
737,abl1,C1 -R1,m > m_c,O17p,25,120,0.20833333333333334,0.14528439608109694,0.2894767843298135
738,abl1,C1 -R1,O5 con t_last,O4,120,120,1.0,0.9689808335812966,1.0
739,abl1,C1 -R1,O5 con t_last,O5,30,120,0.25,0.18109821656809566,0.33441136664125615
740,abl1,C1 -R1,O5 con t_last,O8,0,27,0.0,0.0,0.12455502974186705
741,abl1,C1 -R1,O5 con t_last,O10,120,120,1.0,0.9689808335812966,1.0
742,abl1,C1 -R1,O5 con t_last,O11,30,42,0.7142857142857143,0.5643279073180463,0.8283297537395091
743,abl1,C1 -R1,O5 con t_last,O13,120,120,1.0,0.9689808335812966,1.0
744,abl1,C1 -R1,O5 con t_last,O13p,120,120,1.0,0.9689808335812966,1.0
745,abl1,C1 -R1,O5 con t_last,O17_run,14,120,0.11666666666666667,0.0707811780783005,0.18633351617603885
746,abl1,C1 -R1,O5 con t_last,O17p,14,120,0.11666666666666667,0.0707811780783005,0.18633351617603885
747,abl1,C1 -R1,O4 v1,O4,120,120,1.0,0.9689808335812966,1.0
748,abl1,C1 -R1,O4 v1,O5,25,120,0.20833333333333334,0.14528439608109694,0.2894767843298135
749,abl1,C1 -R1,O4 v1,O8,0,27,0.0,0.0,0.12455502974186705
750,abl1,C1 -R1,O4 v1,O10,120,120,1.0,0.9689808335812966,1.0
751,abl1,C1 -R1,O4 v1,O11,30,42,0.7142857142857143,0.5643279073180463,0.8283297537395091
752,abl1,C1 -R1,O4 v1,O13,120,120,1.0,0.9689808335812966,1.0
753,abl1,C1 -R1,O4 v1,O13p,120,120,1.0,0.9689808335812966,1.0
754,abl1,C1 -R1,O4 v1,O17_run,25,120,0.20833333333333334,0.14528439608109694,0.2894767843298135
755,abl1,C1 -R1,O4 v1,O17p,25,120,0.20833333333333334,0.14528439608109694,0.2894767843298135
756,abl1,C1 -R2,primario v2,O4,119,120,0.9916666666666667,0.9543037087549505,0.998527444266658
757,abl1,C1 -R2,primario v2,O5,117,120,0.975,0.9290699666721339,0.9914618252300978
758,abl1,C1 -R2,primario v2,O8,82,120,0.6833333333333333,0.5955213183551313,0.7597716539580108
759,abl1,C1 -R2,primario v2,O10,120,120,1.0,0.9689808335812966,1.0
760,abl1,C1 -R2,primario v2,O11,0,120,0.0,0.0,0.031019166418703486
761,abl1,C1 -R2,primario v2,O13,120,120,1.0,0.9689808335812966,1.0
762,abl1,C1 -R2,primario v2,O13p,120,120,1.0,0.9689808335812966,1.0
763,abl1,C1 -R2,primario v2,O17_run,0,120,0.0,0.0,0.031019166418703486
764,abl1,C1 -R2,primario v2,O17p,0,120,0.0,0.0,0.031019166418703486
765,abl1,C1 -R2,evaluador v1,O4,120,120,1.0,0.9689808335812966,1.0
766,abl1,C1 -R2,evaluador v1,O5,120,120,1.0,0.9689808335812966,1.0
767,abl1,C1 -R2,evaluador v1,O8,82,120,0.6833333333333333,0.5955213183551313,0.7597716539580108
768,abl1,C1 -R2,evaluador v1,O10,120,120,1.0,0.9689808335812966,1.0
769,abl1,C1 -R2,evaluador v1,O11,21,120,0.175,0.11740535944566463,0.25275709872649266
770,abl1,C1 -R2,evaluador v1,O13,120,120,1.0,0.9689808335812966,1.0
771,abl1,C1 -R2,evaluador v1,O13p,120,120,1.0,0.9689808335812966,1.0
772,abl1,C1 -R2,evaluador v1,O17_run,21,120,0.175,0.11740535944566463,0.25275709872649266
773,abl1,C1 -R2,evaluador v1,O17p,21,120,0.175,0.11740535944566463,0.25275709872649266
774,abl1,C1 -R2,argmax,O4,95,120,0.7916666666666666,0.7105232156701865,0.8547156039189031
775,abl1,C1 -R2,argmax,O5,120,120,1.0,0.9689808335812966,1.0
776,abl1,C1 -R2,argmax,O8,82,120,0.6833333333333333,0.5955213183551313,0.7597716539580108
777,abl1,C1 -R2,argmax,O10,120,120,1.0,0.9689808335812966,1.0
778,abl1,C1 -R2,argmax,O11,0,120,0.0,0.0,0.031019166418703486
779,abl1,C1 -R2,argmax,O13,120,120,1.0,0.9689808335812966,1.0
780,abl1,C1 -R2,argmax,O13p,120,120,1.0,0.9689808335812966,1.0
781,abl1,C1 -R2,argmax,O17_run,0,120,0.0,0.0,0.031019166418703486
782,abl1,C1 -R2,argmax,O17p,0,120,0.0,0.0,0.031019166418703486
783,abl1,C1 -R2,fin meseta,O4,87,120,0.725,0.6390703417242319,0.7969710333873515
784,abl1,C1 -R2,fin meseta,O5,120,120,1.0,0.9689808335812966,1.0
785,abl1,C1 -R2,fin meseta,O8,11,120,0.09166666666666666,0.05195718284856543,0.15670846972670907
786,abl1,C1 -R2,fin meseta,O10,120,120,1.0,0.9689808335812966,1.0
787,abl1,C1 -R2,fin meseta,O11,0,120,0.0,0.0,0.031019166418703486
788,abl1,C1 -R2,fin meseta,O13,120,120,1.0,0.9689808335812966,1.0
789,abl1,C1 -R2,fin meseta,O13p,120,120,1.0,0.9689808335812966,1.0
790,abl1,C1 -R2,fin meseta,O17_run,0,120,0.0,0.0,0.031019166418703486
791,abl1,C1 -R2,fin meseta,O17p,0,120,0.0,0.0,0.031019166418703486
792,abl1,C1 -R2,m > m_c,O4,119,120,0.9916666666666667,0.9543037087549505,0.998527444266658
793,abl1,C1 -R2,m > m_c,O5,117,120,0.975,0.9290699666721339,0.9914618252300978
794,abl1,C1 -R2,m > m_c,O8,82,120,0.6833333333333333,0.5955213183551313,0.7597716539580108
795,abl1,C1 -R2,m > m_c,O10,120,120,1.0,0.9689808335812966,1.0
796,abl1,C1 -R2,m > m_c,O11,0,120,0.0,0.0,0.031019166418703486
797,abl1,C1 -R2,m > m_c,O13,120,120,1.0,0.9689808335812966,1.0
798,abl1,C1 -R2,m > m_c,O13p,120,120,1.0,0.9689808335812966,1.0
799,abl1,C1 -R2,m > m_c,O17_run,0,120,0.0,0.0,0.031019166418703486
800,abl1,C1 -R2,m > m_c,O17p,0,120,0.0,0.0,0.031019166418703486
801,abl1,C1 -R2,O5 con t_last,O4,119,120,0.9916666666666667,0.9543037087549505,0.998527444266658
802,abl1,C1 -R2,O5 con t_last,O5,74,120,0.6166666666666667,0.5273408053842049,0.6987547224514311
803,abl1,C1 -R2,O5 con t_last,O8,82,120,0.6833333333333333,0.5955213183551313,0.7597716539580108
804,abl1,C1 -R2,O5 con t_last,O10,120,120,1.0,0.9689808335812966,1.0
805,abl1,C1 -R2,O5 con t_last,O11,0,120,0.0,0.0,0.031019166418703486
806,abl1,C1 -R2,O5 con t_last,O13,120,120,1.0,0.9689808335812966,1.0
807,abl1,C1 -R2,O5 con t_last,O13p,120,120,1.0,0.9689808335812966,1.0
808,abl1,C1 -R2,O5 con t_last,O17_run,0,120,0.0,0.0,0.031019166418703486
809,abl1,C1 -R2,O5 con t_last,O17p,0,120,0.0,0.0,0.031019166418703486
810,abl1,C1 -R2,O4 v1,O4,120,120,1.0,0.9689808335812966,1.0
811,abl1,C1 -R2,O4 v1,O5,117,120,0.975,0.9290699666721339,0.9914618252300978
812,abl1,C1 -R2,O4 v1,O8,82,120,0.6833333333333333,0.5955213183551313,0.7597716539580108
813,abl1,C1 -R2,O4 v1,O10,120,120,1.0,0.9689808335812966,1.0
814,abl1,C1 -R2,O4 v1,O11,0,120,0.0,0.0,0.031019166418703486
815,abl1,C1 -R2,O4 v1,O13,120,120,1.0,0.9689808335812966,1.0
816,abl1,C1 -R2,O4 v1,O13p,120,120,1.0,0.9689808335812966,1.0
817,abl1,C1 -R2,O4 v1,O17_run,0,120,0.0,0.0,0.031019166418703486
818,abl1,C1 -R2,O4 v1,O17p,0,120,0.0,0.0,0.031019166418703486
819,abl1,C1 -AV,primario v2,O4,120,120,1.0,0.9689808335812966,1.0
820,abl1,C1 -AV,primario v2,O5,99,120,0.825,0.7472429012735073,0.8825946405543355
821,abl1,C1 -AV,primario v2,O8,19,120,0.15833333333333333,0.10376977359410051,0.23409332345868022
822,abl1,C1 -AV,primario v2,O10,120,120,1.0,0.9689808335812966,1.0
823,abl1,C1 -AV,primario v2,O11,116,120,0.9666666666666667,0.917419662440894,0.9869624489016494
824,abl1,C1 -AV,primario v2,O13,120,120,1.0,0.9689808335812966,1.0
825,abl1,C1 -AV,primario v2,O13p,120,120,1.0,0.9689808335812966,1.0
826,abl1,C1 -AV,primario v2,O17_run,95,120,0.7916666666666666,0.7105232156701865,0.8547156039189031
827,abl1,C1 -AV,primario v2,O17p,95,120,0.7916666666666666,0.7105232156701865,0.8547156039189031
828,abl1,C1 -AV,evaluador v1,O4,120,120,1.0,0.9689808335812966,1.0
829,abl1,C1 -AV,evaluador v1,O5,118,120,0.9833333333333333,0.941264037027841,0.9954174354340789
830,abl1,C1 -AV,evaluador v1,O8,19,120,0.15833333333333333,0.10376977359410051,0.23409332345868022
831,abl1,C1 -AV,evaluador v1,O10,120,120,1.0,0.9689808335812966,1.0
832,abl1,C1 -AV,evaluador v1,O11,110,120,0.9166666666666666,0.8533776783593434,0.9541063496250703
833,abl1,C1 -AV,evaluador v1,O13,120,120,1.0,0.9689808335812966,1.0
834,abl1,C1 -AV,evaluador v1,O13p,120,120,1.0,0.9689808335812966,1.0
835,abl1,C1 -AV,evaluador v1,O17_run,108,120,0.9,0.833318258891048,0.9418664079739892
836,abl1,C1 -AV,evaluador v1,O17p,108,120,0.9,0.833318258891048,0.9418664079739892
837,abl1,C1 -AV,argmax,O4,120,120,1.0,0.9689808335812966,1.0
838,abl1,C1 -AV,argmax,O5,119,120,0.9916666666666667,0.9543037087549505,0.998527444266658
839,abl1,C1 -AV,argmax,O8,19,120,0.15833333333333333,0.10376977359410051,0.23409332345868022
840,abl1,C1 -AV,argmax,O10,120,120,1.0,0.9689808335812966,1.0
841,abl1,C1 -AV,argmax,O11,116,120,0.9666666666666667,0.917419662440894,0.9869624489016494
842,abl1,C1 -AV,argmax,O13,120,120,1.0,0.9689808335812966,1.0
843,abl1,C1 -AV,argmax,O13p,120,120,1.0,0.9689808335812966,1.0
844,abl1,C1 -AV,argmax,O17_run,115,120,0.9583333333333334,0.9061591476629647,0.9820732831198906
845,abl1,C1 -AV,argmax,O17p,115,120,0.9583333333333334,0.9061591476629647,0.9820732831198906
846,abl1,C1 -AV,fin meseta,O4,120,120,1.0,0.9689808335812966,1.0
847,abl1,C1 -AV,fin meseta,O5,120,120,1.0,0.9689808335812966,1.0
848,abl1,C1 -AV,fin meseta,O8,5,120,0.041666666666666664,0.017926716880109515,0.09384085233703535
849,abl1,C1 -AV,fin meseta,O10,120,120,1.0,0.9689808335812966,1.0
850,abl1,C1 -AV,fin meseta,O11,116,120,0.9666666666666667,0.917419662440894,0.9869624489016494
851,abl1,C1 -AV,fin meseta,O13,120,120,1.0,0.9689808335812966,1.0
852,abl1,C1 -AV,fin meseta,O13p,120,120,1.0,0.9689808335812966,1.0
853,abl1,C1 -AV,fin meseta,O17_run,116,120,0.9666666666666667,0.917419662440894,0.9869624489016494
854,abl1,C1 -AV,fin meseta,O17p,116,120,0.9666666666666667,0.917419662440894,0.9869624489016494
855,abl1,C1 -AV,m > m_c,O4,120,120,1.0,0.9689808335812966,1.0
856,abl1,C1 -AV,m > m_c,O5,99,120,0.825,0.7472429012735073,0.8825946405543355
857,abl1,C1 -AV,m > m_c,O8,19,120,0.15833333333333333,0.10376977359410051,0.23409332345868022
858,abl1,C1 -AV,m > m_c,O10,120,120,1.0,0.9689808335812966,1.0
859,abl1,C1 -AV,m > m_c,O11,116,120,0.9666666666666667,0.917419662440894,0.9869624489016494
860,abl1,C1 -AV,m > m_c,O13,120,120,1.0,0.9689808335812966,1.0
861,abl1,C1 -AV,m > m_c,O13p,120,120,1.0,0.9689808335812966,1.0
862,abl1,C1 -AV,m > m_c,O17_run,95,120,0.7916666666666666,0.7105232156701865,0.8547156039189031
863,abl1,C1 -AV,m > m_c,O17p,95,120,0.7916666666666666,0.7105232156701865,0.8547156039189031
864,abl1,C1 -AV,O5 con t_last,O4,120,120,1.0,0.9689808335812966,1.0
865,abl1,C1 -AV,O5 con t_last,O5,56,120,0.4666666666666667,0.37982917045799003,0.555572107303257
866,abl1,C1 -AV,O5 con t_last,O8,19,120,0.15833333333333333,0.10376977359410051,0.23409332345868022
867,abl1,C1 -AV,O5 con t_last,O10,120,120,1.0,0.9689808335812966,1.0
868,abl1,C1 -AV,O5 con t_last,O11,116,120,0.9666666666666667,0.917419662440894,0.9869624489016494
869,abl1,C1 -AV,O5 con t_last,O13,120,120,1.0,0.9689808335812966,1.0
870,abl1,C1 -AV,O5 con t_last,O13p,120,120,1.0,0.9689808335812966,1.0
871,abl1,C1 -AV,O5 con t_last,O17_run,53,120,0.44166666666666665,0.3559974669953786,0.5309547690868035
872,abl1,C1 -AV,O5 con t_last,O17p,53,120,0.44166666666666665,0.3559974669953786,0.5309547690868035
873,abl1,C1 -AV,O4 v1,O4,120,120,1.0,0.9689808335812966,1.0
874,abl1,C1 -AV,O4 v1,O5,99,120,0.825,0.7472429012735073,0.8825946405543355
875,abl1,C1 -AV,O4 v1,O8,19,120,0.15833333333333333,0.10376977359410051,0.23409332345868022
876,abl1,C1 -AV,O4 v1,O10,120,120,1.0,0.9689808335812966,1.0
877,abl1,C1 -AV,O4 v1,O11,116,120,0.9666666666666667,0.917419662440894,0.9869624489016494
878,abl1,C1 -AV,O4 v1,O13,120,120,1.0,0.9689808335812966,1.0
879,abl1,C1 -AV,O4 v1,O13p,120,120,1.0,0.9689808335812966,1.0
880,abl1,C1 -AV,O4 v1,O17_run,95,120,0.7916666666666666,0.7105232156701865,0.8547156039189031
881,abl1,C1 -AV,O4 v1,O17p,95,120,0.7916666666666666,0.7105232156701865,0.8547156039189031
882,abl1,C1 -R7,primario v2,O4,120,120,1.0,0.9689808335812966,1.0
883,abl1,C1 -R7,primario v2,O5,119,120,0.9916666666666667,0.9543037087549505,0.998527444266658
884,abl1,C1 -R7,primario v2,O8,95,120,0.7916666666666666,0.7105232156701865,0.8547156039189031
885,abl1,C1 -R7,primario v2,O10,120,120,1.0,0.9689808335812966,1.0
886,abl1,C1 -R7,primario v2,O11,120,120,1.0,0.9689808335812966,1.0
887,abl1,C1 -R7,primario v2,O13,114,120,0.95,0.8951971146376326,0.9768856355855343
888,abl1,C1 -R7,primario v2,O13p,0,120,0.0,0.0,0.031019166418703486
889,abl1,C1 -R7,primario v2,O17_run,113,120,0.9416666666666667,0.8844740796636988,0.9714589899997798
890,abl1,C1 -R7,primario v2,O17p,0,120,0.0,0.0,0.031019166418703486
891,abl1,C1 -R7,evaluador v1,O4,120,120,1.0,0.9689808335812966,1.0
892,abl1,C1 -R7,evaluador v1,O5,120,120,1.0,0.9689808335812966,1.0
893,abl1,C1 -R7,evaluador v1,O8,95,120,0.7916666666666666,0.7105232156701865,0.8547156039189031
894,abl1,C1 -R7,evaluador v1,O10,120,120,1.0,0.9689808335812966,1.0
895,abl1,C1 -R7,evaluador v1,O11,118,120,0.9833333333333333,0.941264037027841,0.9954174354340789
896,abl1,C1 -R7,evaluador v1,O13,119,120,0.9916666666666667,0.9543037087549505,0.998527444266658
897,abl1,C1 -R7,evaluador v1,O13p,0,120,0.0,0.0,0.031019166418703486
898,abl1,C1 -R7,evaluador v1,O17_run,117,120,0.975,0.9290699666721339,0.9914618252300978
899,abl1,C1 -R7,evaluador v1,O17p,0,120,0.0,0.0,0.031019166418703486
900,abl1,C1 -R7,argmax,O4,120,120,1.0,0.9689808335812966,1.0
901,abl1,C1 -R7,argmax,O5,119,120,0.9916666666666667,0.9543037087549505,0.998527444266658
902,abl1,C1 -R7,argmax,O8,95,120,0.7916666666666666,0.7105232156701865,0.8547156039189031
903,abl1,C1 -R7,argmax,O10,120,120,1.0,0.9689808335812966,1.0
904,abl1,C1 -R7,argmax,O11,120,120,1.0,0.9689808335812966,1.0
905,abl1,C1 -R7,argmax,O13,119,120,0.9916666666666667,0.9543037087549505,0.998527444266658
906,abl1,C1 -R7,argmax,O13p,0,120,0.0,0.0,0.031019166418703486
907,abl1,C1 -R7,argmax,O17_run,118,120,0.9833333333333333,0.941264037027841,0.9954174354340789
908,abl1,C1 -R7,argmax,O17p,0,120,0.0,0.0,0.031019166418703486
909,abl1,C1 -R7,fin meseta,O4,120,120,1.0,0.9689808335812966,1.0
910,abl1,C1 -R7,fin meseta,O5,119,120,0.9916666666666667,0.9543037087549505,0.998527444266658
911,abl1,C1 -R7,fin meseta,O8,15,120,0.125,0.07723497273395374,0.1960294020800739
912,abl1,C1 -R7,fin meseta,O10,120,120,1.0,0.9689808335812966,1.0
913,abl1,C1 -R7,fin meseta,O11,120,120,1.0,0.9689808335812966,1.0
914,abl1,C1 -R7,fin meseta,O13,104,120,0.8666666666666667,0.7943520342531574,0.916233910373127
915,abl1,C1 -R7,fin meseta,O13p,0,120,0.0,0.0,0.031019166418703486
916,abl1,C1 -R7,fin meseta,O17_run,103,120,0.8583333333333333,0.7848050551014282,0.9096312089651676
917,abl1,C1 -R7,fin meseta,O17p,0,120,0.0,0.0,0.031019166418703486
918,abl1,C1 -R7,m > m_c,O4,120,120,1.0,0.9689808335812966,1.0
919,abl1,C1 -R7,m > m_c,O5,119,120,0.9916666666666667,0.9543037087549505,0.998527444266658
920,abl1,C1 -R7,m > m_c,O8,95,120,0.7916666666666666,0.7105232156701865,0.8547156039189031
921,abl1,C1 -R7,m > m_c,O10,120,120,1.0,0.9689808335812966,1.0
922,abl1,C1 -R7,m > m_c,O11,120,120,1.0,0.9689808335812966,1.0
923,abl1,C1 -R7,m > m_c,O13,114,120,0.95,0.8951971146376326,0.9768856355855343
924,abl1,C1 -R7,m > m_c,O13p,0,120,0.0,0.0,0.031019166418703486
925,abl1,C1 -R7,m > m_c,O17_run,113,120,0.9416666666666667,0.8844740796636988,0.9714589899997798
926,abl1,C1 -R7,m > m_c,O17p,0,120,0.0,0.0,0.031019166418703486
927,abl1,C1 -R7,O5 con t_last,O4,120,120,1.0,0.9689808335812966,1.0
928,abl1,C1 -R7,O5 con t_last,O5,75,120,0.625,0.5357695062597921,0.706475702135532
929,abl1,C1 -R7,O5 con t_last,O8,95,120,0.7916666666666666,0.7105232156701865,0.8547156039189031
930,abl1,C1 -R7,O5 con t_last,O10,120,120,1.0,0.9689808335812966,1.0
931,abl1,C1 -R7,O5 con t_last,O11,120,120,1.0,0.9689808335812966,1.0
932,abl1,C1 -R7,O5 con t_last,O13,114,120,0.95,0.8951971146376326,0.9768856355855343
933,abl1,C1 -R7,O5 con t_last,O13p,0,120,0.0,0.0,0.031019166418703486
934,abl1,C1 -R7,O5 con t_last,O17_run,70,120,0.5833333333333334,0.49388032700164236,0.6676164785952404
935,abl1,C1 -R7,O5 con t_last,O17p,0,120,0.0,0.0,0.031019166418703486
936,abl1,C1 -R7,O4 v1,O4,120,120,1.0,0.9689808335812966,1.0
937,abl1,C1 -R7,O4 v1,O5,119,120,0.9916666666666667,0.9543037087549505,0.998527444266658
938,abl1,C1 -R7,O4 v1,O8,95,120,0.7916666666666666,0.7105232156701865,0.8547156039189031
939,abl1,C1 -R7,O4 v1,O10,120,120,1.0,0.9689808335812966,1.0
940,abl1,C1 -R7,O4 v1,O11,120,120,1.0,0.9689808335812966,1.0
941,abl1,C1 -R7,O4 v1,O13,114,120,0.95,0.8951971146376326,0.9768856355855343
942,abl1,C1 -R7,O4 v1,O13p,0,120,0.0,0.0,0.031019166418703486
943,abl1,C1 -R7,O4 v1,O17_run,113,120,0.9416666666666667,0.8844740796636988,0.9714589899997798
944,abl1,C1 -R7,O4 v1,O17p,0,120,0.0,0.0,0.031019166418703486
945,abl1,C1 -R1 alpha=6,primario v2,O4,120,120,1.0,0.9689808335812966,1.0
946,abl1,C1 -R1 alpha=6,primario v2,O5,5,120,0.041666666666666664,0.017926716880109515,0.09384085233703535
947,abl1,C1 -R1 alpha=6,primario v2,O8,0,5,0.0,0.0,0.43448246478317476
948,abl1,C1 -R1 alpha=6,primario v2,O10,120,120,1.0,0.9689808335812966,1.0
949,abl1,C1 -R1 alpha=6,primario v2,O11,12,25,0.48,0.30031285954112974,0.6650148304964322
950,abl1,C1 -R1 alpha=6,primario v2,O13,120,120,1.0,0.9689808335812966,1.0
951,abl1,C1 -R1 alpha=6,primario v2,O13p,120,120,1.0,0.9689808335812966,1.0
952,abl1,C1 -R1 alpha=6,primario v2,O17_run,5,120,0.041666666666666664,0.017926716880109515,0.09384085233703535
953,abl1,C1 -R1 alpha=6,primario v2,O17p,5,120,0.041666666666666664,0.017926716880109515,0.09384085233703535
954,abl1,C1 -R1 alpha=6,evaluador v1,O4,120,120,1.0,0.9689808335812966,1.0
955,abl1,C1 -R1 alpha=6,evaluador v1,O5,98,120,0.8166666666666667,0.7379908648282967,0.8756969964398578
956,abl1,C1 -R1 alpha=6,evaluador v1,O8,0,5,0.0,0.0,0.43448246478317476
957,abl1,C1 -R1 alpha=6,evaluador v1,O10,120,120,1.0,0.9689808335812966,1.0
958,abl1,C1 -R1 alpha=6,evaluador v1,O11,106,120,0.8833333333333333,0.8136664838239611,0.9292188219216995
959,abl1,C1 -R1 alpha=6,evaluador v1,O13,120,120,1.0,0.9689808335812966,1.0
960,abl1,C1 -R1 alpha=6,evaluador v1,O13p,120,120,1.0,0.9689808335812966,1.0
961,abl1,C1 -R1 alpha=6,evaluador v1,O17_run,5,120,0.041666666666666664,0.017926716880109515,0.09384085233703535
962,abl1,C1 -R1 alpha=6,evaluador v1,O17p,5,120,0.041666666666666664,0.017926716880109515,0.09384085233703535
963,abl1,C1 -R1 alpha=6,argmax,O4,120,120,1.0,0.9689808335812966,1.0
964,abl1,C1 -R1 alpha=6,argmax,O5,5,120,0.041666666666666664,0.017926716880109515,0.09384085233703535
965,abl1,C1 -R1 alpha=6,argmax,O8,0,5,0.0,0.0,0.43448246478317476
966,abl1,C1 -R1 alpha=6,argmax,O10,120,120,1.0,0.9689808335812966,1.0
967,abl1,C1 -R1 alpha=6,argmax,O11,12,25,0.48,0.30031285954112974,0.6650148304964322
968,abl1,C1 -R1 alpha=6,argmax,O13,120,120,1.0,0.9689808335812966,1.0
969,abl1,C1 -R1 alpha=6,argmax,O13p,120,120,1.0,0.9689808335812966,1.0
970,abl1,C1 -R1 alpha=6,argmax,O17_run,5,120,0.041666666666666664,0.017926716880109515,0.09384085233703535
971,abl1,C1 -R1 alpha=6,argmax,O17p,5,120,0.041666666666666664,0.017926716880109515,0.09384085233703535
972,abl1,C1 -R1 alpha=6,fin meseta,O4,120,120,1.0,0.9689808335812966,1.0
973,abl1,C1 -R1 alpha=6,fin meseta,O5,5,120,0.041666666666666664,0.017926716880109515,0.09384085233703535
974,abl1,C1 -R1 alpha=6,fin meseta,O8,0,5,0.0,0.0,0.43448246478317476
975,abl1,C1 -R1 alpha=6,fin meseta,O10,120,120,1.0,0.9689808335812966,1.0
976,abl1,C1 -R1 alpha=6,fin meseta,O11,12,25,0.48,0.30031285954112974,0.6650148304964322
977,abl1,C1 -R1 alpha=6,fin meseta,O13,120,120,1.0,0.9689808335812966,1.0
978,abl1,C1 -R1 alpha=6,fin meseta,O13p,120,120,1.0,0.9689808335812966,1.0
979,abl1,C1 -R1 alpha=6,fin meseta,O17_run,5,120,0.041666666666666664,0.017926716880109515,0.09384085233703535
980,abl1,C1 -R1 alpha=6,fin meseta,O17p,5,120,0.041666666666666664,0.017926716880109515,0.09384085233703535
981,abl1,C1 -R1 alpha=6,m > m_c,O4,120,120,1.0,0.9689808335812966,1.0
982,abl1,C1 -R1 alpha=6,m > m_c,O5,5,120,0.041666666666666664,0.017926716880109515,0.09384085233703535
983,abl1,C1 -R1 alpha=6,m > m_c,O8,0,5,0.0,0.0,0.43448246478317476
984,abl1,C1 -R1 alpha=6,m > m_c,O10,120,120,1.0,0.9689808335812966,1.0
985,abl1,C1 -R1 alpha=6,m > m_c,O11,12,25,0.48,0.30031285954112974,0.6650148304964322
986,abl1,C1 -R1 alpha=6,m > m_c,O13,120,120,1.0,0.9689808335812966,1.0
987,abl1,C1 -R1 alpha=6,m > m_c,O13p,120,120,1.0,0.9689808335812966,1.0
988,abl1,C1 -R1 alpha=6,m > m_c,O17_run,5,120,0.041666666666666664,0.017926716880109515,0.09384085233703535
989,abl1,C1 -R1 alpha=6,m > m_c,O17p,5,120,0.041666666666666664,0.017926716880109515,0.09384085233703535
990,abl1,C1 -R1 alpha=6,O5 con t_last,O4,120,120,1.0,0.9689808335812966,1.0
991,abl1,C1 -R1 alpha=6,O5 con t_last,O5,30,120,0.25,0.18109821656809566,0.33441136664125615
992,abl1,C1 -R1 alpha=6,O5 con t_last,O8,0,5,0.0,0.0,0.43448246478317476
993,abl1,C1 -R1 alpha=6,O5 con t_last,O10,120,120,1.0,0.9689808335812966,1.0
994,abl1,C1 -R1 alpha=6,O5 con t_last,O11,12,25,0.48,0.30031285954112974,0.6650148304964322
995,abl1,C1 -R1 alpha=6,O5 con t_last,O13,120,120,1.0,0.9689808335812966,1.0
996,abl1,C1 -R1 alpha=6,O5 con t_last,O13p,120,120,1.0,0.9689808335812966,1.0
997,abl1,C1 -R1 alpha=6,O5 con t_last,O17_run,4,120,0.03333333333333333,0.0130375510983506,0.082580337559106
998,abl1,C1 -R1 alpha=6,O5 con t_last,O17p,4,120,0.03333333333333333,0.0130375510983506,0.082580337559106
999,abl1,C1 -R1 alpha=6,O4 v1,O4,120,120,1.0,0.9689808335812966,1.0
1000,abl1,C1 -R1 alpha=6,O4 v1,O5,5,120,0.041666666666666664,0.017926716880109515,0.09384085233703535
1001,abl1,C1 -R1 alpha=6,O4 v1,O8,0,5,0.0,0.0,0.43448246478317476
1002,abl1,C1 -R1 alpha=6,O4 v1,O10,120,120,1.0,0.9689808335812966,1.0
1003,abl1,C1 -R1 alpha=6,O4 v1,O11,12,25,0.48,0.30031285954112974,0.6650148304964322
1004,abl1,C1 -R1 alpha=6,O4 v1,O13,120,120,1.0,0.9689808335812966,1.0
1005,abl1,C1 -R1 alpha=6,O4 v1,O13p,120,120,1.0,0.9689808335812966,1.0
1006,abl1,C1 -R1 alpha=6,O4 v1,O17_run,5,120,0.041666666666666664,0.017926716880109515,0.09384085233703535
1007,abl1,C1 -R1 alpha=6,O4 v1,O17p,5,120,0.041666666666666664,0.017926716880109515,0.09384085233703535
1008,abl1,C1 w=0 rec=0.15,primario v2,O4,120,120,1.0,0.9689808335812966,1.0
1009,abl1,C1 w=0 rec=0.15,primario v2,O5,120,120,1.0,0.9689808335812966,1.0
1010,abl1,C1 w=0 rec=0.15,primario v2,O8,84,120,0.7,0.6128485756752643,0.7747437577572543
1011,abl1,C1 w=0 rec=0.15,primario v2,O10,120,120,1.0,0.9689808335812966,1.0
1012,abl1,C1 w=0 rec=0.15,primario v2,O11,120,120,1.0,0.9689808335812966,1.0
1013,abl1,C1 w=0 rec=0.15,primario v2,O13,120,120,1.0,0.9689808335812966,1.0
1014,abl1,C1 w=0 rec=0.15,primario v2,O13p,120,120,1.0,0.9689808335812966,1.0
1015,abl1,C1 w=0 rec=0.15,primario v2,O17_run,120,120,1.0,0.9689808335812966,1.0
1016,abl1,C1 w=0 rec=0.15,primario v2,O17p,120,120,1.0,0.9689808335812966,1.0
1017,abl1,C1 w=0 rec=0.15,evaluador v1,O4,120,120,1.0,0.9689808335812966,1.0
1018,abl1,C1 w=0 rec=0.15,evaluador v1,O5,120,120,1.0,0.9689808335812966,1.0
1019,abl1,C1 w=0 rec=0.15,evaluador v1,O8,84,120,0.7,0.6128485756752643,0.7747437577572543
1020,abl1,C1 w=0 rec=0.15,evaluador v1,O10,120,120,1.0,0.9689808335812966,1.0
1021,abl1,C1 w=0 rec=0.15,evaluador v1,O11,120,120,1.0,0.9689808335812966,1.0
1022,abl1,C1 w=0 rec=0.15,evaluador v1,O13,120,120,1.0,0.9689808335812966,1.0
1023,abl1,C1 w=0 rec=0.15,evaluador v1,O13p,120,120,1.0,0.9689808335812966,1.0
1024,abl1,C1 w=0 rec=0.15,evaluador v1,O17_run,120,120,1.0,0.9689808335812966,1.0
1025,abl1,C1 w=0 rec=0.15,evaluador v1,O17p,120,120,1.0,0.9689808335812966,1.0
1026,abl1,C1 w=0 rec=0.15,argmax,O4,120,120,1.0,0.9689808335812966,1.0
1027,abl1,C1 w=0 rec=0.15,argmax,O5,120,120,1.0,0.9689808335812966,1.0
1028,abl1,C1 w=0 rec=0.15,argmax,O8,84,120,0.7,0.6128485756752643,0.7747437577572543
1029,abl1,C1 w=0 rec=0.15,argmax,O10,120,120,1.0,0.9689808335812966,1.0
1030,abl1,C1 w=0 rec=0.15,argmax,O11,120,120,1.0,0.9689808335812966,1.0
1031,abl1,C1 w=0 rec=0.15,argmax,O13,120,120,1.0,0.9689808335812966,1.0
1032,abl1,C1 w=0 rec=0.15,argmax,O13p,120,120,1.0,0.9689808335812966,1.0
1033,abl1,C1 w=0 rec=0.15,argmax,O17_run,120,120,1.0,0.9689808335812966,1.0
1034,abl1,C1 w=0 rec=0.15,argmax,O17p,120,120,1.0,0.9689808335812966,1.0
1035,abl1,C1 w=0 rec=0.15,fin meseta,O4,120,120,1.0,0.9689808335812966,1.0
1036,abl1,C1 w=0 rec=0.15,fin meseta,O5,120,120,1.0,0.9689808335812966,1.0
1037,abl1,C1 w=0 rec=0.15,fin meseta,O8,20,120,0.16666666666666666,0.11055996367984616,0.24345281393262286
1038,abl1,C1 w=0 rec=0.15,fin meseta,O10,120,120,1.0,0.9689808335812966,1.0
1039,abl1,C1 w=0 rec=0.15,fin meseta,O11,120,120,1.0,0.9689808335812966,1.0
1040,abl1,C1 w=0 rec=0.15,fin meseta,O13,120,120,1.0,0.9689808335812966,1.0
1041,abl1,C1 w=0 rec=0.15,fin meseta,O13p,120,120,1.0,0.9689808335812966,1.0
1042,abl1,C1 w=0 rec=0.15,fin meseta,O17_run,120,120,1.0,0.9689808335812966,1.0
1043,abl1,C1 w=0 rec=0.15,fin meseta,O17p,120,120,1.0,0.9689808335812966,1.0
1044,abl1,C1 w=0 rec=0.15,m > m_c,O4,120,120,1.0,0.9689808335812966,1.0
1045,abl1,C1 w=0 rec=0.15,m > m_c,O5,120,120,1.0,0.9689808335812966,1.0
1046,abl1,C1 w=0 rec=0.15,m > m_c,O8,84,120,0.7,0.6128485756752643,0.7747437577572543
1047,abl1,C1 w=0 rec=0.15,m > m_c,O10,120,120,1.0,0.9689808335812966,1.0
1048,abl1,C1 w=0 rec=0.15,m > m_c,O11,120,120,1.0,0.9689808335812966,1.0
1049,abl1,C1 w=0 rec=0.15,m > m_c,O13,120,120,1.0,0.9689808335812966,1.0
1050,abl1,C1 w=0 rec=0.15,m > m_c,O13p,120,120,1.0,0.9689808335812966,1.0
1051,abl1,C1 w=0 rec=0.15,m > m_c,O17_run,120,120,1.0,0.9689808335812966,1.0
1052,abl1,C1 w=0 rec=0.15,m > m_c,O17p,120,120,1.0,0.9689808335812966,1.0
1053,abl1,C1 w=0 rec=0.15,O5 con t_last,O4,120,120,1.0,0.9689808335812966,1.0
1054,abl1,C1 w=0 rec=0.15,O5 con t_last,O5,62,120,0.5166666666666667,0.4281358041299209,0.6041635569894558
1055,abl1,C1 w=0 rec=0.15,O5 con t_last,O8,84,120,0.7,0.6128485756752643,0.7747437577572543
1056,abl1,C1 w=0 rec=0.15,O5 con t_last,O10,120,120,1.0,0.9689808335812966,1.0
1057,abl1,C1 w=0 rec=0.15,O5 con t_last,O11,120,120,1.0,0.9689808335812966,1.0
1058,abl1,C1 w=0 rec=0.15,O5 con t_last,O13,120,120,1.0,0.9689808335812966,1.0
1059,abl1,C1 w=0 rec=0.15,O5 con t_last,O13p,120,120,1.0,0.9689808335812966,1.0
1060,abl1,C1 w=0 rec=0.15,O5 con t_last,O17_run,62,120,0.5166666666666667,0.4281358041299209,0.6041635569894558
1061,abl1,C1 w=0 rec=0.15,O5 con t_last,O17p,62,120,0.5166666666666667,0.4281358041299209,0.6041635569894558
1062,abl1,C1 w=0 rec=0.15,O4 v1,O4,120,120,1.0,0.9689808335812966,1.0
1063,abl1,C1 w=0 rec=0.15,O4 v1,O5,120,120,1.0,0.9689808335812966,1.0
1064,abl1,C1 w=0 rec=0.15,O4 v1,O8,84,120,0.7,0.6128485756752643,0.7747437577572543
1065,abl1,C1 w=0 rec=0.15,O4 v1,O10,120,120,1.0,0.9689808335812966,1.0
1066,abl1,C1 w=0 rec=0.15,O4 v1,O11,120,120,1.0,0.9689808335812966,1.0
1067,abl1,C1 w=0 rec=0.15,O4 v1,O13,120,120,1.0,0.9689808335812966,1.0
1068,abl1,C1 w=0 rec=0.15,O4 v1,O13p,120,120,1.0,0.9689808335812966,1.0
1069,abl1,C1 w=0 rec=0.15,O4 v1,O17_run,120,120,1.0,0.9689808335812966,1.0
1070,abl1,C1 w=0 rec=0.15,O4 v1,O17p,120,120,1.0,0.9689808335812966,1.0
1071,abl1,C1 -pref (refugios sin preferencia),primario v2,O4,120,120,1.0,0.9689808335812966,1.0
1072,abl1,C1 -pref (refugios sin preferencia),primario v2,O5,118,120,0.9833333333333333,0.941264037027841,0.9954174354340789
1073,abl1,C1 -pref (refugios sin preferencia),primario v2,O8,98,120,0.8166666666666667,0.7379908648282967,0.8756969964398578
1074,abl1,C1 -pref (refugios sin preferencia),primario v2,O10,120,120,1.0,0.9689808335812966,1.0
1075,abl1,C1 -pref (refugios sin preferencia),primario v2,O11,120,120,1.0,0.9689808335812966,1.0
1076,abl1,C1 -pref (refugios sin preferencia),primario v2,O13,120,120,1.0,0.9689808335812966,1.0
1077,abl1,C1 -pref (refugios sin preferencia),primario v2,O13p,0,120,0.0,0.0,0.031019166418703486
1078,abl1,C1 -pref (refugios sin preferencia),primario v2,O17_run,118,120,0.9833333333333333,0.941264037027841,0.9954174354340789
1079,abl1,C1 -pref (refugios sin preferencia),primario v2,O17p,0,120,0.0,0.0,0.031019166418703486
1080,abl1,C1 -pref (refugios sin preferencia),evaluador v1,O4,120,120,1.0,0.9689808335812966,1.0
1081,abl1,C1 -pref (refugios sin preferencia),evaluador v1,O5,120,120,1.0,0.9689808335812966,1.0
1082,abl1,C1 -pref (refugios sin preferencia),evaluador v1,O8,98,120,0.8166666666666667,0.7379908648282967,0.8756969964398578
1083,abl1,C1 -pref (refugios sin preferencia),evaluador v1,O10,120,120,1.0,0.9689808335812966,1.0
1084,abl1,C1 -pref (refugios sin preferencia),evaluador v1,O11,115,120,0.9583333333333334,0.9061591476629647,0.9820732831198906
1085,abl1,C1 -pref (refugios sin preferencia),evaluador v1,O13,120,120,1.0,0.9689808335812966,1.0
1086,abl1,C1 -pref (refugios sin preferencia),evaluador v1,O13p,0,120,0.0,0.0,0.031019166418703486
1087,abl1,C1 -pref (refugios sin preferencia),evaluador v1,O17_run,115,120,0.9583333333333334,0.9061591476629647,0.9820732831198906
1088,abl1,C1 -pref (refugios sin preferencia),evaluador v1,O17p,0,120,0.0,0.0,0.031019166418703486
1089,abl1,C1 -pref (refugios sin preferencia),argmax,O4,120,120,1.0,0.9689808335812966,1.0
1090,abl1,C1 -pref (refugios sin preferencia),argmax,O5,120,120,1.0,0.9689808335812966,1.0
1091,abl1,C1 -pref (refugios sin preferencia),argmax,O8,98,120,0.8166666666666667,0.7379908648282967,0.8756969964398578
1092,abl1,C1 -pref (refugios sin preferencia),argmax,O10,120,120,1.0,0.9689808335812966,1.0
1093,abl1,C1 -pref (refugios sin preferencia),argmax,O11,120,120,1.0,0.9689808335812966,1.0
1094,abl1,C1 -pref (refugios sin preferencia),argmax,O13,120,120,1.0,0.9689808335812966,1.0
1095,abl1,C1 -pref (refugios sin preferencia),argmax,O13p,0,120,0.0,0.0,0.031019166418703486
1096,abl1,C1 -pref (refugios sin preferencia),argmax,O17_run,120,120,1.0,0.9689808335812966,1.0
1097,abl1,C1 -pref (refugios sin preferencia),argmax,O17p,0,120,0.0,0.0,0.031019166418703486
1098,abl1,C1 -pref (refugios sin preferencia),fin meseta,O4,120,120,1.0,0.9689808335812966,1.0
1099,abl1,C1 -pref (refugios sin preferencia),fin meseta,O5,120,120,1.0,0.9689808335812966,1.0
1100,abl1,C1 -pref (refugios sin preferencia),fin meseta,O8,13,120,0.10833333333333334,0.06441141154173441,0.17655360215291668
1101,abl1,C1 -pref (refugios sin preferencia),fin meseta,O10,120,120,1.0,0.9689808335812966,1.0
1102,abl1,C1 -pref (refugios sin preferencia),fin meseta,O11,120,120,1.0,0.9689808335812966,1.0
1103,abl1,C1 -pref (refugios sin preferencia),fin meseta,O13,120,120,1.0,0.9689808335812966,1.0
1104,abl1,C1 -pref (refugios sin preferencia),fin meseta,O13p,0,120,0.0,0.0,0.031019166418703486
1105,abl1,C1 -pref (refugios sin preferencia),fin meseta,O17_run,120,120,1.0,0.9689808335812966,1.0
1106,abl1,C1 -pref (refugios sin preferencia),fin meseta,O17p,0,120,0.0,0.0,0.031019166418703486
1107,abl1,C1 -pref (refugios sin preferencia),m > m_c,O4,120,120,1.0,0.9689808335812966,1.0
1108,abl1,C1 -pref (refugios sin preferencia),m > m_c,O5,118,120,0.9833333333333333,0.941264037027841,0.9954174354340789
1109,abl1,C1 -pref (refugios sin preferencia),m > m_c,O8,98,120,0.8166666666666667,0.7379908648282967,0.8756969964398578
1110,abl1,C1 -pref (refugios sin preferencia),m > m_c,O10,120,120,1.0,0.9689808335812966,1.0
1111,abl1,C1 -pref (refugios sin preferencia),m > m_c,O11,120,120,1.0,0.9689808335812966,1.0
1112,abl1,C1 -pref (refugios sin preferencia),m > m_c,O13,120,120,1.0,0.9689808335812966,1.0
1113,abl1,C1 -pref (refugios sin preferencia),m > m_c,O13p,0,120,0.0,0.0,0.031019166418703486
1114,abl1,C1 -pref (refugios sin preferencia),m > m_c,O17_run,118,120,0.9833333333333333,0.941264037027841,0.9954174354340789
1115,abl1,C1 -pref (refugios sin preferencia),m > m_c,O17p,0,120,0.0,0.0,0.031019166418703486
1116,abl1,C1 -pref (refugios sin preferencia),O5 con t_last,O4,120,120,1.0,0.9689808335812966,1.0
1117,abl1,C1 -pref (refugios sin preferencia),O5 con t_last,O5,70,120,0.5833333333333334,0.49388032700164236,0.6676164785952404
1118,abl1,C1 -pref (refugios sin preferencia),O5 con t_last,O8,98,120,0.8166666666666667,0.7379908648282967,0.8756969964398578
1119,abl1,C1 -pref (refugios sin preferencia),O5 con t_last,O10,120,120,1.0,0.9689808335812966,1.0
1120,abl1,C1 -pref (refugios sin preferencia),O5 con t_last,O11,120,120,1.0,0.9689808335812966,1.0
1121,abl1,C1 -pref (refugios sin preferencia),O5 con t_last,O13,120,120,1.0,0.9689808335812966,1.0
1122,abl1,C1 -pref (refugios sin preferencia),O5 con t_last,O13p,0,120,0.0,0.0,0.031019166418703486
1123,abl1,C1 -pref (refugios sin preferencia),O5 con t_last,O17_run,70,120,0.5833333333333334,0.49388032700164236,0.6676164785952404
1124,abl1,C1 -pref (refugios sin preferencia),O5 con t_last,O17p,0,120,0.0,0.0,0.031019166418703486
1125,abl1,C1 -pref (refugios sin preferencia),O4 v1,O4,120,120,1.0,0.9689808335812966,1.0
1126,abl1,C1 -pref (refugios sin preferencia),O4 v1,O5,118,120,0.9833333333333333,0.941264037027841,0.9954174354340789
1127,abl1,C1 -pref (refugios sin preferencia),O4 v1,O8,98,120,0.8166666666666667,0.7379908648282967,0.8756969964398578
1128,abl1,C1 -pref (refugios sin preferencia),O4 v1,O10,120,120,1.0,0.9689808335812966,1.0
1129,abl1,C1 -pref (refugios sin preferencia),O4 v1,O11,120,120,1.0,0.9689808335812966,1.0
1130,abl1,C1 -pref (refugios sin preferencia),O4 v1,O13,120,120,1.0,0.9689808335812966,1.0
1131,abl1,C1 -pref (refugios sin preferencia),O4 v1,O13p,0,120,0.0,0.0,0.031019166418703486
1132,abl1,C1 -pref (refugios sin preferencia),O4 v1,O17_run,118,120,0.9833333333333333,0.941264037027841,0.9954174354340789
1133,abl1,C1 -pref (refugios sin preferencia),O4 v1,O17p,0,120,0.0,0.0,0.031019166418703486
1134,abl1,C1 -hard (capacidad blanda),primario v2,O4,120,120,1.0,0.9689808335812966,1.0
1135,abl1,C1 -hard (capacidad blanda),primario v2,O5,120,120,1.0,0.9689808335812966,1.0
1136,abl1,C1 -hard (capacidad blanda),primario v2,O8,52,120,0.43333333333333335,0.34810176437788437,0.5227007911446095
1137,abl1,C1 -hard (capacidad blanda),primario v2,O10,120,120,1.0,0.9689808335812966,1.0
1138,abl1,C1 -hard (capacidad blanda),primario v2,O11,120,120,1.0,0.9689808335812966,1.0
1139,abl1,C1 -hard (capacidad blanda),primario v2,O13,0,120,0.0,0.0,0.031019166418703486
1140,abl1,C1 -hard (capacidad blanda),primario v2,O13p,0,120,0.0,0.0,0.031019166418703486
1141,abl1,C1 -hard (capacidad blanda),primario v2,O17_run,0,120,0.0,0.0,0.031019166418703486
1142,abl1,C1 -hard (capacidad blanda),primario v2,O17p,0,120,0.0,0.0,0.031019166418703486
1143,abl1,C1 -hard (capacidad blanda),evaluador v1,O4,120,120,1.0,0.9689808335812966,1.0
1144,abl1,C1 -hard (capacidad blanda),evaluador v1,O5,120,120,1.0,0.9689808335812966,1.0
1145,abl1,C1 -hard (capacidad blanda),evaluador v1,O8,52,120,0.43333333333333335,0.34810176437788437,0.5227007911446095
1146,abl1,C1 -hard (capacidad blanda),evaluador v1,O10,120,120,1.0,0.9689808335812966,1.0
1147,abl1,C1 -hard (capacidad blanda),evaluador v1,O11,120,120,1.0,0.9689808335812966,1.0
1148,abl1,C1 -hard (capacidad blanda),evaluador v1,O13,0,120,0.0,0.0,0.031019166418703486
1149,abl1,C1 -hard (capacidad blanda),evaluador v1,O13p,0,120,0.0,0.0,0.031019166418703486
1150,abl1,C1 -hard (capacidad blanda),evaluador v1,O17_run,0,120,0.0,0.0,0.031019166418703486
1151,abl1,C1 -hard (capacidad blanda),evaluador v1,O17p,0,120,0.0,0.0,0.031019166418703486
1152,abl1,C1 -hard (capacidad blanda),argmax,O4,120,120,1.0,0.9689808335812966,1.0
1153,abl1,C1 -hard (capacidad blanda),argmax,O5,120,120,1.0,0.9689808335812966,1.0
1154,abl1,C1 -hard (capacidad blanda),argmax,O8,52,120,0.43333333333333335,0.34810176437788437,0.5227007911446095
1155,abl1,C1 -hard (capacidad blanda),argmax,O10,120,120,1.0,0.9689808335812966,1.0
1156,abl1,C1 -hard (capacidad blanda),argmax,O11,120,120,1.0,0.9689808335812966,1.0
1157,abl1,C1 -hard (capacidad blanda),argmax,O13,0,120,0.0,0.0,0.031019166418703486
1158,abl1,C1 -hard (capacidad blanda),argmax,O13p,0,120,0.0,0.0,0.031019166418703486
1159,abl1,C1 -hard (capacidad blanda),argmax,O17_run,0,120,0.0,0.0,0.031019166418703486
1160,abl1,C1 -hard (capacidad blanda),argmax,O17p,0,120,0.0,0.0,0.031019166418703486
1161,abl1,C1 -hard (capacidad blanda),fin meseta,O4,120,120,1.0,0.9689808335812966,1.0
1162,abl1,C1 -hard (capacidad blanda),fin meseta,O5,120,120,1.0,0.9689808335812966,1.0
1163,abl1,C1 -hard (capacidad blanda),fin meseta,O8,11,120,0.09166666666666666,0.05195718284856543,0.15670846972670907
1164,abl1,C1 -hard (capacidad blanda),fin meseta,O10,120,120,1.0,0.9689808335812966,1.0
1165,abl1,C1 -hard (capacidad blanda),fin meseta,O11,120,120,1.0,0.9689808335812966,1.0
1166,abl1,C1 -hard (capacidad blanda),fin meseta,O13,0,120,0.0,0.0,0.031019166418703486
1167,abl1,C1 -hard (capacidad blanda),fin meseta,O13p,0,120,0.0,0.0,0.031019166418703486
1168,abl1,C1 -hard (capacidad blanda),fin meseta,O17_run,0,120,0.0,0.0,0.031019166418703486
1169,abl1,C1 -hard (capacidad blanda),fin meseta,O17p,0,120,0.0,0.0,0.031019166418703486
1170,abl1,C1 -hard (capacidad blanda),m > m_c,O4,120,120,1.0,0.9689808335812966,1.0
1171,abl1,C1 -hard (capacidad blanda),m > m_c,O5,120,120,1.0,0.9689808335812966,1.0
1172,abl1,C1 -hard (capacidad blanda),m > m_c,O8,52,120,0.43333333333333335,0.34810176437788437,0.5227007911446095
1173,abl1,C1 -hard (capacidad blanda),m > m_c,O10,120,120,1.0,0.9689808335812966,1.0
1174,abl1,C1 -hard (capacidad blanda),m > m_c,O11,120,120,1.0,0.9689808335812966,1.0
1175,abl1,C1 -hard (capacidad blanda),m > m_c,O13,0,120,0.0,0.0,0.031019166418703486
1176,abl1,C1 -hard (capacidad blanda),m > m_c,O13p,0,120,0.0,0.0,0.031019166418703486
1177,abl1,C1 -hard (capacidad blanda),m > m_c,O17_run,0,120,0.0,0.0,0.031019166418703486
1178,abl1,C1 -hard (capacidad blanda),m > m_c,O17p,0,120,0.0,0.0,0.031019166418703486
1179,abl1,C1 -hard (capacidad blanda),O5 con t_last,O4,120,120,1.0,0.9689808335812966,1.0
1180,abl1,C1 -hard (capacidad blanda),O5 con t_last,O5,72,120,0.6,0.5105602479246307,0.6832359187916286
1181,abl1,C1 -hard (capacidad blanda),O5 con t_last,O8,52,120,0.43333333333333335,0.34810176437788437,0.5227007911446095
1182,abl1,C1 -hard (capacidad blanda),O5 con t_last,O10,120,120,1.0,0.9689808335812966,1.0
1183,abl1,C1 -hard (capacidad blanda),O5 con t_last,O11,120,120,1.0,0.9689808335812966,1.0
1184,abl1,C1 -hard (capacidad blanda),O5 con t_last,O13,0,120,0.0,0.0,0.031019166418703486
1185,abl1,C1 -hard (capacidad blanda),O5 con t_last,O13p,0,120,0.0,0.0,0.031019166418703486
1186,abl1,C1 -hard (capacidad blanda),O5 con t_last,O17_run,0,120,0.0,0.0,0.031019166418703486
1187,abl1,C1 -hard (capacidad blanda),O5 con t_last,O17p,0,120,0.0,0.0,0.031019166418703486
1188,abl1,C1 -hard (capacidad blanda),O4 v1,O4,120,120,1.0,0.9689808335812966,1.0
1189,abl1,C1 -hard (capacidad blanda),O4 v1,O5,120,120,1.0,0.9689808335812966,1.0
1190,abl1,C1 -hard (capacidad blanda),O4 v1,O8,52,120,0.43333333333333335,0.34810176437788437,0.5227007911446095
1191,abl1,C1 -hard (capacidad blanda),O4 v1,O10,120,120,1.0,0.9689808335812966,1.0
1192,abl1,C1 -hard (capacidad blanda),O4 v1,O11,120,120,1.0,0.9689808335812966,1.0
1193,abl1,C1 -hard (capacidad blanda),O4 v1,O13,0,120,0.0,0.0,0.031019166418703486
1194,abl1,C1 -hard (capacidad blanda),O4 v1,O13p,0,120,0.0,0.0,0.031019166418703486
1195,abl1,C1 -hard (capacidad blanda),O4 v1,O17_run,0,120,0.0,0.0,0.031019166418703486
1196,abl1,C1 -hard (capacidad blanda),O4 v1,O17p,0,120,0.0,0.0,0.031019166418703486
1197,rob,C1 R7 legacy (v1),primario v2,O4,200,200,1.0,0.9811546736227335,1.0
1198,rob,C1 R7 legacy (v1),primario v2,O5,199,200,0.995,0.9722262956021069,0.9991168312843989
1199,rob,C1 R7 legacy (v1),primario v2,O8,128,200,0.64,0.5714152816600309,0.7033080269543346
1200,rob,C1 R7 legacy (v1),primario v2,O10,200,200,1.0,0.9811546736227335,1.0
1201,rob,C1 R7 legacy (v1),primario v2,O11,200,200,1.0,0.9811546736227335,1.0
1202,rob,C1 R7 legacy (v1),primario v2,O13,200,200,1.0,0.9811546736227335,1.0
1203,rob,C1 R7 legacy (v1),primario v2,O13p,200,200,1.0,0.9811546736227335,1.0
1204,rob,C1 R7 legacy (v1),primario v2,O17_run,199,200,0.995,0.9722262956021069,0.9991168312843989
1205,rob,C1 R7 legacy (v1),primario v2,O17p,199,200,0.995,0.9722262956021069,0.9991168312843989
1206,rob,C1 R7 legacy (v1),evaluador v1,O4,200,200,1.0,0.9811546736227335,1.0
1207,rob,C1 R7 legacy (v1),evaluador v1,O5,199,200,0.995,0.9722262956021069,0.9991168312843989
1208,rob,C1 R7 legacy (v1),evaluador v1,O8,128,200,0.64,0.5714152816600309,0.7033080269543346
1209,rob,C1 R7 legacy (v1),evaluador v1,O10,200,200,1.0,0.9811546736227335,1.0
1210,rob,C1 R7 legacy (v1),evaluador v1,O11,195,200,0.975,0.942821659593358,0.9892752803482386
1211,rob,C1 R7 legacy (v1),evaluador v1,O13,200,200,1.0,0.9811546736227335,1.0
1212,rob,C1 R7 legacy (v1),evaluador v1,O13p,200,200,1.0,0.9811546736227335,1.0
1213,rob,C1 R7 legacy (v1),evaluador v1,O17_run,194,200,0.97,0.9361057075454807,0.9861796856598887
1214,rob,C1 R7 legacy (v1),evaluador v1,O17p,194,200,0.97,0.9361057075454807,0.9861796856598887
1215,rob,C1 R7 legacy (v1),argmax,O4,200,200,1.0,0.9811546736227335,1.0
1216,rob,C1 R7 legacy (v1),argmax,O5,200,200,1.0,0.9811546736227335,1.0
1217,rob,C1 R7 legacy (v1),argmax,O8,128,200,0.64,0.5714152816600309,0.7033080269543346
1218,rob,C1 R7 legacy (v1),argmax,O10,200,200,1.0,0.9811546736227335,1.0
1219,rob,C1 R7 legacy (v1),argmax,O11,200,200,1.0,0.9811546736227335,1.0
1220,rob,C1 R7 legacy (v1),argmax,O13,200,200,1.0,0.9811546736227335,1.0
1221,rob,C1 R7 legacy (v1),argmax,O13p,200,200,1.0,0.9811546736227335,1.0
1222,rob,C1 R7 legacy (v1),argmax,O17_run,200,200,1.0,0.9811546736227335,1.0
1223,rob,C1 R7 legacy (v1),argmax,O17p,200,200,1.0,0.9811546736227335,1.0
1224,rob,C1 R7 legacy (v1),fin meseta,O4,200,200,1.0,0.9811546736227335,1.0
1225,rob,C1 R7 legacy (v1),fin meseta,O5,200,200,1.0,0.9811546736227335,1.0
1226,rob,C1 R7 legacy (v1),fin meseta,O8,25,200,0.125,0.08611974475712644,0.17801425002582347
1227,rob,C1 R7 legacy (v1),fin meseta,O10,200,200,1.0,0.9811546736227335,1.0
1228,rob,C1 R7 legacy (v1),fin meseta,O11,200,200,1.0,0.9811546736227335,1.0
1229,rob,C1 R7 legacy (v1),fin meseta,O13,200,200,1.0,0.9811546736227335,1.0
1230,rob,C1 R7 legacy (v1),fin meseta,O13p,200,200,1.0,0.9811546736227335,1.0
1231,rob,C1 R7 legacy (v1),fin meseta,O17_run,200,200,1.0,0.9811546736227335,1.0
1232,rob,C1 R7 legacy (v1),fin meseta,O17p,200,200,1.0,0.9811546736227335,1.0
1233,rob,C1 R7 legacy (v1),m > m_c,O4,200,200,1.0,0.9811546736227335,1.0
1234,rob,C1 R7 legacy (v1),m > m_c,O5,199,200,0.995,0.9722262956021069,0.9991168312843989
1235,rob,C1 R7 legacy (v1),m > m_c,O8,128,200,0.64,0.5714152816600309,0.7033080269543346
1236,rob,C1 R7 legacy (v1),m > m_c,O10,200,200,1.0,0.9811546736227335,1.0
1237,rob,C1 R7 legacy (v1),m > m_c,O11,200,200,1.0,0.9811546736227335,1.0
1238,rob,C1 R7 legacy (v1),m > m_c,O13,200,200,1.0,0.9811546736227335,1.0
1239,rob,C1 R7 legacy (v1),m > m_c,O13p,200,200,1.0,0.9811546736227335,1.0
1240,rob,C1 R7 legacy (v1),m > m_c,O17_run,199,200,0.995,0.9722262956021069,0.9991168312843989
1241,rob,C1 R7 legacy (v1),m > m_c,O17p,199,200,0.995,0.9722262956021069,0.9991168312843989
1242,rob,C1 R7 legacy (v1),O5 con t_last,O4,200,200,1.0,0.9811546736227335,1.0
1243,rob,C1 R7 legacy (v1),O5 con t_last,O5,102,200,0.51,0.44118587678458643,0.5784372166878682
1244,rob,C1 R7 legacy (v1),O5 con t_last,O8,128,200,0.64,0.5714152816600309,0.7033080269543346
1245,rob,C1 R7 legacy (v1),O5 con t_last,O10,200,200,1.0,0.9811546736227335,1.0
1246,rob,C1 R7 legacy (v1),O5 con t_last,O11,200,200,1.0,0.9811546736227335,1.0
1247,rob,C1 R7 legacy (v1),O5 con t_last,O13,200,200,1.0,0.9811546736227335,1.0
1248,rob,C1 R7 legacy (v1),O5 con t_last,O13p,200,200,1.0,0.9811546736227335,1.0
1249,rob,C1 R7 legacy (v1),O5 con t_last,O17_run,102,200,0.51,0.44118587678458643,0.5784372166878682
1250,rob,C1 R7 legacy (v1),O5 con t_last,O17p,102,200,0.51,0.44118587678458643,0.5784372166878682
1251,rob,C1 R7 legacy (v1),O4 v1,O4,200,200,1.0,0.9811546736227335,1.0
1252,rob,C1 R7 legacy (v1),O4 v1,O5,199,200,0.995,0.9722262956021069,0.9991168312843989
1253,rob,C1 R7 legacy (v1),O4 v1,O8,128,200,0.64,0.5714152816600309,0.7033080269543346
1254,rob,C1 R7 legacy (v1),O4 v1,O10,200,200,1.0,0.9811546736227335,1.0
1255,rob,C1 R7 legacy (v1),O4 v1,O11,200,200,1.0,0.9811546736227335,1.0
1256,rob,C1 R7 legacy (v1),O4 v1,O13,200,200,1.0,0.9811546736227335,1.0
1257,rob,C1 R7 legacy (v1),O4 v1,O13p,200,200,1.0,0.9811546736227335,1.0
1258,rob,C1 R7 legacy (v1),O4 v1,O17_run,199,200,0.995,0.9722262956021069,0.9991168312843989
1259,rob,C1 R7 legacy (v1),O4 v1,O17p,199,200,0.995,0.9722262956021069,0.9991168312843989
1260,rob,C1 mu_bg=0.003,primario v2,O4,200,200,1.0,0.9811546736227335,1.0
1261,rob,C1 mu_bg=0.003,primario v2,O5,110,200,0.55,0.48075615138475697,0.6173593159775166
1262,rob,C1 mu_bg=0.003,primario v2,O8,91,200,0.455,0.387482193098835,0.524213886275119
1263,rob,C1 mu_bg=0.003,primario v2,O10,200,200,1.0,0.9811546736227335,1.0
1264,rob,C1 mu_bg=0.003,primario v2,O11,200,200,1.0,0.9811546736227335,1.0
1265,rob,C1 mu_bg=0.003,primario v2,O13,200,200,1.0,0.9811546736227335,1.0
1266,rob,C1 mu_bg=0.003,primario v2,O13p,200,200,1.0,0.9811546736227335,1.0
1267,rob,C1 mu_bg=0.003,primario v2,O17_run,110,200,0.55,0.48075615138475697,0.6173593159775166
1268,rob,C1 mu_bg=0.003,primario v2,O17p,110,200,0.55,0.48075615138475697,0.6173593159775166
1269,rob,C1 mu_bg=0.003,evaluador v1,O4,200,200,1.0,0.9811546736227335,1.0
1270,rob,C1 mu_bg=0.003,evaluador v1,O5,89,200,0.445,0.3778060100295335,0.5142669758719658
1271,rob,C1 mu_bg=0.003,evaluador v1,O8,91,200,0.455,0.387482193098835,0.524213886275119
1272,rob,C1 mu_bg=0.003,evaluador v1,O10,200,200,1.0,0.9811546736227335,1.0
1273,rob,C1 mu_bg=0.003,evaluador v1,O11,200,200,1.0,0.9811546736227335,1.0
1274,rob,C1 mu_bg=0.003,evaluador v1,O13,200,200,1.0,0.9811546736227335,1.0
1275,rob,C1 mu_bg=0.003,evaluador v1,O13p,200,200,1.0,0.9811546736227335,1.0
1276,rob,C1 mu_bg=0.003,evaluador v1,O17_run,89,200,0.445,0.3778060100295335,0.5142669758719658
1277,rob,C1 mu_bg=0.003,evaluador v1,O17p,89,200,0.445,0.3778060100295335,0.5142669758719658
1278,rob,C1 mu_bg=0.003,argmax,O4,200,200,1.0,0.9811546736227335,1.0
1279,rob,C1 mu_bg=0.003,argmax,O5,176,200,0.88,0.8276574790170326,0.9180200729362449
1280,rob,C1 mu_bg=0.003,argmax,O8,91,200,0.455,0.387482193098835,0.524213886275119
1281,rob,C1 mu_bg=0.003,argmax,O10,200,200,1.0,0.9811546736227335,1.0
1282,rob,C1 mu_bg=0.003,argmax,O11,200,200,1.0,0.9811546736227335,1.0
1283,rob,C1 mu_bg=0.003,argmax,O13,200,200,1.0,0.9811546736227335,1.0
1284,rob,C1 mu_bg=0.003,argmax,O13p,200,200,1.0,0.9811546736227335,1.0
1285,rob,C1 mu_bg=0.003,argmax,O17_run,176,200,0.88,0.8276574790170326,0.9180200729362449
1286,rob,C1 mu_bg=0.003,argmax,O17p,176,200,0.88,0.8276574790170326,0.9180200729362449
1287,rob,C1 mu_bg=0.003,fin meseta,O4,200,200,1.0,0.9811546736227335,1.0
1288,rob,C1 mu_bg=0.003,fin meseta,O5,198,200,0.99,0.9642782382838231,0.9972533418664555
1289,rob,C1 mu_bg=0.003,fin meseta,O8,91,200,0.455,0.387482193098835,0.524213886275119
1290,rob,C1 mu_bg=0.003,fin meseta,O10,200,200,1.0,0.9811546736227335,1.0
1291,rob,C1 mu_bg=0.003,fin meseta,O11,200,200,1.0,0.9811546736227335,1.0
1292,rob,C1 mu_bg=0.003,fin meseta,O13,200,200,1.0,0.9811546736227335,1.0
1293,rob,C1 mu_bg=0.003,fin meseta,O13p,200,200,1.0,0.9811546736227335,1.0
1294,rob,C1 mu_bg=0.003,fin meseta,O17_run,198,200,0.99,0.9642782382838231,0.9972533418664555
1295,rob,C1 mu_bg=0.003,fin meseta,O17p,198,200,0.99,0.9642782382838231,0.9972533418664555
1296,rob,C1 mu_bg=0.003,m > m_c,O4,200,200,1.0,0.9811546736227335,1.0
1297,rob,C1 mu_bg=0.003,m > m_c,O5,110,200,0.55,0.48075615138475697,0.6173593159775166
1298,rob,C1 mu_bg=0.003,m > m_c,O8,91,200,0.455,0.387482193098835,0.524213886275119
1299,rob,C1 mu_bg=0.003,m > m_c,O10,200,200,1.0,0.9811546736227335,1.0
1300,rob,C1 mu_bg=0.003,m > m_c,O11,200,200,1.0,0.9811546736227335,1.0
1301,rob,C1 mu_bg=0.003,m > m_c,O13,200,200,1.0,0.9811546736227335,1.0
1302,rob,C1 mu_bg=0.003,m > m_c,O13p,200,200,1.0,0.9811546736227335,1.0
1303,rob,C1 mu_bg=0.003,m > m_c,O17_run,110,200,0.55,0.48075615138475697,0.6173593159775166
1304,rob,C1 mu_bg=0.003,m > m_c,O17p,110,200,0.55,0.48075615138475697,0.6173593159775166
1305,rob,C1 mu_bg=0.003,O5 con t_last,O4,200,200,1.0,0.9811546736227335,1.0
1306,rob,C1 mu_bg=0.003,O5 con t_last,O5,8,200,0.04,0.020405632066152306,0.07693206820093293
1307,rob,C1 mu_bg=0.003,O5 con t_last,O8,91,200,0.455,0.387482193098835,0.524213886275119
1308,rob,C1 mu_bg=0.003,O5 con t_last,O10,200,200,1.0,0.9811546736227335,1.0
1309,rob,C1 mu_bg=0.003,O5 con t_last,O11,200,200,1.0,0.9811546736227335,1.0
1310,rob,C1 mu_bg=0.003,O5 con t_last,O13,200,200,1.0,0.9811546736227335,1.0
1311,rob,C1 mu_bg=0.003,O5 con t_last,O13p,200,200,1.0,0.9811546736227335,1.0
1312,rob,C1 mu_bg=0.003,O5 con t_last,O17_run,8,200,0.04,0.020405632066152306,0.07693206820093293
1313,rob,C1 mu_bg=0.003,O5 con t_last,O17p,8,200,0.04,0.020405632066152306,0.07693206820093293
1314,rob,C1 mu_bg=0.003,O4 v1,O4,200,200,1.0,0.9811546736227335,1.0
1315,rob,C1 mu_bg=0.003,O4 v1,O5,110,200,0.55,0.48075615138475697,0.6173593159775166
1316,rob,C1 mu_bg=0.003,O4 v1,O8,91,200,0.455,0.387482193098835,0.524213886275119
1317,rob,C1 mu_bg=0.003,O4 v1,O10,200,200,1.0,0.9811546736227335,1.0
1318,rob,C1 mu_bg=0.003,O4 v1,O11,200,200,1.0,0.9811546736227335,1.0
1319,rob,C1 mu_bg=0.003,O4 v1,O13,200,200,1.0,0.9811546736227335,1.0
1320,rob,C1 mu_bg=0.003,O4 v1,O13p,200,200,1.0,0.9811546736227335,1.0
1321,rob,C1 mu_bg=0.003,O4 v1,O17_run,110,200,0.55,0.48075615138475697,0.6173593159775166
1322,rob,C1 mu_bg=0.003,O4 v1,O17p,110,200,0.55,0.48075615138475697,0.6173593159775166
1323,rob,C1 mu_bg=0.008,primario v2,O4,200,200,1.0,0.9811546736227335,1.0
1324,rob,C1 mu_bg=0.008,primario v2,O5,12,200,0.06,0.03465219425433187,0.1019316929576627
1325,rob,C1 mu_bg=0.008,primario v2,O8,42,200,0.21,0.15928412069979,0.2716461685990246
1326,rob,C1 mu_bg=0.008,primario v2,O10,200,200,1.0,0.9811546736227335,1.0
1327,rob,C1 mu_bg=0.008,primario v2,O11,200,200,1.0,0.9811546736227335,1.0
1328,rob,C1 mu_bg=0.008,primario v2,O13,200,200,1.0,0.9811546736227335,1.0
1329,rob,C1 mu_bg=0.008,primario v2,O13p,200,200,1.0,0.9811546736227335,1.0
1330,rob,C1 mu_bg=0.008,primario v2,O17_run,12,200,0.06,0.03465219425433187,0.1019316929576627
1331,rob,C1 mu_bg=0.008,primario v2,O17p,12,200,0.06,0.03465219425433187,0.1019316929576627
1332,rob,C1 mu_bg=0.008,evaluador v1,O4,200,200,1.0,0.9811546736227335,1.0
1333,rob,C1 mu_bg=0.008,evaluador v1,O5,4,200,0.02,0.0078044264163494685,0.050287086905826436
1334,rob,C1 mu_bg=0.008,evaluador v1,O8,42,200,0.21,0.15928412069979,0.2716461685990246
1335,rob,C1 mu_bg=0.008,evaluador v1,O10,200,200,1.0,0.9811546736227335,1.0
1336,rob,C1 mu_bg=0.008,evaluador v1,O11,200,200,1.0,0.9811546736227335,1.0
1337,rob,C1 mu_bg=0.008,evaluador v1,O13,200,200,1.0,0.9811546736227335,1.0
1338,rob,C1 mu_bg=0.008,evaluador v1,O13p,200,200,1.0,0.9811546736227335,1.0
1339,rob,C1 mu_bg=0.008,evaluador v1,O17_run,4,200,0.02,0.0078044264163494685,0.050287086905826436
1340,rob,C1 mu_bg=0.008,evaluador v1,O17p,4,200,0.02,0.0078044264163494685,0.050287086905826436
1341,rob,C1 mu_bg=0.008,argmax,O4,200,200,1.0,0.9811546736227335,1.0
1342,rob,C1 mu_bg=0.008,argmax,O5,64,200,0.32,0.25926533315468053,0.38751898434113546
1343,rob,C1 mu_bg=0.008,argmax,O8,42,200,0.21,0.15928412069979,0.2716461685990246
1344,rob,C1 mu_bg=0.008,argmax,O10,200,200,1.0,0.9811546736227335,1.0
1345,rob,C1 mu_bg=0.008,argmax,O11,200,200,1.0,0.9811546736227335,1.0
1346,rob,C1 mu_bg=0.008,argmax,O13,200,200,1.0,0.9811546736227335,1.0
1347,rob,C1 mu_bg=0.008,argmax,O13p,200,200,1.0,0.9811546736227335,1.0
1348,rob,C1 mu_bg=0.008,argmax,O17_run,64,200,0.32,0.25926533315468053,0.38751898434113546
1349,rob,C1 mu_bg=0.008,argmax,O17p,64,200,0.32,0.25926533315468053,0.38751898434113546
1350,rob,C1 mu_bg=0.008,fin meseta,O4,200,200,1.0,0.9811546736227335,1.0
1351,rob,C1 mu_bg=0.008,fin meseta,O5,147,200,0.735,0.6698242380737758,0.7913184585289088
1352,rob,C1 mu_bg=0.008,fin meseta,O8,42,200,0.21,0.15928412069979,0.2716461685990246
1353,rob,C1 mu_bg=0.008,fin meseta,O10,200,200,1.0,0.9811546736227335,1.0
1354,rob,C1 mu_bg=0.008,fin meseta,O11,200,200,1.0,0.9811546736227335,1.0
1355,rob,C1 mu_bg=0.008,fin meseta,O13,198,200,0.99,0.9642782382838231,0.9972533418664555
1356,rob,C1 mu_bg=0.008,fin meseta,O13p,198,200,0.99,0.9642782382838231,0.9972533418664555
1357,rob,C1 mu_bg=0.008,fin meseta,O17_run,145,200,0.725,0.6593166064233035,0.7822029967069265
1358,rob,C1 mu_bg=0.008,fin meseta,O17p,145,200,0.725,0.6593166064233035,0.7822029967069265
1359,rob,C1 mu_bg=0.008,m > m_c,O4,200,200,1.0,0.9811546736227335,1.0
1360,rob,C1 mu_bg=0.008,m > m_c,O5,12,200,0.06,0.03465219425433187,0.1019316929576627
1361,rob,C1 mu_bg=0.008,m > m_c,O8,42,200,0.21,0.15928412069979,0.2716461685990246
1362,rob,C1 mu_bg=0.008,m > m_c,O10,200,200,1.0,0.9811546736227335,1.0
1363,rob,C1 mu_bg=0.008,m > m_c,O11,200,200,1.0,0.9811546736227335,1.0
1364,rob,C1 mu_bg=0.008,m > m_c,O13,200,200,1.0,0.9811546736227335,1.0
1365,rob,C1 mu_bg=0.008,m > m_c,O13p,200,200,1.0,0.9811546736227335,1.0
1366,rob,C1 mu_bg=0.008,m > m_c,O17_run,12,200,0.06,0.03465219425433187,0.1019316929576627
1367,rob,C1 mu_bg=0.008,m > m_c,O17p,12,200,0.06,0.03465219425433187,0.1019316929576627
1368,rob,C1 mu_bg=0.008,O5 con t_last,O4,200,200,1.0,0.9811546736227335,1.0
1369,rob,C1 mu_bg=0.008,O5 con t_last,O5,0,200,0.0,1.734723475976807e-18,0.018845326377266575
1370,rob,C1 mu_bg=0.008,O5 con t_last,O8,42,200,0.21,0.15928412069979,0.2716461685990246
1371,rob,C1 mu_bg=0.008,O5 con t_last,O10,200,200,1.0,0.9811546736227335,1.0
1372,rob,C1 mu_bg=0.008,O5 con t_last,O11,200,200,1.0,0.9811546736227335,1.0
1373,rob,C1 mu_bg=0.008,O5 con t_last,O13,200,200,1.0,0.9811546736227335,1.0
1374,rob,C1 mu_bg=0.008,O5 con t_last,O13p,200,200,1.0,0.9811546736227335,1.0
1375,rob,C1 mu_bg=0.008,O5 con t_last,O17_run,0,200,0.0,1.734723475976807e-18,0.018845326377266575
1376,rob,C1 mu_bg=0.008,O5 con t_last,O17p,0,200,0.0,1.734723475976807e-18,0.018845326377266575
1377,rob,C1 mu_bg=0.008,O4 v1,O4,200,200,1.0,0.9811546736227335,1.0
1378,rob,C1 mu_bg=0.008,O4 v1,O5,12,200,0.06,0.03465219425433187,0.1019316929576627
1379,rob,C1 mu_bg=0.008,O4 v1,O8,42,200,0.21,0.15928412069979,0.2716461685990246
1380,rob,C1 mu_bg=0.008,O4 v1,O10,200,200,1.0,0.9811546736227335,1.0
1381,rob,C1 mu_bg=0.008,O4 v1,O11,200,200,1.0,0.9811546736227335,1.0
1382,rob,C1 mu_bg=0.008,O4 v1,O13,200,200,1.0,0.9811546736227335,1.0
1383,rob,C1 mu_bg=0.008,O4 v1,O13p,200,200,1.0,0.9811546736227335,1.0
1384,rob,C1 mu_bg=0.008,O4 v1,O17_run,12,200,0.06,0.03465219425433187,0.1019316929576627
1385,rob,C1 mu_bg=0.008,O4 v1,O17p,12,200,0.06,0.03465219425433187,0.1019316929576627
1386,rob,C1 nido=3,primario v2,O4,200,200,1.0,0.9811546736227335,1.0
1387,rob,C1 nido=3,primario v2,O5,186,200,0.93,0.8859451911438936,0.9578478281716571
1388,rob,C1 nido=3,primario v2,O8,105,200,0.525,0.4559739601468475,0.5930837735342891
1389,rob,C1 nido=3,primario v2,O10,200,200,1.0,0.9811546736227335,1.0
1390,rob,C1 nido=3,primario v2,O11,180,200,0.9,0.8505941875672826,0.9343295513309041
1391,rob,C1 nido=3,primario v2,O13,200,200,1.0,0.9811546736227335,1.0
1392,rob,C1 nido=3,primario v2,O13p,200,200,1.0,0.9811546736227335,1.0
1393,rob,C1 nido=3,primario v2,O17_run,167,200,0.835,0.7773421846094045,0.8800314467178268
1394,rob,C1 nido=3,primario v2,O17p,167,200,0.835,0.7773421846094045,0.8800314467178268
1395,rob,C1 nido=3,evaluador v1,O4,200,200,1.0,0.9811546736227335,1.0
1396,rob,C1 nido=3,evaluador v1,O5,199,200,0.995,0.9722262956021069,0.9991168312843989
1397,rob,C1 nido=3,evaluador v1,O8,105,200,0.525,0.4559739601468475,0.5930837735342891
1398,rob,C1 nido=3,evaluador v1,O10,200,200,1.0,0.9811546736227335,1.0
1399,rob,C1 nido=3,evaluador v1,O11,175,200,0.875,0.8219857499741765,0.9138802552428735
1400,rob,C1 nido=3,evaluador v1,O13,200,200,1.0,0.9811546736227335,1.0
1401,rob,C1 nido=3,evaluador v1,O13p,200,200,1.0,0.9811546736227335,1.0
1402,rob,C1 nido=3,evaluador v1,O17_run,174,200,0.87,0.8163364812775159,0.9097179772033067
1403,rob,C1 nido=3,evaluador v1,O17p,174,200,0.87,0.8163364812775159,0.9097179772033067
1404,rob,C1 nido=3,argmax,O4,200,200,1.0,0.9811546736227335,1.0
1405,rob,C1 nido=3,argmax,O5,200,200,1.0,0.9811546736227335,1.0
1406,rob,C1 nido=3,argmax,O8,105,200,0.525,0.4559739601468475,0.5930837735342891
1407,rob,C1 nido=3,argmax,O10,200,200,1.0,0.9811546736227335,1.0
1408,rob,C1 nido=3,argmax,O11,180,200,0.9,0.8505941875672826,0.9343295513309041
1409,rob,C1 nido=3,argmax,O13,200,200,1.0,0.9811546736227335,1.0
1410,rob,C1 nido=3,argmax,O13p,200,200,1.0,0.9811546736227335,1.0
1411,rob,C1 nido=3,argmax,O17_run,180,200,0.9,0.8505941875672826,0.9343295513309041
1412,rob,C1 nido=3,argmax,O17p,180,200,0.9,0.8505941875672826,0.9343295513309041
1413,rob,C1 nido=3,fin meseta,O4,200,200,1.0,0.9811546736227335,1.0
1414,rob,C1 nido=3,fin meseta,O5,200,200,1.0,0.9811546736227335,1.0
1415,rob,C1 nido=3,fin meseta,O8,26,200,0.13,0.0902820227966932,0.18366351872248407
1416,rob,C1 nido=3,fin meseta,O10,200,200,1.0,0.9811546736227335,1.0
1417,rob,C1 nido=3,fin meseta,O11,180,200,0.9,0.8505941875672826,0.9343295513309041
1418,rob,C1 nido=3,fin meseta,O13,199,200,0.995,0.9722262956021069,0.9991168312843989
1419,rob,C1 nido=3,fin meseta,O13p,199,200,0.995,0.9722262956021069,0.9991168312843989
1420,rob,C1 nido=3,fin meseta,O17_run,179,200,0.895,0.8448196800887696,0.9302925120731899
1421,rob,C1 nido=3,fin meseta,O17p,179,200,0.895,0.8448196800887696,0.9302925120731899
1422,rob,C1 nido=3,m > m_c,O4,200,200,1.0,0.9811546736227335,1.0
1423,rob,C1 nido=3,m > m_c,O5,186,200,0.93,0.8859451911438936,0.9578478281716571
1424,rob,C1 nido=3,m > m_c,O8,105,200,0.525,0.4559739601468475,0.5930837735342891
1425,rob,C1 nido=3,m > m_c,O10,200,200,1.0,0.9811546736227335,1.0
1426,rob,C1 nido=3,m > m_c,O11,180,200,0.9,0.8505941875672826,0.9343295513309041
1427,rob,C1 nido=3,m > m_c,O13,200,200,1.0,0.9811546736227335,1.0
1428,rob,C1 nido=3,m > m_c,O13p,200,200,1.0,0.9811546736227335,1.0
1429,rob,C1 nido=3,m > m_c,O17_run,167,200,0.835,0.7773421846094045,0.8800314467178268
1430,rob,C1 nido=3,m > m_c,O17p,167,200,0.835,0.7773421846094045,0.8800314467178268
1431,rob,C1 nido=3,O5 con t_last,O4,200,200,1.0,0.9811546736227335,1.0
1432,rob,C1 nido=3,O5 con t_last,O5,106,200,0.53,0.4609168291500183,0.5979524512673458
1433,rob,C1 nido=3,O5 con t_last,O8,105,200,0.525,0.4559739601468475,0.5930837735342891
1434,rob,C1 nido=3,O5 con t_last,O10,200,200,1.0,0.9811546736227335,1.0
1435,rob,C1 nido=3,O5 con t_last,O11,180,200,0.9,0.8505941875672826,0.9343295513309041
1436,rob,C1 nido=3,O5 con t_last,O13,200,200,1.0,0.9811546736227335,1.0
1437,rob,C1 nido=3,O5 con t_last,O13p,200,200,1.0,0.9811546736227335,1.0
1438,rob,C1 nido=3,O5 con t_last,O17_run,94,200,0.47,0.40204754873265425,0.5390831708499817
1439,rob,C1 nido=3,O5 con t_last,O17p,94,200,0.47,0.40204754873265425,0.5390831708499817
1440,rob,C1 nido=3,O4 v1,O4,200,200,1.0,0.9811546736227335,1.0
1441,rob,C1 nido=3,O4 v1,O5,186,200,0.93,0.8859451911438936,0.9578478281716571
1442,rob,C1 nido=3,O4 v1,O8,105,200,0.525,0.4559739601468475,0.5930837735342891
1443,rob,C1 nido=3,O4 v1,O10,200,200,1.0,0.9811546736227335,1.0
1444,rob,C1 nido=3,O4 v1,O11,180,200,0.9,0.8505941875672826,0.9343295513309041
1445,rob,C1 nido=3,O4 v1,O13,200,200,1.0,0.9811546736227335,1.0
1446,rob,C1 nido=3,O4 v1,O13p,200,200,1.0,0.9811546736227335,1.0
1447,rob,C1 nido=3,O4 v1,O17_run,167,200,0.835,0.7773421846094045,0.8800314467178268
1448,rob,C1 nido=3,O4 v1,O17p,167,200,0.835,0.7773421846094045,0.8800314467178268
1449,rob,C1 async,primario v2,O4,200,200,1.0,0.9811546736227335,1.0
1450,rob,C1 async,primario v2,O5,200,200,1.0,0.9811546736227335,1.0
1451,rob,C1 async,primario v2,O8,191,200,0.955,0.9167032959981803,0.976147456998507
1452,rob,C1 async,primario v2,O10,200,200,1.0,0.9811546736227335,1.0
1453,rob,C1 async,primario v2,O11,200,200,1.0,0.9811546736227335,1.0
1454,rob,C1 async,primario v2,O13,200,200,1.0,0.9811546736227335,1.0
1455,rob,C1 async,primario v2,O13p,200,200,1.0,0.9811546736227335,1.0
1456,rob,C1 async,primario v2,O17_run,200,200,1.0,0.9811546736227335,1.0
1457,rob,C1 async,primario v2,O17p,200,200,1.0,0.9811546736227335,1.0
1458,rob,C1 async,evaluador v1,O4,200,200,1.0,0.9811546736227335,1.0
1459,rob,C1 async,evaluador v1,O5,200,200,1.0,0.9811546736227335,1.0
1460,rob,C1 async,evaluador v1,O8,191,200,0.955,0.9167032959981803,0.976147456998507
1461,rob,C1 async,evaluador v1,O10,200,200,1.0,0.9811546736227335,1.0
1462,rob,C1 async,evaluador v1,O11,200,200,1.0,0.9811546736227335,1.0
1463,rob,C1 async,evaluador v1,O13,200,200,1.0,0.9811546736227335,1.0
1464,rob,C1 async,evaluador v1,O13p,200,200,1.0,0.9811546736227335,1.0
1465,rob,C1 async,evaluador v1,O17_run,200,200,1.0,0.9811546736227335,1.0
1466,rob,C1 async,evaluador v1,O17p,200,200,1.0,0.9811546736227335,1.0
1467,rob,C1 async,argmax,O4,200,200,1.0,0.9811546736227335,1.0
1468,rob,C1 async,argmax,O5,200,200,1.0,0.9811546736227335,1.0
1469,rob,C1 async,argmax,O8,191,200,0.955,0.9167032959981803,0.976147456998507
1470,rob,C1 async,argmax,O10,200,200,1.0,0.9811546736227335,1.0
1471,rob,C1 async,argmax,O11,200,200,1.0,0.9811546736227335,1.0
1472,rob,C1 async,argmax,O13,200,200,1.0,0.9811546736227335,1.0
1473,rob,C1 async,argmax,O13p,200,200,1.0,0.9811546736227335,1.0
1474,rob,C1 async,argmax,O17_run,200,200,1.0,0.9811546736227335,1.0
1475,rob,C1 async,argmax,O17p,200,200,1.0,0.9811546736227335,1.0
1476,rob,C1 async,fin meseta,O4,200,200,1.0,0.9811546736227335,1.0
1477,rob,C1 async,fin meseta,O5,200,200,1.0,0.9811546736227335,1.0
1478,rob,C1 async,fin meseta,O8,15,200,0.075,0.04597491718438201,0.12004361023629456
1479,rob,C1 async,fin meseta,O10,200,200,1.0,0.9811546736227335,1.0
1480,rob,C1 async,fin meseta,O11,200,200,1.0,0.9811546736227335,1.0
1481,rob,C1 async,fin meseta,O13,200,200,1.0,0.9811546736227335,1.0
1482,rob,C1 async,fin meseta,O13p,200,200,1.0,0.9811546736227335,1.0
1483,rob,C1 async,fin meseta,O17_run,200,200,1.0,0.9811546736227335,1.0
1484,rob,C1 async,fin meseta,O17p,200,200,1.0,0.9811546736227335,1.0
1485,rob,C1 async,m > m_c,O4,200,200,1.0,0.9811546736227335,1.0
1486,rob,C1 async,m > m_c,O5,200,200,1.0,0.9811546736227335,1.0
1487,rob,C1 async,m > m_c,O8,191,200,0.955,0.9167032959981803,0.976147456998507
1488,rob,C1 async,m > m_c,O10,200,200,1.0,0.9811546736227335,1.0
1489,rob,C1 async,m > m_c,O11,200,200,1.0,0.9811546736227335,1.0
1490,rob,C1 async,m > m_c,O13,200,200,1.0,0.9811546736227335,1.0
1491,rob,C1 async,m > m_c,O13p,200,200,1.0,0.9811546736227335,1.0
1492,rob,C1 async,m > m_c,O17_run,200,200,1.0,0.9811546736227335,1.0
1493,rob,C1 async,m > m_c,O17p,200,200,1.0,0.9811546736227335,1.0
1494,rob,C1 async,O5 con t_last,O4,200,200,1.0,0.9811546736227335,1.0
1495,rob,C1 async,O5 con t_last,O5,143,200,0.715,0.6488465397039482,0.7730499699538271
1496,rob,C1 async,O5 con t_last,O8,191,200,0.955,0.9167032959981803,0.976147456998507
1497,rob,C1 async,O5 con t_last,O10,200,200,1.0,0.9811546736227335,1.0
1498,rob,C1 async,O5 con t_last,O11,200,200,1.0,0.9811546736227335,1.0
1499,rob,C1 async,O5 con t_last,O13,200,200,1.0,0.9811546736227335,1.0
1500,rob,C1 async,O5 con t_last,O13p,200,200,1.0,0.9811546736227335,1.0
1501,rob,C1 async,O5 con t_last,O17_run,143,200,0.715,0.6488465397039482,0.7730499699538271
1502,rob,C1 async,O5 con t_last,O17p,143,200,0.715,0.6488465397039482,0.7730499699538271
1503,rob,C1 async,O4 v1,O4,200,200,1.0,0.9811546736227335,1.0
1504,rob,C1 async,O4 v1,O5,200,200,1.0,0.9811546736227335,1.0
1505,rob,C1 async,O4 v1,O8,191,200,0.955,0.9167032959981803,0.976147456998507
1506,rob,C1 async,O4 v1,O10,200,200,1.0,0.9811546736227335,1.0
1507,rob,C1 async,O4 v1,O11,200,200,1.0,0.9811546736227335,1.0
1508,rob,C1 async,O4 v1,O13,200,200,1.0,0.9811546736227335,1.0
1509,rob,C1 async,O4 v1,O13p,200,200,1.0,0.9811546736227335,1.0
1510,rob,C1 async,O4 v1,O17_run,200,200,1.0,0.9811546736227335,1.0
1511,rob,C1 async,O4 v1,O17p,200,200,1.0,0.9811546736227335,1.0
1512,rob,C1 async blanda,primario v2,O4,200,200,1.0,0.9811546736227335,1.0
1513,rob,C1 async blanda,primario v2,O5,200,200,1.0,0.9811546736227335,1.0
1514,rob,C1 async blanda,primario v2,O8,187,200,0.935,0.8919809207009312,0.961623645350847
1515,rob,C1 async blanda,primario v2,O10,200,200,1.0,0.9811546736227335,1.0
1516,rob,C1 async blanda,primario v2,O11,199,200,0.995,0.9722262956021069,0.9991168312843989
1517,rob,C1 async blanda,primario v2,O13,200,200,1.0,0.9811546736227335,1.0
1518,rob,C1 async blanda,primario v2,O13p,200,200,1.0,0.9811546736227335,1.0
1519,rob,C1 async blanda,primario v2,O17_run,199,200,0.995,0.9722262956021069,0.9991168312843989
1520,rob,C1 async blanda,primario v2,O17p,199,200,0.995,0.9722262956021069,0.9991168312843989
1521,rob,C1 async blanda,evaluador v1,O4,200,200,1.0,0.9811546736227335,1.0
1522,rob,C1 async blanda,evaluador v1,O5,200,200,1.0,0.9811546736227335,1.0
1523,rob,C1 async blanda,evaluador v1,O8,187,200,0.935,0.8919809207009312,0.961623645350847
1524,rob,C1 async blanda,evaluador v1,O10,200,200,1.0,0.9811546736227335,1.0
1525,rob,C1 async blanda,evaluador v1,O11,198,200,0.99,0.9642782382838231,0.9972533418664555
1526,rob,C1 async blanda,evaluador v1,O13,200,200,1.0,0.9811546736227335,1.0
1527,rob,C1 async blanda,evaluador v1,O13p,200,200,1.0,0.9811546736227335,1.0
1528,rob,C1 async blanda,evaluador v1,O17_run,198,200,0.99,0.9642782382838231,0.9972533418664555
1529,rob,C1 async blanda,evaluador v1,O17p,198,200,0.99,0.9642782382838231,0.9972533418664555
1530,rob,C1 async blanda,argmax,O4,200,200,1.0,0.9811546736227335,1.0
1531,rob,C1 async blanda,argmax,O5,200,200,1.0,0.9811546736227335,1.0
1532,rob,C1 async blanda,argmax,O8,187,200,0.935,0.8919809207009312,0.961623645350847
1533,rob,C1 async blanda,argmax,O10,200,200,1.0,0.9811546736227335,1.0
1534,rob,C1 async blanda,argmax,O11,199,200,0.995,0.9722262956021069,0.9991168312843989
1535,rob,C1 async blanda,argmax,O13,200,200,1.0,0.9811546736227335,1.0
1536,rob,C1 async blanda,argmax,O13p,200,200,1.0,0.9811546736227335,1.0
1537,rob,C1 async blanda,argmax,O17_run,199,200,0.995,0.9722262956021069,0.9991168312843989
1538,rob,C1 async blanda,argmax,O17p,199,200,0.995,0.9722262956021069,0.9991168312843989
1539,rob,C1 async blanda,fin meseta,O4,200,200,1.0,0.9811546736227335,1.0
1540,rob,C1 async blanda,fin meseta,O5,200,200,1.0,0.9811546736227335,1.0
1541,rob,C1 async blanda,fin meseta,O8,9,200,0.045,0.023852543001492997,0.0832967040018196
1542,rob,C1 async blanda,fin meseta,O10,200,200,1.0,0.9811546736227335,1.0
1543,rob,C1 async blanda,fin meseta,O11,199,200,0.995,0.9722262956021069,0.9991168312843989
1544,rob,C1 async blanda,fin meseta,O13,200,200,1.0,0.9811546736227335,1.0
1545,rob,C1 async blanda,fin meseta,O13p,200,200,1.0,0.9811546736227335,1.0
1546,rob,C1 async blanda,fin meseta,O17_run,199,200,0.995,0.9722262956021069,0.9991168312843989
1547,rob,C1 async blanda,fin meseta,O17p,199,200,0.995,0.9722262956021069,0.9991168312843989
1548,rob,C1 async blanda,m > m_c,O4,200,200,1.0,0.9811546736227335,1.0
1549,rob,C1 async blanda,m > m_c,O5,200,200,1.0,0.9811546736227335,1.0
1550,rob,C1 async blanda,m > m_c,O8,187,200,0.935,0.8919809207009312,0.961623645350847
1551,rob,C1 async blanda,m > m_c,O10,200,200,1.0,0.9811546736227335,1.0
1552,rob,C1 async blanda,m > m_c,O11,199,200,0.995,0.9722262956021069,0.9991168312843989
1553,rob,C1 async blanda,m > m_c,O13,200,200,1.0,0.9811546736227335,1.0
1554,rob,C1 async blanda,m > m_c,O13p,200,200,1.0,0.9811546736227335,1.0
1555,rob,C1 async blanda,m > m_c,O17_run,199,200,0.995,0.9722262956021069,0.9991168312843989
1556,rob,C1 async blanda,m > m_c,O17p,199,200,0.995,0.9722262956021069,0.9991168312843989
1557,rob,C1 async blanda,O5 con t_last,O4,200,200,1.0,0.9811546736227335,1.0
1558,rob,C1 async blanda,O5 con t_last,O5,144,200,0.72,0.6540769541334929,0.7776311022605097
1559,rob,C1 async blanda,O5 con t_last,O8,187,200,0.935,0.8919809207009312,0.961623645350847
1560,rob,C1 async blanda,O5 con t_last,O10,200,200,1.0,0.9811546736227335,1.0
1561,rob,C1 async blanda,O5 con t_last,O11,199,200,0.995,0.9722262956021069,0.9991168312843989
1562,rob,C1 async blanda,O5 con t_last,O13,200,200,1.0,0.9811546736227335,1.0
1563,rob,C1 async blanda,O5 con t_last,O13p,200,200,1.0,0.9811546736227335,1.0
1564,rob,C1 async blanda,O5 con t_last,O17_run,144,200,0.72,0.6540769541334929,0.7776311022605097
1565,rob,C1 async blanda,O5 con t_last,O17p,144,200,0.72,0.6540769541334929,0.7776311022605097
1566,rob,C1 async blanda,O4 v1,O4,200,200,1.0,0.9811546736227335,1.0
1567,rob,C1 async blanda,O4 v1,O5,200,200,1.0,0.9811546736227335,1.0
1568,rob,C1 async blanda,O4 v1,O8,187,200,0.935,0.8919809207009312,0.961623645350847
1569,rob,C1 async blanda,O4 v1,O10,200,200,1.0,0.9811546736227335,1.0
1570,rob,C1 async blanda,O4 v1,O11,199,200,0.995,0.9722262956021069,0.9991168312843989
1571,rob,C1 async blanda,O4 v1,O13,200,200,1.0,0.9811546736227335,1.0
1572,rob,C1 async blanda,O4 v1,O13p,200,200,1.0,0.9811546736227335,1.0
1573,rob,C1 async blanda,O4 v1,O17_run,199,200,0.995,0.9722262956021069,0.9991168312843989
1574,rob,C1 async blanda,O4 v1,O17p,199,200,0.995,0.9722262956021069,0.9991168312843989
1575,rob,C1 s0=0.25,primario v2,O4,200,200,1.0,0.9811546736227335,1.0
1576,rob,C1 s0=0.25,primario v2,O5,197,200,0.985,0.9568342712073097,0.9948857622067417
1577,rob,C1 s0=0.25,primario v2,O8,163,200,0.815,0.7554293723884824,0.8626980719938395
1578,rob,C1 s0=0.25,primario v2,O10,200,200,1.0,0.9811546736227335,1.0
1579,rob,C1 s0=0.25,primario v2,O11,16,200,0.08,0.049840585889759974,0.12598948826714396
1580,rob,C1 s0=0.25,primario v2,O13,200,200,1.0,0.9811546736227335,1.0
1581,rob,C1 s0=0.25,primario v2,O13p,200,200,1.0,0.9811546736227335,1.0
1582,rob,C1 s0=0.25,primario v2,O17_run,16,200,0.08,0.049840585889759974,0.12598948826714396
1583,rob,C1 s0=0.25,primario v2,O17p,16,200,0.08,0.049840585889759974,0.12598948826714396
1584,rob,C1 s0=0.25,evaluador v1,O4,200,200,1.0,0.9811546736227335,1.0
1585,rob,C1 s0=0.25,evaluador v1,O5,199,200,0.995,0.9722262956021069,0.9991168312843989
1586,rob,C1 s0=0.25,evaluador v1,O8,163,200,0.815,0.7554293723884824,0.8626980719938395
1587,rob,C1 s0=0.25,evaluador v1,O10,200,200,1.0,0.9811546736227335,1.0
1588,rob,C1 s0=0.25,evaluador v1,O11,129,200,0.645,0.5765211307549043,0.7080137245956883
1589,rob,C1 s0=0.25,evaluador v1,O13,200,200,1.0,0.9811546736227335,1.0
1590,rob,C1 s0=0.25,evaluador v1,O13p,200,200,1.0,0.9811546736227335,1.0
1591,rob,C1 s0=0.25,evaluador v1,O17_run,128,200,0.64,0.5714152816600309,0.7033080269543346
1592,rob,C1 s0=0.25,evaluador v1,O17p,128,200,0.64,0.5714152816600309,0.7033080269543346
1593,rob,C1 s0=0.25,argmax,O4,195,200,0.975,0.942821659593358,0.9892752803482386
1594,rob,C1 s0=0.25,argmax,O5,200,200,1.0,0.9811546736227335,1.0
1595,rob,C1 s0=0.25,argmax,O8,163,200,0.815,0.7554293723884824,0.8626980719938395
1596,rob,C1 s0=0.25,argmax,O10,200,200,1.0,0.9811546736227335,1.0
1597,rob,C1 s0=0.25,argmax,O11,16,200,0.08,0.049840585889759974,0.12598948826714396
1598,rob,C1 s0=0.25,argmax,O13,200,200,1.0,0.9811546736227335,1.0
1599,rob,C1 s0=0.25,argmax,O13p,200,200,1.0,0.9811546736227335,1.0
1600,rob,C1 s0=0.25,argmax,O17_run,15,200,0.075,0.04597491718438201,0.12004361023629456
1601,rob,C1 s0=0.25,argmax,O17p,15,200,0.075,0.04597491718438201,0.12004361023629456
1602,rob,C1 s0=0.25,fin meseta,O4,195,200,0.975,0.942821659593358,0.9892752803482386
1603,rob,C1 s0=0.25,fin meseta,O5,200,200,1.0,0.9811546736227335,1.0
1604,rob,C1 s0=0.25,fin meseta,O8,12,200,0.06,0.03465219425433187,0.1019316929576627
1605,rob,C1 s0=0.25,fin meseta,O10,200,200,1.0,0.9811546736227335,1.0
1606,rob,C1 s0=0.25,fin meseta,O11,16,200,0.08,0.049840585889759974,0.12598948826714396
1607,rob,C1 s0=0.25,fin meseta,O13,200,200,1.0,0.9811546736227335,1.0
1608,rob,C1 s0=0.25,fin meseta,O13p,200,200,1.0,0.9811546736227335,1.0
1609,rob,C1 s0=0.25,fin meseta,O17_run,16,200,0.08,0.049840585889759974,0.12598948826714396
1610,rob,C1 s0=0.25,fin meseta,O17p,16,200,0.08,0.049840585889759974,0.12598948826714396
1611,rob,C1 s0=0.25,m > m_c,O4,200,200,1.0,0.9811546736227335,1.0
1612,rob,C1 s0=0.25,m > m_c,O5,197,200,0.985,0.9568342712073097,0.9948857622067417
1613,rob,C1 s0=0.25,m > m_c,O8,163,200,0.815,0.7554293723884824,0.8626980719938395
1614,rob,C1 s0=0.25,m > m_c,O10,200,200,1.0,0.9811546736227335,1.0
1615,rob,C1 s0=0.25,m > m_c,O11,16,200,0.08,0.049840585889759974,0.12598948826714396
1616,rob,C1 s0=0.25,m > m_c,O13,200,200,1.0,0.9811546736227335,1.0
1617,rob,C1 s0=0.25,m > m_c,O13p,200,200,1.0,0.9811546736227335,1.0
1618,rob,C1 s0=0.25,m > m_c,O17_run,16,200,0.08,0.049840585889759974,0.12598948826714396
1619,rob,C1 s0=0.25,m > m_c,O17p,16,200,0.08,0.049840585889759974,0.12598948826714396
1620,rob,C1 s0=0.25,O5 con t_last,O4,200,200,1.0,0.9811546736227335,1.0
1621,rob,C1 s0=0.25,O5 con t_last,O5,117,200,0.585,0.5157391490134403,0.6510571455024242
1622,rob,C1 s0=0.25,O5 con t_last,O8,163,200,0.815,0.7554293723884824,0.8626980719938395
1623,rob,C1 s0=0.25,O5 con t_last,O10,200,200,1.0,0.9811546736227335,1.0
1624,rob,C1 s0=0.25,O5 con t_last,O11,16,200,0.08,0.049840585889759974,0.12598948826714396
1625,rob,C1 s0=0.25,O5 con t_last,O13,200,200,1.0,0.9811546736227335,1.0
1626,rob,C1 s0=0.25,O5 con t_last,O13p,200,200,1.0,0.9811546736227335,1.0
1627,rob,C1 s0=0.25,O5 con t_last,O17_run,9,200,0.045,0.023852543001492997,0.0832967040018196
1628,rob,C1 s0=0.25,O5 con t_last,O17p,9,200,0.045,0.023852543001492997,0.0832967040018196
1629,rob,C1 s0=0.25,O4 v1,O4,200,200,1.0,0.9811546736227335,1.0
1630,rob,C1 s0=0.25,O4 v1,O5,197,200,0.985,0.9568342712073097,0.9948857622067417
1631,rob,C1 s0=0.25,O4 v1,O8,163,200,0.815,0.7554293723884824,0.8626980719938395
1632,rob,C1 s0=0.25,O4 v1,O10,200,200,1.0,0.9811546736227335,1.0
1633,rob,C1 s0=0.25,O4 v1,O11,16,200,0.08,0.049840585889759974,0.12598948826714396
1634,rob,C1 s0=0.25,O4 v1,O13,200,200,1.0,0.9811546736227335,1.0
1635,rob,C1 s0=0.25,O4 v1,O13p,200,200,1.0,0.9811546736227335,1.0
1636,rob,C1 s0=0.25,O4 v1,O17_run,16,200,0.08,0.049840585889759974,0.12598948826714396
1637,rob,C1 s0=0.25,O4 v1,O17p,16,200,0.08,0.049840585889759974,0.12598948826714396
1638,rob,C1 s0=0.5,primario v2,O4,199,200,0.995,0.9722262956021069,0.9991168312843989
1639,rob,C1 s0=0.5,primario v2,O5,195,200,0.975,0.942821659593358,0.9892752803482386
1640,rob,C1 s0=0.5,primario v2,O8,160,200,0.8,0.7391448134346212,0.8495479907390189
1641,rob,C1 s0=0.5,primario v2,O10,200,200,1.0,0.9811546736227335,1.0
1642,rob,C1 s0=0.5,primario v2,O11,0,200,0.0,1.734723475976807e-18,0.018845326377266575
1643,rob,C1 s0=0.5,primario v2,O13,200,200,1.0,0.9811546736227335,1.0
1644,rob,C1 s0=0.5,primario v2,O13p,200,200,1.0,0.9811546736227335,1.0
1645,rob,C1 s0=0.5,primario v2,O17_run,0,200,0.0,1.734723475976807e-18,0.018845326377266575
1646,rob,C1 s0=0.5,primario v2,O17p,0,200,0.0,1.734723475976807e-18,0.018845326377266575
1647,rob,C1 s0=0.5,evaluador v1,O4,200,200,1.0,0.9811546736227335,1.0
1648,rob,C1 s0=0.5,evaluador v1,O5,200,200,1.0,0.9811546736227335,1.0
1649,rob,C1 s0=0.5,evaluador v1,O8,160,200,0.8,0.7391448134346212,0.8495479907390189
1650,rob,C1 s0=0.5,evaluador v1,O10,200,200,1.0,0.9811546736227335,1.0
1651,rob,C1 s0=0.5,evaluador v1,O11,73,200,0.365,0.301405264649268,0.433682973472594
1652,rob,C1 s0=0.5,evaluador v1,O13,200,200,1.0,0.9811546736227335,1.0
1653,rob,C1 s0=0.5,evaluador v1,O13p,200,200,1.0,0.9811546736227335,1.0
1654,rob,C1 s0=0.5,evaluador v1,O17_run,73,200,0.365,0.301405264649268,0.433682973472594
1655,rob,C1 s0=0.5,evaluador v1,O17p,73,200,0.365,0.301405264649268,0.433682973472594
1656,rob,C1 s0=0.5,argmax,O4,159,200,0.795,0.7337430194757748,0.8451382379616379
1657,rob,C1 s0=0.5,argmax,O5,200,200,1.0,0.9811546736227335,1.0
1658,rob,C1 s0=0.5,argmax,O8,160,200,0.8,0.7391448134346212,0.8495479907390189
1659,rob,C1 s0=0.5,argmax,O10,200,200,1.0,0.9811546736227335,1.0
1660,rob,C1 s0=0.5,argmax,O11,0,200,0.0,1.734723475976807e-18,0.018845326377266575
1661,rob,C1 s0=0.5,argmax,O13,200,200,1.0,0.9811546736227335,1.0
1662,rob,C1 s0=0.5,argmax,O13p,200,200,1.0,0.9811546736227335,1.0
1663,rob,C1 s0=0.5,argmax,O17_run,0,200,0.0,1.734723475976807e-18,0.018845326377266575
1664,rob,C1 s0=0.5,argmax,O17p,0,200,0.0,1.734723475976807e-18,0.018845326377266575
1665,rob,C1 s0=0.5,fin meseta,O4,153,200,0.765,0.7015863111723746,0.8184256658476741
1666,rob,C1 s0=0.5,fin meseta,O5,200,200,1.0,0.9811546736227335,1.0
1667,rob,C1 s0=0.5,fin meseta,O8,18,200,0.09,0.05768744886219316,0.13776571876716542
1668,rob,C1 s0=0.5,fin meseta,O10,200,200,1.0,0.9811546736227335,1.0
1669,rob,C1 s0=0.5,fin meseta,O11,0,200,0.0,1.734723475976807e-18,0.018845326377266575
1670,rob,C1 s0=0.5,fin meseta,O13,200,200,1.0,0.9811546736227335,1.0
1671,rob,C1 s0=0.5,fin meseta,O13p,200,200,1.0,0.9811546736227335,1.0
1672,rob,C1 s0=0.5,fin meseta,O17_run,0,200,0.0,1.734723475976807e-18,0.018845326377266575
1673,rob,C1 s0=0.5,fin meseta,O17p,0,200,0.0,1.734723475976807e-18,0.018845326377266575
1674,rob,C1 s0=0.5,m > m_c,O4,199,200,0.995,0.9722262956021069,0.9991168312843989
1675,rob,C1 s0=0.5,m > m_c,O5,195,200,0.975,0.942821659593358,0.9892752803482386
1676,rob,C1 s0=0.5,m > m_c,O8,160,200,0.8,0.7391448134346212,0.8495479907390189
1677,rob,C1 s0=0.5,m > m_c,O10,200,200,1.0,0.9811546736227335,1.0
1678,rob,C1 s0=0.5,m > m_c,O11,0,200,0.0,1.734723475976807e-18,0.018845326377266575
1679,rob,C1 s0=0.5,m > m_c,O13,200,200,1.0,0.9811546736227335,1.0
1680,rob,C1 s0=0.5,m > m_c,O13p,200,200,1.0,0.9811546736227335,1.0
1681,rob,C1 s0=0.5,m > m_c,O17_run,0,200,0.0,1.734723475976807e-18,0.018845326377266575
1682,rob,C1 s0=0.5,m > m_c,O17p,0,200,0.0,1.734723475976807e-18,0.018845326377266575
1683,rob,C1 s0=0.5,O5 con t_last,O4,199,200,0.995,0.9722262956021069,0.9991168312843989
1684,rob,C1 s0=0.5,O5 con t_last,O5,145,200,0.725,0.6593166064233035,0.7822029967069265
1685,rob,C1 s0=0.5,O5 con t_last,O8,160,200,0.8,0.7391448134346212,0.8495479907390189
1686,rob,C1 s0=0.5,O5 con t_last,O10,200,200,1.0,0.9811546736227335,1.0
1687,rob,C1 s0=0.5,O5 con t_last,O11,0,200,0.0,1.734723475976807e-18,0.018845326377266575
1688,rob,C1 s0=0.5,O5 con t_last,O13,200,200,1.0,0.9811546736227335,1.0
1689,rob,C1 s0=0.5,O5 con t_last,O13p,200,200,1.0,0.9811546736227335,1.0
1690,rob,C1 s0=0.5,O5 con t_last,O17_run,0,200,0.0,1.734723475976807e-18,0.018845326377266575
1691,rob,C1 s0=0.5,O5 con t_last,O17p,0,200,0.0,1.734723475976807e-18,0.018845326377266575
1692,rob,C1 s0=0.5,O4 v1,O4,200,200,1.0,0.9811546736227335,1.0
1693,rob,C1 s0=0.5,O4 v1,O5,195,200,0.975,0.942821659593358,0.9892752803482386
1694,rob,C1 s0=0.5,O4 v1,O8,160,200,0.8,0.7391448134346212,0.8495479907390189
1695,rob,C1 s0=0.5,O4 v1,O10,200,200,1.0,0.9811546736227335,1.0
1696,rob,C1 s0=0.5,O4 v1,O11,0,200,0.0,1.734723475976807e-18,0.018845326377266575
1697,rob,C1 s0=0.5,O4 v1,O13,200,200,1.0,0.9811546736227335,1.0
1698,rob,C1 s0=0.5,O4 v1,O13p,200,200,1.0,0.9811546736227335,1.0
1699,rob,C1 s0=0.5,O4 v1,O17_run,0,200,0.0,1.734723475976807e-18,0.018845326377266575
1700,rob,C1 s0=0.5,O4 v1,O17p,0,200,0.0,1.734723475976807e-18,0.018845326377266575
1701,rob,C1p R7 legacy (v1),primario v2,O4,200,200,1.0,0.9811546736227335,1.0
1702,rob,C1p R7 legacy (v1),primario v2,O5,177,200,0.885,0.8333528310151243,0.9221362676743804
1703,rob,C1p R7 legacy (v1),primario v2,O8,62,200,0.31,0.2499894483607809,0.37717177566258037
1704,rob,C1p R7 legacy (v1),primario v2,O10,200,200,1.0,0.9811546736227335,1.0
1705,rob,C1p R7 legacy (v1),primario v2,O11,193,200,0.965,0.9295293884777092,0.9829444579914328
1706,rob,C1p R7 legacy (v1),primario v2,O13,200,200,1.0,0.9811546736227335,1.0
1707,rob,C1p R7 legacy (v1),primario v2,O13p,200,200,1.0,0.9811546736227335,1.0
1708,rob,C1p R7 legacy (v1),primario v2,O17_run,170,200,0.85,0.7939442071583334,0.89286406437758
1709,rob,C1p R7 legacy (v1),primario v2,O17p,170,200,0.85,0.7939442071583334,0.89286406437758
1710,rob,C1p R7 legacy (v1),evaluador v1,O4,200,200,1.0,0.9811546736227335,1.0
1711,rob,C1p R7 legacy (v1),evaluador v1,O5,199,200,0.995,0.9722262956021069,0.9991168312843989
1712,rob,C1p R7 legacy (v1),evaluador v1,O8,62,200,0.31,0.2499894483607809,0.37717177566258037
1713,rob,C1p R7 legacy (v1),evaluador v1,O10,200,200,1.0,0.9811546736227335,1.0
1714,rob,C1p R7 legacy (v1),evaluador v1,O11,182,200,0.91,0.8622342812328346,0.9423125511378069
1715,rob,C1p R7 legacy (v1),evaluador v1,O13,200,200,1.0,0.9811546736227335,1.0
1716,rob,C1p R7 legacy (v1),evaluador v1,O13p,200,200,1.0,0.9811546736227335,1.0
1717,rob,C1p R7 legacy (v1),evaluador v1,O17_run,181,200,0.905,0.8563983883518006,0.9383368972826135
1718,rob,C1p R7 legacy (v1),evaluador v1,O17p,181,200,0.905,0.8563983883518006,0.9383368972826135
1719,rob,C1p R7 legacy (v1),argmax,O4,200,200,1.0,0.9811546736227335,1.0
1720,rob,C1p R7 legacy (v1),argmax,O5,198,200,0.99,0.9642782382838231,0.9972533418664555
1721,rob,C1p R7 legacy (v1),argmax,O8,62,200,0.31,0.2499894483607809,0.37717177566258037
1722,rob,C1p R7 legacy (v1),argmax,O10,200,200,1.0,0.9811546736227335,1.0
1723,rob,C1p R7 legacy (v1),argmax,O11,193,200,0.965,0.9295293884777092,0.9829444579914328
1724,rob,C1p R7 legacy (v1),argmax,O13,200,200,1.0,0.9811546736227335,1.0
1725,rob,C1p R7 legacy (v1),argmax,O13p,200,200,1.0,0.9811546736227335,1.0
1726,rob,C1p R7 legacy (v1),argmax,O17_run,191,200,0.955,0.9167032959981803,0.976147456998507
1727,rob,C1p R7 legacy (v1),argmax,O17p,191,200,0.955,0.9167032959981803,0.976147456998507
1728,rob,C1p R7 legacy (v1),fin meseta,O4,200,200,1.0,0.9811546736227335,1.0
1729,rob,C1p R7 legacy (v1),fin meseta,O5,198,200,0.99,0.9642782382838231,0.9972533418664555
1730,rob,C1p R7 legacy (v1),fin meseta,O8,13,200,0.065,0.03837635464915299,0.10801907929906895
1731,rob,C1p R7 legacy (v1),fin meseta,O10,200,200,1.0,0.9811546736227335,1.0
1732,rob,C1p R7 legacy (v1),fin meseta,O11,193,200,0.965,0.9295293884777092,0.9829444579914328
1733,rob,C1p R7 legacy (v1),fin meseta,O13,200,200,1.0,0.9811546736227335,1.0
1734,rob,C1p R7 legacy (v1),fin meseta,O13p,200,200,1.0,0.9811546736227335,1.0
1735,rob,C1p R7 legacy (v1),fin meseta,O17_run,191,200,0.955,0.9167032959981803,0.976147456998507
1736,rob,C1p R7 legacy (v1),fin meseta,O17p,191,200,0.955,0.9167032959981803,0.976147456998507
1737,rob,C1p R7 legacy (v1),m > m_c,O4,200,200,1.0,0.9811546736227335,1.0
1738,rob,C1p R7 legacy (v1),m > m_c,O5,177,200,0.885,0.8333528310151243,0.9221362676743804
1739,rob,C1p R7 legacy (v1),m > m_c,O8,62,200,0.31,0.2499894483607809,0.37717177566258037
1740,rob,C1p R7 legacy (v1),m > m_c,O10,200,200,1.0,0.9811546736227335,1.0
1741,rob,C1p R7 legacy (v1),m > m_c,O11,193,200,0.965,0.9295293884777092,0.9829444579914328
1742,rob,C1p R7 legacy (v1),m > m_c,O13,200,200,1.0,0.9811546736227335,1.0
1743,rob,C1p R7 legacy (v1),m > m_c,O13p,200,200,1.0,0.9811546736227335,1.0
1744,rob,C1p R7 legacy (v1),m > m_c,O17_run,170,200,0.85,0.7939442071583334,0.89286406437758
1745,rob,C1p R7 legacy (v1),m > m_c,O17p,170,200,0.85,0.7939442071583334,0.89286406437758
1746,rob,C1p R7 legacy (v1),O5 con t_last,O4,200,200,1.0,0.9811546736227335,1.0
1747,rob,C1p R7 legacy (v1),O5 con t_last,O5,93,200,0.465,0.3971856415700402,0.5341335312763685
1748,rob,C1p R7 legacy (v1),O5 con t_last,O8,62,200,0.31,0.2499894483607809,0.37717177566258037
1749,rob,C1p R7 legacy (v1),O5 con t_last,O10,200,200,1.0,0.9811546736227335,1.0
1750,rob,C1p R7 legacy (v1),O5 con t_last,O11,193,200,0.965,0.9295293884777092,0.9829444579914328
1751,rob,C1p R7 legacy (v1),O5 con t_last,O13,200,200,1.0,0.9811546736227335,1.0
1752,rob,C1p R7 legacy (v1),O5 con t_last,O13p,200,200,1.0,0.9811546736227335,1.0
1753,rob,C1p R7 legacy (v1),O5 con t_last,O17_run,89,200,0.445,0.3778060100295335,0.5142669758719658
1754,rob,C1p R7 legacy (v1),O5 con t_last,O17p,89,200,0.445,0.3778060100295335,0.5142669758719658
1755,rob,C1p R7 legacy (v1),O4 v1,O4,200,200,1.0,0.9811546736227335,1.0
1756,rob,C1p R7 legacy (v1),O4 v1,O5,177,200,0.885,0.8333528310151243,0.9221362676743804
1757,rob,C1p R7 legacy (v1),O4 v1,O8,62,200,0.31,0.2499894483607809,0.37717177566258037
1758,rob,C1p R7 legacy (v1),O4 v1,O10,200,200,1.0,0.9811546736227335,1.0
1759,rob,C1p R7 legacy (v1),O4 v1,O11,193,200,0.965,0.9295293884777092,0.9829444579914328
1760,rob,C1p R7 legacy (v1),O4 v1,O13,200,200,1.0,0.9811546736227335,1.0
1761,rob,C1p R7 legacy (v1),O4 v1,O13p,200,200,1.0,0.9811546736227335,1.0
1762,rob,C1p R7 legacy (v1),O4 v1,O17_run,170,200,0.85,0.7939442071583334,0.89286406437758
1763,rob,C1p R7 legacy (v1),O4 v1,O17p,170,200,0.85,0.7939442071583334,0.89286406437758
1764,rob,C1p mu_bg=0.003,primario v2,O4,200,200,1.0,0.9811546736227335,1.0
1765,rob,C1p mu_bg=0.003,primario v2,O5,55,200,0.275,0.21779700329307355,0.34068339357669647
1766,rob,C1p mu_bg=0.003,primario v2,O8,45,200,0.225,0.17262369715089126,0.2877412323566053
1767,rob,C1p mu_bg=0.003,primario v2,O10,200,200,1.0,0.9811546736227335,1.0
1768,rob,C1p mu_bg=0.003,primario v2,O11,193,200,0.965,0.9295293884777092,0.9829444579914328
1769,rob,C1p mu_bg=0.003,primario v2,O13,200,200,1.0,0.9811546736227335,1.0
1770,rob,C1p mu_bg=0.003,primario v2,O13p,200,200,1.0,0.9811546736227335,1.0
1771,rob,C1p mu_bg=0.003,primario v2,O17_run,55,200,0.275,0.21779700329307355,0.34068339357669647
1772,rob,C1p mu_bg=0.003,primario v2,O17p,55,200,0.275,0.21779700329307355,0.34068339357669647
1773,rob,C1p mu_bg=0.003,evaluador v1,O4,200,200,1.0,0.9811546736227335,1.0
1774,rob,C1p mu_bg=0.003,evaluador v1,O5,58,200,0.29,0.23154025607067882,0.3563747810077731
1775,rob,C1p mu_bg=0.003,evaluador v1,O8,45,200,0.225,0.17262369715089126,0.2877412323566053
1776,rob,C1p mu_bg=0.003,evaluador v1,O10,200,200,1.0,0.9811546736227335,1.0
1777,rob,C1p mu_bg=0.003,evaluador v1,O11,193,200,0.965,0.9295293884777092,0.9829444579914328
1778,rob,C1p mu_bg=0.003,evaluador v1,O13,200,200,1.0,0.9811546736227335,1.0
1779,rob,C1p mu_bg=0.003,evaluador v1,O13p,200,200,1.0,0.9811546736227335,1.0
1780,rob,C1p mu_bg=0.003,evaluador v1,O17_run,57,200,0.285,0.22695003004617292,0.3511534602960517
1781,rob,C1p mu_bg=0.003,evaluador v1,O17p,57,200,0.285,0.22695003004617292,0.3511534602960517
1782,rob,C1p mu_bg=0.003,argmax,O4,200,200,1.0,0.9811546736227335,1.0
1783,rob,C1p mu_bg=0.003,argmax,O5,139,200,0.695,0.6280144790202163,0.7546358436926496
1784,rob,C1p mu_bg=0.003,argmax,O8,45,200,0.225,0.17262369715089126,0.2877412323566053
1785,rob,C1p mu_bg=0.003,argmax,O10,200,200,1.0,0.9811546736227335,1.0
1786,rob,C1p mu_bg=0.003,argmax,O11,193,200,0.965,0.9295293884777092,0.9829444579914328
1787,rob,C1p mu_bg=0.003,argmax,O13,200,200,1.0,0.9811546736227335,1.0
1788,rob,C1p mu_bg=0.003,argmax,O13p,200,200,1.0,0.9811546736227335,1.0
1789,rob,C1p mu_bg=0.003,argmax,O17_run,135,200,0.675,0.6073198511602996,0.7360842846076571
1790,rob,C1p mu_bg=0.003,argmax,O17p,135,200,0.675,0.6073198511602996,0.7360842846076571
1791,rob,C1p mu_bg=0.003,fin meseta,O4,200,200,1.0,0.9811546736227335,1.0
1792,rob,C1p mu_bg=0.003,fin meseta,O5,182,200,0.91,0.8622342812328346,0.9423125511378069
1793,rob,C1p mu_bg=0.003,fin meseta,O8,45,200,0.225,0.17262369715089126,0.2877412323566053
1794,rob,C1p mu_bg=0.003,fin meseta,O10,200,200,1.0,0.9811546736227335,1.0
1795,rob,C1p mu_bg=0.003,fin meseta,O11,193,200,0.965,0.9295293884777092,0.9829444579914328
1796,rob,C1p mu_bg=0.003,fin meseta,O13,200,200,1.0,0.9811546736227335,1.0
1797,rob,C1p mu_bg=0.003,fin meseta,O13p,200,200,1.0,0.9811546736227335,1.0
1798,rob,C1p mu_bg=0.003,fin meseta,O17_run,177,200,0.885,0.8333528310151243,0.9221362676743804
1799,rob,C1p mu_bg=0.003,fin meseta,O17p,177,200,0.885,0.8333528310151243,0.9221362676743804
1800,rob,C1p mu_bg=0.003,m > m_c,O4,200,200,1.0,0.9811546736227335,1.0
1801,rob,C1p mu_bg=0.003,m > m_c,O5,55,200,0.275,0.21779700329307355,0.34068339357669647
1802,rob,C1p mu_bg=0.003,m > m_c,O8,45,200,0.225,0.17262369715089126,0.2877412323566053
1803,rob,C1p mu_bg=0.003,m > m_c,O10,200,200,1.0,0.9811546736227335,1.0
1804,rob,C1p mu_bg=0.003,m > m_c,O11,193,200,0.965,0.9295293884777092,0.9829444579914328
1805,rob,C1p mu_bg=0.003,m > m_c,O13,200,200,1.0,0.9811546736227335,1.0
1806,rob,C1p mu_bg=0.003,m > m_c,O13p,200,200,1.0,0.9811546736227335,1.0
1807,rob,C1p mu_bg=0.003,m > m_c,O17_run,55,200,0.275,0.21779700329307355,0.34068339357669647
1808,rob,C1p mu_bg=0.003,m > m_c,O17p,55,200,0.275,0.21779700329307355,0.34068339357669647
1809,rob,C1p mu_bg=0.003,O5 con t_last,O4,200,200,1.0,0.9811546736227335,1.0
1810,rob,C1p mu_bg=0.003,O5 con t_last,O5,4,200,0.02,0.0078044264163494685,0.050287086905826436
1811,rob,C1p mu_bg=0.003,O5 con t_last,O8,45,200,0.225,0.17262369715089126,0.2877412323566053
1812,rob,C1p mu_bg=0.003,O5 con t_last,O10,200,200,1.0,0.9811546736227335,1.0
1813,rob,C1p mu_bg=0.003,O5 con t_last,O11,193,200,0.965,0.9295293884777092,0.9829444579914328
1814,rob,C1p mu_bg=0.003,O5 con t_last,O13,200,200,1.0,0.9811546736227335,1.0
1815,rob,C1p mu_bg=0.003,O5 con t_last,O13p,200,200,1.0,0.9811546736227335,1.0
1816,rob,C1p mu_bg=0.003,O5 con t_last,O17_run,4,200,0.02,0.0078044264163494685,0.050287086905826436
1817,rob,C1p mu_bg=0.003,O5 con t_last,O17p,4,200,0.02,0.0078044264163494685,0.050287086905826436
1818,rob,C1p mu_bg=0.003,O4 v1,O4,200,200,1.0,0.9811546736227335,1.0
1819,rob,C1p mu_bg=0.003,O4 v1,O5,55,200,0.275,0.21779700329307355,0.34068339357669647
1820,rob,C1p mu_bg=0.003,O4 v1,O8,45,200,0.225,0.17262369715089126,0.2877412323566053
1821,rob,C1p mu_bg=0.003,O4 v1,O10,200,200,1.0,0.9811546736227335,1.0
1822,rob,C1p mu_bg=0.003,O4 v1,O11,193,200,0.965,0.9295293884777092,0.9829444579914328
1823,rob,C1p mu_bg=0.003,O4 v1,O13,200,200,1.0,0.9811546736227335,1.0
1824,rob,C1p mu_bg=0.003,O4 v1,O13p,200,200,1.0,0.9811546736227335,1.0
1825,rob,C1p mu_bg=0.003,O4 v1,O17_run,55,200,0.275,0.21779700329307355,0.34068339357669647
1826,rob,C1p mu_bg=0.003,O4 v1,O17p,55,200,0.275,0.21779700329307355,0.34068339357669647
1827,rob,C1p mu_bg=0.008,primario v2,O4,200,200,1.0,0.9811546736227335,1.0
1828,rob,C1p mu_bg=0.008,primario v2,O5,8,200,0.04,0.020405632066152306,0.07693206820093293
1829,rob,C1p mu_bg=0.008,primario v2,O8,44,199,0.22110552763819097,0.16903401116120417,0.28374058114676814
1830,rob,C1p mu_bg=0.008,primario v2,O10,200,200,1.0,0.9811546736227335,1.0
1831,rob,C1p mu_bg=0.008,primario v2,O11,194,200,0.97,0.9361057075454807,0.9861796856598887
1832,rob,C1p mu_bg=0.008,primario v2,O13,200,200,1.0,0.9811546736227335,1.0
1833,rob,C1p mu_bg=0.008,primario v2,O13p,200,200,1.0,0.9811546736227335,1.0
1834,rob,C1p mu_bg=0.008,primario v2,O17_run,8,200,0.04,0.020405632066152306,0.07693206820093293
1835,rob,C1p mu_bg=0.008,primario v2,O17p,8,200,0.04,0.020405632066152306,0.07693206820093293
1836,rob,C1p mu_bg=0.008,evaluador v1,O4,200,200,1.0,0.9811546736227335,1.0
1837,rob,C1p mu_bg=0.008,evaluador v1,O5,2,200,0.01,0.0027466581335444384,0.0357217617161768
1838,rob,C1p mu_bg=0.008,evaluador v1,O8,44,199,0.22110552763819097,0.16903401116120417,0.28374058114676814
1839,rob,C1p mu_bg=0.008,evaluador v1,O10,200,200,1.0,0.9811546736227335,1.0
1840,rob,C1p mu_bg=0.008,evaluador v1,O11,194,200,0.97,0.9361057075454807,0.9861796856598887
1841,rob,C1p mu_bg=0.008,evaluador v1,O13,200,200,1.0,0.9811546736227335,1.0
1842,rob,C1p mu_bg=0.008,evaluador v1,O13p,200,200,1.0,0.9811546736227335,1.0
1843,rob,C1p mu_bg=0.008,evaluador v1,O17_run,2,200,0.01,0.0027466581335444384,0.0357217617161768
1844,rob,C1p mu_bg=0.008,evaluador v1,O17p,2,200,0.01,0.0027466581335444384,0.0357217617161768
1845,rob,C1p mu_bg=0.008,argmax,O4,200,200,1.0,0.9811546736227335,1.0
1846,rob,C1p mu_bg=0.008,argmax,O5,49,200,0.245,0.1905686808903718,0.30904243556203415
1847,rob,C1p mu_bg=0.008,argmax,O8,44,199,0.22110552763819097,0.16903401116120417,0.28374058114676814
1848,rob,C1p mu_bg=0.008,argmax,O10,200,200,1.0,0.9811546736227335,1.0
1849,rob,C1p mu_bg=0.008,argmax,O11,194,200,0.97,0.9361057075454807,0.9861796856598887
1850,rob,C1p mu_bg=0.008,argmax,O13,200,200,1.0,0.9811546736227335,1.0
1851,rob,C1p mu_bg=0.008,argmax,O13p,200,200,1.0,0.9811546736227335,1.0
1852,rob,C1p mu_bg=0.008,argmax,O17_run,49,200,0.245,0.1905686808903718,0.30904243556203415
1853,rob,C1p mu_bg=0.008,argmax,O17p,49,200,0.245,0.1905686808903718,0.30904243556203415
1854,rob,C1p mu_bg=0.008,fin meseta,O4,200,200,1.0,0.9811546736227335,1.0
1855,rob,C1p mu_bg=0.008,fin meseta,O5,117,200,0.585,0.5157391490134403,0.6510571455024242
1856,rob,C1p mu_bg=0.008,fin meseta,O8,44,199,0.22110552763819097,0.16903401116120417,0.28374058114676814
1857,rob,C1p mu_bg=0.008,fin meseta,O10,200,200,1.0,0.9811546736227335,1.0
1858,rob,C1p mu_bg=0.008,fin meseta,O11,194,200,0.97,0.9361057075454807,0.9861796856598887
1859,rob,C1p mu_bg=0.008,fin meseta,O13,200,200,1.0,0.9811546736227335,1.0
1860,rob,C1p mu_bg=0.008,fin meseta,O13p,200,200,1.0,0.9811546736227335,1.0
1861,rob,C1p mu_bg=0.008,fin meseta,O17_run,117,200,0.585,0.5157391490134403,0.6510571455024242
1862,rob,C1p mu_bg=0.008,fin meseta,O17p,117,200,0.585,0.5157391490134403,0.6510571455024242
1863,rob,C1p mu_bg=0.008,m > m_c,O4,200,200,1.0,0.9811546736227335,1.0
1864,rob,C1p mu_bg=0.008,m > m_c,O5,8,200,0.04,0.020405632066152306,0.07693206820093293
1865,rob,C1p mu_bg=0.008,m > m_c,O8,44,199,0.22110552763819097,0.16903401116120417,0.28374058114676814
1866,rob,C1p mu_bg=0.008,m > m_c,O10,200,200,1.0,0.9811546736227335,1.0
1867,rob,C1p mu_bg=0.008,m > m_c,O11,194,200,0.97,0.9361057075454807,0.9861796856598887
1868,rob,C1p mu_bg=0.008,m > m_c,O13,200,200,1.0,0.9811546736227335,1.0
1869,rob,C1p mu_bg=0.008,m > m_c,O13p,200,200,1.0,0.9811546736227335,1.0
1870,rob,C1p mu_bg=0.008,m > m_c,O17_run,8,200,0.04,0.020405632066152306,0.07693206820093293
1871,rob,C1p mu_bg=0.008,m > m_c,O17p,8,200,0.04,0.020405632066152306,0.07693206820093293
1872,rob,C1p mu_bg=0.008,O5 con t_last,O4,200,200,1.0,0.9811546736227335,1.0
1873,rob,C1p mu_bg=0.008,O5 con t_last,O5,1,200,0.005,0.0008831687156009814,0.02777370439789293
1874,rob,C1p mu_bg=0.008,O5 con t_last,O8,44,199,0.22110552763819097,0.16903401116120417,0.28374058114676814
1875,rob,C1p mu_bg=0.008,O5 con t_last,O10,200,200,1.0,0.9811546736227335,1.0
1876,rob,C1p mu_bg=0.008,O5 con t_last,O11,194,200,0.97,0.9361057075454807,0.9861796856598887
1877,rob,C1p mu_bg=0.008,O5 con t_last,O13,200,200,1.0,0.9811546736227335,1.0
1878,rob,C1p mu_bg=0.008,O5 con t_last,O13p,200,200,1.0,0.9811546736227335,1.0
1879,rob,C1p mu_bg=0.008,O5 con t_last,O17_run,1,200,0.005,0.0008831687156009814,0.02777370439789293
1880,rob,C1p mu_bg=0.008,O5 con t_last,O17p,1,200,0.005,0.0008831687156009814,0.02777370439789293
1881,rob,C1p mu_bg=0.008,O4 v1,O4,200,200,1.0,0.9811546736227335,1.0
1882,rob,C1p mu_bg=0.008,O4 v1,O5,8,200,0.04,0.020405632066152306,0.07693206820093293
1883,rob,C1p mu_bg=0.008,O4 v1,O8,44,199,0.22110552763819097,0.16903401116120417,0.28374058114676814
1884,rob,C1p mu_bg=0.008,O4 v1,O10,200,200,1.0,0.9811546736227335,1.0
1885,rob,C1p mu_bg=0.008,O4 v1,O11,194,200,0.97,0.9361057075454807,0.9861796856598887
1886,rob,C1p mu_bg=0.008,O4 v1,O13,200,200,1.0,0.9811546736227335,1.0
1887,rob,C1p mu_bg=0.008,O4 v1,O13p,200,200,1.0,0.9811546736227335,1.0
1888,rob,C1p mu_bg=0.008,O4 v1,O17_run,8,200,0.04,0.020405632066152306,0.07693206820093293
1889,rob,C1p mu_bg=0.008,O4 v1,O17p,8,200,0.04,0.020405632066152306,0.07693206820093293
1890,rob,C1p nido=3,primario v2,O4,200,200,1.0,0.9811546736227335,1.0
1891,rob,C1p nido=3,primario v2,O5,163,200,0.815,0.7554293723884824,0.8626980719938395
1892,rob,C1p nido=3,primario v2,O8,55,200,0.275,0.21779700329307355,0.34068339357669647
1893,rob,C1p nido=3,primario v2,O10,200,200,1.0,0.9811546736227335,1.0
1894,rob,C1p nido=3,primario v2,O11,139,200,0.695,0.6280144790202163,0.7546358436926496
1895,rob,C1p nido=3,primario v2,O13,200,200,1.0,0.9811546736227335,1.0
1896,rob,C1p nido=3,primario v2,O13p,200,200,1.0,0.9811546736227335,1.0
1897,rob,C1p nido=3,primario v2,O17_run,121,200,0.605,0.5358834915928536,0.6701589898679203
1898,rob,C1p nido=3,primario v2,O17p,121,200,0.605,0.5358834915928536,0.6701589898679203
1899,rob,C1p nido=3,evaluador v1,O4,200,200,1.0,0.9811546736227335,1.0
1900,rob,C1p nido=3,evaluador v1,O5,198,200,0.99,0.9642782382838231,0.9972533418664555
1901,rob,C1p nido=3,evaluador v1,O8,55,200,0.275,0.21779700329307355,0.34068339357669647
1902,rob,C1p nido=3,evaluador v1,O10,200,200,1.0,0.9811546736227335,1.0
1903,rob,C1p nido=3,evaluador v1,O11,128,200,0.64,0.5714152816600309,0.7033080269543346
1904,rob,C1p nido=3,evaluador v1,O13,200,200,1.0,0.9811546736227335,1.0
1905,rob,C1p nido=3,evaluador v1,O13p,200,200,1.0,0.9811546736227335,1.0
1906,rob,C1p nido=3,evaluador v1,O17_run,126,200,0.63,0.5612262992405018,0.6938739159014088
1907,rob,C1p nido=3,evaluador v1,O17p,126,200,0.63,0.5612262992405018,0.6938739159014088
1908,rob,C1p nido=3,argmax,O4,200,200,1.0,0.9811546736227335,1.0
1909,rob,C1p nido=3,argmax,O5,197,200,0.985,0.9568342712073097,0.9948857622067417
1910,rob,C1p nido=3,argmax,O8,55,200,0.275,0.21779700329307355,0.34068339357669647
1911,rob,C1p nido=3,argmax,O10,200,200,1.0,0.9811546736227335,1.0
1912,rob,C1p nido=3,argmax,O11,139,200,0.695,0.6280144790202163,0.7546358436926496
1913,rob,C1p nido=3,argmax,O13,200,200,1.0,0.9811546736227335,1.0
1914,rob,C1p nido=3,argmax,O13p,200,200,1.0,0.9811546736227335,1.0
1915,rob,C1p nido=3,argmax,O17_run,137,200,0.685,0.6176504391426966,0.745376790097715
1916,rob,C1p nido=3,argmax,O17p,137,200,0.685,0.6176504391426966,0.745376790097715
1917,rob,C1p nido=3,fin meseta,O4,200,200,1.0,0.9811546736227335,1.0
1918,rob,C1p nido=3,fin meseta,O5,198,200,0.99,0.9642782382838231,0.9972533418664555
1919,rob,C1p nido=3,fin meseta,O8,7,200,0.035,0.017055542008567192,0.07047061152229073
1920,rob,C1p nido=3,fin meseta,O10,200,200,1.0,0.9811546736227335,1.0
1921,rob,C1p nido=3,fin meseta,O11,139,200,0.695,0.6280144790202163,0.7546358436926496
1922,rob,C1p nido=3,fin meseta,O13,200,200,1.0,0.9811546736227335,1.0
1923,rob,C1p nido=3,fin meseta,O13p,200,200,1.0,0.9811546736227335,1.0
1924,rob,C1p nido=3,fin meseta,O17_run,137,200,0.685,0.6176504391426966,0.745376790097715
1925,rob,C1p nido=3,fin meseta,O17p,137,200,0.685,0.6176504391426966,0.745376790097715
1926,rob,C1p nido=3,m > m_c,O4,200,200,1.0,0.9811546736227335,1.0
1927,rob,C1p nido=3,m > m_c,O5,163,200,0.815,0.7554293723884824,0.8626980719938395
1928,rob,C1p nido=3,m > m_c,O8,55,200,0.275,0.21779700329307355,0.34068339357669647
1929,rob,C1p nido=3,m > m_c,O10,200,200,1.0,0.9811546736227335,1.0
1930,rob,C1p nido=3,m > m_c,O11,139,200,0.695,0.6280144790202163,0.7546358436926496
1931,rob,C1p nido=3,m > m_c,O13,200,200,1.0,0.9811546736227335,1.0
1932,rob,C1p nido=3,m > m_c,O13p,200,200,1.0,0.9811546736227335,1.0
1933,rob,C1p nido=3,m > m_c,O17_run,121,200,0.605,0.5358834915928536,0.6701589898679203
1934,rob,C1p nido=3,m > m_c,O17p,121,200,0.605,0.5358834915928536,0.6701589898679203
1935,rob,C1p nido=3,O5 con t_last,O4,200,200,1.0,0.9811546736227335,1.0
1936,rob,C1p nido=3,O5 con t_last,O5,90,200,0.45,0.3826406840224836,0.5192438486152432
1937,rob,C1p nido=3,O5 con t_last,O8,55,200,0.275,0.21779700329307355,0.34068339357669647
1938,rob,C1p nido=3,O5 con t_last,O10,200,200,1.0,0.9811546736227335,1.0
1939,rob,C1p nido=3,O5 con t_last,O11,139,200,0.695,0.6280144790202163,0.7546358436926496
1940,rob,C1p nido=3,O5 con t_last,O13,200,200,1.0,0.9811546736227335,1.0
1941,rob,C1p nido=3,O5 con t_last,O13p,200,200,1.0,0.9811546736227335,1.0
1942,rob,C1p nido=3,O5 con t_last,O17_run,68,200,0.34,0.27791545970908793,0.4081150447316374
1943,rob,C1p nido=3,O5 con t_last,O17p,68,200,0.34,0.27791545970908793,0.4081150447316374
1944,rob,C1p nido=3,O4 v1,O4,200,200,1.0,0.9811546736227335,1.0
1945,rob,C1p nido=3,O4 v1,O5,163,200,0.815,0.7554293723884824,0.8626980719938395
1946,rob,C1p nido=3,O4 v1,O8,55,200,0.275,0.21779700329307355,0.34068339357669647
1947,rob,C1p nido=3,O4 v1,O10,200,200,1.0,0.9811546736227335,1.0
1948,rob,C1p nido=3,O4 v1,O11,139,200,0.695,0.6280144790202163,0.7546358436926496
1949,rob,C1p nido=3,O4 v1,O13,200,200,1.0,0.9811546736227335,1.0
1950,rob,C1p nido=3,O4 v1,O13p,200,200,1.0,0.9811546736227335,1.0
1951,rob,C1p nido=3,O4 v1,O17_run,121,200,0.605,0.5358834915928536,0.6701589898679203
1952,rob,C1p nido=3,O4 v1,O17p,121,200,0.605,0.5358834915928536,0.6701589898679203
1953,rob,C1p async,primario v2,O4,200,200,1.0,0.9811546736227335,1.0
1954,rob,C1p async,primario v2,O5,187,200,0.935,0.8919809207009312,0.961623645350847
1955,rob,C1p async,primario v2,O8,100,199,0.5025125628140703,0.4336577051939979,0.571272253433858
1956,rob,C1p async,primario v2,O10,200,200,1.0,0.9811546736227335,1.0
1957,rob,C1p async,primario v2,O11,200,200,1.0,0.9811546736227335,1.0
1958,rob,C1p async,primario v2,O13,200,200,1.0,0.9811546736227335,1.0
1959,rob,C1p async,primario v2,O13p,200,200,1.0,0.9811546736227335,1.0
1960,rob,C1p async,primario v2,O17_run,187,200,0.935,0.8919809207009312,0.961623645350847
1961,rob,C1p async,primario v2,O17p,187,200,0.935,0.8919809207009312,0.961623645350847
1962,rob,C1p async,evaluador v1,O4,200,200,1.0,0.9811546736227335,1.0
1963,rob,C1p async,evaluador v1,O5,200,200,1.0,0.9811546736227335,1.0
1964,rob,C1p async,evaluador v1,O8,100,199,0.5025125628140703,0.4336577051939979,0.571272253433858
1965,rob,C1p async,evaluador v1,O10,200,200,1.0,0.9811546736227335,1.0
1966,rob,C1p async,evaluador v1,O11,197,200,0.985,0.9568342712073097,0.9948857622067417
1967,rob,C1p async,evaluador v1,O13,200,200,1.0,0.9811546736227335,1.0
1968,rob,C1p async,evaluador v1,O13p,200,200,1.0,0.9811546736227335,1.0
1969,rob,C1p async,evaluador v1,O17_run,196,200,0.98,0.9497129130941735,0.9921955735836505
1970,rob,C1p async,evaluador v1,O17p,196,200,0.98,0.9497129130941735,0.9921955735836505
1971,rob,C1p async,argmax,O4,200,200,1.0,0.9811546736227335,1.0
1972,rob,C1p async,argmax,O5,199,200,0.995,0.9722262956021069,0.9991168312843989
1973,rob,C1p async,argmax,O8,100,199,0.5025125628140703,0.4336577051939979,0.571272253433858
1974,rob,C1p async,argmax,O10,200,200,1.0,0.9811546736227335,1.0
1975,rob,C1p async,argmax,O11,200,200,1.0,0.9811546736227335,1.0
1976,rob,C1p async,argmax,O13,200,200,1.0,0.9811546736227335,1.0
1977,rob,C1p async,argmax,O13p,200,200,1.0,0.9811546736227335,1.0
1978,rob,C1p async,argmax,O17_run,199,200,0.995,0.9722262956021069,0.9991168312843989
1979,rob,C1p async,argmax,O17p,199,200,0.995,0.9722262956021069,0.9991168312843989
1980,rob,C1p async,fin meseta,O4,200,200,1.0,0.9811546736227335,1.0
1981,rob,C1p async,fin meseta,O5,199,200,0.995,0.9722262956021069,0.9991168312843989
1982,rob,C1p async,fin meseta,O8,14,199,0.07035175879396985,0.042366344045329206,0.11461073059127666
1983,rob,C1p async,fin meseta,O10,200,200,1.0,0.9811546736227335,1.0
1984,rob,C1p async,fin meseta,O11,200,200,1.0,0.9811546736227335,1.0
1985,rob,C1p async,fin meseta,O13,200,200,1.0,0.9811546736227335,1.0
1986,rob,C1p async,fin meseta,O13p,200,200,1.0,0.9811546736227335,1.0
1987,rob,C1p async,fin meseta,O17_run,199,200,0.995,0.9722262956021069,0.9991168312843989
1988,rob,C1p async,fin meseta,O17p,199,200,0.995,0.9722262956021069,0.9991168312843989
1989,rob,C1p async,m > m_c,O4,200,200,1.0,0.9811546736227335,1.0
1990,rob,C1p async,m > m_c,O5,187,200,0.935,0.8919809207009312,0.961623645350847
1991,rob,C1p async,m > m_c,O8,100,199,0.5025125628140703,0.4336577051939979,0.571272253433858
1992,rob,C1p async,m > m_c,O10,200,200,1.0,0.9811546736227335,1.0
1993,rob,C1p async,m > m_c,O11,200,200,1.0,0.9811546736227335,1.0
1994,rob,C1p async,m > m_c,O13,200,200,1.0,0.9811546736227335,1.0
1995,rob,C1p async,m > m_c,O13p,200,200,1.0,0.9811546736227335,1.0
1996,rob,C1p async,m > m_c,O17_run,187,200,0.935,0.8919809207009312,0.961623645350847
1997,rob,C1p async,m > m_c,O17p,187,200,0.935,0.8919809207009312,0.961623645350847
1998,rob,C1p async,O5 con t_last,O4,200,200,1.0,0.9811546736227335,1.0
1999,rob,C1p async,O5 con t_last,O5,79,200,0.395,0.32984101013207967,0.46411650840714636
2000,rob,C1p async,O5 con t_last,O8,100,199,0.5025125628140703,0.4336577051939979,0.571272253433858
2001,rob,C1p async,O5 con t_last,O10,200,200,1.0,0.9811546736227335,1.0
2002,rob,C1p async,O5 con t_last,O11,200,200,1.0,0.9811546736227335,1.0
2003,rob,C1p async,O5 con t_last,O13,200,200,1.0,0.9811546736227335,1.0
2004,rob,C1p async,O5 con t_last,O13p,200,200,1.0,0.9811546736227335,1.0
2005,rob,C1p async,O5 con t_last,O17_run,78,200,0.39,0.3250834313746962,0.4590625404283025
2006,rob,C1p async,O5 con t_last,O17p,78,200,0.39,0.3250834313746962,0.4590625404283025
2007,rob,C1p async,O4 v1,O4,200,200,1.0,0.9811546736227335,1.0
2008,rob,C1p async,O4 v1,O5,187,200,0.935,0.8919809207009312,0.961623645350847
2009,rob,C1p async,O4 v1,O8,100,199,0.5025125628140703,0.4336577051939979,0.571272253433858
2010,rob,C1p async,O4 v1,O10,200,200,1.0,0.9811546736227335,1.0
2011,rob,C1p async,O4 v1,O11,200,200,1.0,0.9811546736227335,1.0
2012,rob,C1p async,O4 v1,O13,200,200,1.0,0.9811546736227335,1.0
2013,rob,C1p async,O4 v1,O13p,200,200,1.0,0.9811546736227335,1.0
2014,rob,C1p async,O4 v1,O17_run,187,200,0.935,0.8919809207009312,0.961623645350847
2015,rob,C1p async,O4 v1,O17p,187,200,0.935,0.8919809207009312,0.961623645350847
2016,rob,C1p async blanda,primario v2,O4,200,200,1.0,0.9811546736227335,1.0
2017,rob,C1p async blanda,primario v2,O5,194,200,0.97,0.9361057075454807,0.9861796856598887
2018,rob,C1p async blanda,primario v2,O8,100,200,0.5,0.43136085960389187,0.5686391403961082
2019,rob,C1p async blanda,primario v2,O10,200,200,1.0,0.9811546736227335,1.0
2020,rob,C1p async blanda,primario v2,O11,200,200,1.0,0.9811546736227335,1.0
2021,rob,C1p async blanda,primario v2,O13,200,200,1.0,0.9811546736227335,1.0
2022,rob,C1p async blanda,primario v2,O13p,200,200,1.0,0.9811546736227335,1.0
2023,rob,C1p async blanda,primario v2,O17_run,194,200,0.97,0.9361057075454807,0.9861796856598887
2024,rob,C1p async blanda,primario v2,O17p,194,200,0.97,0.9361057075454807,0.9861796856598887
2025,rob,C1p async blanda,evaluador v1,O4,200,200,1.0,0.9811546736227335,1.0
2026,rob,C1p async blanda,evaluador v1,O5,199,200,0.995,0.9722262956021069,0.9991168312843989
2027,rob,C1p async blanda,evaluador v1,O8,100,200,0.5,0.43136085960389187,0.5686391403961082
2028,rob,C1p async blanda,evaluador v1,O10,200,200,1.0,0.9811546736227335,1.0
2029,rob,C1p async blanda,evaluador v1,O11,197,200,0.985,0.9568342712073097,0.9948857622067417
2030,rob,C1p async blanda,evaluador v1,O13,200,200,1.0,0.9811546736227335,1.0
2031,rob,C1p async blanda,evaluador v1,O13p,200,200,1.0,0.9811546736227335,1.0
2032,rob,C1p async blanda,evaluador v1,O17_run,196,200,0.98,0.9497129130941735,0.9921955735836505
2033,rob,C1p async blanda,evaluador v1,O17p,196,200,0.98,0.9497129130941735,0.9921955735836505
2034,rob,C1p async blanda,argmax,O4,200,200,1.0,0.9811546736227335,1.0
2035,rob,C1p async blanda,argmax,O5,200,200,1.0,0.9811546736227335,1.0
2036,rob,C1p async blanda,argmax,O8,100,200,0.5,0.43136085960389187,0.5686391403961082
2037,rob,C1p async blanda,argmax,O10,200,200,1.0,0.9811546736227335,1.0
2038,rob,C1p async blanda,argmax,O11,200,200,1.0,0.9811546736227335,1.0
2039,rob,C1p async blanda,argmax,O13,200,200,1.0,0.9811546736227335,1.0
2040,rob,C1p async blanda,argmax,O13p,200,200,1.0,0.9811546736227335,1.0
2041,rob,C1p async blanda,argmax,O17_run,200,200,1.0,0.9811546736227335,1.0
2042,rob,C1p async blanda,argmax,O17p,200,200,1.0,0.9811546736227335,1.0
2043,rob,C1p async blanda,fin meseta,O4,200,200,1.0,0.9811546736227335,1.0
2044,rob,C1p async blanda,fin meseta,O5,200,200,1.0,0.9811546736227335,1.0
2045,rob,C1p async blanda,fin meseta,O8,16,200,0.08,0.049840585889759974,0.12598948826714396
2046,rob,C1p async blanda,fin meseta,O10,200,200,1.0,0.9811546736227335,1.0
2047,rob,C1p async blanda,fin meseta,O11,200,200,1.0,0.9811546736227335,1.0
2048,rob,C1p async blanda,fin meseta,O13,200,200,1.0,0.9811546736227335,1.0
2049,rob,C1p async blanda,fin meseta,O13p,200,200,1.0,0.9811546736227335,1.0
2050,rob,C1p async blanda,fin meseta,O17_run,200,200,1.0,0.9811546736227335,1.0
2051,rob,C1p async blanda,fin meseta,O17p,200,200,1.0,0.9811546736227335,1.0
2052,rob,C1p async blanda,m > m_c,O4,200,200,1.0,0.9811546736227335,1.0
2053,rob,C1p async blanda,m > m_c,O5,194,200,0.97,0.9361057075454807,0.9861796856598887
2054,rob,C1p async blanda,m > m_c,O8,100,200,0.5,0.43136085960389187,0.5686391403961082
2055,rob,C1p async blanda,m > m_c,O10,200,200,1.0,0.9811546736227335,1.0
2056,rob,C1p async blanda,m > m_c,O11,200,200,1.0,0.9811546736227335,1.0
2057,rob,C1p async blanda,m > m_c,O13,200,200,1.0,0.9811546736227335,1.0
2058,rob,C1p async blanda,m > m_c,O13p,200,200,1.0,0.9811546736227335,1.0
2059,rob,C1p async blanda,m > m_c,O17_run,194,200,0.97,0.9361057075454807,0.9861796856598887
2060,rob,C1p async blanda,m > m_c,O17p,194,200,0.97,0.9361057075454807,0.9861796856598887
2061,rob,C1p async blanda,O5 con t_last,O4,200,200,1.0,0.9811546736227335,1.0
2062,rob,C1p async blanda,O5 con t_last,O5,100,200,0.5,0.43136085960389187,0.5686391403961082
2063,rob,C1p async blanda,O5 con t_last,O8,100,200,0.5,0.43136085960389187,0.5686391403961082
2064,rob,C1p async blanda,O5 con t_last,O10,200,200,1.0,0.9811546736227335,1.0
2065,rob,C1p async blanda,O5 con t_last,O11,200,200,1.0,0.9811546736227335,1.0
2066,rob,C1p async blanda,O5 con t_last,O13,200,200,1.0,0.9811546736227335,1.0
2067,rob,C1p async blanda,O5 con t_last,O13p,200,200,1.0,0.9811546736227335,1.0
2068,rob,C1p async blanda,O5 con t_last,O17_run,100,200,0.5,0.43136085960389187,0.5686391403961082
2069,rob,C1p async blanda,O5 con t_last,O17p,100,200,0.5,0.43136085960389187,0.5686391403961082
2070,rob,C1p async blanda,O4 v1,O4,200,200,1.0,0.9811546736227335,1.0
2071,rob,C1p async blanda,O4 v1,O5,194,200,0.97,0.9361057075454807,0.9861796856598887
2072,rob,C1p async blanda,O4 v1,O8,100,200,0.5,0.43136085960389187,0.5686391403961082
2073,rob,C1p async blanda,O4 v1,O10,200,200,1.0,0.9811546736227335,1.0
2074,rob,C1p async blanda,O4 v1,O11,200,200,1.0,0.9811546736227335,1.0
2075,rob,C1p async blanda,O4 v1,O13,200,200,1.0,0.9811546736227335,1.0
2076,rob,C1p async blanda,O4 v1,O13p,200,200,1.0,0.9811546736227335,1.0
2077,rob,C1p async blanda,O4 v1,O17_run,194,200,0.97,0.9361057075454807,0.9861796856598887
2078,rob,C1p async blanda,O4 v1,O17p,194,200,0.97,0.9361057075454807,0.9861796856598887
2079,rob,C1p s0=0.25,primario v2,O4,200,200,1.0,0.9811546736227335,1.0
2080,rob,C1p s0=0.25,primario v2,O5,169,200,0.845,0.7883930940765792,0.8886036307231068
2081,rob,C1p s0=0.25,primario v2,O8,83,200,0.415,0.34894285449757567,0.4842608509865596
2082,rob,C1p s0=0.25,primario v2,O10,200,200,1.0,0.9811546736227335,1.0
2083,rob,C1p s0=0.25,primario v2,O11,63,200,0.315,0.2546232099022851,0.3823495608573036
2084,rob,C1p s0=0.25,primario v2,O13,200,200,1.0,0.9811546736227335,1.0
2085,rob,C1p s0=0.25,primario v2,O13p,200,200,1.0,0.9811546736227335,1.0
2086,rob,C1p s0=0.25,primario v2,O17_run,52,200,0.26,0.20413830063574687,0.32490745602534116
2087,rob,C1p s0=0.25,primario v2,O17p,52,200,0.26,0.20413830063574687,0.32490745602534116
2088,rob,C1p s0=0.25,evaluador v1,O4,200,200,1.0,0.9811546736227335,1.0
2089,rob,C1p s0=0.25,evaluador v1,O5,195,200,0.975,0.942821659593358,0.9892752803482386
2090,rob,C1p s0=0.25,evaluador v1,O8,83,200,0.415,0.34894285449757567,0.4842608509865596
2091,rob,C1p s0=0.25,evaluador v1,O10,200,200,1.0,0.9811546736227335,1.0
2092,rob,C1p s0=0.25,evaluador v1,O11,107,200,0.535,0.4658664687236316,0.6028143584299599
2093,rob,C1p s0=0.25,evaluador v1,O13,200,200,1.0,0.9811546736227335,1.0
2094,rob,C1p s0=0.25,evaluador v1,O13p,200,200,1.0,0.9811546736227335,1.0
2095,rob,C1p s0=0.25,evaluador v1,O17_run,106,200,0.53,0.4609168291500183,0.5979524512673458
2096,rob,C1p s0=0.25,evaluador v1,O17p,106,200,0.53,0.4609168291500183,0.5979524512673458
2097,rob,C1p s0=0.25,argmax,O4,200,200,1.0,0.9811546736227335,1.0
2098,rob,C1p s0=0.25,argmax,O5,195,200,0.975,0.942821659593358,0.9892752803482386
2099,rob,C1p s0=0.25,argmax,O8,83,200,0.415,0.34894285449757567,0.4842608509865596
2100,rob,C1p s0=0.25,argmax,O10,200,200,1.0,0.9811546736227335,1.0
2101,rob,C1p s0=0.25,argmax,O11,63,200,0.315,0.2546232099022851,0.3823495608573036
2102,rob,C1p s0=0.25,argmax,O13,200,200,1.0,0.9811546736227335,1.0
2103,rob,C1p s0=0.25,argmax,O13p,200,200,1.0,0.9811546736227335,1.0
2104,rob,C1p s0=0.25,argmax,O17_run,61,200,0.305,0.24536415630735034,0.37198552097978366
2105,rob,C1p s0=0.25,argmax,O17p,61,200,0.305,0.24536415630735034,0.37198552097978366
2106,rob,C1p s0=0.25,fin meseta,O4,200,200,1.0,0.9811546736227335,1.0
2107,rob,C1p s0=0.25,fin meseta,O5,196,200,0.98,0.9497129130941735,0.9921955735836505
2108,rob,C1p s0=0.25,fin meseta,O8,13,200,0.065,0.03837635464915299,0.10801907929906895
2109,rob,C1p s0=0.25,fin meseta,O10,200,200,1.0,0.9811546736227335,1.0
2110,rob,C1p s0=0.25,fin meseta,O11,63,200,0.315,0.2546232099022851,0.3823495608573036
2111,rob,C1p s0=0.25,fin meseta,O13,200,200,1.0,0.9811546736227335,1.0
2112,rob,C1p s0=0.25,fin meseta,O13p,200,200,1.0,0.9811546736227335,1.0
2113,rob,C1p s0=0.25,fin meseta,O17_run,61,200,0.305,0.24536415630735034,0.37198552097978366
2114,rob,C1p s0=0.25,fin meseta,O17p,61,200,0.305,0.24536415630735034,0.37198552097978366
2115,rob,C1p s0=0.25,m > m_c,O4,200,200,1.0,0.9811546736227335,1.0
2116,rob,C1p s0=0.25,m > m_c,O5,169,200,0.845,0.7883930940765792,0.8886036307231068
2117,rob,C1p s0=0.25,m > m_c,O8,83,200,0.415,0.34894285449757567,0.4842608509865596
2118,rob,C1p s0=0.25,m > m_c,O10,200,200,1.0,0.9811546736227335,1.0
2119,rob,C1p s0=0.25,m > m_c,O11,63,200,0.315,0.2546232099022851,0.3823495608573036
2120,rob,C1p s0=0.25,m > m_c,O13,200,200,1.0,0.9811546736227335,1.0
2121,rob,C1p s0=0.25,m > m_c,O13p,200,200,1.0,0.9811546736227335,1.0
2122,rob,C1p s0=0.25,m > m_c,O17_run,52,200,0.26,0.20413830063574687,0.32490745602534116
2123,rob,C1p s0=0.25,m > m_c,O17p,52,200,0.26,0.20413830063574687,0.32490745602534116
2124,rob,C1p s0=0.25,O5 con t_last,O4,200,200,1.0,0.9811546736227335,1.0
2125,rob,C1p s0=0.25,O5 con t_last,O5,102,200,0.51,0.44118587678458643,0.5784372166878682
2126,rob,C1p s0=0.25,O5 con t_last,O8,83,200,0.415,0.34894285449757567,0.4842608509865596
2127,rob,C1p s0=0.25,O5 con t_last,O10,200,200,1.0,0.9811546736227335,1.0
2128,rob,C1p s0=0.25,O5 con t_last,O11,63,200,0.315,0.2546232099022851,0.3823495608573036
2129,rob,C1p s0=0.25,O5 con t_last,O13,200,200,1.0,0.9811546736227335,1.0
2130,rob,C1p s0=0.25,O5 con t_last,O13p,200,200,1.0,0.9811546736227335,1.0
2131,rob,C1p s0=0.25,O5 con t_last,O17_run,33,200,0.165,0.11996855328217307,0.2226578153905955
2132,rob,C1p s0=0.25,O5 con t_last,O17p,33,200,0.165,0.11996855328217307,0.2226578153905955
2133,rob,C1p s0=0.25,O4 v1,O4,200,200,1.0,0.9811546736227335,1.0
2134,rob,C1p s0=0.25,O4 v1,O5,169,200,0.845,0.7883930940765792,0.8886036307231068
2135,rob,C1p s0=0.25,O4 v1,O8,83,200,0.415,0.34894285449757567,0.4842608509865596
2136,rob,C1p s0=0.25,O4 v1,O10,200,200,1.0,0.9811546736227335,1.0
2137,rob,C1p s0=0.25,O4 v1,O11,63,200,0.315,0.2546232099022851,0.3823495608573036
2138,rob,C1p s0=0.25,O4 v1,O13,200,200,1.0,0.9811546736227335,1.0
2139,rob,C1p s0=0.25,O4 v1,O13p,200,200,1.0,0.9811546736227335,1.0
2140,rob,C1p s0=0.25,O4 v1,O17_run,52,200,0.26,0.20413830063574687,0.32490745602534116
2141,rob,C1p s0=0.25,O4 v1,O17p,52,200,0.26,0.20413830063574687,0.32490745602534116
2142,rob,C1p s0=0.5,primario v2,O4,200,200,1.0,0.9811546736227335,1.0
2143,rob,C1p s0=0.5,primario v2,O5,188,200,0.94,0.8980683070423372,0.9653478057456681
2144,rob,C1p s0=0.5,primario v2,O8,102,200,0.51,0.44118587678458643,0.5784372166878682
2145,rob,C1p s0=0.5,primario v2,O10,200,200,1.0,0.9811546736227335,1.0
2146,rob,C1p s0=0.5,primario v2,O11,2,200,0.01,0.0027466581335444384,0.0357217617161768
2147,rob,C1p s0=0.5,primario v2,O13,200,200,1.0,0.9811546736227335,1.0
2148,rob,C1p s0=0.5,primario v2,O13p,179,200,0.895,0.8448196800887696,0.9302925120731899
2149,rob,C1p s0=0.5,primario v2,O17_run,2,200,0.01,0.0027466581335444384,0.0357217617161768
2150,rob,C1p s0=0.5,primario v2,O17p,0,200,0.0,1.734723475976807e-18,0.018845326377266575
2151,rob,C1p s0=0.5,evaluador v1,O4,200,200,1.0,0.9811546736227335,1.0
2152,rob,C1p s0=0.5,evaluador v1,O5,198,200,0.99,0.9642782382838231,0.9972533418664555
2153,rob,C1p s0=0.5,evaluador v1,O8,102,200,0.51,0.44118587678458643,0.5784372166878682
2154,rob,C1p s0=0.5,evaluador v1,O10,200,200,1.0,0.9811546736227335,1.0
2155,rob,C1p s0=0.5,evaluador v1,O11,83,200,0.415,0.34894285449757567,0.4842608509865596
2156,rob,C1p s0=0.5,evaluador v1,O13,200,200,1.0,0.9811546736227335,1.0
2157,rob,C1p s0=0.5,evaluador v1,O13p,187,200,0.935,0.8919809207009312,0.961623645350847
2158,rob,C1p s0=0.5,evaluador v1,O17_run,83,200,0.415,0.34894285449757567,0.4842608509865596
2159,rob,C1p s0=0.5,evaluador v1,O17p,76,200,0.38,0.31559005848673627,0.44893281984380773
2160,rob,C1p s0=0.5,argmax,O4,200,200,1.0,0.9811546736227335,1.0
2161,rob,C1p s0=0.5,argmax,O5,199,200,0.995,0.9722262956021069,0.9991168312843989
2162,rob,C1p s0=0.5,argmax,O8,102,200,0.51,0.44118587678458643,0.5784372166878682
2163,rob,C1p s0=0.5,argmax,O10,200,200,1.0,0.9811546736227335,1.0
2164,rob,C1p s0=0.5,argmax,O11,2,200,0.01,0.0027466581335444384,0.0357217617161768
2165,rob,C1p s0=0.5,argmax,O13,200,200,1.0,0.9811546736227335,1.0
2166,rob,C1p s0=0.5,argmax,O13p,187,200,0.935,0.8919809207009312,0.961623645350847
2167,rob,C1p s0=0.5,argmax,O17_run,2,200,0.01,0.0027466581335444384,0.0357217617161768
2168,rob,C1p s0=0.5,argmax,O17p,1,200,0.005,0.0008831687156009814,0.02777370439789293
2169,rob,C1p s0=0.5,fin meseta,O4,200,200,1.0,0.9811546736227335,1.0
2170,rob,C1p s0=0.5,fin meseta,O5,199,200,0.995,0.9722262956021069,0.9991168312843989
2171,rob,C1p s0=0.5,fin meseta,O8,21,200,0.105,0.06970748792681017,0.1551803199112304
2172,rob,C1p s0=0.5,fin meseta,O10,200,200,1.0,0.9811546736227335,1.0
2173,rob,C1p s0=0.5,fin meseta,O11,2,200,0.01,0.0027466581335444384,0.0357217617161768
2174,rob,C1p s0=0.5,fin meseta,O13,200,200,1.0,0.9811546736227335,1.0
2175,rob,C1p s0=0.5,fin meseta,O13p,200,200,1.0,0.9811546736227335,1.0
2176,rob,C1p s0=0.5,fin meseta,O17_run,2,200,0.01,0.0027466581335444384,0.0357217617161768
2177,rob,C1p s0=0.5,fin meseta,O17p,2,200,0.01,0.0027466581335444384,0.0357217617161768
2178,rob,C1p s0=0.5,m > m_c,O4,200,200,1.0,0.9811546736227335,1.0
2179,rob,C1p s0=0.5,m > m_c,O5,188,200,0.94,0.8980683070423372,0.9653478057456681
2180,rob,C1p s0=0.5,m > m_c,O8,102,200,0.51,0.44118587678458643,0.5784372166878682
2181,rob,C1p s0=0.5,m > m_c,O10,200,200,1.0,0.9811546736227335,1.0
2182,rob,C1p s0=0.5,m > m_c,O11,2,200,0.01,0.0027466581335444384,0.0357217617161768
2183,rob,C1p s0=0.5,m > m_c,O13,200,200,1.0,0.9811546736227335,1.0
2184,rob,C1p s0=0.5,m > m_c,O13p,179,200,0.895,0.8448196800887696,0.9302925120731899
2185,rob,C1p s0=0.5,m > m_c,O17_run,2,200,0.01,0.0027466581335444384,0.0357217617161768
2186,rob,C1p s0=0.5,m > m_c,O17p,0,200,0.0,1.734723475976807e-18,0.018845326377266575
2187,rob,C1p s0=0.5,O5 con t_last,O4,200,200,1.0,0.9811546736227335,1.0
2188,rob,C1p s0=0.5,O5 con t_last,O5,136,200,0.68,0.6124810156588646,0.7407346668453195
2189,rob,C1p s0=0.5,O5 con t_last,O8,102,200,0.51,0.44118587678458643,0.5784372166878682
2190,rob,C1p s0=0.5,O5 con t_last,O10,200,200,1.0,0.9811546736227335,1.0
2191,rob,C1p s0=0.5,O5 con t_last,O11,2,200,0.01,0.0027466581335444384,0.0357217617161768
2192,rob,C1p s0=0.5,O5 con t_last,O13,200,200,1.0,0.9811546736227335,1.0
2193,rob,C1p s0=0.5,O5 con t_last,O13p,179,200,0.895,0.8448196800887696,0.9302925120731899
2194,rob,C1p s0=0.5,O5 con t_last,O17_run,0,200,0.0,1.734723475976807e-18,0.018845326377266575
2195,rob,C1p s0=0.5,O5 con t_last,O17p,0,200,0.0,1.734723475976807e-18,0.018845326377266575
2196,rob,C1p s0=0.5,O4 v1,O4,200,200,1.0,0.9811546736227335,1.0
2197,rob,C1p s0=0.5,O4 v1,O5,188,200,0.94,0.8980683070423372,0.9653478057456681
2198,rob,C1p s0=0.5,O4 v1,O8,102,200,0.51,0.44118587678458643,0.5784372166878682
2199,rob,C1p s0=0.5,O4 v1,O10,200,200,1.0,0.9811546736227335,1.0
2200,rob,C1p s0=0.5,O4 v1,O11,2,200,0.01,0.0027466581335444384,0.0357217617161768
2201,rob,C1p s0=0.5,O4 v1,O13,200,200,1.0,0.9811546736227335,1.0
2202,rob,C1p s0=0.5,O4 v1,O13p,179,200,0.895,0.8448196800887696,0.9302925120731899
2203,rob,C1p s0=0.5,O4 v1,O17_run,2,200,0.01,0.0027466581335444384,0.0357217617161768
2204,rob,C1p s0=0.5,O4 v1,O17p,0,200,0.0,1.734723475976807e-18,0.018845326377266575
2205,ci,C1 CI edades 4-52,primario v2,O4,200,200,1.0,0.9811546736227335,1.0
2206,ci,C1 CI edades 4-52,primario v2,O5,186,200,0.93,0.8859451911438936,0.9578478281716571
2207,ci,C1 CI edades 4-52,primario v2,O8,133,200,0.665,0.5970219120796653,0.7267591302158368
2208,ci,C1 CI edades 4-52,primario v2,O10,200,200,1.0,0.9811546736227335,1.0
2209,ci,C1 CI edades 4-52,primario v2,O11,200,200,1.0,0.9811546736227335,1.0
2210,ci,C1 CI edades 4-52,primario v2,O13,200,200,1.0,0.9811546736227335,1.0
2211,ci,C1 CI edades 4-52,primario v2,O13p,200,200,1.0,0.9811546736227335,1.0
2212,ci,C1 CI edades 4-52,primario v2,O17_run,186,200,0.93,0.8859451911438936,0.9578478281716571
2213,ci,C1 CI edades 4-52,primario v2,O17p,186,200,0.93,0.8859451911438936,0.9578478281716571
2214,ci,C1 CI edades 4-52,evaluador v1,O4,200,200,1.0,0.9811546736227335,1.0
2215,ci,C1 CI edades 4-52,evaluador v1,O5,180,200,0.9,0.8505941875672826,0.9343295513309041
2216,ci,C1 CI edades 4-52,evaluador v1,O8,133,200,0.665,0.5970219120796653,0.7267591302158368
2217,ci,C1 CI edades 4-52,evaluador v1,O10,200,200,1.0,0.9811546736227335,1.0
2218,ci,C1 CI edades 4-52,evaluador v1,O11,200,200,1.0,0.9811546736227335,1.0
2219,ci,C1 CI edades 4-52,evaluador v1,O13,200,200,1.0,0.9811546736227335,1.0
2220,ci,C1 CI edades 4-52,evaluador v1,O13p,200,200,1.0,0.9811546736227335,1.0
2221,ci,C1 CI edades 4-52,evaluador v1,O17_run,180,200,0.9,0.8505941875672826,0.9343295513309041
2222,ci,C1 CI edades 4-52,evaluador v1,O17p,180,200,0.9,0.8505941875672826,0.9343295513309041
2223,ci,C1 CI edades 4-52,argmax,O4,200,200,1.0,0.9811546736227335,1.0
2224,ci,C1 CI edades 4-52,argmax,O5,200,200,1.0,0.9811546736227335,1.0
2225,ci,C1 CI edades 4-52,argmax,O8,133,200,0.665,0.5970219120796653,0.7267591302158368
2226,ci,C1 CI edades 4-52,argmax,O10,200,200,1.0,0.9811546736227335,1.0
2227,ci,C1 CI edades 4-52,argmax,O11,200,200,1.0,0.9811546736227335,1.0
2228,ci,C1 CI edades 4-52,argmax,O13,200,200,1.0,0.9811546736227335,1.0
2229,ci,C1 CI edades 4-52,argmax,O13p,200,200,1.0,0.9811546736227335,1.0
2230,ci,C1 CI edades 4-52,argmax,O17_run,200,200,1.0,0.9811546736227335,1.0
2231,ci,C1 CI edades 4-52,argmax,O17p,200,200,1.0,0.9811546736227335,1.0
2232,ci,C1 CI edades 4-52,fin meseta,O4,200,200,1.0,0.9811546736227335,1.0
2233,ci,C1 CI edades 4-52,fin meseta,O5,200,200,1.0,0.9811546736227335,1.0
2234,ci,C1 CI edades 4-52,fin meseta,O8,133,200,0.665,0.5970219120796653,0.7267591302158368
2235,ci,C1 CI edades 4-52,fin meseta,O10,200,200,1.0,0.9811546736227335,1.0
2236,ci,C1 CI edades 4-52,fin meseta,O11,200,200,1.0,0.9811546736227335,1.0
2237,ci,C1 CI edades 4-52,fin meseta,O13,200,200,1.0,0.9811546736227335,1.0
2238,ci,C1 CI edades 4-52,fin meseta,O13p,200,200,1.0,0.9811546736227335,1.0
2239,ci,C1 CI edades 4-52,fin meseta,O17_run,200,200,1.0,0.9811546736227335,1.0
2240,ci,C1 CI edades 4-52,fin meseta,O17p,200,200,1.0,0.9811546736227335,1.0
2241,ci,C1 CI edades 4-52,m > m_c,O4,200,200,1.0,0.9811546736227335,1.0
2242,ci,C1 CI edades 4-52,m > m_c,O5,186,200,0.93,0.8859451911438936,0.9578478281716571
2243,ci,C1 CI edades 4-52,m > m_c,O8,133,200,0.665,0.5970219120796653,0.7267591302158368
2244,ci,C1 CI edades 4-52,m > m_c,O10,200,200,1.0,0.9811546736227335,1.0
2245,ci,C1 CI edades 4-52,m > m_c,O11,200,200,1.0,0.9811546736227335,1.0
2246,ci,C1 CI edades 4-52,m > m_c,O13,200,200,1.0,0.9811546736227335,1.0
2247,ci,C1 CI edades 4-52,m > m_c,O13p,200,200,1.0,0.9811546736227335,1.0
2248,ci,C1 CI edades 4-52,m > m_c,O17_run,186,200,0.93,0.8859451911438936,0.9578478281716571
2249,ci,C1 CI edades 4-52,m > m_c,O17p,186,200,0.93,0.8859451911438936,0.9578478281716571
2250,ci,C1 CI edades 4-52,O5 con t_last,O4,200,200,1.0,0.9811546736227335,1.0
2251,ci,C1 CI edades 4-52,O5 con t_last,O5,73,200,0.365,0.301405264649268,0.433682973472594
2252,ci,C1 CI edades 4-52,O5 con t_last,O8,133,200,0.665,0.5970219120796653,0.7267591302158368
2253,ci,C1 CI edades 4-52,O5 con t_last,O10,200,200,1.0,0.9811546736227335,1.0
2254,ci,C1 CI edades 4-52,O5 con t_last,O11,200,200,1.0,0.9811546736227335,1.0
2255,ci,C1 CI edades 4-52,O5 con t_last,O13,200,200,1.0,0.9811546736227335,1.0
2256,ci,C1 CI edades 4-52,O5 con t_last,O13p,200,200,1.0,0.9811546736227335,1.0
2257,ci,C1 CI edades 4-52,O5 con t_last,O17_run,73,200,0.365,0.301405264649268,0.433682973472594
2258,ci,C1 CI edades 4-52,O5 con t_last,O17p,73,200,0.365,0.301405264649268,0.433682973472594
2259,ci,C1 CI edades 4-52,O4 v1,O4,200,200,1.0,0.9811546736227335,1.0
2260,ci,C1 CI edades 4-52,O4 v1,O5,186,200,0.93,0.8859451911438936,0.9578478281716571
2261,ci,C1 CI edades 4-52,O4 v1,O8,133,200,0.665,0.5970219120796653,0.7267591302158368
2262,ci,C1 CI edades 4-52,O4 v1,O10,200,200,1.0,0.9811546736227335,1.0
2263,ci,C1 CI edades 4-52,O4 v1,O11,200,200,1.0,0.9811546736227335,1.0
2264,ci,C1 CI edades 4-52,O4 v1,O13,200,200,1.0,0.9811546736227335,1.0
2265,ci,C1 CI edades 4-52,O4 v1,O13p,200,200,1.0,0.9811546736227335,1.0
2266,ci,C1 CI edades 4-52,O4 v1,O17_run,186,200,0.93,0.8859451911438936,0.9578478281716571
2267,ci,C1 CI edades 4-52,O4 v1,O17p,186,200,0.93,0.8859451911438936,0.9578478281716571
2268,ci,C1 CI edades 4-80,primario v2,O4,200,200,1.0,0.9811546736227335,1.0
2269,ci,C1 CI edades 4-80,primario v2,O5,126,200,0.63,0.5612262992405018,0.6938739159014088
2270,ci,C1 CI edades 4-80,primario v2,O8,102,200,0.51,0.44118587678458643,0.5784372166878682
2271,ci,C1 CI edades 4-80,primario v2,O10,200,200,1.0,0.9811546736227335,1.0
2272,ci,C1 CI edades 4-80,primario v2,O11,200,200,1.0,0.9811546736227335,1.0
2273,ci,C1 CI edades 4-80,primario v2,O13,200,200,1.0,0.9811546736227335,1.0
2274,ci,C1 CI edades 4-80,primario v2,O13p,200,200,1.0,0.9811546736227335,1.0
2275,ci,C1 CI edades 4-80,primario v2,O17_run,126,200,0.63,0.5612262992405018,0.6938739159014088
2276,ci,C1 CI edades 4-80,primario v2,O17p,126,200,0.63,0.5612262992405018,0.6938739159014088
2277,ci,C1 CI edades 4-80,evaluador v1,O4,200,200,1.0,0.9811546736227335,1.0
2278,ci,C1 CI edades 4-80,evaluador v1,O5,112,200,0.56,0.4907167533465867,0.6270218074881414
2279,ci,C1 CI edades 4-80,evaluador v1,O8,102,200,0.51,0.44118587678458643,0.5784372166878682
2280,ci,C1 CI edades 4-80,evaluador v1,O10,200,200,1.0,0.9811546736227335,1.0
2281,ci,C1 CI edades 4-80,evaluador v1,O11,200,200,1.0,0.9811546736227335,1.0
2282,ci,C1 CI edades 4-80,evaluador v1,O13,200,200,1.0,0.9811546736227335,1.0
2283,ci,C1 CI edades 4-80,evaluador v1,O13p,200,200,1.0,0.9811546736227335,1.0
2284,ci,C1 CI edades 4-80,evaluador v1,O17_run,112,200,0.56,0.4907167533465867,0.6270218074881414
2285,ci,C1 CI edades 4-80,evaluador v1,O17p,112,200,0.56,0.4907167533465867,0.6270218074881414
2286,ci,C1 CI edades 4-80,argmax,O4,200,200,1.0,0.9811546736227335,1.0
2287,ci,C1 CI edades 4-80,argmax,O5,195,200,0.975,0.942821659593358,0.9892752803482386
2288,ci,C1 CI edades 4-80,argmax,O8,102,200,0.51,0.44118587678458643,0.5784372166878682
2289,ci,C1 CI edades 4-80,argmax,O10,200,200,1.0,0.9811546736227335,1.0
2290,ci,C1 CI edades 4-80,argmax,O11,200,200,1.0,0.9811546736227335,1.0
2291,ci,C1 CI edades 4-80,argmax,O13,200,200,1.0,0.9811546736227335,1.0
2292,ci,C1 CI edades 4-80,argmax,O13p,200,200,1.0,0.9811546736227335,1.0
2293,ci,C1 CI edades 4-80,argmax,O17_run,195,200,0.975,0.942821659593358,0.9892752803482386
2294,ci,C1 CI edades 4-80,argmax,O17p,195,200,0.975,0.942821659593358,0.9892752803482386
2295,ci,C1 CI edades 4-80,fin meseta,O4,200,200,1.0,0.9811546736227335,1.0
2296,ci,C1 CI edades 4-80,fin meseta,O5,200,200,1.0,0.9811546736227335,1.0
2297,ci,C1 CI edades 4-80,fin meseta,O8,102,200,0.51,0.44118587678458643,0.5784372166878682
2298,ci,C1 CI edades 4-80,fin meseta,O10,200,200,1.0,0.9811546736227335,1.0
2299,ci,C1 CI edades 4-80,fin meseta,O11,200,200,1.0,0.9811546736227335,1.0
2300,ci,C1 CI edades 4-80,fin meseta,O13,200,200,1.0,0.9811546736227335,1.0
2301,ci,C1 CI edades 4-80,fin meseta,O13p,200,200,1.0,0.9811546736227335,1.0
2302,ci,C1 CI edades 4-80,fin meseta,O17_run,200,200,1.0,0.9811546736227335,1.0
2303,ci,C1 CI edades 4-80,fin meseta,O17p,200,200,1.0,0.9811546736227335,1.0
2304,ci,C1 CI edades 4-80,m > m_c,O4,200,200,1.0,0.9811546736227335,1.0
2305,ci,C1 CI edades 4-80,m > m_c,O5,126,200,0.63,0.5612262992405018,0.6938739159014088
2306,ci,C1 CI edades 4-80,m > m_c,O8,102,200,0.51,0.44118587678458643,0.5784372166878682
2307,ci,C1 CI edades 4-80,m > m_c,O10,200,200,1.0,0.9811546736227335,1.0
2308,ci,C1 CI edades 4-80,m > m_c,O11,200,200,1.0,0.9811546736227335,1.0
2309,ci,C1 CI edades 4-80,m > m_c,O13,200,200,1.0,0.9811546736227335,1.0
2310,ci,C1 CI edades 4-80,m > m_c,O13p,200,200,1.0,0.9811546736227335,1.0
2311,ci,C1 CI edades 4-80,m > m_c,O17_run,126,200,0.63,0.5612262992405018,0.6938739159014088
2312,ci,C1 CI edades 4-80,m > m_c,O17p,126,200,0.63,0.5612262992405018,0.6938739159014088
2313,ci,C1 CI edades 4-80,O5 con t_last,O4,200,200,1.0,0.9811546736227335,1.0
2314,ci,C1 CI edades 4-80,O5 con t_last,O5,20,200,0.1,0.06567044866909588,0.1494058124327174
2315,ci,C1 CI edades 4-80,O5 con t_last,O8,102,200,0.51,0.44118587678458643,0.5784372166878682
2316,ci,C1 CI edades 4-80,O5 con t_last,O10,200,200,1.0,0.9811546736227335,1.0
2317,ci,C1 CI edades 4-80,O5 con t_last,O11,200,200,1.0,0.9811546736227335,1.0
2318,ci,C1 CI edades 4-80,O5 con t_last,O13,200,200,1.0,0.9811546736227335,1.0
2319,ci,C1 CI edades 4-80,O5 con t_last,O13p,200,200,1.0,0.9811546736227335,1.0
2320,ci,C1 CI edades 4-80,O5 con t_last,O17_run,20,200,0.1,0.06567044866909588,0.1494058124327174
2321,ci,C1 CI edades 4-80,O5 con t_last,O17p,20,200,0.1,0.06567044866909588,0.1494058124327174
2322,ci,C1 CI edades 4-80,O4 v1,O4,200,200,1.0,0.9811546736227335,1.0
2323,ci,C1 CI edades 4-80,O4 v1,O5,126,200,0.63,0.5612262992405018,0.6938739159014088
2324,ci,C1 CI edades 4-80,O4 v1,O8,102,200,0.51,0.44118587678458643,0.5784372166878682
2325,ci,C1 CI edades 4-80,O4 v1,O10,200,200,1.0,0.9811546736227335,1.0
2326,ci,C1 CI edades 4-80,O4 v1,O11,200,200,1.0,0.9811546736227335,1.0
2327,ci,C1 CI edades 4-80,O4 v1,O13,200,200,1.0,0.9811546736227335,1.0
2328,ci,C1 CI edades 4-80,O4 v1,O13p,200,200,1.0,0.9811546736227335,1.0
2329,ci,C1 CI edades 4-80,O4 v1,O17_run,126,200,0.63,0.5612262992405018,0.6938739159014088
2330,ci,C1 CI edades 4-80,O4 v1,O17p,126,200,0.63,0.5612262992405018,0.6938739159014088
2331,ci,C1p CI edades 4-52,primario v2,O4,200,200,1.0,0.9811546736227335,1.0
2332,ci,C1p CI edades 4-52,primario v2,O5,137,200,0.685,0.6176504391426966,0.745376790097715
2333,ci,C1p CI edades 4-52,primario v2,O8,48,200,0.24,0.1860661599241369,0.30373340979204166
2334,ci,C1p CI edades 4-52,primario v2,O10,200,200,1.0,0.9811546736227335,1.0
2335,ci,C1p CI edades 4-52,primario v2,O11,199,200,0.995,0.9722262956021069,0.9991168312843989
2336,ci,C1p CI edades 4-52,primario v2,O13,200,200,1.0,0.9811546736227335,1.0
2337,ci,C1p CI edades 4-52,primario v2,O13p,200,200,1.0,0.9811546736227335,1.0
2338,ci,C1p CI edades 4-52,primario v2,O17_run,136,200,0.68,0.6124810156588646,0.7407346668453195
2339,ci,C1p CI edades 4-52,primario v2,O17p,136,200,0.68,0.6124810156588646,0.7407346668453195
2340,ci,C1p CI edades 4-52,evaluador v1,O4,200,200,1.0,0.9811546736227335,1.0
2341,ci,C1p CI edades 4-52,evaluador v1,O5,143,200,0.715,0.6488465397039482,0.7730499699538271
2342,ci,C1p CI edades 4-52,evaluador v1,O8,48,200,0.24,0.1860661599241369,0.30373340979204166
2343,ci,C1p CI edades 4-52,evaluador v1,O10,200,200,1.0,0.9811546736227335,1.0
2344,ci,C1p CI edades 4-52,evaluador v1,O11,197,200,0.985,0.9568342712073097,0.9948857622067417
2345,ci,C1p CI edades 4-52,evaluador v1,O13,200,200,1.0,0.9811546736227335,1.0
2346,ci,C1p CI edades 4-52,evaluador v1,O13p,200,200,1.0,0.9811546736227335,1.0
2347,ci,C1p CI edades 4-52,evaluador v1,O17_run,140,200,0.7,0.6332093162728074,0.7592525531762859
2348,ci,C1p CI edades 4-52,evaluador v1,O17p,140,200,0.7,0.6332093162728074,0.7592525531762859
2349,ci,C1p CI edades 4-52,argmax,O4,200,200,1.0,0.9811546736227335,1.0
2350,ci,C1p CI edades 4-52,argmax,O5,195,200,0.975,0.942821659593358,0.9892752803482386
2351,ci,C1p CI edades 4-52,argmax,O8,48,200,0.24,0.1860661599241369,0.30373340979204166
2352,ci,C1p CI edades 4-52,argmax,O10,200,200,1.0,0.9811546736227335,1.0
2353,ci,C1p CI edades 4-52,argmax,O11,199,200,0.995,0.9722262956021069,0.9991168312843989
2354,ci,C1p CI edades 4-52,argmax,O13,200,200,1.0,0.9811546736227335,1.0
2355,ci,C1p CI edades 4-52,argmax,O13p,200,200,1.0,0.9811546736227335,1.0
2356,ci,C1p CI edades 4-52,argmax,O17_run,194,200,0.97,0.9361057075454807,0.9861796856598887
2357,ci,C1p CI edades 4-52,argmax,O17p,194,200,0.97,0.9361057075454807,0.9861796856598887
2358,ci,C1p CI edades 4-52,fin meseta,O4,200,200,1.0,0.9811546736227335,1.0
2359,ci,C1p CI edades 4-52,fin meseta,O5,199,200,0.995,0.9722262956021069,0.9991168312843989
2360,ci,C1p CI edades 4-52,fin meseta,O8,48,200,0.24,0.1860661599241369,0.30373340979204166
2361,ci,C1p CI edades 4-52,fin meseta,O10,200,200,1.0,0.9811546736227335,1.0
2362,ci,C1p CI edades 4-52,fin meseta,O11,199,200,0.995,0.9722262956021069,0.9991168312843989
2363,ci,C1p CI edades 4-52,fin meseta,O13,200,200,1.0,0.9811546736227335,1.0
2364,ci,C1p CI edades 4-52,fin meseta,O13p,200,200,1.0,0.9811546736227335,1.0
2365,ci,C1p CI edades 4-52,fin meseta,O17_run,198,200,0.99,0.9642782382838231,0.9972533418664555
2366,ci,C1p CI edades 4-52,fin meseta,O17p,198,200,0.99,0.9642782382838231,0.9972533418664555
2367,ci,C1p CI edades 4-52,m > m_c,O4,200,200,1.0,0.9811546736227335,1.0
2368,ci,C1p CI edades 4-52,m > m_c,O5,137,200,0.685,0.6176504391426966,0.745376790097715
2369,ci,C1p CI edades 4-52,m > m_c,O8,48,200,0.24,0.1860661599241369,0.30373340979204166
2370,ci,C1p CI edades 4-52,m > m_c,O10,200,200,1.0,0.9811546736227335,1.0
2371,ci,C1p CI edades 4-52,m > m_c,O11,199,200,0.995,0.9722262956021069,0.9991168312843989
2372,ci,C1p CI edades 4-52,m > m_c,O13,200,200,1.0,0.9811546736227335,1.0
2373,ci,C1p CI edades 4-52,m > m_c,O13p,200,200,1.0,0.9811546736227335,1.0
2374,ci,C1p CI edades 4-52,m > m_c,O17_run,136,200,0.68,0.6124810156588646,0.7407346668453195
2375,ci,C1p CI edades 4-52,m > m_c,O17p,136,200,0.68,0.6124810156588646,0.7407346668453195
2376,ci,C1p CI edades 4-52,O5 con t_last,O4,200,200,1.0,0.9811546736227335,1.0
2377,ci,C1p CI edades 4-52,O5 con t_last,O5,45,200,0.225,0.17262369715089126,0.2877412323566053
2378,ci,C1p CI edades 4-52,O5 con t_last,O8,48,200,0.24,0.1860661599241369,0.30373340979204166
2379,ci,C1p CI edades 4-52,O5 con t_last,O10,200,200,1.0,0.9811546736227335,1.0
2380,ci,C1p CI edades 4-52,O5 con t_last,O11,199,200,0.995,0.9722262956021069,0.9991168312843989
2381,ci,C1p CI edades 4-52,O5 con t_last,O13,200,200,1.0,0.9811546736227335,1.0
2382,ci,C1p CI edades 4-52,O5 con t_last,O13p,200,200,1.0,0.9811546736227335,1.0
2383,ci,C1p CI edades 4-52,O5 con t_last,O17_run,45,200,0.225,0.17262369715089126,0.2877412323566053
2384,ci,C1p CI edades 4-52,O5 con t_last,O17p,45,200,0.225,0.17262369715089126,0.2877412323566053
2385,ci,C1p CI edades 4-52,O4 v1,O4,200,200,1.0,0.9811546736227335,1.0
2386,ci,C1p CI edades 4-52,O4 v1,O5,137,200,0.685,0.6176504391426966,0.745376790097715
2387,ci,C1p CI edades 4-52,O4 v1,O8,48,200,0.24,0.1860661599241369,0.30373340979204166
2388,ci,C1p CI edades 4-52,O4 v1,O10,200,200,1.0,0.9811546736227335,1.0
2389,ci,C1p CI edades 4-52,O4 v1,O11,199,200,0.995,0.9722262956021069,0.9991168312843989
2390,ci,C1p CI edades 4-52,O4 v1,O13,200,200,1.0,0.9811546736227335,1.0
2391,ci,C1p CI edades 4-52,O4 v1,O13p,200,200,1.0,0.9811546736227335,1.0
2392,ci,C1p CI edades 4-52,O4 v1,O17_run,136,200,0.68,0.6124810156588646,0.7407346668453195
2393,ci,C1p CI edades 4-52,O4 v1,O17p,136,200,0.68,0.6124810156588646,0.7407346668453195
2394,ci,C1p CI edades 4-80,primario v2,O4,200,200,1.0,0.9811546736227335,1.0
2395,ci,C1p CI edades 4-80,primario v2,O5,62,200,0.31,0.2499894483607809,0.37717177566258037
2396,ci,C1p CI edades 4-80,primario v2,O8,32,199,0.16080402010050251,0.11626795251760616,0.21818763272181954
2397,ci,C1p CI edades 4-80,primario v2,O10,200,200,1.0,0.9811546736227335,1.0
2398,ci,C1p CI edades 4-80,primario v2,O11,198,200,0.99,0.9642782382838231,0.9972533418664555
2399,ci,C1p CI edades 4-80,primario v2,O13,200,200,1.0,0.9811546736227335,1.0
2400,ci,C1p CI edades 4-80,primario v2,O13p,200,200,1.0,0.9811546736227335,1.0
2401,ci,C1p CI edades 4-80,primario v2,O17_run,62,200,0.31,0.2499894483607809,0.37717177566258037
2402,ci,C1p CI edades 4-80,primario v2,O17p,62,200,0.31,0.2499894483607809,0.37717177566258037
2403,ci,C1p CI edades 4-80,evaluador v1,O4,200,200,1.0,0.9811546736227335,1.0
2404,ci,C1p CI edades 4-80,evaluador v1,O5,61,200,0.305,0.24536415630735034,0.37198552097978366
2405,ci,C1p CI edades 4-80,evaluador v1,O8,32,199,0.16080402010050251,0.11626795251760616,0.21818763272181954
2406,ci,C1p CI edades 4-80,evaluador v1,O10,200,200,1.0,0.9811546736227335,1.0
2407,ci,C1p CI edades 4-80,evaluador v1,O11,197,200,0.985,0.9568342712073097,0.9948857622067417
2408,ci,C1p CI edades 4-80,evaluador v1,O13,200,200,1.0,0.9811546736227335,1.0
2409,ci,C1p CI edades 4-80,evaluador v1,O13p,200,200,1.0,0.9811546736227335,1.0
2410,ci,C1p CI edades 4-80,evaluador v1,O17_run,61,200,0.305,0.24536415630735034,0.37198552097978366
2411,ci,C1p CI edades 4-80,evaluador v1,O17p,61,200,0.305,0.24536415630735034,0.37198552097978366
2412,ci,C1p CI edades 4-80,argmax,O4,200,200,1.0,0.9811546736227335,1.0
2413,ci,C1p CI edades 4-80,argmax,O5,154,200,0.77,0.7069169563469642,0.8229065674093119
2414,ci,C1p CI edades 4-80,argmax,O8,32,199,0.16080402010050251,0.11626795251760616,0.21818763272181954
2415,ci,C1p CI edades 4-80,argmax,O10,200,200,1.0,0.9811546736227335,1.0
2416,ci,C1p CI edades 4-80,argmax,O11,198,200,0.99,0.9642782382838231,0.9972533418664555
2417,ci,C1p CI edades 4-80,argmax,O13,200,200,1.0,0.9811546736227335,1.0
2418,ci,C1p CI edades 4-80,argmax,O13p,200,200,1.0,0.9811546736227335,1.0
2419,ci,C1p CI edades 4-80,argmax,O17_run,153,200,0.765,0.7015863111723746,0.8184256658476741
2420,ci,C1p CI edades 4-80,argmax,O17p,153,200,0.765,0.7015863111723746,0.8184256658476741
2421,ci,C1p CI edades 4-80,fin meseta,O4,200,200,1.0,0.9811546736227335,1.0
2422,ci,C1p CI edades 4-80,fin meseta,O5,190,200,0.95,0.9104218518612239,0.972617354399236
2423,ci,C1p CI edades 4-80,fin meseta,O8,32,199,0.16080402010050251,0.11626795251760616,0.21818763272181954
2424,ci,C1p CI edades 4-80,fin meseta,O10,200,200,1.0,0.9811546736227335,1.0
2425,ci,C1p CI edades 4-80,fin meseta,O11,198,200,0.99,0.9642782382838231,0.9972533418664555
2426,ci,C1p CI edades 4-80,fin meseta,O13,200,200,1.0,0.9811546736227335,1.0
2427,ci,C1p CI edades 4-80,fin meseta,O13p,200,200,1.0,0.9811546736227335,1.0
2428,ci,C1p CI edades 4-80,fin meseta,O17_run,189,200,0.945,0.9042130012276914,0.9690146582965411
2429,ci,C1p CI edades 4-80,fin meseta,O17p,189,200,0.945,0.9042130012276914,0.9690146582965411
2430,ci,C1p CI edades 4-80,m > m_c,O4,200,200,1.0,0.9811546736227335,1.0
2431,ci,C1p CI edades 4-80,m > m_c,O5,62,200,0.31,0.2499894483607809,0.37717177566258037
2432,ci,C1p CI edades 4-80,m > m_c,O8,32,199,0.16080402010050251,0.11626795251760616,0.21818763272181954
2433,ci,C1p CI edades 4-80,m > m_c,O10,200,200,1.0,0.9811546736227335,1.0
2434,ci,C1p CI edades 4-80,m > m_c,O11,198,200,0.99,0.9642782382838231,0.9972533418664555
2435,ci,C1p CI edades 4-80,m > m_c,O13,200,200,1.0,0.9811546736227335,1.0
2436,ci,C1p CI edades 4-80,m > m_c,O13p,200,200,1.0,0.9811546736227335,1.0
2437,ci,C1p CI edades 4-80,m > m_c,O17_run,62,200,0.31,0.2499894483607809,0.37717177566258037
2438,ci,C1p CI edades 4-80,m > m_c,O17p,62,200,0.31,0.2499894483607809,0.37717177566258037
2439,ci,C1p CI edades 4-80,O5 con t_last,O4,200,200,1.0,0.9811546736227335,1.0
2440,ci,C1p CI edades 4-80,O5 con t_last,O5,5,200,0.025,0.010724719651761264,0.05717834040664198
2441,ci,C1p CI edades 4-80,O5 con t_last,O8,32,199,0.16080402010050251,0.11626795251760616,0.21818763272181954
2442,ci,C1p CI edades 4-80,O5 con t_last,O10,200,200,1.0,0.9811546736227335,1.0
2443,ci,C1p CI edades 4-80,O5 con t_last,O11,198,200,0.99,0.9642782382838231,0.9972533418664555
2444,ci,C1p CI edades 4-80,O5 con t_last,O13,200,200,1.0,0.9811546736227335,1.0
2445,ci,C1p CI edades 4-80,O5 con t_last,O13p,200,200,1.0,0.9811546736227335,1.0
2446,ci,C1p CI edades 4-80,O5 con t_last,O17_run,5,200,0.025,0.010724719651761264,0.05717834040664198
2447,ci,C1p CI edades 4-80,O5 con t_last,O17p,5,200,0.025,0.010724719651761264,0.05717834040664198
2448,ci,C1p CI edades 4-80,O4 v1,O4,200,200,1.0,0.9811546736227335,1.0
2449,ci,C1p CI edades 4-80,O4 v1,O5,62,200,0.31,0.2499894483607809,0.37717177566258037
2450,ci,C1p CI edades 4-80,O4 v1,O8,32,199,0.16080402010050251,0.11626795251760616,0.21818763272181954
2451,ci,C1p CI edades 4-80,O4 v1,O10,200,200,1.0,0.9811546736227335,1.0
2452,ci,C1p CI edades 4-80,O4 v1,O11,198,200,0.99,0.9642782382838231,0.9972533418664555
2453,ci,C1p CI edades 4-80,O4 v1,O13,200,200,1.0,0.9811546736227335,1.0
2454,ci,C1p CI edades 4-80,O4 v1,O13p,200,200,1.0,0.9811546736227335,1.0
2455,ci,C1p CI edades 4-80,O4 v1,O17_run,62,200,0.31,0.2499894483607809,0.37717177566258037
2456,ci,C1p CI edades 4-80,O4 v1,O17p,62,200,0.31,0.2499894483607809,0.37717177566258037
